source_id,experiment_id,variant_label,grid_label,variable_id,mip_era,region,statistic,year,value,units,execution_id,family,driving,baseline,anomaly
UKESM1-0-LL,esm-hist,r2i1p1f2,gn,tas,CMIP6,global,annual mean,1850,13.571344375610352,degrees_C,2901,historical,emissions,13.278522828046013,0.29282154756433876
UKESM1-0-LL,esm-hist,r2i1p1f2,gn,tas,CMIP6,global,annual mean,1851,13.441675186157227,degrees_C,2901,historical,emissions,13.278522828046013,0.16315235811121376
UKESM1-0-LL,esm-hist,r2i1p1f2,gn,tas,CMIP6,global,annual mean,1852,13.406335830688477,degrees_C,2901,historical,emissions,13.278522828046013,0.12781300264246376
UKESM1-0-LL,esm-hist,r2i1p1f2,gn,tas,CMIP6,global,annual mean,1853,13.327478408813477,degrees_C,2901,historical,emissions,13.278522828046013,0.04895558076746376
UKESM1-0-LL,esm-hist,r2i1p1f2,gn,tas,CMIP6,global,annual mean,1854,13.440088272094727,degrees_C,2901,historical,emissions,13.278522828046013,0.16156544404871376
UKESM1-0-LL,esm-hist,r2i1p1f2,gn,tas,CMIP6,global,annual mean,1855,13.485162734985352,degrees_C,2901,historical,emissions,13.278522828046013,0.20663990693933876
UKESM1-0-LL,esm-hist,r2i1p1f2,gn,tas,CMIP6,global,annual mean,1856,13.600488662719727,degrees_C,2901,historical,emissions,13.278522828046013,0.32196583467371376
UKESM1-0-LL,esm-hist,r2i1p1f2,gn,tas,CMIP6,global,annual mean,1857,13.482049942016602,degrees_C,2901,historical,emissions,13.278522828046013,0.20352711397058876
UKESM1-0-LL,esm-hist,r2i1p1f2,gn,tas,CMIP6,global,annual mean,1858,13.218744277954102,degrees_C,2901,historical,emissions,13.278522828046013,-0.05977855009191124
UKESM1-0-LL,esm-hist,r2i1p1f2,gn,tas,CMIP6,global,annual mean,1859,13.250574111938477,degrees_C,2901,historical,emissions,13.278522828046013,-0.027948716107536242
UKESM1-0-LL,esm-hist,r2i1p1f2,gn,tas,CMIP6,global,annual mean,1860,13.235071182250977,degrees_C,2901,historical,emissions,13.278522828046013,-0.04345164579503624
UKESM1-0-LL,esm-hist,r2i1p1f2,gn,tas,CMIP6,global,annual mean,1861,13.388788223266602,degrees_C,2901,historical,emissions,13.278522828046013,0.11026539522058876
UKESM1-0-LL,esm-hist,r2i1p1f2,gn,tas,CMIP6,global,annual mean,1862,13.497400283813477,degrees_C,2901,historical,emissions,13.278522828046013,0.21887745576746376
UKESM1-0-LL,esm-hist,r2i1p1f2,gn,tas,CMIP6,global,annual mean,1863,13.202569961547852,degrees_C,2901,historical,emissions,13.278522828046013,-0.07595286649816124
UKESM1-0-LL,esm-hist,r2i1p1f2,gn,tas,CMIP6,global,annual mean,1864,13.313409805297852,degrees_C,2901,historical,emissions,13.278522828046013,0.03488697725183876
UKESM1-0-LL,esm-hist,r2i1p1f2,gn,tas,CMIP6,global,annual mean,1865,13.398736953735352,degrees_C,2901,historical,emissions,13.278522828046013,0.12021412568933876
UKESM1-0-LL,esm-hist,r2i1p1f2,gn,tas,CMIP6,global,annual mean,1866,13.304864883422852,degrees_C,2901,historical,emissions,13.278522828046013,0.026342055376838758
UKESM1-0-LL,esm-hist,r2i1p1f2,gn,tas,CMIP6,global,annual mean,1867,13.163385391235352,degrees_C,2901,historical,emissions,13.278522828046013,-0.11513743681066124
UKESM1-0-LL,esm-hist,r2i1p1f2,gn,tas,CMIP6,global,annual mean,1868,13.233942031860352,degrees_C,2901,historical,emissions,13.278522828046013,-0.04458079618566124
UKESM1-0-LL,esm-hist,r2i1p1f2,gn,tas,CMIP6,global,annual mean,1869,13.316583633422852,degrees_C,2901,historical,emissions,13.278522828046013,0.03806080537683876
UKESM1-0-LL,esm-hist,r2i1p1f2,gn,tas,CMIP6,global,annual mean,1870,13.437982559204102,degrees_C,2901,historical,emissions,13.278522828046013,0.15945973115808876
UKESM1-0-LL,esm-hist,r2i1p1f2,gn,tas,CMIP6,global,annual mean,1871,13.441217422485352,degrees_C,2901,historical,emissions,13.278522828046013,0.16269459443933876
UKESM1-0-LL,esm-hist,r2i1p1f2,gn,tas,CMIP6,global,annual mean,1872,13.194543838500977,degrees_C,2901,historical,emissions,13.278522828046013,-0.08397898954503624
UKESM1-0-LL,esm-hist,r2i1p1f2,gn,tas,CMIP6,global,annual mean,1873,13.220056533813477,degrees_C,2901,historical,emissions,13.278522828046013,-0.05846629423253624
UKESM1-0-LL,esm-hist,r2i1p1f2,gn,tas,CMIP6,global,annual mean,1874,13.313318252563477,degrees_C,2901,historical,emissions,13.278522828046013,0.03479542451746376
UKESM1-0-LL,esm-hist,r2i1p1f2,gn,tas,CMIP6,global,annual mean,1875,13.372034072875977,degrees_C,2901,historical,emissions,13.278522828046013,0.09351124482996376
UKESM1-0-LL,esm-hist,r2i1p1f2,gn,tas,CMIP6,global,annual mean,1876,13.386713027954102,degrees_C,2901,historical,emissions,13.278522828046013,0.10819019990808876
UKESM1-0-LL,esm-hist,r2i1p1f2,gn,tas,CMIP6,global,annual mean,1877,13.291528701782227,degrees_C,2901,historical,emissions,13.278522828046013,0.013005873736213758
UKESM1-0-LL,esm-hist,r2i1p1f2,gn,tas,CMIP6,global,annual mean,1878,13.442834854125977,degrees_C,2901,historical,emissions,13.278522828046013,0.16431202607996376
UKESM1-0-LL,esm-hist,r2i1p1f2,gn,tas,CMIP6,global,annual mean,1879,13.398553848266602,degrees_C,2901,historical,emissions,13.278522828046013,0.12003102022058876
UKESM1-0-LL,esm-hist,r2i1p1f2,gn,tas,CMIP6,global,annual mean,1880,13.316492080688477,degrees_C,2901,historical,emissions,13.278522828046013,0.03796925264246376
UKESM1-0-LL,esm-hist,r2i1p1f2,gn,tas,CMIP6,global,annual mean,1881,13.202966690063477,degrees_C,2901,historical,emissions,13.278522828046013,-0.07555613798253624
UKESM1-0-LL,esm-hist,r2i1p1f2,gn,tas,CMIP6,global,annual mean,1882,13.386194229125977,degrees_C,2901,historical,emissions,13.278522828046013,0.10767140107996376
UKESM1-0-LL,esm-hist,r2i1p1f2,gn,tas,CMIP6,global,annual mean,1883,13.381219863891602,degrees_C,2901,historical,emissions,13.278522828046013,0.10269703584558876
UKESM1-0-LL,esm-hist,r2i1p1f2,gn,tas,CMIP6,global,annual mean,1884,13.023065567016602,degrees_C,2901,historical,emissions,13.278522828046013,-0.25545726102941124
UKESM1-0-LL,esm-hist,r2i1p1f2,gn,tas,CMIP6,global,annual mean,1885,13.197565078735352,degrees_C,2901,historical,emissions,13.278522828046013,-0.08095774931066124
UKESM1-0-LL,esm-hist,r2i1p1f2,gn,tas,CMIP6,global,annual mean,1886,13.246149063110352,degrees_C,2901,historical,emissions,13.278522828046013,-0.03237376493566124
UKESM1-0-LL,esm-hist,r2i1p1f2,gn,tas,CMIP6,global,annual mean,1887,13.121789932250977,degrees_C,2901,historical,emissions,13.278522828046013,-0.15673289579503624
UKESM1-0-LL,esm-hist,r2i1p1f2,gn,tas,CMIP6,global,annual mean,1888,13.206110000610352,degrees_C,2901,historical,emissions,13.278522828046013,-0.07241282743566124
UKESM1-0-LL,esm-hist,r2i1p1f2,gn,tas,CMIP6,global,annual mean,1889,13.240015029907227,degrees_C,2901,historical,emissions,13.278522828046013,-0.03850779813878624
UKESM1-0-LL,esm-hist,r2i1p1f2,gn,tas,CMIP6,global,annual mean,1890,13.099206924438477,degrees_C,2901,historical,emissions,13.278522828046013,-0.17931590360753624
UKESM1-0-LL,esm-hist,r2i1p1f2,gn,tas,CMIP6,global,annual mean,1891,13.166772842407227,degrees_C,2901,historical,emissions,13.278522828046013,-0.11174998563878624
UKESM1-0-LL,esm-hist,r2i1p1f2,gn,tas,CMIP6,global,annual mean,1892,13.219354629516602,degrees_C,2901,historical,emissions,13.278522828046013,-0.05916819852941124
UKESM1-0-LL,esm-hist,r2i1p1f2,gn,tas,CMIP6,global,annual mean,1893,12.903863906860352,degrees_C,2901,historical,emissions,13.278522828046013,-0.37465892118566124
UKESM1-0-LL,esm-hist,r2i1p1f2,gn,tas,CMIP6,global,annual mean,1894,12.951898574829102,degrees_C,2901,historical,emissions,13.278522828046013,-0.32662425321691124
UKESM1-0-LL,esm-hist,r2i1p1f2,gn,tas,CMIP6,global,annual mean,1895,13.069971084594727,degrees_C,2901,historical,emissions,13.278522828046013,-0.20855174345128624
UKESM1-0-LL,esm-hist,r2i1p1f2,gn,tas,CMIP6,global,annual mean,1896,13.037683486938477,degrees_C,2901,historical,emissions,13.278522828046013,-0.24083934110753624
UKESM1-0-LL,esm-hist,r2i1p1f2,gn,tas,CMIP6,global,annual mean,1897,12.995477676391602,degrees_C,2901,historical,emissions,13.278522828046013,-0.28304515165441124
UKESM1-0-LL,esm-hist,r2i1p1f2,gn,tas,CMIP6,global,annual mean,1898,13.161249160766602,degrees_C,2901,historical,emissions,13.278522828046013,-0.11727366727941124
UKESM1-0-LL,esm-hist,r2i1p1f2,gn,tas,CMIP6,global,annual mean,1899,13.254144668579102,degrees_C,2901,historical,emissions,13.278522828046013,-0.024378159466911242
UKESM1-0-LL,esm-hist,r2i1p1f2,gn,tas,CMIP6,global,annual mean,1900,13.245996475219727,degrees_C,2901,historical,emissions,13.278522828046013,-0.03252635282628624
UKESM1-0-LL,esm-hist,r2i1p1f2,gn,tas,CMIP6,global,annual mean,1901,13.115381240844727,degrees_C,2901,historical,emissions,13.278522828046013,-0.16314158720128624
UKESM1-0-LL,esm-hist,r2i1p1f2,gn,tas,CMIP6,global,annual mean,1902,13.086633682250977,degrees_C,2901,historical,emissions,13.278522828046013,-0.19188914579503624
UKESM1-0-LL,esm-hist,r2i1p1f2,gn,tas,CMIP6,global,annual mean,1903,12.915338516235352,degrees_C,2901,historical,emissions,13.278522828046013,-0.36318431181066124
UKESM1-0-LL,esm-hist,r2i1p1f2,gn,tas,CMIP6,global,annual mean,1904,12.924798965454102,degrees_C,2901,historical,emissions,13.278522828046013,-0.35372386259191124
UKESM1-0-LL,esm-hist,r2i1p1f2,gn,tas,CMIP6,global,annual mean,1905,13.059930801391602,degrees_C,2901,historical,emissions,13.278522828046013,-0.21859202665441124
UKESM1-0-LL,esm-hist,r2i1p1f2,gn,tas,CMIP6,global,annual mean,1906,13.016290664672852,degrees_C,2901,historical,emissions,13.278522828046013,-0.26223216337316124
UKESM1-0-LL,esm-hist,r2i1p1f2,gn,tas,CMIP6,global,annual mean,1907,12.925622940063477,degrees_C,2901,historical,emissions,13.278522828046013,-0.35289988798253624
UKESM1-0-LL,esm-hist,r2i1p1f2,gn,tas,CMIP6,global,annual mean,1908,12.851037979125977,degrees_C,2901,historical,emissions,13.278522828046013,-0.42748484892003624
UKESM1-0-LL,esm-hist,r2i1p1f2,gn,tas,CMIP6,global,annual mean,1909,12.904321670532227,degrees_C,2901,historical,emissions,13.278522828046013,-0.37420115751378624
UKESM1-0-LL,esm-hist,r2i1p1f2,gn,tas,CMIP6,global,annual mean,1910,13.002283096313477,degrees_C,2901,historical,emissions,13.278522828046013,-0.27623973173253624
UKESM1-0-LL,esm-hist,r2i1p1f2,gn,tas,CMIP6,global,annual mean,1911,13.001581192016602,degrees_C,2901,historical,emissions,13.278522828046013,-0.27694163602941124
UKESM1-0-LL,esm-hist,r2i1p1f2,gn,tas,CMIP6,global,annual mean,1912,13.098993301391602,degrees_C,2901,historical,emissions,13.278522828046013,-0.17952952665441124
UKESM1-0-LL,esm-hist,r2i1p1f2,gn,tas,CMIP6,global,annual mean,1913,12.993371963500977,degrees_C,2901,historical,emissions,13.278522828046013,-0.28515086454503624
UKESM1-0-LL,esm-hist,r2i1p1f2,gn,tas,CMIP6,global,annual mean,1914,12.808160781860352,degrees_C,2901,historical,emissions,13.278522828046013,-0.47036204618566124
UKESM1-0-LL,esm-hist,r2i1p1f2,gn,tas,CMIP6,global,annual mean,1915,12.872156143188477,degrees_C,2901,historical,emissions,13.278522828046013,-0.40636668485753624
UKESM1-0-LL,esm-hist,r2i1p1f2,gn,tas,CMIP6,global,annual mean,1916,12.983484268188477,degrees_C,2901,historical,emissions,13.278522828046013,-0.29503855985753624
UKESM1-0-LL,esm-hist,r2i1p1f2,gn,tas,CMIP6,global,annual mean,1917,12.835199356079102,degrees_C,2901,historical,emissions,13.278522828046013,-0.44332347196691124
UKESM1-0-LL,esm-hist,r2i1p1f2,gn,tas,CMIP6,global,annual mean,1918,12.947931289672852,degrees_C,2901,historical,emissions,13.278522828046013,-0.33059153837316124
UKESM1-0-LL,esm-hist,r2i1p1f2,gn,tas,CMIP6,global,annual mean,1919,13.107721328735352,degrees_C,2901,historical,emissions,13.278522828046013,-0.17080149931066124
UKESM1-0-LL,esm-hist,r2i1p1f2,gn,tas,CMIP6,global,annual mean,1920,12.977228164672852,degrees_C,2901,historical,emissions,13.278522828046013,-0.30129466337316124
UKESM1-0-LL,esm-hist,r2i1p1f2,gn,tas,CMIP6,global,annual mean,1921,13.099267959594727,degrees_C,2901,historical,emissions,13.278522828046013,-0.17925486845128624
UKESM1-0-LL,esm-hist,r2i1p1f2,gn,tas,CMIP6,global,annual mean,1922,13.246515274047852,degrees_C,2901,historical,emissions,13.278522828046013,-0.03200755399816124
UKESM1-0-LL,esm-hist,r2i1p1f2,gn,tas,CMIP6,global,annual mean,1923,13.056756973266602,degrees_C,2901,historical,emissions,13.278522828046013,-0.22176585477941124
UKESM1-0-LL,esm-hist,r2i1p1f2,gn,tas,CMIP6,global,annual mean,1924,13.103509902954102,degrees_C,2901,historical,emissions,13.278522828046013,-0.17501292509191124
UKESM1-0-LL,esm-hist,r2i1p1f2,gn,tas,CMIP6,global,annual mean,1925,13.071954727172852,degrees_C,2901,historical,emissions,13.278522828046013,-0.20656810087316124
UKESM1-0-LL,esm-hist,r2i1p1f2,gn,tas,CMIP6,global,annual mean,1926,13.010858535766602,degrees_C,2901,historical,emissions,13.278522828046013,-0.26766429227941124
UKESM1-0-LL,esm-hist,r2i1p1f2,gn,tas,CMIP6,global,annual mean,1927,13.017023086547852,degrees_C,2901,historical,emissions,13.278522828046013,-0.26149974149816124
UKESM1-0-LL,esm-hist,r2i1p1f2,gn,tas,CMIP6,global,annual mean,1928,13.153528213500977,degrees_C,2901,historical,emissions,13.278522828046013,-0.12499461454503624
UKESM1-0-LL,esm-hist,r2i1p1f2,gn,tas,CMIP6,global,annual mean,1929,13.164636611938477,degrees_C,2901,historical,emissions,13.278522828046013,-0.11388621610753624
UKESM1-0-LL,esm-hist,r2i1p1f2,gn,tas,CMIP6,global,annual mean,1930,13.152215957641602,degrees_C,2901,historical,emissions,13.278522828046013,-0.12630687040441124
UKESM1-0-LL,esm-hist,r2i1p1f2,gn,tas,CMIP6,global,annual mean,1931,13.169794082641602,degrees_C,2901,historical,emissions,13.278522828046013,-0.10872874540441124
UKESM1-0-LL,esm-hist,r2i1p1f2,gn,tas,CMIP6,global,annual mean,1932,13.192895889282227,degrees_C,2901,historical,emissions,13.278522828046013,-0.08562693876378624
UKESM1-0-LL,esm-hist,r2i1p1f2,gn,tas,CMIP6,global,annual mean,1933,13.190790176391602,degrees_C,2901,historical,emissions,13.278522828046013,-0.08773265165441124
UKESM1-0-LL,esm-hist,r2i1p1f2,gn,tas,CMIP6,global,annual mean,1934,12.973382949829102,degrees_C,2901,historical,emissions,13.278522828046013,-0.30513987821691124
UKESM1-0-LL,esm-hist,r2i1p1f2,gn,tas,CMIP6,global,annual mean,1935,13.097986221313477,degrees_C,2901,historical,emissions,13.278522828046013,-0.18053660673253624
UKESM1-0-LL,esm-hist,r2i1p1f2,gn,tas,CMIP6,global,annual mean,1936,13.352655410766602,degrees_C,2901,historical,emissions,13.278522828046013,0.07413258272058876
UKESM1-0-LL,esm-hist,r2i1p1f2,gn,tas,CMIP6,global,annual mean,1937,13.199213027954102,degrees_C,2901,historical,emissions,13.278522828046013,-0.07930980009191124
UKESM1-0-LL,esm-hist,r2i1p1f2,gn,tas,CMIP6,global,annual mean,1938,13.158044815063477,degrees_C,2901,historical,emissions,13.278522828046013,-0.12047801298253624
UKESM1-0-LL,esm-hist,r2i1p1f2,gn,tas,CMIP6,global,annual mean,1939,13.238641738891602,degrees_C,2901,historical,emissions,13.278522828046013,-0.03988108915441124
UKESM1-0-LL,esm-hist,r2i1p1f2,gn,tas,CMIP6,global,annual mean,1940,13.222833633422852,degrees_C,2901,historical,emissions,13.278522828046013,-0.05568919462316124
UKESM1-0-LL,esm-hist,r2i1p1f2,gn,tas,CMIP6,global,annual mean,1941,13.168756484985352,degrees_C,2901,historical,emissions,13.278522828046013,-0.10976634306066124
UKESM1-0-LL,esm-hist,r2i1p1f2,gn,tas,CMIP6,global,annual mean,1942,13.062189102172852,degrees_C,2901,historical,emissions,13.278522828046013,-0.21633372587316124
UKESM1-0-LL,esm-hist,r2i1p1f2,gn,tas,CMIP6,global,annual mean,1943,13.289422988891602,degrees_C,2901,historical,emissions,13.278522828046013,0.010900160845588758
UKESM1-0-LL,esm-hist,r2i1p1f2,gn,tas,CMIP6,global,annual mean,1944,13.376642227172852,degrees_C,2901,historical,emissions,13.278522828046013,0.09811939912683876
UKESM1-0-LL,esm-hist,r2i1p1f2,gn,tas,CMIP6,global,annual mean,1945,13.146753311157227,degrees_C,2901,historical,emissions,13.278522828046013,-0.13176951688878624
UKESM1-0-LL,esm-hist,r2i1p1f2,gn,tas,CMIP6,global,annual mean,1946,13.266443252563477,degrees_C,2901,historical,emissions,13.278522828046013,-0.012079575482536242
UKESM1-0-LL,esm-hist,r2i1p1f2,gn,tas,CMIP6,global,annual mean,1947,13.264398574829102,degrees_C,2901,historical,emissions,13.278522828046013,-0.014124253216911242
UKESM1-0-LL,esm-hist,r2i1p1f2,gn,tas,CMIP6,global,annual mean,1948,13.239191055297852,degrees_C,2901,historical,emissions,13.278522828046013,-0.03933177274816124
UKESM1-0-LL,esm-hist,r2i1p1f2,gn,tas,CMIP6,global,annual mean,1949,13.264520645141602,degrees_C,2901,historical,emissions,13.278522828046013,-0.014002182904411242
UKESM1-0-LL,esm-hist,r2i1p1f2,gn,tas,CMIP6,global,annual mean,1950,13.194787979125977,degrees_C,2901,historical,emissions,13.278522828046013,-0.08373484892003624
UKESM1-0-LL,esm-hist,r2i1p1f2,gn,tas,CMIP6,global,annual mean,1951,13.347284317016602,degrees_C,2901,historical,emissions,13.278522828046013,0.06876148897058876
UKESM1-0-LL,esm-hist,r2i1p1f2,gn,tas,CMIP6,global,annual mean,1952,13.391748428344727,degrees_C,2901,historical,emissions,13.278522828046013,0.11322560029871376
UKESM1-0-LL,esm-hist,r2i1p1f2,gn,tas,CMIP6,global,annual mean,1953,13.083154678344727,degrees_C,2901,historical,emissions,13.278522828046013,-0.19536814970128624
UKESM1-0-LL,esm-hist,r2i1p1f2,gn,tas,CMIP6,global,annual mean,1954,13.119684219360352,degrees_C,2901,historical,emissions,13.278522828046013,-0.15883860868566124
UKESM1-0-LL,esm-hist,r2i1p1f2,gn,tas,CMIP6,global,annual mean,1955,13.024866104125977,degrees_C,2901,historical,emissions,13.278522828046013,-0.25365672392003624
UKESM1-0-LL,esm-hist,r2i1p1f2,gn,tas,CMIP6,global,annual mean,1956,13.157312393188477,degrees_C,2901,historical,emissions,13.278522828046013,-0.12121043485753624
UKESM1-0-LL,esm-hist,r2i1p1f2,gn,tas,CMIP6,global,annual mean,1957,13.325922012329102,degrees_C,2901,historical,emissions,13.278522828046013,0.04739918428308876
UKESM1-0-LL,esm-hist,r2i1p1f2,gn,tas,CMIP6,global,annual mean,1958,13.083765029907227,degrees_C,2901,historical,emissions,13.278522828046013,-0.19475779813878624
UKESM1-0-LL,esm-hist,r2i1p1f2,gn,tas,CMIP6,global,annual mean,1959,13.167322158813477,degrees_C,2901,historical,emissions,13.278522828046013,-0.11120066923253624
UKESM1-0-LL,esm-hist,r2i1p1f2,gn,tas,CMIP6,global,annual mean,1960,13.304712295532227,degrees_C,2901,historical,emissions,13.278522828046013,0.026189467486213758
UKESM1-0-LL,esm-hist,r2i1p1f2,gn,tas,CMIP6,global,annual mean,1961,13.291589736938477,degrees_C,2901,historical,emissions,13.278522828046013,0.013066908892463758
UKESM1-0-LL,esm-hist,r2i1p1f2,gn,tas,CMIP6,global,annual mean,1962,13.143884658813477,degrees_C,2901,historical,emissions,13.278522828046013,-0.13463816923253624
UKESM1-0-LL,esm-hist,r2i1p1f2,gn,tas,CMIP6,global,annual mean,1963,13.138177871704102,degrees_C,2901,historical,emissions,13.278522828046013,-0.14034495634191124
UKESM1-0-LL,esm-hist,r2i1p1f2,gn,tas,CMIP6,global,annual mean,1964,13.010675430297852,degrees_C,2901,historical,emissions,13.278522828046013,-0.26784739774816124
UKESM1-0-LL,esm-hist,r2i1p1f2,gn,tas,CMIP6,global,annual mean,1965,13.008813858032227,degrees_C,2901,historical,emissions,13.278522828046013,-0.26970897001378624
UKESM1-0-LL,esm-hist,r2i1p1f2,gn,tas,CMIP6,global,annual mean,1966,13.105035781860352,degrees_C,2901,historical,emissions,13.278522828046013,-0.17348704618566124
UKESM1-0-LL,esm-hist,r2i1p1f2,gn,tas,CMIP6,global,annual mean,1967,13.197687149047852,degrees_C,2901,historical,emissions,13.278522828046013,-0.08083567899816124
UKESM1-0-LL,esm-hist,r2i1p1f2,gn,tas,CMIP6,global,annual mean,1968,13.037317276000977,degrees_C,2901,historical,emissions,13.278522828046013,-0.24120555204503624
UKESM1-0-LL,esm-hist,r2i1p1f2,gn,tas,CMIP6,global,annual mean,1969,12.998529434204102,degrees_C,2901,historical,emissions,13.278522828046013,-0.27999339384191124
UKESM1-0-LL,esm-hist,r2i1p1f2,gn,tas,CMIP6,global,annual mean,1970,13.017084121704102,degrees_C,2901,historical,emissions,13.278522828046013,-0.26143870634191124
UKESM1-0-LL,esm-hist,r2i1p1f2,gn,tas,CMIP6,global,annual mean,1971,13.022027969360352,degrees_C,2901,historical,emissions,13.278522828046013,-0.25649485868566124
UKESM1-0-LL,esm-hist,r2i1p1f2,gn,tas,CMIP6,global,annual mean,1972,13.015100479125977,degrees_C,2901,historical,emissions,13.278522828046013,-0.26342234892003624
UKESM1-0-LL,esm-hist,r2i1p1f2,gn,tas,CMIP6,global,annual mean,1973,13.158746719360352,degrees_C,2901,historical,emissions,13.278522828046013,-0.11977610868566124
UKESM1-0-LL,esm-hist,r2i1p1f2,gn,tas,CMIP6,global,annual mean,1974,13.205011367797852,degrees_C,2901,historical,emissions,13.278522828046013,-0.07351146024816124
UKESM1-0-LL,esm-hist,r2i1p1f2,gn,tas,CMIP6,global,annual mean,1975,13.194391250610352,degrees_C,2901,historical,emissions,13.278522828046013,-0.08413157743566124
UKESM1-0-LL,esm-hist,r2i1p1f2,gn,tas,CMIP6,global,annual mean,1976,13.248102188110352,degrees_C,2901,historical,emissions,13.278522828046013,-0.030420639935661242
UKESM1-0-LL,esm-hist,r2i1p1f2,gn,tas,CMIP6,global,annual mean,1977,13.243341445922852,degrees_C,2901,historical,emissions,13.278522828046013,-0.03518138212316124
UKESM1-0-LL,esm-hist,r2i1p1f2,gn,tas,CMIP6,global,annual mean,1978,13.242090225219727,degrees_C,2901,historical,emissions,13.278522828046013,-0.03643260282628624
UKESM1-0-LL,esm-hist,r2i1p1f2,gn,tas,CMIP6,global,annual mean,1979,13.115716934204102,degrees_C,2901,historical,emissions,13.278522828046013,-0.16280589384191124
UKESM1-0-LL,esm-hist,r2i1p1f2,gn,tas,CMIP6,global,annual mean,1980,13.200433731079102,degrees_C,2901,historical,emissions,13.278522828046013,-0.07808909696691124
UKESM1-0-LL,esm-hist,r2i1p1f2,gn,tas,CMIP6,global,annual mean,1981,13.292566299438477,degrees_C,2901,historical,emissions,13.278522828046013,0.014043471392463758
UKESM1-0-LL,esm-hist,r2i1p1f2,gn,tas,CMIP6,global,annual mean,1982,13.310266494750977,degrees_C,2901,historical,emissions,13.278522828046013,0.03174366670496376
UKESM1-0-LL,esm-hist,r2i1p1f2,gn,tas,CMIP6,global,annual mean,1983,13.206933975219727,degrees_C,2901,historical,emissions,13.278522828046013,-0.07158885282628624
UKESM1-0-LL,esm-hist,r2i1p1f2,gn,tas,CMIP6,global,annual mean,1984,13.153650283813477,degrees_C,2901,historical,emissions,13.278522828046013,-0.12487254423253624
UKESM1-0-LL,esm-hist,r2i1p1f2,gn,tas,CMIP6,global,annual mean,1985,13.288232803344727,degrees_C,2901,historical,emissions,13.278522828046013,0.009709975298713758
UKESM1-0-LL,esm-hist,r2i1p1f2,gn,tas,CMIP6,global,annual mean,1986,13.291650772094727,degrees_C,2901,historical,emissions,13.278522828046013,0.013127944048713758
UKESM1-0-LL,esm-hist,r2i1p1f2,gn,tas,CMIP6,global,annual mean,1987,13.185297012329102,degrees_C,2901,historical,emissions,13.278522828046013,-0.09322581571691124
UKESM1-0-LL,esm-hist,r2i1p1f2,gn,tas,CMIP6,global,annual mean,1988,13.315485000610352,degrees_C,2901,historical,emissions,13.278522828046013,0.03696217256433876
UKESM1-0-LL,esm-hist,r2i1p1f2,gn,tas,CMIP6,global,annual mean,1989,13.236169815063477,degrees_C,2901,historical,emissions,13.278522828046013,-0.04235301298253624
UKESM1-0-LL,esm-hist,r2i1p1f2,gn,tas,CMIP6,global,annual mean,1990,13.195154190063477,degrees_C,2901,historical,emissions,13.278522828046013,-0.08336863798253624
UKESM1-0-LL,esm-hist,r2i1p1f2,gn,tas,CMIP6,global,annual mean,1991,13.131036758422852,degrees_C,2901,historical,emissions,13.278522828046013,-0.14748606962316124
UKESM1-0-LL,esm-hist,r2i1p1f2,gn,tas,CMIP6,global,annual mean,1992,13.172479629516602,degrees_C,2901,historical,emissions,13.278522828046013,-0.10604319852941124
UKESM1-0-LL,esm-hist,r2i1p1f2,gn,tas,CMIP6,global,annual mean,1993,13.249292373657227,degrees_C,2901,historical,emissions,13.278522828046013,-0.029230454388786242
UKESM1-0-LL,esm-hist,r2i1p1f2,gn,tas,CMIP6,global,annual mean,1994,13.245965957641602,degrees_C,2901,historical,emissions,13.278522828046013,-0.03255687040441124
UKESM1-0-LL,esm-hist,r2i1p1f2,gn,tas,CMIP6,global,annual mean,1995,13.374811172485352,degrees_C,2901,historical,emissions,13.278522828046013,0.09628834443933876
UKESM1-0-LL,esm-hist,r2i1p1f2,gn,tas,CMIP6,global,annual mean,1996,13.345605850219727,degrees_C,2901,historical,emissions,13.278522828046013,0.06708302217371376
UKESM1-0-LL,esm-hist,r2i1p1f2,gn,tas,CMIP6,global,annual mean,1997,13.434228897094727,degrees_C,2901,historical,emissions,13.278522828046013,0.15570606904871376
UKESM1-0-LL,esm-hist,r2i1p1f2,gn,tas,CMIP6,global,annual mean,1998,13.625635147094727,degrees_C,2901,historical,emissions,13.278522828046013,0.34711231904871376
UKESM1-0-LL,esm-hist,r2i1p1f2,gn,tas,CMIP6,global,annual mean,1999,13.636102676391602,degrees_C,2901,historical,emissions,13.278522828046013,0.35757984834558876
UKESM1-0-LL,esm-hist,r2i1p1f2,gn,tas,CMIP6,global,annual mean,2000,13.577264785766602,degrees_C,2901,historical,emissions,13.278522828046013,0.29874195772058876
UKESM1-0-LL,esm-hist,r2i1p1f2,gn,tas,CMIP6,global,annual mean,2001,13.648859024047852,degrees_C,2901,historical,emissions,13.278522828046013,0.37033619600183876
UKESM1-0-LL,esm-hist,r2i1p1f2,gn,tas,CMIP6,global,annual mean,2002,13.822748184204102,degrees_C,2901,historical,emissions,13.278522828046013,0.5442253561580888
UKESM1-0-LL,esm-hist,r2i1p1f2,gn,tas,CMIP6,global,annual mean,2003,13.805627822875977,degrees_C,2901,historical,emissions,13.278522828046013,0.5271049948299638
UKESM1-0-LL,esm-hist,r2i1p1f2,gn,tas,CMIP6,global,annual mean,2004,13.873559951782227,degrees_C,2901,historical,emissions,13.278522828046013,0.5950371237362138
UKESM1-0-LL,esm-hist,r2i1p1f2,gn,tas,CMIP6,global,annual mean,2005,13.942926406860352,degrees_C,2901,historical,emissions,13.278522828046013,0.6644035788143388
UKESM1-0-LL,esm-hist,r2i1p1f2,gn,tas,CMIP6,global,annual mean,2006,13.949884414672852,degrees_C,2901,historical,emissions,13.278522828046013,0.6713615866268388
UKESM1-0-LL,esm-hist,r2i1p1f2,gn,tas,CMIP6,global,annual mean,2007,14.016534805297852,degrees_C,2901,historical,emissions,13.278522828046013,0.7380119772518388
UKESM1-0-LL,esm-hist,r2i1p1f2,gn,tas,CMIP6,global,annual mean,2008,14.078088760375977,degrees_C,2901,historical,emissions,13.278522828046013,0.7995659323299638
UKESM1-0-LL,esm-hist,r2i1p1f2,gn,tas,CMIP6,global,annual mean,2009,13.963068008422852,degrees_C,2901,historical,emissions,13.278522828046013,0.6845451803768388
UKESM1-0-LL,esm-hist,r2i1p1f2,gn,tas,CMIP6,global,annual mean,2010,14.085199356079102,degrees_C,2901,historical,emissions,13.278522828046013,0.8066765280330888
UKESM1-0-LL,esm-hist,r2i1p1f2,gn,tas,CMIP6,global,annual mean,2011,14.170923233032227,degrees_C,2901,historical,emissions,13.278522828046013,0.8924004049862138
UKESM1-0-LL,esm-hist,r2i1p1f2,gn,tas,CMIP6,global,annual mean,2012,14.400812149047852,degrees_C,2901,historical,emissions,13.278522828046013,1.1222893210018388
UKESM1-0-LL,esm-hist,r2i1p1f2,gn,tas,CMIP6,global,annual mean,2013,14.328546524047852,degrees_C,2901,historical,emissions,13.278522828046013,1.0500236960018388
UKESM1-0-LL,esm-hist,r2i1p1f2,gn,tas,CMIP6,global,annual mean,2014,14.384393692016602,degrees_C,2901,historical,emissions,13.278522828046013,1.1058708639705888
UKESM1-0-LL,esm-hist,r1i1p1f2,gn,tas,CMIP6,global,annual mean,1850,13.164056777954102,degrees_C,2900,historical,emissions,13.253484651154162,-0.0894278732000604
UKESM1-0-LL,esm-hist,r1i1p1f2,gn,tas,CMIP6,global,annual mean,1851,13.306268692016602,degrees_C,2900,historical,emissions,13.253484651154162,0.052784040862439596
UKESM1-0-LL,esm-hist,r1i1p1f2,gn,tas,CMIP6,global,annual mean,1852,13.154809951782227,degrees_C,2900,historical,emissions,13.253484651154162,-0.0986746993719354
UKESM1-0-LL,esm-hist,r1i1p1f2,gn,tas,CMIP6,global,annual mean,1853,13.106439590454102,degrees_C,2900,historical,emissions,13.253484651154162,-0.1470450607000604
UKESM1-0-LL,esm-hist,r1i1p1f2,gn,tas,CMIP6,global,annual mean,1854,13.196893692016602,degrees_C,2900,historical,emissions,13.253484651154162,-0.056590959137560404
UKESM1-0-LL,esm-hist,r1i1p1f2,gn,tas,CMIP6,global,annual mean,1855,13.258569717407227,degrees_C,2900,historical,emissions,13.253484651154162,0.005085066253064596
UKESM1-0-LL,esm-hist,r1i1p1f2,gn,tas,CMIP6,global,annual mean,1856,13.261621475219727,degrees_C,2900,historical,emissions,13.253484651154162,0.008136824065564596
UKESM1-0-LL,esm-hist,r1i1p1f2,gn,tas,CMIP6,global,annual mean,1857,13.153345108032227,degrees_C,2900,historical,emissions,13.253484651154162,-0.1001395431219354
UKESM1-0-LL,esm-hist,r1i1p1f2,gn,tas,CMIP6,global,annual mean,1858,13.139764785766602,degrees_C,2900,historical,emissions,13.253484651154162,-0.1137198653875604
UKESM1-0-LL,esm-hist,r1i1p1f2,gn,tas,CMIP6,global,annual mean,1859,13.228082656860352,degrees_C,2900,historical,emissions,13.253484651154162,-0.025401994293810404
UKESM1-0-LL,esm-hist,r1i1p1f2,gn,tas,CMIP6,global,annual mean,1860,13.341516494750977,degrees_C,2900,historical,emissions,13.253484651154162,0.0880318435968146
UKESM1-0-LL,esm-hist,r1i1p1f2,gn,tas,CMIP6,global,annual mean,1861,13.131708145141602,degrees_C,2900,historical,emissions,13.253484651154162,-0.1217765060125604
UKESM1-0-LL,esm-hist,r1i1p1f2,gn,tas,CMIP6,global,annual mean,1862,13.031793594360352,degrees_C,2900,historical,emissions,13.253484651154162,-0.2216910567938104
UKESM1-0-LL,esm-hist,r1i1p1f2,gn,tas,CMIP6,global,annual mean,1863,13.096033096313477,degrees_C,2900,historical,emissions,13.253484651154162,-0.1574515548406854
UKESM1-0-LL,esm-hist,r1i1p1f2,gn,tas,CMIP6,global,annual mean,1864,13.256769180297852,degrees_C,2900,historical,emissions,13.253484651154162,0.0032845291436895963
UKESM1-0-LL,esm-hist,r1i1p1f2,gn,tas,CMIP6,global,annual mean,1865,13.350122451782227,degrees_C,2900,historical,emissions,13.253484651154162,0.0966378006280646
UKESM1-0-LL,esm-hist,r1i1p1f2,gn,tas,CMIP6,global,annual mean,1866,13.314844131469727,degrees_C,2900,historical,emissions,13.253484651154162,0.061359480315564596
UKESM1-0-LL,esm-hist,r1i1p1f2,gn,tas,CMIP6,global,annual mean,1867,13.345697402954102,degrees_C,2900,historical,emissions,13.253484651154162,0.0922127517999396
UKESM1-0-LL,esm-hist,r1i1p1f2,gn,tas,CMIP6,global,annual mean,1868,13.388727188110352,degrees_C,2900,historical,emissions,13.253484651154162,0.1352425369561896
UKESM1-0-LL,esm-hist,r1i1p1f2,gn,tas,CMIP6,global,annual mean,1869,13.547388076782227,degrees_C,2900,historical,emissions,13.253484651154162,0.2939034256280646
UKESM1-0-LL,esm-hist,r1i1p1f2,gn,tas,CMIP6,global,annual mean,1870,13.572259902954102,degrees_C,2900,historical,emissions,13.253484651154162,0.3187752517999396
UKESM1-0-LL,esm-hist,r1i1p1f2,gn,tas,CMIP6,global,annual mean,1871,13.658594131469727,degrees_C,2900,historical,emissions,13.253484651154162,0.4051094803155646
UKESM1-0-LL,esm-hist,r1i1p1f2,gn,tas,CMIP6,global,annual mean,1872,13.539392471313477,degrees_C,2900,historical,emissions,13.253484651154162,0.2859078201593146
UKESM1-0-LL,esm-hist,r1i1p1f2,gn,tas,CMIP6,global,annual mean,1873,13.323419570922852,degrees_C,2900,historical,emissions,13.253484651154162,0.0699349197686896
UKESM1-0-LL,esm-hist,r1i1p1f2,gn,tas,CMIP6,global,annual mean,1874,13.313776016235352,degrees_C,2900,historical,emissions,13.253484651154162,0.060291365081189596
UKESM1-0-LL,esm-hist,r1i1p1f2,gn,tas,CMIP6,global,annual mean,1875,13.505090713500977,degrees_C,2900,historical,emissions,13.253484651154162,0.2516060623468146
UKESM1-0-LL,esm-hist,r1i1p1f2,gn,tas,CMIP6,global,annual mean,1876,13.472131729125977,degrees_C,2900,historical,emissions,13.253484651154162,0.2186470779718146
UKESM1-0-LL,esm-hist,r1i1p1f2,gn,tas,CMIP6,global,annual mean,1877,13.247003555297852,degrees_C,2900,historical,emissions,13.253484651154162,-0.006481095856310404
UKESM1-0-LL,esm-hist,r1i1p1f2,gn,tas,CMIP6,global,annual mean,1878,13.165582656860352,degrees_C,2900,historical,emissions,13.253484651154162,-0.0879019942938104
UKESM1-0-LL,esm-hist,r1i1p1f2,gn,tas,CMIP6,global,annual mean,1879,13.339136123657227,degrees_C,2900,historical,emissions,13.253484651154162,0.0856514725030646
UKESM1-0-LL,esm-hist,r1i1p1f2,gn,tas,CMIP6,global,annual mean,1880,13.361993789672852,degrees_C,2900,historical,emissions,13.253484651154162,0.1085091385186896
UKESM1-0-LL,esm-hist,r1i1p1f2,gn,tas,CMIP6,global,annual mean,1881,13.437829971313477,degrees_C,2900,historical,emissions,13.253484651154162,0.1843453201593146
UKESM1-0-LL,esm-hist,r1i1p1f2,gn,tas,CMIP6,global,annual mean,1882,13.560632705688477,degrees_C,2900,historical,emissions,13.253484651154162,0.3071480545343146
UKESM1-0-LL,esm-hist,r1i1p1f2,gn,tas,CMIP6,global,annual mean,1883,13.230798721313477,degrees_C,2900,historical,emissions,13.253484651154162,-0.022685929840685404
UKESM1-0-LL,esm-hist,r1i1p1f2,gn,tas,CMIP6,global,annual mean,1884,13.079950332641602,degrees_C,2900,historical,emissions,13.253484651154162,-0.1735343185125604
UKESM1-0-LL,esm-hist,r1i1p1f2,gn,tas,CMIP6,global,annual mean,1885,13.149927139282227,degrees_C,2900,historical,emissions,13.253484651154162,-0.1035575118719354
UKESM1-0-LL,esm-hist,r1i1p1f2,gn,tas,CMIP6,global,annual mean,1886,13.314935684204102,degrees_C,2900,historical,emissions,13.253484651154162,0.061451033049939596
UKESM1-0-LL,esm-hist,r1i1p1f2,gn,tas,CMIP6,global,annual mean,1887,13.306329727172852,degrees_C,2900,historical,emissions,13.253484651154162,0.052845076018689596
UKESM1-0-LL,esm-hist,r1i1p1f2,gn,tas,CMIP6,global,annual mean,1888,13.142053604125977,degrees_C,2900,historical,emissions,13.253484651154162,-0.1114310470281854
UKESM1-0-LL,esm-hist,r1i1p1f2,gn,tas,CMIP6,global,annual mean,1889,13.295892715454102,degrees_C,2900,historical,emissions,13.253484651154162,0.042408064299939596
UKESM1-0-LL,esm-hist,r1i1p1f2,gn,tas,CMIP6,global,annual mean,1890,13.270685195922852,degrees_C,2900,historical,emissions,13.253484651154162,0.017200544768689596
UKESM1-0-LL,esm-hist,r1i1p1f2,gn,tas,CMIP6,global,annual mean,1891,13.190057754516602,degrees_C,2900,historical,emissions,13.253484651154162,-0.0634268966375604
UKESM1-0-LL,esm-hist,r1i1p1f2,gn,tas,CMIP6,global,annual mean,1892,13.098382949829102,degrees_C,2900,historical,emissions,13.253484651154162,-0.1551017013250604
UKESM1-0-LL,esm-hist,r1i1p1f2,gn,tas,CMIP6,global,annual mean,1893,13.081293106079102,degrees_C,2900,historical,emissions,13.253484651154162,-0.1721915450750604
UKESM1-0-LL,esm-hist,r1i1p1f2,gn,tas,CMIP6,global,annual mean,1894,12.985406875610352,degrees_C,2900,historical,emissions,13.253484651154162,-0.2680777755438104
UKESM1-0-LL,esm-hist,r1i1p1f2,gn,tas,CMIP6,global,annual mean,1895,13.023614883422852,degrees_C,2900,historical,emissions,13.253484651154162,-0.2298697677313104
UKESM1-0-LL,esm-hist,r1i1p1f2,gn,tas,CMIP6,global,annual mean,1896,13.204919815063477,degrees_C,2900,historical,emissions,13.253484651154162,-0.048564836090685404
UKESM1-0-LL,esm-hist,r1i1p1f2,gn,tas,CMIP6,global,annual mean,1897,13.240167617797852,degrees_C,2900,historical,emissions,13.253484651154162,-0.013317033356310404
UKESM1-0-LL,esm-hist,r1i1p1f2,gn,tas,CMIP6,global,annual mean,1898,12.926660537719727,degrees_C,2900,historical,emissions,13.253484651154162,-0.3268241134344354
UKESM1-0-LL,esm-hist,r1i1p1f2,gn,tas,CMIP6,global,annual mean,1899,13.043390274047852,degrees_C,2900,historical,emissions,13.253484651154162,-0.2100943771063104
UKESM1-0-LL,esm-hist,r1i1p1f2,gn,tas,CMIP6,global,annual mean,1900,13.071954727172852,degrees_C,2900,historical,emissions,13.253484651154162,-0.1815299239813104
UKESM1-0-LL,esm-hist,r1i1p1f2,gn,tas,CMIP6,global,annual mean,1901,13.171472549438477,degrees_C,2900,historical,emissions,13.253484651154162,-0.0820121017156854
UKESM1-0-LL,esm-hist,r1i1p1f2,gn,tas,CMIP6,global,annual mean,1902,13.206110000610352,degrees_C,2900,historical,emissions,13.253484651154162,-0.047374650543810404
UKESM1-0-LL,esm-hist,r1i1p1f2,gn,tas,CMIP6,global,annual mean,1903,13.095880508422852,degrees_C,2900,historical,emissions,13.253484651154162,-0.1576041427313104
UKESM1-0-LL,esm-hist,r1i1p1f2,gn,tas,CMIP6,global,annual mean,1904,12.964838027954102,degrees_C,2900,historical,emissions,13.253484651154162,-0.2886466232000604
UKESM1-0-LL,esm-hist,r1i1p1f2,gn,tas,CMIP6,global,annual mean,1905,12.980463027954102,degrees_C,2900,historical,emissions,13.253484651154162,-0.2730216232000604
UKESM1-0-LL,esm-hist,r1i1p1f2,gn,tas,CMIP6,global,annual mean,1906,13.237146377563477,degrees_C,2900,historical,emissions,13.253484651154162,-0.016338273590685404
UKESM1-0-LL,esm-hist,r1i1p1f2,gn,tas,CMIP6,global,annual mean,1907,13.263849258422852,degrees_C,2900,historical,emissions,13.253484651154162,0.010364607268689596
UKESM1-0-LL,esm-hist,r1i1p1f2,gn,tas,CMIP6,global,annual mean,1908,13.211877822875977,degrees_C,2900,historical,emissions,13.253484651154162,-0.041606828278185404
UKESM1-0-LL,esm-hist,r1i1p1f2,gn,tas,CMIP6,global,annual mean,1909,13.126001358032227,degrees_C,2900,historical,emissions,13.253484651154162,-0.1274832931219354
UKESM1-0-LL,esm-hist,r1i1p1f2,gn,tas,CMIP6,global,annual mean,1910,13.274225234985352,degrees_C,2900,historical,emissions,13.253484651154162,0.020740583831189596
UKESM1-0-LL,esm-hist,r1i1p1f2,gn,tas,CMIP6,global,annual mean,1911,13.248712539672852,degrees_C,2900,historical,emissions,13.253484651154162,-0.004772111481310404
UKESM1-0-LL,esm-hist,r1i1p1f2,gn,tas,CMIP6,global,annual mean,1912,13.173456192016602,degrees_C,2900,historical,emissions,13.253484651154162,-0.0800284591375604
UKESM1-0-LL,esm-hist,r1i1p1f2,gn,tas,CMIP6,global,annual mean,1913,13.221033096313477,degrees_C,2900,historical,emissions,13.253484651154162,-0.032451554840685404
UKESM1-0-LL,esm-hist,r1i1p1f2,gn,tas,CMIP6,global,annual mean,1914,13.268182754516602,degrees_C,2900,historical,emissions,13.253484651154162,0.014698103362439596
UKESM1-0-LL,esm-hist,r1i1p1f2,gn,tas,CMIP6,global,annual mean,1915,13.247552871704102,degrees_C,2900,historical,emissions,13.253484651154162,-0.005931779450060404
UKESM1-0-LL,esm-hist,r1i1p1f2,gn,tas,CMIP6,global,annual mean,1916,13.289392471313477,degrees_C,2900,historical,emissions,13.253484651154162,0.035907820159314596
UKESM1-0-LL,esm-hist,r1i1p1f2,gn,tas,CMIP6,global,annual mean,1917,13.203912734985352,degrees_C,2900,historical,emissions,13.253484651154162,-0.049571916168810404
UKESM1-0-LL,esm-hist,r1i1p1f2,gn,tas,CMIP6,global,annual mean,1918,13.163751602172852,degrees_C,2900,historical,emissions,13.253484651154162,-0.0897330489813104
UKESM1-0-LL,esm-hist,r1i1p1f2,gn,tas,CMIP6,global,annual mean,1919,13.290918350219727,degrees_C,2900,historical,emissions,13.253484651154162,0.037433699065564596
UKESM1-0-LL,esm-hist,r1i1p1f2,gn,tas,CMIP6,global,annual mean,1920,13.080926895141602,degrees_C,2900,historical,emissions,13.253484651154162,-0.1725577560125604
UKESM1-0-LL,esm-hist,r1i1p1f2,gn,tas,CMIP6,global,annual mean,1921,13.195764541625977,degrees_C,2900,historical,emissions,13.253484651154162,-0.057720109528185404
UKESM1-0-LL,esm-hist,r1i1p1f2,gn,tas,CMIP6,global,annual mean,1922,13.142908096313477,degrees_C,2900,historical,emissions,13.253484651154162,-0.1105765548406854
UKESM1-0-LL,esm-hist,r1i1p1f2,gn,tas,CMIP6,global,annual mean,1923,13.204156875610352,degrees_C,2900,historical,emissions,13.253484651154162,-0.049327775543810404
UKESM1-0-LL,esm-hist,r1i1p1f2,gn,tas,CMIP6,global,annual mean,1924,13.173883438110352,degrees_C,2900,historical,emissions,13.253484651154162,-0.0796012130438104
UKESM1-0-LL,esm-hist,r1i1p1f2,gn,tas,CMIP6,global,annual mean,1925,13.262140274047852,degrees_C,2900,historical,emissions,13.253484651154162,0.008655622893689596
UKESM1-0-LL,esm-hist,r1i1p1f2,gn,tas,CMIP6,global,annual mean,1926,13.208795547485352,degrees_C,2900,historical,emissions,13.253484651154162,-0.044689103668810404
UKESM1-0-LL,esm-hist,r1i1p1f2,gn,tas,CMIP6,global,annual mean,1927,13.241083145141602,degrees_C,2900,historical,emissions,13.253484651154162,-0.012401506012560404
UKESM1-0-LL,esm-hist,r1i1p1f2,gn,tas,CMIP6,global,annual mean,1928,13.190515518188477,degrees_C,2900,historical,emissions,13.253484651154162,-0.0629691329656854
UKESM1-0-LL,esm-hist,r1i1p1f2,gn,tas,CMIP6,global,annual mean,1929,13.199487686157227,degrees_C,2900,historical,emissions,13.253484651154162,-0.053996964996935404
UKESM1-0-LL,esm-hist,r1i1p1f2,gn,tas,CMIP6,global,annual mean,1930,13.195672988891602,degrees_C,2900,historical,emissions,13.253484651154162,-0.057811662262560404
UKESM1-0-LL,esm-hist,r1i1p1f2,gn,tas,CMIP6,global,annual mean,1931,13.084100723266602,degrees_C,2900,historical,emissions,13.253484651154162,-0.1693839278875604
UKESM1-0-LL,esm-hist,r1i1p1f2,gn,tas,CMIP6,global,annual mean,1932,12.969293594360352,degrees_C,2900,historical,emissions,13.253484651154162,-0.2841910567938104
UKESM1-0-LL,esm-hist,r1i1p1f2,gn,tas,CMIP6,global,annual mean,1933,12.955255508422852,degrees_C,2900,historical,emissions,13.253484651154162,-0.2982291427313104
UKESM1-0-LL,esm-hist,r1i1p1f2,gn,tas,CMIP6,global,annual mean,1934,13.058649063110352,degrees_C,2900,historical,emissions,13.253484651154162,-0.1948355880438104
UKESM1-0-LL,esm-hist,r1i1p1f2,gn,tas,CMIP6,global,annual mean,1935,13.080865859985352,degrees_C,2900,historical,emissions,13.253484651154162,-0.1726187911688104
UKESM1-0-LL,esm-hist,r1i1p1f2,gn,tas,CMIP6,global,annual mean,1936,13.055658340454102,degrees_C,2900,historical,emissions,13.253484651154162,-0.1978263107000604
UKESM1-0-LL,esm-hist,r1i1p1f2,gn,tas,CMIP6,global,annual mean,1937,13.239374160766602,degrees_C,2900,historical,emissions,13.253484651154162,-0.014110490387560404
UKESM1-0-LL,esm-hist,r1i1p1f2,gn,tas,CMIP6,global,annual mean,1938,13.332086563110352,degrees_C,2900,historical,emissions,13.253484651154162,0.0786019119561896
UKESM1-0-LL,esm-hist,r1i1p1f2,gn,tas,CMIP6,global,annual mean,1939,13.325952529907227,degrees_C,2900,historical,emissions,13.253484651154162,0.0724678787530646
UKESM1-0-LL,esm-hist,r1i1p1f2,gn,tas,CMIP6,global,annual mean,1940,13.193292617797852,degrees_C,2900,historical,emissions,13.253484651154162,-0.060192033356310404
UKESM1-0-LL,esm-hist,r1i1p1f2,gn,tas,CMIP6,global,annual mean,1941,13.152338027954102,degrees_C,2900,historical,emissions,13.253484651154162,-0.1011466232000604
UKESM1-0-LL,esm-hist,r1i1p1f2,gn,tas,CMIP6,global,annual mean,1942,13.067041397094727,degrees_C,2900,historical,emissions,13.253484651154162,-0.1864432540594354
UKESM1-0-LL,esm-hist,r1i1p1f2,gn,tas,CMIP6,global,annual mean,1943,12.950983047485352,degrees_C,2900,historical,emissions,13.253484651154162,-0.3025016036688104
UKESM1-0-LL,esm-hist,r1i1p1f2,gn,tas,CMIP6,global,annual mean,1944,13.156763076782227,degrees_C,2900,historical,emissions,13.253484651154162,-0.0967215743719354
UKESM1-0-LL,esm-hist,r1i1p1f2,gn,tas,CMIP6,global,annual mean,1945,13.067590713500977,degrees_C,2900,historical,emissions,13.253484651154162,-0.1858939376531854
UKESM1-0-LL,esm-hist,r1i1p1f2,gn,tas,CMIP6,global,annual mean,1946,13.119501113891602,degrees_C,2900,historical,emissions,13.253484651154162,-0.1339835372625604
UKESM1-0-LL,esm-hist,r1i1p1f2,gn,tas,CMIP6,global,annual mean,1947,13.346857070922852,degrees_C,2900,historical,emissions,13.253484651154162,0.0933724197686896
UKESM1-0-LL,esm-hist,r1i1p1f2,gn,tas,CMIP6,global,annual mean,1948,13.275537490844727,degrees_C,2900,historical,emissions,13.253484651154162,0.022052839690564596
UKESM1-0-LL,esm-hist,r1i1p1f2,gn,tas,CMIP6,global,annual mean,1949,13.237207412719727,degrees_C,2900,historical,emissions,13.253484651154162,-0.016277238434435404
UKESM1-0-LL,esm-hist,r1i1p1f2,gn,tas,CMIP6,global,annual mean,1950,13.246606826782227,degrees_C,2900,historical,emissions,13.253484651154162,-0.006877824371935404
UKESM1-0-LL,esm-hist,r1i1p1f2,gn,tas,CMIP6,global,annual mean,1951,13.166864395141602,degrees_C,2900,historical,emissions,13.253484651154162,-0.0866202560125604
UKESM1-0-LL,esm-hist,r1i1p1f2,gn,tas,CMIP6,global,annual mean,1952,13.116754531860352,degrees_C,2900,historical,emissions,13.253484651154162,-0.1367301192938104
UKESM1-0-LL,esm-hist,r1i1p1f2,gn,tas,CMIP6,global,annual mean,1953,13.072992324829102,degrees_C,2900,historical,emissions,13.253484651154162,-0.1804923263250604
UKESM1-0-LL,esm-hist,r1i1p1f2,gn,tas,CMIP6,global,annual mean,1954,13.015314102172852,degrees_C,2900,historical,emissions,13.253484651154162,-0.2381705489813104
UKESM1-0-LL,esm-hist,r1i1p1f2,gn,tas,CMIP6,global,annual mean,1955,13.217767715454102,degrees_C,2900,historical,emissions,13.253484651154162,-0.035716935700060404
UKESM1-0-LL,esm-hist,r1i1p1f2,gn,tas,CMIP6,global,annual mean,1956,13.240411758422852,degrees_C,2900,historical,emissions,13.253484651154162,-0.013072892731310404
UKESM1-0-LL,esm-hist,r1i1p1f2,gn,tas,CMIP6,global,annual mean,1957,13.328241348266602,degrees_C,2900,historical,emissions,13.253484651154162,0.0747566971124396
UKESM1-0-LL,esm-hist,r1i1p1f2,gn,tas,CMIP6,global,annual mean,1958,13.126764297485352,degrees_C,2900,historical,emissions,13.253484651154162,-0.1267203536688104
UKESM1-0-LL,esm-hist,r1i1p1f2,gn,tas,CMIP6,global,annual mean,1959,13.285455703735352,degrees_C,2900,historical,emissions,13.253484651154162,0.031971052581189596
UKESM1-0-LL,esm-hist,r1i1p1f2,gn,tas,CMIP6,global,annual mean,1960,13.303033828735352,degrees_C,2900,historical,emissions,13.253484651154162,0.049549177581189596
UKESM1-0-LL,esm-hist,r1i1p1f2,gn,tas,CMIP6,global,annual mean,1961,13.125787734985352,degrees_C,2900,historical,emissions,13.253484651154162,-0.1276969161688104
UKESM1-0-LL,esm-hist,r1i1p1f2,gn,tas,CMIP6,global,annual mean,1962,13.216547012329102,degrees_C,2900,historical,emissions,13.253484651154162,-0.036937638825060404
UKESM1-0-LL,esm-hist,r1i1p1f2,gn,tas,CMIP6,global,annual mean,1963,13.121881484985352,degrees_C,2900,historical,emissions,13.253484651154162,-0.1316031661688104
UKESM1-0-LL,esm-hist,r1i1p1f2,gn,tas,CMIP6,global,annual mean,1964,12.971887588500977,degrees_C,2900,historical,emissions,13.253484651154162,-0.2815970626531854
UKESM1-0-LL,esm-hist,r1i1p1f2,gn,tas,CMIP6,global,annual mean,1965,13.106500625610352,degrees_C,2900,historical,emissions,13.253484651154162,-0.1469840255438104
UKESM1-0-LL,esm-hist,r1i1p1f2,gn,tas,CMIP6,global,annual mean,1966,13.049310684204102,degrees_C,2900,historical,emissions,13.253484651154162,-0.2041739669500604
UKESM1-0-LL,esm-hist,r1i1p1f2,gn,tas,CMIP6,global,annual mean,1967,13.051568984985352,degrees_C,2900,historical,emissions,13.253484651154162,-0.2019156661688104
UKESM1-0-LL,esm-hist,r1i1p1f2,gn,tas,CMIP6,global,annual mean,1968,12.962671279907227,degrees_C,2900,historical,emissions,13.253484651154162,-0.2908133712469354
UKESM1-0-LL,esm-hist,r1i1p1f2,gn,tas,CMIP6,global,annual mean,1969,13.123437881469727,degrees_C,2900,historical,emissions,13.253484651154162,-0.1300467696844354
UKESM1-0-LL,esm-hist,r1i1p1f2,gn,tas,CMIP6,global,annual mean,1970,13.361230850219727,degrees_C,2900,historical,emissions,13.253484651154162,0.1077461990655646
UKESM1-0-LL,esm-hist,r1i1p1f2,gn,tas,CMIP6,global,annual mean,1971,13.188653945922852,degrees_C,2900,historical,emissions,13.253484651154162,-0.0648307052313104
UKESM1-0-LL,esm-hist,r1i1p1f2,gn,tas,CMIP6,global,annual mean,1972,13.161310195922852,degrees_C,2900,historical,emissions,13.253484651154162,-0.0921744552313104
UKESM1-0-LL,esm-hist,r1i1p1f2,gn,tas,CMIP6,global,annual mean,1973,13.097589492797852,degrees_C,2900,historical,emissions,13.253484651154162,-0.1558951583563104
UKESM1-0-LL,esm-hist,r1i1p1f2,gn,tas,CMIP6,global,annual mean,1974,13.095575332641602,degrees_C,2900,historical,emissions,13.253484651154162,-0.1579093185125604
UKESM1-0-LL,esm-hist,r1i1p1f2,gn,tas,CMIP6,global,annual mean,1975,12.945825576782227,degrees_C,2900,historical,emissions,13.253484651154162,-0.3076590743719354
UKESM1-0-LL,esm-hist,r1i1p1f2,gn,tas,CMIP6,global,annual mean,1976,13.119714736938477,degrees_C,2900,historical,emissions,13.253484651154162,-0.1337699142156854
UKESM1-0-LL,esm-hist,r1i1p1f2,gn,tas,CMIP6,global,annual mean,1977,13.130792617797852,degrees_C,2900,historical,emissions,13.253484651154162,-0.1226920333563104
UKESM1-0-LL,esm-hist,r1i1p1f2,gn,tas,CMIP6,global,annual mean,1978,13.287103652954102,degrees_C,2900,historical,emissions,13.253484651154162,0.033619001799939596
UKESM1-0-LL,esm-hist,r1i1p1f2,gn,tas,CMIP6,global,annual mean,1979,13.203119277954102,degrees_C,2900,historical,emissions,13.253484651154162,-0.050365373200060404
UKESM1-0-LL,esm-hist,r1i1p1f2,gn,tas,CMIP6,global,annual mean,1980,13.280389785766602,degrees_C,2900,historical,emissions,13.253484651154162,0.026905134612439596
UKESM1-0-LL,esm-hist,r1i1p1f2,gn,tas,CMIP6,global,annual mean,1981,13.370996475219727,degrees_C,2900,historical,emissions,13.253484651154162,0.1175118240655646
UKESM1-0-LL,esm-hist,r1i1p1f2,gn,tas,CMIP6,global,annual mean,1982,13.389276504516602,degrees_C,2900,historical,emissions,13.253484651154162,0.1357918533624396
UKESM1-0-LL,esm-hist,r1i1p1f2,gn,tas,CMIP6,global,annual mean,1983,13.128442764282227,degrees_C,2900,historical,emissions,13.253484651154162,-0.1250418868719354
UKESM1-0-LL,esm-hist,r1i1p1f2,gn,tas,CMIP6,global,annual mean,1984,13.090875625610352,degrees_C,2900,historical,emissions,13.253484651154162,-0.1626090255438104
UKESM1-0-LL,esm-hist,r1i1p1f2,gn,tas,CMIP6,global,annual mean,1985,13.217218399047852,degrees_C,2900,historical,emissions,13.253484651154162,-0.036266252106310404
UKESM1-0-LL,esm-hist,r1i1p1f2,gn,tas,CMIP6,global,annual mean,1986,13.208154678344727,degrees_C,2900,historical,emissions,13.253484651154162,-0.045329972809435404
UKESM1-0-LL,esm-hist,r1i1p1f2,gn,tas,CMIP6,global,annual mean,1987,13.252405166625977,degrees_C,2900,historical,emissions,13.253484651154162,-0.0010794845281854037
UKESM1-0-LL,esm-hist,r1i1p1f2,gn,tas,CMIP6,global,annual mean,1988,13.330194473266602,degrees_C,2900,historical,emissions,13.253484651154162,0.0767098221124396
UKESM1-0-LL,esm-hist,r1i1p1f2,gn,tas,CMIP6,global,annual mean,1989,13.399316787719727,degrees_C,2900,historical,emissions,13.253484651154162,0.1458321365655646
UKESM1-0-LL,esm-hist,r1i1p1f2,gn,tas,CMIP6,global,annual mean,1990,13.430688858032227,degrees_C,2900,historical,emissions,13.253484651154162,0.1772042068780646
UKESM1-0-LL,esm-hist,r1i1p1f2,gn,tas,CMIP6,global,annual mean,1991,13.418634414672852,degrees_C,2900,historical,emissions,13.253484651154162,0.1651497635186896
UKESM1-0-LL,esm-hist,r1i1p1f2,gn,tas,CMIP6,global,annual mean,1992,13.130517959594727,degrees_C,2900,historical,emissions,13.253484651154162,-0.1229666915594354
UKESM1-0-LL,esm-hist,r1i1p1f2,gn,tas,CMIP6,global,annual mean,1993,13.131769180297852,degrees_C,2900,historical,emissions,13.253484651154162,-0.1217154708563104
UKESM1-0-LL,esm-hist,r1i1p1f2,gn,tas,CMIP6,global,annual mean,1994,13.206476211547852,degrees_C,2900,historical,emissions,13.253484651154162,-0.047008439606310404
UKESM1-0-LL,esm-hist,r1i1p1f2,gn,tas,CMIP6,global,annual mean,1995,13.459100723266602,degrees_C,2900,historical,emissions,13.253484651154162,0.2056160721124396
UKESM1-0-LL,esm-hist,r1i1p1f2,gn,tas,CMIP6,global,annual mean,1996,13.660181045532227,degrees_C,2900,historical,emissions,13.253484651154162,0.4066963943780646
UKESM1-0-LL,esm-hist,r1i1p1f2,gn,tas,CMIP6,global,annual mean,1997,13.464838027954102,degrees_C,2900,historical,emissions,13.253484651154162,0.2113533767999396
UKESM1-0-LL,esm-hist,r1i1p1f2,gn,tas,CMIP6,global,annual mean,1998,13.530084609985352,degrees_C,2900,historical,emissions,13.253484651154162,0.2765999588311896
UKESM1-0-LL,esm-hist,r1i1p1f2,gn,tas,CMIP6,global,annual mean,1999,13.610651016235352,degrees_C,2900,historical,emissions,13.253484651154162,0.3571663650811896
UKESM1-0-LL,esm-hist,r1i1p1f2,gn,tas,CMIP6,global,annual mean,2000,13.716669082641602,degrees_C,2900,historical,emissions,13.253484651154162,0.4631844314874396
UKESM1-0-LL,esm-hist,r1i1p1f2,gn,tas,CMIP6,global,annual mean,2001,13.911462783813477,degrees_C,2900,historical,emissions,13.253484651154162,0.6579781326593146
UKESM1-0-LL,esm-hist,r1i1p1f2,gn,tas,CMIP6,global,annual mean,2002,13.960748672485352,degrees_C,2900,historical,emissions,13.253484651154162,0.7072640213311896
UKESM1-0-LL,esm-hist,r1i1p1f2,gn,tas,CMIP6,global,annual mean,2003,13.982873916625977,degrees_C,2900,historical,emissions,13.253484651154162,0.7293892654718146
UKESM1-0-LL,esm-hist,r1i1p1f2,gn,tas,CMIP6,global,annual mean,2004,13.972528457641602,degrees_C,2900,historical,emissions,13.253484651154162,0.7190438064874396
UKESM1-0-LL,esm-hist,r1i1p1f2,gn,tas,CMIP6,global,annual mean,2005,13.777582168579102,degrees_C,2900,historical,emissions,13.253484651154162,0.5240975174249396
UKESM1-0-LL,esm-hist,r1i1p1f2,gn,tas,CMIP6,global,annual mean,2006,14.038629531860352,degrees_C,2900,historical,emissions,13.253484651154162,0.7851448807061896
UKESM1-0-LL,esm-hist,r1i1p1f2,gn,tas,CMIP6,global,annual mean,2007,14.111597061157227,degrees_C,2900,historical,emissions,13.253484651154162,0.8581124100030646
UKESM1-0-LL,esm-hist,r1i1p1f2,gn,tas,CMIP6,global,annual mean,2008,14.014886856079102,degrees_C,2900,historical,emissions,13.253484651154162,0.7614022049249396
UKESM1-0-LL,esm-hist,r1i1p1f2,gn,tas,CMIP6,global,annual mean,2009,13.988946914672852,degrees_C,2900,historical,emissions,13.253484651154162,0.7354622635186896
UKESM1-0-LL,esm-hist,r1i1p1f2,gn,tas,CMIP6,global,annual mean,2010,14.241357803344727,degrees_C,2900,historical,emissions,13.253484651154162,0.9878731521905646
UKESM1-0-LL,esm-hist,r1i1p1f2,gn,tas,CMIP6,global,annual mean,2011,14.401544570922852,degrees_C,2900,historical,emissions,13.253484651154162,1.1480599197686896
UKESM1-0-LL,esm-hist,r1i1p1f2,gn,tas,CMIP6,global,annual mean,2012,14.259393692016602,degrees_C,2900,historical,emissions,13.253484651154162,1.0059090408624396
UKESM1-0-LL,esm-hist,r1i1p1f2,gn,tas,CMIP6,global,annual mean,2013,14.368829727172852,degrees_C,2900,historical,emissions,13.253484651154162,1.1153450760186896
UKESM1-0-LL,esm-hist,r1i1p1f2,gn,tas,CMIP6,global,annual mean,2014,14.446466445922852,degrees_C,2900,historical,emissions,13.253484651154162,1.1929817947686896
UKESM1-0-LL,esm-hist,r3i1p1f2,gn,tas,CMIP6,global,annual mean,1850,13.053705215454102,degrees_C,2902,historical,emissions,13.297473645677753,-0.24376843022365158
UKESM1-0-LL,esm-hist,r3i1p1f2,gn,tas,CMIP6,global,annual mean,1851,13.103387832641602,degrees_C,2902,historical,emissions,13.297473645677753,-0.19408581303615158
UKESM1-0-LL,esm-hist,r3i1p1f2,gn,tas,CMIP6,global,annual mean,1852,13.207300186157227,degrees_C,2902,historical,emissions,13.297473645677753,-0.09017345952052658
UKESM1-0-LL,esm-hist,r3i1p1f2,gn,tas,CMIP6,global,annual mean,1853,13.229181289672852,degrees_C,2902,historical,emissions,13.297473645677753,-0.06829235600490158
UKESM1-0-LL,esm-hist,r3i1p1f2,gn,tas,CMIP6,global,annual mean,1854,13.283349990844727,degrees_C,2902,historical,emissions,13.297473645677753,-0.014123654833026578
UKESM1-0-LL,esm-hist,r3i1p1f2,gn,tas,CMIP6,global,annual mean,1855,13.385797500610352,degrees_C,2902,historical,emissions,13.297473645677753,0.08832385493259842
UKESM1-0-LL,esm-hist,r3i1p1f2,gn,tas,CMIP6,global,annual mean,1856,13.296258926391602,degrees_C,2902,historical,emissions,13.297473645677753,-0.0012147192861515776
UKESM1-0-LL,esm-hist,r3i1p1f2,gn,tas,CMIP6,global,annual mean,1857,13.011285781860352,degrees_C,2902,historical,emissions,13.297473645677753,-0.2861878638174016
UKESM1-0-LL,esm-hist,r3i1p1f2,gn,tas,CMIP6,global,annual mean,1858,13.078424453735352,degrees_C,2902,historical,emissions,13.297473645677753,-0.21904919194240158
UKESM1-0-LL,esm-hist,r3i1p1f2,gn,tas,CMIP6,global,annual mean,1859,13.334650039672852,degrees_C,2902,historical,emissions,13.297473645677753,0.03717639399509842
UKESM1-0-LL,esm-hist,r3i1p1f2,gn,tas,CMIP6,global,annual mean,1860,13.373163223266602,degrees_C,2902,historical,emissions,13.297473645677753,0.07568957758884842
UKESM1-0-LL,esm-hist,r3i1p1f2,gn,tas,CMIP6,global,annual mean,1861,13.311700820922852,degrees_C,2902,historical,emissions,13.297473645677753,0.014227175245098422
UKESM1-0-LL,esm-hist,r3i1p1f2,gn,tas,CMIP6,global,annual mean,1862,13.296930313110352,degrees_C,2902,historical,emissions,13.297473645677753,-0.0005433325674015776
UKESM1-0-LL,esm-hist,r3i1p1f2,gn,tas,CMIP6,global,annual mean,1863,13.268274307250977,degrees_C,2902,historical,emissions,13.297473645677753,-0.029199338426776578
UKESM1-0-LL,esm-hist,r3i1p1f2,gn,tas,CMIP6,global,annual mean,1864,13.212884902954102,degrees_C,2902,historical,emissions,13.297473645677753,-0.08458874272365158
UKESM1-0-LL,esm-hist,r3i1p1f2,gn,tas,CMIP6,global,annual mean,1865,13.167627334594727,degrees_C,2902,historical,emissions,13.297473645677753,-0.12984631108302658
UKESM1-0-LL,esm-hist,r3i1p1f2,gn,tas,CMIP6,global,annual mean,1866,13.241296768188477,degrees_C,2902,historical,emissions,13.297473645677753,-0.05617687748927658
UKESM1-0-LL,esm-hist,r3i1p1f2,gn,tas,CMIP6,global,annual mean,1867,13.445245742797852,degrees_C,2902,historical,emissions,13.297473645677753,0.14777209712009842
UKESM1-0-LL,esm-hist,r3i1p1f2,gn,tas,CMIP6,global,annual mean,1868,13.305719375610352,degrees_C,2902,historical,emissions,13.297473645677753,0.008245729932598422
UKESM1-0-LL,esm-hist,r3i1p1f2,gn,tas,CMIP6,global,annual mean,1869,13.355768203735352,degrees_C,2902,historical,emissions,13.297473645677753,0.05829455805759842
UKESM1-0-LL,esm-hist,r3i1p1f2,gn,tas,CMIP6,global,annual mean,1870,13.322443008422852,degrees_C,2902,historical,emissions,13.297473645677753,0.024969362745098422
UKESM1-0-LL,esm-hist,r3i1p1f2,gn,tas,CMIP6,global,annual mean,1871,13.198480606079102,degrees_C,2902,historical,emissions,13.297473645677753,-0.09899303959865158
UKESM1-0-LL,esm-hist,r3i1p1f2,gn,tas,CMIP6,global,annual mean,1872,13.074945449829102,degrees_C,2902,historical,emissions,13.297473645677753,-0.22252819584865158
UKESM1-0-LL,esm-hist,r3i1p1f2,gn,tas,CMIP6,global,annual mean,1873,13.166070938110352,degrees_C,2902,historical,emissions,13.297473645677753,-0.13140270756740158
UKESM1-0-LL,esm-hist,r3i1p1f2,gn,tas,CMIP6,global,annual mean,1874,13.197809219360352,degrees_C,2902,historical,emissions,13.297473645677753,-0.09966442631740158
UKESM1-0-LL,esm-hist,r3i1p1f2,gn,tas,CMIP6,global,annual mean,1875,13.209711074829102,degrees_C,2902,historical,emissions,13.297473645677753,-0.08776257084865158
UKESM1-0-LL,esm-hist,r3i1p1f2,gn,tas,CMIP6,global,annual mean,1876,13.312158584594727,degrees_C,2902,historical,emissions,13.297473645677753,0.014684938916973422
UKESM1-0-LL,esm-hist,r3i1p1f2,gn,tas,CMIP6,global,annual mean,1877,13.333978652954102,degrees_C,2902,historical,emissions,13.297473645677753,0.03650500727634842
UKESM1-0-LL,esm-hist,r3i1p1f2,gn,tas,CMIP6,global,annual mean,1878,13.311273574829102,degrees_C,2902,historical,emissions,13.297473645677753,0.013799929151348422
UKESM1-0-LL,esm-hist,r3i1p1f2,gn,tas,CMIP6,global,annual mean,1879,13.497125625610352,degrees_C,2902,historical,emissions,13.297473645677753,0.19965197993259842
UKESM1-0-LL,esm-hist,r3i1p1f2,gn,tas,CMIP6,global,annual mean,1880,13.507104873657227,degrees_C,2902,historical,emissions,13.297473645677753,0.20963122797947342
UKESM1-0-LL,esm-hist,r3i1p1f2,gn,tas,CMIP6,global,annual mean,1881,13.466058731079102,degrees_C,2902,historical,emissions,13.297473645677753,0.16858508540134842
UKESM1-0-LL,esm-hist,r3i1p1f2,gn,tas,CMIP6,global,annual mean,1882,13.498071670532227,degrees_C,2902,historical,emissions,13.297473645677753,0.20059802485447342
UKESM1-0-LL,esm-hist,r3i1p1f2,gn,tas,CMIP6,global,annual mean,1883,13.465021133422852,degrees_C,2902,historical,emissions,13.297473645677753,0.16754748774509842
UKESM1-0-LL,esm-hist,r3i1p1f2,gn,tas,CMIP6,global,annual mean,1884,13.251001358032227,degrees_C,2902,historical,emissions,13.297473645677753,-0.04647228764552658
UKESM1-0-LL,esm-hist,r3i1p1f2,gn,tas,CMIP6,global,annual mean,1885,13.199945449829102,degrees_C,2902,historical,emissions,13.297473645677753,-0.09752819584865158
UKESM1-0-LL,esm-hist,r3i1p1f2,gn,tas,CMIP6,global,annual mean,1886,13.204950332641602,degrees_C,2902,historical,emissions,13.297473645677753,-0.09252331303615158
UKESM1-0-LL,esm-hist,r3i1p1f2,gn,tas,CMIP6,global,annual mean,1887,13.266382217407227,degrees_C,2902,historical,emissions,13.297473645677753,-0.031091428270526578
UKESM1-0-LL,esm-hist,r3i1p1f2,gn,tas,CMIP6,global,annual mean,1888,13.393060684204102,degrees_C,2902,historical,emissions,13.297473645677753,0.09558703852634842
UKESM1-0-LL,esm-hist,r3i1p1f2,gn,tas,CMIP6,global,annual mean,1889,13.496820449829102,degrees_C,2902,historical,emissions,13.297473645677753,0.19934680415134842
UKESM1-0-LL,esm-hist,r3i1p1f2,gn,tas,CMIP6,global,annual mean,1890,13.416162490844727,degrees_C,2902,historical,emissions,13.297473645677753,0.11868884516697342
UKESM1-0-LL,esm-hist,r3i1p1f2,gn,tas,CMIP6,global,annual mean,1891,13.286981582641602,degrees_C,2902,historical,emissions,13.297473645677753,-0.010492063036151578
UKESM1-0-LL,esm-hist,r3i1p1f2,gn,tas,CMIP6,global,annual mean,1892,13.419061660766602,degrees_C,2902,historical,emissions,13.297473645677753,0.12158801508884842
UKESM1-0-LL,esm-hist,r3i1p1f2,gn,tas,CMIP6,global,annual mean,1893,13.436670303344727,degrees_C,2902,historical,emissions,13.297473645677753,0.13919665766697342
UKESM1-0-LL,esm-hist,r3i1p1f2,gn,tas,CMIP6,global,annual mean,1894,13.300836563110352,degrees_C,2902,historical,emissions,13.297473645677753,0.0033629174325984224
UKESM1-0-LL,esm-hist,r3i1p1f2,gn,tas,CMIP6,global,annual mean,1895,13.246759414672852,degrees_C,2902,historical,emissions,13.297473645677753,-0.05071423100490158
UKESM1-0-LL,esm-hist,r3i1p1f2,gn,tas,CMIP6,global,annual mean,1896,13.216302871704102,degrees_C,2902,historical,emissions,13.297473645677753,-0.08117077397365158
UKESM1-0-LL,esm-hist,r3i1p1f2,gn,tas,CMIP6,global,annual mean,1897,13.352533340454102,degrees_C,2902,historical,emissions,13.297473645677753,0.05505969477634842
UKESM1-0-LL,esm-hist,r3i1p1f2,gn,tas,CMIP6,global,annual mean,1898,13.595941543579102,degrees_C,2902,historical,emissions,13.297473645677753,0.2984678979013484
UKESM1-0-LL,esm-hist,r3i1p1f2,gn,tas,CMIP6,global,annual mean,1899,13.346979141235352,degrees_C,2902,historical,emissions,13.297473645677753,0.04950549555759842
UKESM1-0-LL,esm-hist,r3i1p1f2,gn,tas,CMIP6,global,annual mean,1900,13.218561172485352,degrees_C,2902,historical,emissions,13.297473645677753,-0.07891247319240158
UKESM1-0-LL,esm-hist,r3i1p1f2,gn,tas,CMIP6,global,annual mean,1901,13.335321426391602,degrees_C,2902,historical,emissions,13.297473645677753,0.03784778071384842
UKESM1-0-LL,esm-hist,r3i1p1f2,gn,tas,CMIP6,global,annual mean,1902,13.344079971313477,degrees_C,2902,historical,emissions,13.297473645677753,0.04660632563572342
UKESM1-0-LL,esm-hist,r3i1p1f2,gn,tas,CMIP6,global,annual mean,1903,13.181756973266602,degrees_C,2902,historical,emissions,13.297473645677753,-0.11571667241115158
UKESM1-0-LL,esm-hist,r3i1p1f2,gn,tas,CMIP6,global,annual mean,1904,13.156915664672852,degrees_C,2902,historical,emissions,13.297473645677753,-0.14055798100490158
UKESM1-0-LL,esm-hist,r3i1p1f2,gn,tas,CMIP6,global,annual mean,1905,13.190210342407227,degrees_C,2902,historical,emissions,13.297473645677753,-0.10726330327052658
UKESM1-0-LL,esm-hist,r3i1p1f2,gn,tas,CMIP6,global,annual mean,1906,13.301416397094727,degrees_C,2902,historical,emissions,13.297473645677753,0.003942751416973422
UKESM1-0-LL,esm-hist,r3i1p1f2,gn,tas,CMIP6,global,annual mean,1907,13.302728652954102,degrees_C,2902,historical,emissions,13.297473645677753,0.005255007276348422
UKESM1-0-LL,esm-hist,r3i1p1f2,gn,tas,CMIP6,global,annual mean,1908,13.409570693969727,degrees_C,2902,historical,emissions,13.297473645677753,0.11209704829197342
UKESM1-0-LL,esm-hist,r3i1p1f2,gn,tas,CMIP6,global,annual mean,1909,13.418146133422852,degrees_C,2902,historical,emissions,13.297473645677753,0.12067248774509842
UKESM1-0-LL,esm-hist,r3i1p1f2,gn,tas,CMIP6,global,annual mean,1910,13.393121719360352,degrees_C,2902,historical,emissions,13.297473645677753,0.09564807368259842
UKESM1-0-LL,esm-hist,r3i1p1f2,gn,tas,CMIP6,global,annual mean,1911,13.440942764282227,degrees_C,2902,historical,emissions,13.297473645677753,0.14346911860447342
UKESM1-0-LL,esm-hist,r3i1p1f2,gn,tas,CMIP6,global,annual mean,1912,13.323114395141602,degrees_C,2902,historical,emissions,13.297473645677753,0.025640749463848422
UKESM1-0-LL,esm-hist,r3i1p1f2,gn,tas,CMIP6,global,annual mean,1913,13.078485488891602,degrees_C,2902,historical,emissions,13.297473645677753,-0.21898815678615158
UKESM1-0-LL,esm-hist,r3i1p1f2,gn,tas,CMIP6,global,annual mean,1914,13.080682754516602,degrees_C,2902,historical,emissions,13.297473645677753,-0.21679089116115158
UKESM1-0-LL,esm-hist,r3i1p1f2,gn,tas,CMIP6,global,annual mean,1915,13.124689102172852,degrees_C,2902,historical,emissions,13.297473645677753,-0.17278454350490158
UKESM1-0-LL,esm-hist,r3i1p1f2,gn,tas,CMIP6,global,annual mean,1916,13.258691787719727,degrees_C,2902,historical,emissions,13.297473645677753,-0.03878185795802658
UKESM1-0-LL,esm-hist,r3i1p1f2,gn,tas,CMIP6,global,annual mean,1917,13.422967910766602,degrees_C,2902,historical,emissions,13.297473645677753,0.12549426508884842
UKESM1-0-LL,esm-hist,r3i1p1f2,gn,tas,CMIP6,global,annual mean,1918,13.391321182250977,degrees_C,2902,historical,emissions,13.297473645677753,0.09384753657322342
UKESM1-0-LL,esm-hist,r3i1p1f2,gn,tas,CMIP6,global,annual mean,1919,13.206048965454102,degrees_C,2902,historical,emissions,13.297473645677753,-0.09142468022365158
UKESM1-0-LL,esm-hist,r3i1p1f2,gn,tas,CMIP6,global,annual mean,1920,13.329156875610352,degrees_C,2902,historical,emissions,13.297473645677753,0.03168322993259842
UKESM1-0-LL,esm-hist,r3i1p1f2,gn,tas,CMIP6,global,annual mean,1921,13.340600967407227,degrees_C,2902,historical,emissions,13.297473645677753,0.04312732172947342
UKESM1-0-LL,esm-hist,r3i1p1f2,gn,tas,CMIP6,global,annual mean,1922,13.035089492797852,degrees_C,2902,historical,emissions,13.297473645677753,-0.2623841528799016
UKESM1-0-LL,esm-hist,r3i1p1f2,gn,tas,CMIP6,global,annual mean,1923,13.208978652954102,degrees_C,2902,historical,emissions,13.297473645677753,-0.08849499272365158
UKESM1-0-LL,esm-hist,r3i1p1f2,gn,tas,CMIP6,global,annual mean,1924,13.295618057250977,degrees_C,2902,historical,emissions,13.297473645677753,-0.0018555884267765776
UKESM1-0-LL,esm-hist,r3i1p1f2,gn,tas,CMIP6,global,annual mean,1925,13.167657852172852,degrees_C,2902,historical,emissions,13.297473645677753,-0.12981579350490158
UKESM1-0-LL,esm-hist,r3i1p1f2,gn,tas,CMIP6,global,annual mean,1926,13.316797256469727,degrees_C,2902,historical,emissions,13.297473645677753,0.019323610791973422
UKESM1-0-LL,esm-hist,r3i1p1f2,gn,tas,CMIP6,global,annual mean,1927,13.394067764282227,degrees_C,2902,historical,emissions,13.297473645677753,0.09659411860447342
UKESM1-0-LL,esm-hist,r3i1p1f2,gn,tas,CMIP6,global,annual mean,1928,13.243432998657227,degrees_C,2902,historical,emissions,13.297473645677753,-0.05404064702052658
UKESM1-0-LL,esm-hist,r3i1p1f2,gn,tas,CMIP6,global,annual mean,1929,13.259576797485352,degrees_C,2902,historical,emissions,13.297473645677753,-0.03789684819240158
UKESM1-0-LL,esm-hist,r3i1p1f2,gn,tas,CMIP6,global,annual mean,1930,13.278772354125977,degrees_C,2902,historical,emissions,13.297473645677753,-0.018701291551776578
UKESM1-0-LL,esm-hist,r3i1p1f2,gn,tas,CMIP6,global,annual mean,1931,13.033899307250977,degrees_C,2902,historical,emissions,13.297473645677753,-0.2635743384267766
UKESM1-0-LL,esm-hist,r3i1p1f2,gn,tas,CMIP6,global,annual mean,1932,13.147272109985352,degrees_C,2902,historical,emissions,13.297473645677753,-0.15020153569240158
UKESM1-0-LL,esm-hist,r3i1p1f2,gn,tas,CMIP6,global,annual mean,1933,13.304590225219727,degrees_C,2902,historical,emissions,13.297473645677753,0.007116579541973422
UKESM1-0-LL,esm-hist,r3i1p1f2,gn,tas,CMIP6,global,annual mean,1934,13.236230850219727,degrees_C,2902,historical,emissions,13.297473645677753,-0.06124279545802658
UKESM1-0-LL,esm-hist,r3i1p1f2,gn,tas,CMIP6,global,annual mean,1935,13.122217178344727,degrees_C,2902,historical,emissions,13.297473645677753,-0.17525646733302658
UKESM1-0-LL,esm-hist,r3i1p1f2,gn,tas,CMIP6,global,annual mean,1936,13.130243301391602,degrees_C,2902,historical,emissions,13.297473645677753,-0.16723034428615158
UKESM1-0-LL,esm-hist,r3i1p1f2,gn,tas,CMIP6,global,annual mean,1937,13.229730606079102,degrees_C,2902,historical,emissions,13.297473645677753,-0.06774303959865158
UKESM1-0-LL,esm-hist,r3i1p1f2,gn,tas,CMIP6,global,annual mean,1938,13.208154678344727,degrees_C,2902,historical,emissions,13.297473645677753,-0.08931896733302658
UKESM1-0-LL,esm-hist,r3i1p1f2,gn,tas,CMIP6,global,annual mean,1939,13.267816543579102,degrees_C,2902,historical,emissions,13.297473645677753,-0.029657102098651578
UKESM1-0-LL,esm-hist,r3i1p1f2,gn,tas,CMIP6,global,annual mean,1940,13.307794570922852,degrees_C,2902,historical,emissions,13.297473645677753,0.010320925245098422
UKESM1-0-LL,esm-hist,r3i1p1f2,gn,tas,CMIP6,global,annual mean,1941,13.252252578735352,degrees_C,2902,historical,emissions,13.297473645677753,-0.04522106694240158
UKESM1-0-LL,esm-hist,r3i1p1f2,gn,tas,CMIP6,global,annual mean,1942,13.268487930297852,degrees_C,2902,historical,emissions,13.297473645677753,-0.028985715379901578
UKESM1-0-LL,esm-hist,r3i1p1f2,gn,tas,CMIP6,global,annual mean,1943,13.207330703735352,degrees_C,2902,historical,emissions,13.297473645677753,-0.09014294194240158
UKESM1-0-LL,esm-hist,r3i1p1f2,gn,tas,CMIP6,global,annual mean,1944,13.151300430297852,degrees_C,2902,historical,emissions,13.297473645677753,-0.14617321537990158
UKESM1-0-LL,esm-hist,r3i1p1f2,gn,tas,CMIP6,global,annual mean,1945,13.217889785766602,degrees_C,2902,historical,emissions,13.297473645677753,-0.07958385991115158
UKESM1-0-LL,esm-hist,r3i1p1f2,gn,tas,CMIP6,global,annual mean,1946,13.063470840454102,degrees_C,2902,historical,emissions,13.297473645677753,-0.23400280522365158
UKESM1-0-LL,esm-hist,r3i1p1f2,gn,tas,CMIP6,global,annual mean,1947,13.023126602172852,degrees_C,2902,historical,emissions,13.297473645677753,-0.2743470435049016
UKESM1-0-LL,esm-hist,r3i1p1f2,gn,tas,CMIP6,global,annual mean,1948,13.148157119750977,degrees_C,2902,historical,emissions,13.297473645677753,-0.14931652592677658
UKESM1-0-LL,esm-hist,r3i1p1f2,gn,tas,CMIP6,global,annual mean,1949,13.306024551391602,degrees_C,2902,historical,emissions,13.297473645677753,0.008550905713848422
UKESM1-0-LL,esm-hist,r3i1p1f2,gn,tas,CMIP6,global,annual mean,1950,13.566980361938477,degrees_C,2902,historical,emissions,13.297473645677753,0.2695067162607234
UKESM1-0-LL,esm-hist,r3i1p1f2,gn,tas,CMIP6,global,annual mean,1951,13.366449356079102,degrees_C,2902,historical,emissions,13.297473645677753,0.06897571040134842
UKESM1-0-LL,esm-hist,r3i1p1f2,gn,tas,CMIP6,global,annual mean,1952,13.232568740844727,degrees_C,2902,historical,emissions,13.297473645677753,-0.06490490483302658
UKESM1-0-LL,esm-hist,r3i1p1f2,gn,tas,CMIP6,global,annual mean,1953,13.237573623657227,degrees_C,2902,historical,emissions,13.297473645677753,-0.05990002202052658
UKESM1-0-LL,esm-hist,r3i1p1f2,gn,tas,CMIP6,global,annual mean,1954,13.356439590454102,degrees_C,2902,historical,emissions,13.297473645677753,0.05896594477634842
UKESM1-0-LL,esm-hist,r3i1p1f2,gn,tas,CMIP6,global,annual mean,1955,13.510187149047852,degrees_C,2902,historical,emissions,13.297473645677753,0.21271350337009842
UKESM1-0-LL,esm-hist,r3i1p1f2,gn,tas,CMIP6,global,annual mean,1956,13.170862197875977,degrees_C,2902,historical,emissions,13.297473645677753,-0.12661144780177658
UKESM1-0-LL,esm-hist,r3i1p1f2,gn,tas,CMIP6,global,annual mean,1957,13.189203262329102,degrees_C,2902,historical,emissions,13.297473645677753,-0.10827038334865158
UKESM1-0-LL,esm-hist,r3i1p1f2,gn,tas,CMIP6,global,annual mean,1958,13.322687149047852,degrees_C,2902,historical,emissions,13.297473645677753,0.025213503370098422
UKESM1-0-LL,esm-hist,r3i1p1f2,gn,tas,CMIP6,global,annual mean,1959,13.366754531860352,degrees_C,2902,historical,emissions,13.297473645677753,0.06928088618259842
UKESM1-0-LL,esm-hist,r3i1p1f2,gn,tas,CMIP6,global,annual mean,1960,13.368524551391602,degrees_C,2902,historical,emissions,13.297473645677753,0.07105090571384842
UKESM1-0-LL,esm-hist,r3i1p1f2,gn,tas,CMIP6,global,annual mean,1961,13.490259170532227,degrees_C,2902,historical,emissions,13.297473645677753,0.19278552485447342
UKESM1-0-LL,esm-hist,r3i1p1f2,gn,tas,CMIP6,global,annual mean,1962,13.347650527954102,degrees_C,2902,historical,emissions,13.297473645677753,0.05017688227634842
UKESM1-0-LL,esm-hist,r3i1p1f2,gn,tas,CMIP6,global,annual mean,1963,13.125574111938477,degrees_C,2902,historical,emissions,13.297473645677753,-0.17189953373927658
UKESM1-0-LL,esm-hist,r3i1p1f2,gn,tas,CMIP6,global,annual mean,1964,12.987054824829102,degrees_C,2902,historical,emissions,13.297473645677753,-0.3104188208486516
UKESM1-0-LL,esm-hist,r3i1p1f2,gn,tas,CMIP6,global,annual mean,1965,13.107538223266602,degrees_C,2902,historical,emissions,13.297473645677753,-0.18993542241115158
UKESM1-0-LL,esm-hist,r3i1p1f2,gn,tas,CMIP6,global,annual mean,1966,13.143701553344727,degrees_C,2902,historical,emissions,13.297473645677753,-0.15377209233302658
UKESM1-0-LL,esm-hist,r3i1p1f2,gn,tas,CMIP6,global,annual mean,1967,13.054254531860352,degrees_C,2902,historical,emissions,13.297473645677753,-0.24321911381740158
UKESM1-0-LL,esm-hist,r3i1p1f2,gn,tas,CMIP6,global,annual mean,1968,13.090753555297852,degrees_C,2902,historical,emissions,13.297473645677753,-0.20672009037990158
UKESM1-0-LL,esm-hist,r3i1p1f2,gn,tas,CMIP6,global,annual mean,1969,13.162988662719727,degrees_C,2902,historical,emissions,13.297473645677753,-0.13448498295802658
UKESM1-0-LL,esm-hist,r3i1p1f2,gn,tas,CMIP6,global,annual mean,1970,13.245538711547852,degrees_C,2902,historical,emissions,13.297473645677753,-0.05193493412990158
UKESM1-0-LL,esm-hist,r3i1p1f2,gn,tas,CMIP6,global,annual mean,1971,13.102228164672852,degrees_C,2902,historical,emissions,13.297473645677753,-0.19524548100490158
UKESM1-0-LL,esm-hist,r3i1p1f2,gn,tas,CMIP6,global,annual mean,1972,13.069238662719727,degrees_C,2902,historical,emissions,13.297473645677753,-0.22823498295802658
UKESM1-0-LL,esm-hist,r3i1p1f2,gn,tas,CMIP6,global,annual mean,1973,13.108118057250977,degrees_C,2902,historical,emissions,13.297473645677753,-0.18935558842677658
UKESM1-0-LL,esm-hist,r3i1p1f2,gn,tas,CMIP6,global,annual mean,1974,13.132989883422852,degrees_C,2902,historical,emissions,13.297473645677753,-0.16448376225490158
UKESM1-0-LL,esm-hist,r3i1p1f2,gn,tas,CMIP6,global,annual mean,1975,13.027978897094727,degrees_C,2902,historical,emissions,13.297473645677753,-0.2694947485830266
UKESM1-0-LL,esm-hist,r3i1p1f2,gn,tas,CMIP6,global,annual mean,1976,13.196893692016602,degrees_C,2902,historical,emissions,13.297473645677753,-0.10057995366115158
UKESM1-0-LL,esm-hist,r3i1p1f2,gn,tas,CMIP6,global,annual mean,1977,13.206476211547852,degrees_C,2902,historical,emissions,13.297473645677753,-0.09099743412990158
UKESM1-0-LL,esm-hist,r3i1p1f2,gn,tas,CMIP6,global,annual mean,1978,13.209711074829102,degrees_C,2902,historical,emissions,13.297473645677753,-0.08776257084865158
UKESM1-0-LL,esm-hist,r3i1p1f2,gn,tas,CMIP6,global,annual mean,1979,13.320001602172852,degrees_C,2902,historical,emissions,13.297473645677753,0.022527956495098422
UKESM1-0-LL,esm-hist,r3i1p1f2,gn,tas,CMIP6,global,annual mean,1980,13.325647354125977,degrees_C,2902,historical,emissions,13.297473645677753,0.028173708448223422
UKESM1-0-LL,esm-hist,r3i1p1f2,gn,tas,CMIP6,global,annual mean,1981,13.291315078735352,degrees_C,2902,historical,emissions,13.297473645677753,-0.006158566942401578
UKESM1-0-LL,esm-hist,r3i1p1f2,gn,tas,CMIP6,global,annual mean,1982,13.424432754516602,degrees_C,2902,historical,emissions,13.297473645677753,0.12695910883884842
UKESM1-0-LL,esm-hist,r3i1p1f2,gn,tas,CMIP6,global,annual mean,1983,13.384088516235352,degrees_C,2902,historical,emissions,13.297473645677753,0.08661487055759842
UKESM1-0-LL,esm-hist,r3i1p1f2,gn,tas,CMIP6,global,annual mean,1984,13.342187881469727,degrees_C,2902,historical,emissions,13.297473645677753,0.04471423579197342
UKESM1-0-LL,esm-hist,r3i1p1f2,gn,tas,CMIP6,global,annual mean,1985,13.305902481079102,degrees_C,2902,historical,emissions,13.297473645677753,0.008428835401348422
UKESM1-0-LL,esm-hist,r3i1p1f2,gn,tas,CMIP6,global,annual mean,1986,13.412866592407227,degrees_C,2902,historical,emissions,13.297473645677753,0.11539294672947342
UKESM1-0-LL,esm-hist,r3i1p1f2,gn,tas,CMIP6,global,annual mean,1987,13.522607803344727,degrees_C,2902,historical,emissions,13.297473645677753,0.22513415766697342
UKESM1-0-LL,esm-hist,r3i1p1f2,gn,tas,CMIP6,global,annual mean,1988,13.424005508422852,degrees_C,2902,historical,emissions,13.297473645677753,0.12653186274509842
UKESM1-0-LL,esm-hist,r3i1p1f2,gn,tas,CMIP6,global,annual mean,1989,13.469995498657227,degrees_C,2902,historical,emissions,13.297473645677753,0.17252185297947342
UKESM1-0-LL,esm-hist,r3i1p1f2,gn,tas,CMIP6,global,annual mean,1990,13.458429336547852,degrees_C,2902,historical,emissions,13.297473645677753,0.16095569087009842
UKESM1-0-LL,esm-hist,r3i1p1f2,gn,tas,CMIP6,global,annual mean,1991,13.339441299438477,degrees_C,2902,historical,emissions,13.297473645677753,0.04196765376072342
UKESM1-0-LL,esm-hist,r3i1p1f2,gn,tas,CMIP6,global,annual mean,1992,13.155847549438477,degrees_C,2902,historical,emissions,13.297473645677753,-0.14162609623927658
UKESM1-0-LL,esm-hist,r3i1p1f2,gn,tas,CMIP6,global,annual mean,1993,13.265192031860352,degrees_C,2902,historical,emissions,13.297473645677753,-0.03228161381740158
UKESM1-0-LL,esm-hist,r3i1p1f2,gn,tas,CMIP6,global,annual mean,1994,13.468042373657227,degrees_C,2902,historical,emissions,13.297473645677753,0.17056872797947342
UKESM1-0-LL,esm-hist,r3i1p1f2,gn,tas,CMIP6,global,annual mean,1995,13.650018692016602,degrees_C,2902,historical,emissions,13.297473645677753,0.3525450463388484
UKESM1-0-LL,esm-hist,r3i1p1f2,gn,tas,CMIP6,global,annual mean,1996,13.783258438110352,degrees_C,2902,historical,emissions,13.297473645677753,0.4857847924325984
UKESM1-0-LL,esm-hist,r3i1p1f2,gn,tas,CMIP6,global,annual mean,1997,13.747308731079102,degrees_C,2902,historical,emissions,13.297473645677753,0.4498350854013484
UKESM1-0-LL,esm-hist,r3i1p1f2,gn,tas,CMIP6,global,annual mean,1998,13.804162979125977,degrees_C,2902,historical,emissions,13.297473645677753,0.5066893334482234
UKESM1-0-LL,esm-hist,r3i1p1f2,gn,tas,CMIP6,global,annual mean,1999,13.821954727172852,degrees_C,2902,historical,emissions,13.297473645677753,0.5244810814950984
UKESM1-0-LL,esm-hist,r3i1p1f2,gn,tas,CMIP6,global,annual mean,2000,14.041254043579102,degrees_C,2902,historical,emissions,13.297473645677753,0.7437803979013484
UKESM1-0-LL,esm-hist,r3i1p1f2,gn,tas,CMIP6,global,annual mean,2001,14.109460830688477,degrees_C,2902,historical,emissions,13.297473645677753,0.8119871850107234
UKESM1-0-LL,esm-hist,r3i1p1f2,gn,tas,CMIP6,global,annual mean,2002,14.158136367797852,degrees_C,2902,historical,emissions,13.297473645677753,0.8606627221200984
UKESM1-0-LL,esm-hist,r3i1p1f2,gn,tas,CMIP6,global,annual mean,2003,14.246820449829102,degrees_C,2902,historical,emissions,13.297473645677753,0.9493468041513484
UKESM1-0-LL,esm-hist,r3i1p1f2,gn,tas,CMIP6,global,annual mean,2004,14.082391738891602,degrees_C,2902,historical,emissions,13.297473645677753,0.7849180932138484
UKESM1-0-LL,esm-hist,r3i1p1f2,gn,tas,CMIP6,global,annual mean,2005,13.835229873657227,degrees_C,2902,historical,emissions,13.297473645677753,0.5377562279794734
UKESM1-0-LL,esm-hist,r3i1p1f2,gn,tas,CMIP6,global,annual mean,2006,14.036828994750977,degrees_C,2902,historical,emissions,13.297473645677753,0.7393553490732234
UKESM1-0-LL,esm-hist,r3i1p1f2,gn,tas,CMIP6,global,annual mean,2007,14.022333145141602,degrees_C,2902,historical,emissions,13.297473645677753,0.7248594994638484
UKESM1-0-LL,esm-hist,r3i1p1f2,gn,tas,CMIP6,global,annual mean,2008,13.930170059204102,degrees_C,2902,historical,emissions,13.297473645677753,0.6326964135263484
UKESM1-0-LL,esm-hist,r3i1p1f2,gn,tas,CMIP6,global,annual mean,2009,14.172815322875977,degrees_C,2902,historical,emissions,13.297473645677753,0.8753416771982234
UKESM1-0-LL,esm-hist,r3i1p1f2,gn,tas,CMIP6,global,annual mean,2010,14.347131729125977,degrees_C,2902,historical,emissions,13.297473645677753,1.0496580834482234
UKESM1-0-LL,esm-hist,r3i1p1f2,gn,tas,CMIP6,global,annual mean,2011,14.139398574829102,degrees_C,2902,historical,emissions,13.297473645677753,0.8419249291513484
UKESM1-0-LL,esm-hist,r3i1p1f2,gn,tas,CMIP6,global,annual mean,2012,14.264337539672852,degrees_C,2902,historical,emissions,13.297473645677753,0.9668638939950984
UKESM1-0-LL,esm-hist,r3i1p1f2,gn,tas,CMIP6,global,annual mean,2013,14.373193740844727,degrees_C,2902,historical,emissions,13.297473645677753,1.0757200951669734
UKESM1-0-LL,esm-hist,r3i1p1f2,gn,tas,CMIP6,global,annual mean,2014,14.455957412719727,degrees_C,2902,historical,emissions,13.297473645677753,1.1584837670419734
UKESM1-0-LL,esm-hist,r4i1p1f2,gn,tas,CMIP6,global,annual mean,1850,13.245843887329102,degrees_C,2903,historical,emissions,13.198457867491479,0.047386019837622584
UKESM1-0-LL,esm-hist,r4i1p1f2,gn,tas,CMIP6,global,annual mean,1851,13.245111465454102,degrees_C,2903,historical,emissions,13.198457867491479,0.046653597962622584
UKESM1-0-LL,esm-hist,r4i1p1f2,gn,tas,CMIP6,global,annual mean,1852,13.257684707641602,degrees_C,2903,historical,emissions,13.198457867491479,0.059226840150122584
UKESM1-0-LL,esm-hist,r4i1p1f2,gn,tas,CMIP6,global,annual mean,1853,13.464258193969727,degrees_C,2903,historical,emissions,13.198457867491479,0.2658003264782476
UKESM1-0-LL,esm-hist,r4i1p1f2,gn,tas,CMIP6,global,annual mean,1854,13.475336074829102,degrees_C,2903,historical,emissions,13.198457867491479,0.2768782073376226
UKESM1-0-LL,esm-hist,r4i1p1f2,gn,tas,CMIP6,global,annual mean,1855,13.305231094360352,degrees_C,2903,historical,emissions,13.198457867491479,0.10677322686887258
UKESM1-0-LL,esm-hist,r4i1p1f2,gn,tas,CMIP6,global,annual mean,1856,13.300317764282227,degrees_C,2903,historical,emissions,13.198457867491479,0.10185989679074758
UKESM1-0-LL,esm-hist,r4i1p1f2,gn,tas,CMIP6,global,annual mean,1857,13.190118789672852,degrees_C,2903,historical,emissions,13.198457867491479,-0.008339077818627416
UKESM1-0-LL,esm-hist,r4i1p1f2,gn,tas,CMIP6,global,annual mean,1858,13.437585830688477,degrees_C,2903,historical,emissions,13.198457867491479,0.23912796319699758
UKESM1-0-LL,esm-hist,r4i1p1f2,gn,tas,CMIP6,global,annual mean,1859,13.391870498657227,degrees_C,2903,historical,emissions,13.198457867491479,0.19341263116574758
UKESM1-0-LL,esm-hist,r4i1p1f2,gn,tas,CMIP6,global,annual mean,1860,13.302972793579102,degrees_C,2903,historical,emissions,13.198457867491479,0.10451492608762258
UKESM1-0-LL,esm-hist,r4i1p1f2,gn,tas,CMIP6,global,annual mean,1861,13.166070938110352,degrees_C,2903,historical,emissions,13.198457867491479,-0.032386929381127416
UKESM1-0-LL,esm-hist,r4i1p1f2,gn,tas,CMIP6,global,annual mean,1862,13.228448867797852,degrees_C,2903,historical,emissions,13.198457867491479,0.029991000306372584
UKESM1-0-LL,esm-hist,r4i1p1f2,gn,tas,CMIP6,global,annual mean,1863,13.371118545532227,degrees_C,2903,historical,emissions,13.198457867491479,0.17266067804074758
UKESM1-0-LL,esm-hist,r4i1p1f2,gn,tas,CMIP6,global,annual mean,1864,13.092401504516602,degrees_C,2903,historical,emissions,13.198457867491479,-0.10605636297487742
UKESM1-0-LL,esm-hist,r4i1p1f2,gn,tas,CMIP6,global,annual mean,1865,13.193109512329102,degrees_C,2903,historical,emissions,13.198457867491479,-0.005348355162377416
UKESM1-0-LL,esm-hist,r4i1p1f2,gn,tas,CMIP6,global,annual mean,1866,13.318872451782227,degrees_C,2903,historical,emissions,13.198457867491479,0.12041458429074758
UKESM1-0-LL,esm-hist,r4i1p1f2,gn,tas,CMIP6,global,annual mean,1867,13.329217910766602,degrees_C,2903,historical,emissions,13.198457867491479,0.13076004327512258
UKESM1-0-LL,esm-hist,r4i1p1f2,gn,tas,CMIP6,global,annual mean,1868,13.352594375610352,degrees_C,2903,historical,emissions,13.198457867491479,0.15413650811887258
UKESM1-0-LL,esm-hist,r4i1p1f2,gn,tas,CMIP6,global,annual mean,1869,13.394037246704102,degrees_C,2903,historical,emissions,13.198457867491479,0.19557937921262258
UKESM1-0-LL,esm-hist,r4i1p1f2,gn,tas,CMIP6,global,annual mean,1870,13.376794815063477,degrees_C,2903,historical,emissions,13.198457867491479,0.17833694757199758
UKESM1-0-LL,esm-hist,r4i1p1f2,gn,tas,CMIP6,global,annual mean,1871,13.433374404907227,degrees_C,2903,historical,emissions,13.198457867491479,0.23491653741574758
UKESM1-0-LL,esm-hist,r4i1p1f2,gn,tas,CMIP6,global,annual mean,1872,13.307916641235352,degrees_C,2903,historical,emissions,13.198457867491479,0.10945877374387258
UKESM1-0-LL,esm-hist,r4i1p1f2,gn,tas,CMIP6,global,annual mean,1873,13.206293106079102,degrees_C,2903,historical,emissions,13.198457867491479,0.007835238587622584
UKESM1-0-LL,esm-hist,r4i1p1f2,gn,tas,CMIP6,global,annual mean,1874,13.265405654907227,degrees_C,2903,historical,emissions,13.198457867491479,0.06694778741574758
UKESM1-0-LL,esm-hist,r4i1p1f2,gn,tas,CMIP6,global,annual mean,1875,13.137323379516602,degrees_C,2903,historical,emissions,13.198457867491479,-0.061134487974877416
UKESM1-0-LL,esm-hist,r4i1p1f2,gn,tas,CMIP6,global,annual mean,1876,13.123620986938477,degrees_C,2903,historical,emissions,13.198457867491479,-0.07483688055300242
UKESM1-0-LL,esm-hist,r4i1p1f2,gn,tas,CMIP6,global,annual mean,1877,13.212305068969727,degrees_C,2903,historical,emissions,13.198457867491479,0.013847201478247584
UKESM1-0-LL,esm-hist,r4i1p1f2,gn,tas,CMIP6,global,annual mean,1878,13.227289199829102,degrees_C,2903,historical,emissions,13.198457867491479,0.028831332337622584
UKESM1-0-LL,esm-hist,r4i1p1f2,gn,tas,CMIP6,global,annual mean,1879,13.241205215454102,degrees_C,2903,historical,emissions,13.198457867491479,0.042747347962622584
UKESM1-0-LL,esm-hist,r4i1p1f2,gn,tas,CMIP6,global,annual mean,1880,13.213373184204102,degrees_C,2903,historical,emissions,13.198457867491479,0.014915316712622584
UKESM1-0-LL,esm-hist,r4i1p1f2,gn,tas,CMIP6,global,annual mean,1881,13.026147842407227,degrees_C,2903,historical,emissions,13.198457867491479,-0.17231002508425242
UKESM1-0-LL,esm-hist,r4i1p1f2,gn,tas,CMIP6,global,annual mean,1882,12.989191055297852,degrees_C,2903,historical,emissions,13.198457867491479,-0.20926681219362742
UKESM1-0-LL,esm-hist,r4i1p1f2,gn,tas,CMIP6,global,annual mean,1883,13.167779922485352,degrees_C,2903,historical,emissions,13.198457867491479,-0.030677945006127416
UKESM1-0-LL,esm-hist,r4i1p1f2,gn,tas,CMIP6,global,annual mean,1884,13.004510879516602,degrees_C,2903,historical,emissions,13.198457867491479,-0.19394698797487742
UKESM1-0-LL,esm-hist,r4i1p1f2,gn,tas,CMIP6,global,annual mean,1885,12.777826309204102,degrees_C,2903,historical,emissions,13.198457867491479,-0.4206315582873774
UKESM1-0-LL,esm-hist,r4i1p1f2,gn,tas,CMIP6,global,annual mean,1886,12.868524551391602,degrees_C,2903,historical,emissions,13.198457867491479,-0.3299333160998774
UKESM1-0-LL,esm-hist,r4i1p1f2,gn,tas,CMIP6,global,annual mean,1887,13.128900527954102,degrees_C,2903,historical,emissions,13.198457867491479,-0.06955733953737742
UKESM1-0-LL,esm-hist,r4i1p1f2,gn,tas,CMIP6,global,annual mean,1888,13.171319961547852,degrees_C,2903,historical,emissions,13.198457867491479,-0.027137905943627416
UKESM1-0-LL,esm-hist,r4i1p1f2,gn,tas,CMIP6,global,annual mean,1889,13.040338516235352,degrees_C,2903,historical,emissions,13.198457867491479,-0.15811935125612742
UKESM1-0-LL,esm-hist,r4i1p1f2,gn,tas,CMIP6,global,annual mean,1890,13.051599502563477,degrees_C,2903,historical,emissions,13.198457867491479,-0.14685836492800242
UKESM1-0-LL,esm-hist,r4i1p1f2,gn,tas,CMIP6,global,annual mean,1891,13.033227920532227,degrees_C,2903,historical,emissions,13.198457867491479,-0.16522994695925242
UKESM1-0-LL,esm-hist,r4i1p1f2,gn,tas,CMIP6,global,annual mean,1892,12.947107315063477,degrees_C,2903,historical,emissions,13.198457867491479,-0.2513505524280024
UKESM1-0-LL,esm-hist,r4i1p1f2,gn,tas,CMIP6,global,annual mean,1893,13.183771133422852,degrees_C,2903,historical,emissions,13.198457867491479,-0.014686734068627416
UKESM1-0-LL,esm-hist,r4i1p1f2,gn,tas,CMIP6,global,annual mean,1894,13.232385635375977,degrees_C,2903,historical,emissions,13.198457867491479,0.033927767884497584
UKESM1-0-LL,esm-hist,r4i1p1f2,gn,tas,CMIP6,global,annual mean,1895,13.212335586547852,degrees_C,2903,historical,emissions,13.198457867491479,0.013877719056372584
UKESM1-0-LL,esm-hist,r4i1p1f2,gn,tas,CMIP6,global,annual mean,1896,13.095727920532227,degrees_C,2903,historical,emissions,13.198457867491479,-0.10272994695925242
UKESM1-0-LL,esm-hist,r4i1p1f2,gn,tas,CMIP6,global,annual mean,1897,13.046258926391602,degrees_C,2903,historical,emissions,13.198457867491479,-0.15219894109987742
UKESM1-0-LL,esm-hist,r4i1p1f2,gn,tas,CMIP6,global,annual mean,1898,13.122735977172852,degrees_C,2903,historical,emissions,13.198457867491479,-0.07572189031862742
UKESM1-0-LL,esm-hist,r4i1p1f2,gn,tas,CMIP6,global,annual mean,1899,13.104028701782227,degrees_C,2903,historical,emissions,13.198457867491479,-0.09442916570925242
UKESM1-0-LL,esm-hist,r4i1p1f2,gn,tas,CMIP6,global,annual mean,1900,13.110528945922852,degrees_C,2903,historical,emissions,13.198457867491479,-0.08792892156862742
UKESM1-0-LL,esm-hist,r4i1p1f2,gn,tas,CMIP6,global,annual mean,1901,13.039178848266602,degrees_C,2903,historical,emissions,13.198457867491479,-0.15927901922487742
UKESM1-0-LL,esm-hist,r4i1p1f2,gn,tas,CMIP6,global,annual mean,1902,12.985681533813477,degrees_C,2903,historical,emissions,13.198457867491479,-0.21277633367800242
UKESM1-0-LL,esm-hist,r4i1p1f2,gn,tas,CMIP6,global,annual mean,1903,12.963495254516602,degrees_C,2903,historical,emissions,13.198457867491479,-0.23496261297487742
UKESM1-0-LL,esm-hist,r4i1p1f2,gn,tas,CMIP6,global,annual mean,1904,12.930719375610352,degrees_C,2903,historical,emissions,13.198457867491479,-0.2677384918811274
UKESM1-0-LL,esm-hist,r4i1p1f2,gn,tas,CMIP6,global,annual mean,1905,12.997095108032227,degrees_C,2903,historical,emissions,13.198457867491479,-0.20136275945925242
UKESM1-0-LL,esm-hist,r4i1p1f2,gn,tas,CMIP6,global,annual mean,1906,13.029077529907227,degrees_C,2903,historical,emissions,13.198457867491479,-0.16938033758425242
UKESM1-0-LL,esm-hist,r4i1p1f2,gn,tas,CMIP6,global,annual mean,1907,12.952997207641602,degrees_C,2903,historical,emissions,13.198457867491479,-0.24546065984987742
UKESM1-0-LL,esm-hist,r4i1p1f2,gn,tas,CMIP6,global,annual mean,1908,12.891534805297852,degrees_C,2903,historical,emissions,13.198457867491479,-0.3069230621936274
UKESM1-0-LL,esm-hist,r4i1p1f2,gn,tas,CMIP6,global,annual mean,1909,13.021173477172852,degrees_C,2903,historical,emissions,13.198457867491479,-0.17728439031862742
UKESM1-0-LL,esm-hist,r4i1p1f2,gn,tas,CMIP6,global,annual mean,1910,13.001337051391602,degrees_C,2903,historical,emissions,13.198457867491479,-0.19712081609987742
UKESM1-0-LL,esm-hist,r4i1p1f2,gn,tas,CMIP6,global,annual mean,1911,13.100732803344727,degrees_C,2903,historical,emissions,13.198457867491479,-0.09772506414675242
UKESM1-0-LL,esm-hist,r4i1p1f2,gn,tas,CMIP6,global,annual mean,1912,12.790216445922852,degrees_C,2903,historical,emissions,13.198457867491479,-0.4082414215686274
UKESM1-0-LL,esm-hist,r4i1p1f2,gn,tas,CMIP6,global,annual mean,1913,12.822259902954102,degrees_C,2903,historical,emissions,13.198457867491479,-0.3761979645373774
UKESM1-0-LL,esm-hist,r4i1p1f2,gn,tas,CMIP6,global,annual mean,1914,12.821710586547852,degrees_C,2903,historical,emissions,13.198457867491479,-0.3767472809436274
UKESM1-0-LL,esm-hist,r4i1p1f2,gn,tas,CMIP6,global,annual mean,1915,12.911218643188477,degrees_C,2903,historical,emissions,13.198457867491479,-0.2872392243030024
UKESM1-0-LL,esm-hist,r4i1p1f2,gn,tas,CMIP6,global,annual mean,1916,13.035272598266602,degrees_C,2903,historical,emissions,13.198457867491479,-0.16318526922487742
UKESM1-0-LL,esm-hist,r4i1p1f2,gn,tas,CMIP6,global,annual mean,1917,12.942895889282227,degrees_C,2903,historical,emissions,13.198457867491479,-0.2555619782092524
UKESM1-0-LL,esm-hist,r4i1p1f2,gn,tas,CMIP6,global,annual mean,1918,12.997766494750977,degrees_C,2903,historical,emissions,13.198457867491479,-0.20069137274050242
UKESM1-0-LL,esm-hist,r4i1p1f2,gn,tas,CMIP6,global,annual mean,1919,13.168268203735352,degrees_C,2903,historical,emissions,13.198457867491479,-0.030189663756127416
UKESM1-0-LL,esm-hist,r4i1p1f2,gn,tas,CMIP6,global,annual mean,1920,13.219720840454102,degrees_C,2903,historical,emissions,13.198457867491479,0.021262972962622584
UKESM1-0-LL,esm-hist,r4i1p1f2,gn,tas,CMIP6,global,annual mean,1921,13.170587539672852,degrees_C,2903,historical,emissions,13.198457867491479,-0.027870327818627416
UKESM1-0-LL,esm-hist,r4i1p1f2,gn,tas,CMIP6,global,annual mean,1922,13.195917129516602,degrees_C,2903,historical,emissions,13.198457867491479,-0.002540737974877416
UKESM1-0-LL,esm-hist,r4i1p1f2,gn,tas,CMIP6,global,annual mean,1923,13.127069473266602,degrees_C,2903,historical,emissions,13.198457867491479,-0.07138839422487742
UKESM1-0-LL,esm-hist,r4i1p1f2,gn,tas,CMIP6,global,annual mean,1924,13.060297012329102,degrees_C,2903,historical,emissions,13.198457867491479,-0.13816085516237742
UKESM1-0-LL,esm-hist,r4i1p1f2,gn,tas,CMIP6,global,annual mean,1925,13.043542861938477,degrees_C,2903,historical,emissions,13.198457867491479,-0.15491500555300242
UKESM1-0-LL,esm-hist,r4i1p1f2,gn,tas,CMIP6,global,annual mean,1926,13.150140762329102,degrees_C,2903,historical,emissions,13.198457867491479,-0.048317105162377416
UKESM1-0-LL,esm-hist,r4i1p1f2,gn,tas,CMIP6,global,annual mean,1927,13.053613662719727,degrees_C,2903,historical,emissions,13.198457867491479,-0.14484420477175242
UKESM1-0-LL,esm-hist,r4i1p1f2,gn,tas,CMIP6,global,annual mean,1928,13.119958877563477,degrees_C,2903,historical,emissions,13.198457867491479,-0.07849898992800242
UKESM1-0-LL,esm-hist,r4i1p1f2,gn,tas,CMIP6,global,annual mean,1929,13.293054580688477,degrees_C,2903,historical,emissions,13.198457867491479,0.09459671319699758
UKESM1-0-LL,esm-hist,r4i1p1f2,gn,tas,CMIP6,global,annual mean,1930,13.339288711547852,degrees_C,2903,historical,emissions,13.198457867491479,0.14083084405637258
UKESM1-0-LL,esm-hist,r4i1p1f2,gn,tas,CMIP6,global,annual mean,1931,13.156366348266602,degrees_C,2903,historical,emissions,13.198457867491479,-0.042091519224877416
UKESM1-0-LL,esm-hist,r4i1p1f2,gn,tas,CMIP6,global,annual mean,1932,13.281335830688477,degrees_C,2903,historical,emissions,13.198457867491479,0.08287796319699758
UKESM1-0-LL,esm-hist,r4i1p1f2,gn,tas,CMIP6,global,annual mean,1933,13.434564590454102,degrees_C,2903,historical,emissions,13.198457867491479,0.23610672296262258
UKESM1-0-LL,esm-hist,r4i1p1f2,gn,tas,CMIP6,global,annual mean,1934,13.272363662719727,degrees_C,2903,historical,emissions,13.198457867491479,0.07390579522824758
UKESM1-0-LL,esm-hist,r4i1p1f2,gn,tas,CMIP6,global,annual mean,1935,13.178918838500977,degrees_C,2903,historical,emissions,13.198457867491479,-0.019539028990502416
UKESM1-0-LL,esm-hist,r4i1p1f2,gn,tas,CMIP6,global,annual mean,1936,13.333917617797852,degrees_C,2903,historical,emissions,13.198457867491479,0.13545975030637258
UKESM1-0-LL,esm-hist,r4i1p1f2,gn,tas,CMIP6,global,annual mean,1937,13.383661270141602,degrees_C,2903,historical,emissions,13.198457867491479,0.18520340265012258
UKESM1-0-LL,esm-hist,r4i1p1f2,gn,tas,CMIP6,global,annual mean,1938,13.405572891235352,degrees_C,2903,historical,emissions,13.198457867491479,0.20711502374387258
UKESM1-0-LL,esm-hist,r4i1p1f2,gn,tas,CMIP6,global,annual mean,1939,13.468500137329102,degrees_C,2903,historical,emissions,13.198457867491479,0.2700422698376226
UKESM1-0-LL,esm-hist,r4i1p1f2,gn,tas,CMIP6,global,annual mean,1940,13.362543106079102,degrees_C,2903,historical,emissions,13.198457867491479,0.16408523858762258
UKESM1-0-LL,esm-hist,r4i1p1f2,gn,tas,CMIP6,global,annual mean,1941,13.390497207641602,degrees_C,2903,historical,emissions,13.198457867491479,0.19203934015012258
UKESM1-0-LL,esm-hist,r4i1p1f2,gn,tas,CMIP6,global,annual mean,1942,13.280939102172852,degrees_C,2903,historical,emissions,13.198457867491479,0.08248123468137258
UKESM1-0-LL,esm-hist,r4i1p1f2,gn,tas,CMIP6,global,annual mean,1943,13.333826065063477,degrees_C,2903,historical,emissions,13.198457867491479,0.13536819757199758
UKESM1-0-LL,esm-hist,r4i1p1f2,gn,tas,CMIP6,global,annual mean,1944,13.545099258422852,degrees_C,2903,historical,emissions,13.198457867491479,0.3466413909313726
UKESM1-0-LL,esm-hist,r4i1p1f2,gn,tas,CMIP6,global,annual mean,1945,13.507715225219727,degrees_C,2903,historical,emissions,13.198457867491479,0.3092573577282476
UKESM1-0-LL,esm-hist,r4i1p1f2,gn,tas,CMIP6,global,annual mean,1946,13.403070449829102,degrees_C,2903,historical,emissions,13.198457867491479,0.20461258233762258
UKESM1-0-LL,esm-hist,r4i1p1f2,gn,tas,CMIP6,global,annual mean,1947,13.425287246704102,degrees_C,2903,historical,emissions,13.198457867491479,0.22682937921262258
UKESM1-0-LL,esm-hist,r4i1p1f2,gn,tas,CMIP6,global,annual mean,1948,13.410669326782227,degrees_C,2903,historical,emissions,13.198457867491479,0.21221145929074758
UKESM1-0-LL,esm-hist,r4i1p1f2,gn,tas,CMIP6,global,annual mean,1949,13.497888565063477,degrees_C,2903,historical,emissions,13.198457867491479,0.2994306975719976
UKESM1-0-LL,esm-hist,r4i1p1f2,gn,tas,CMIP6,global,annual mean,1950,13.489770889282227,degrees_C,2903,historical,emissions,13.198457867491479,0.2913130217907476
UKESM1-0-LL,esm-hist,r4i1p1f2,gn,tas,CMIP6,global,annual mean,1951,13.475763320922852,degrees_C,2903,historical,emissions,13.198457867491479,0.2773054534313726
UKESM1-0-LL,esm-hist,r4i1p1f2,gn,tas,CMIP6,global,annual mean,1952,13.582056045532227,degrees_C,2903,historical,emissions,13.198457867491479,0.3835981780407476
UKESM1-0-LL,esm-hist,r4i1p1f2,gn,tas,CMIP6,global,annual mean,1953,13.492364883422852,degrees_C,2903,historical,emissions,13.198457867491479,0.2939070159313726
UKESM1-0-LL,esm-hist,r4i1p1f2,gn,tas,CMIP6,global,annual mean,1954,13.391778945922852,degrees_C,2903,historical,emissions,13.198457867491479,0.19332107843137258
UKESM1-0-LL,esm-hist,r4i1p1f2,gn,tas,CMIP6,global,annual mean,1955,13.460077285766602,degrees_C,2903,historical,emissions,13.198457867491479,0.2616194182751226
UKESM1-0-LL,esm-hist,r4i1p1f2,gn,tas,CMIP6,global,annual mean,1956,13.531885147094727,degrees_C,2903,historical,emissions,13.198457867491479,0.3334272796032476
UKESM1-0-LL,esm-hist,r4i1p1f2,gn,tas,CMIP6,global,annual mean,1957,13.352411270141602,degrees_C,2903,historical,emissions,13.198457867491479,0.15395340265012258
UKESM1-0-LL,esm-hist,r4i1p1f2,gn,tas,CMIP6,global,annual mean,1958,13.171991348266602,degrees_C,2903,historical,emissions,13.198457867491479,-0.026466519224877416
UKESM1-0-LL,esm-hist,r4i1p1f2,gn,tas,CMIP6,global,annual mean,1959,13.252283096313477,degrees_C,2903,historical,emissions,13.198457867491479,0.053825228821997584
UKESM1-0-LL,esm-hist,r4i1p1f2,gn,tas,CMIP6,global,annual mean,1960,13.262231826782227,degrees_C,2903,historical,emissions,13.198457867491479,0.06377395929074758
UKESM1-0-LL,esm-hist,r4i1p1f2,gn,tas,CMIP6,global,annual mean,1961,13.368738174438477,degrees_C,2903,historical,emissions,13.198457867491479,0.17028030694699758
UKESM1-0-LL,esm-hist,r4i1p1f2,gn,tas,CMIP6,global,annual mean,1962,13.211847305297852,degrees_C,2903,historical,emissions,13.198457867491479,0.013389437806372584
UKESM1-0-LL,esm-hist,r4i1p1f2,gn,tas,CMIP6,global,annual mean,1963,13.261987686157227,degrees_C,2903,historical,emissions,13.198457867491479,0.06352981866574758
UKESM1-0-LL,esm-hist,r4i1p1f2,gn,tas,CMIP6,global,annual mean,1964,13.183588027954102,degrees_C,2903,historical,emissions,13.198457867491479,-0.014869839537377416
UKESM1-0-LL,esm-hist,r4i1p1f2,gn,tas,CMIP6,global,annual mean,1965,13.200799942016602,degrees_C,2903,historical,emissions,13.198457867491479,0.002342074525122584
UKESM1-0-LL,esm-hist,r4i1p1f2,gn,tas,CMIP6,global,annual mean,1966,13.182703018188477,degrees_C,2903,historical,emissions,13.198457867491479,-0.015754849303002416
UKESM1-0-LL,esm-hist,r4i1p1f2,gn,tas,CMIP6,global,annual mean,1967,13.207757949829102,degrees_C,2903,historical,emissions,13.198457867491479,0.009300082337622584
UKESM1-0-LL,esm-hist,r4i1p1f2,gn,tas,CMIP6,global,annual mean,1968,13.169061660766602,degrees_C,2903,historical,emissions,13.198457867491479,-0.029396206724877416
UKESM1-0-LL,esm-hist,r4i1p1f2,gn,tas,CMIP6,global,annual mean,1969,13.193506240844727,degrees_C,2903,historical,emissions,13.198457867491479,-0.004951626646752416
UKESM1-0-LL,esm-hist,r4i1p1f2,gn,tas,CMIP6,global,annual mean,1970,13.327142715454102,degrees_C,2903,historical,emissions,13.198457867491479,0.12868484796262258
UKESM1-0-LL,esm-hist,r4i1p1f2,gn,tas,CMIP6,global,annual mean,1971,13.162286758422852,degrees_C,2903,historical,emissions,13.198457867491479,-0.036171109068627416
UKESM1-0-LL,esm-hist,r4i1p1f2,gn,tas,CMIP6,global,annual mean,1972,13.223688125610352,degrees_C,2903,historical,emissions,13.198457867491479,0.025230258118872584
UKESM1-0-LL,esm-hist,r4i1p1f2,gn,tas,CMIP6,global,annual mean,1973,13.311761856079102,degrees_C,2903,historical,emissions,13.198457867491479,0.11330398858762258
UKESM1-0-LL,esm-hist,r4i1p1f2,gn,tas,CMIP6,global,annual mean,1974,13.130243301391602,degrees_C,2903,historical,emissions,13.198457867491479,-0.06821456609987742
UKESM1-0-LL,esm-hist,r4i1p1f2,gn,tas,CMIP6,global,annual mean,1975,13.199914932250977,degrees_C,2903,historical,emissions,13.198457867491479,0.0014570647594975839
UKESM1-0-LL,esm-hist,r4i1p1f2,gn,tas,CMIP6,global,annual mean,1976,13.266077041625977,degrees_C,2903,historical,emissions,13.198457867491479,0.06761917413449758
UKESM1-0-LL,esm-hist,r4i1p1f2,gn,tas,CMIP6,global,annual mean,1977,13.125909805297852,degrees_C,2903,historical,emissions,13.198457867491479,-0.07254806219362742
UKESM1-0-LL,esm-hist,r4i1p1f2,gn,tas,CMIP6,global,annual mean,1978,13.112604141235352,degrees_C,2903,historical,emissions,13.198457867491479,-0.08585372625612742
UKESM1-0-LL,esm-hist,r4i1p1f2,gn,tas,CMIP6,global,annual mean,1979,13.150323867797852,degrees_C,2903,historical,emissions,13.198457867491479,-0.048133999693627416
UKESM1-0-LL,esm-hist,r4i1p1f2,gn,tas,CMIP6,global,annual mean,1980,13.158685684204102,degrees_C,2903,historical,emissions,13.198457867491479,-0.039772183287377416
UKESM1-0-LL,esm-hist,r4i1p1f2,gn,tas,CMIP6,global,annual mean,1981,13.168329238891602,degrees_C,2903,historical,emissions,13.198457867491479,-0.030128628599877416
UKESM1-0-LL,esm-hist,r4i1p1f2,gn,tas,CMIP6,global,annual mean,1982,13.182733535766602,degrees_C,2903,historical,emissions,13.198457867491479,-0.015724331724877416
UKESM1-0-LL,esm-hist,r4i1p1f2,gn,tas,CMIP6,global,annual mean,1983,13.084527969360352,degrees_C,2903,historical,emissions,13.198457867491479,-0.11392989813112742
UKESM1-0-LL,esm-hist,r4i1p1f2,gn,tas,CMIP6,global,annual mean,1984,13.176233291625977,degrees_C,2903,historical,emissions,13.198457867491479,-0.022224575865502416
UKESM1-0-LL,esm-hist,r4i1p1f2,gn,tas,CMIP6,global,annual mean,1985,13.075952529907227,degrees_C,2903,historical,emissions,13.198457867491479,-0.12250533758425242
UKESM1-0-LL,esm-hist,r4i1p1f2,gn,tas,CMIP6,global,annual mean,1986,13.050775527954102,degrees_C,2903,historical,emissions,13.198457867491479,-0.14768233953737742
UKESM1-0-LL,esm-hist,r4i1p1f2,gn,tas,CMIP6,global,annual mean,1987,13.212701797485352,degrees_C,2903,historical,emissions,13.198457867491479,0.014243929993872584
UKESM1-0-LL,esm-hist,r4i1p1f2,gn,tas,CMIP6,global,annual mean,1988,13.285028457641602,degrees_C,2903,historical,emissions,13.198457867491479,0.08657059015012258
UKESM1-0-LL,esm-hist,r4i1p1f2,gn,tas,CMIP6,global,annual mean,1989,13.141016006469727,degrees_C,2903,historical,emissions,13.198457867491479,-0.057441861021752416
UKESM1-0-LL,esm-hist,r4i1p1f2,gn,tas,CMIP6,global,annual mean,1990,13.370172500610352,degrees_C,2903,historical,emissions,13.198457867491479,0.17171463311887258
UKESM1-0-LL,esm-hist,r4i1p1f2,gn,tas,CMIP6,global,annual mean,1991,13.505517959594727,degrees_C,2903,historical,emissions,13.198457867491479,0.3070600921032476
UKESM1-0-LL,esm-hist,r4i1p1f2,gn,tas,CMIP6,global,annual mean,1992,13.225214004516602,degrees_C,2903,historical,emissions,13.198457867491479,0.026756137025122584
UKESM1-0-LL,esm-hist,r4i1p1f2,gn,tas,CMIP6,global,annual mean,1993,13.180902481079102,degrees_C,2903,historical,emissions,13.198457867491479,-0.017555386412377416
UKESM1-0-LL,esm-hist,r4i1p1f2,gn,tas,CMIP6,global,annual mean,1994,13.293329238891602,degrees_C,2903,historical,emissions,13.198457867491479,0.09487137140012258
UKESM1-0-LL,esm-hist,r4i1p1f2,gn,tas,CMIP6,global,annual mean,1995,13.379175186157227,degrees_C,2903,historical,emissions,13.198457867491479,0.18071731866574758
UKESM1-0-LL,esm-hist,r4i1p1f2,gn,tas,CMIP6,global,annual mean,1996,13.302118301391602,degrees_C,2903,historical,emissions,13.198457867491479,0.10366043390012258
UKESM1-0-LL,esm-hist,r4i1p1f2,gn,tas,CMIP6,global,annual mean,1997,13.521509170532227,degrees_C,2903,historical,emissions,13.198457867491479,0.3230513030407476
UKESM1-0-LL,esm-hist,r4i1p1f2,gn,tas,CMIP6,global,annual mean,1998,13.723901748657227,degrees_C,2903,historical,emissions,13.198457867491479,0.5254438811657476
UKESM1-0-LL,esm-hist,r4i1p1f2,gn,tas,CMIP6,global,annual mean,1999,13.632318496704102,degrees_C,2903,historical,emissions,13.198457867491479,0.4338606292126226
UKESM1-0-LL,esm-hist,r4i1p1f2,gn,tas,CMIP6,global,annual mean,2000,13.747491836547852,degrees_C,2903,historical,emissions,13.198457867491479,0.5490339690563726
UKESM1-0-LL,esm-hist,r4i1p1f2,gn,tas,CMIP6,global,annual mean,2001,13.812097549438477,degrees_C,2903,historical,emissions,13.198457867491479,0.6136396819469976
UKESM1-0-LL,esm-hist,r4i1p1f2,gn,tas,CMIP6,global,annual mean,2002,13.722650527954102,degrees_C,2903,historical,emissions,13.198457867491479,0.5241926604626226
UKESM1-0-LL,esm-hist,r4i1p1f2,gn,tas,CMIP6,global,annual mean,2003,13.703546524047852,degrees_C,2903,historical,emissions,13.198457867491479,0.5050886565563726
UKESM1-0-LL,esm-hist,r4i1p1f2,gn,tas,CMIP6,global,annual mean,2004,13.745965957641602,degrees_C,2903,historical,emissions,13.198457867491479,0.5475080901501226
UKESM1-0-LL,esm-hist,r4i1p1f2,gn,tas,CMIP6,global,annual mean,2005,13.898736953735352,degrees_C,2903,historical,emissions,13.198457867491479,0.7002790862438726
UKESM1-0-LL,esm-hist,r4i1p1f2,gn,tas,CMIP6,global,annual mean,2006,14.027368545532227,degrees_C,2903,historical,emissions,13.198457867491479,0.8289106780407476
UKESM1-0-LL,esm-hist,r4i1p1f2,gn,tas,CMIP6,global,annual mean,2007,13.856012344360352,degrees_C,2903,historical,emissions,13.198457867491479,0.6575544768688726
UKESM1-0-LL,esm-hist,r4i1p1f2,gn,tas,CMIP6,global,annual mean,2008,13.952569961547852,degrees_C,2903,historical,emissions,13.198457867491479,0.7541120940563726
UKESM1-0-LL,esm-hist,r4i1p1f2,gn,tas,CMIP6,global,annual mean,2009,13.978509902954102,degrees_C,2903,historical,emissions,13.198457867491479,0.7800520354626226
UKESM1-0-LL,esm-hist,r4i1p1f2,gn,tas,CMIP6,global,annual mean,2010,14.072076797485352,degrees_C,2903,historical,emissions,13.198457867491479,0.8736189299938726
UKESM1-0-LL,esm-hist,r4i1p1f2,gn,tas,CMIP6,global,annual mean,2011,14.121820449829102,degrees_C,2903,historical,emissions,13.198457867491479,0.9233625823376226
UKESM1-0-LL,esm-hist,r4i1p1f2,gn,tas,CMIP6,global,annual mean,2012,14.269464492797852,degrees_C,2903,historical,emissions,13.198457867491479,1.0710066253063726
UKESM1-0-LL,esm-hist,r4i1p1f2,gn,tas,CMIP6,global,annual mean,2013,14.268487930297852,degrees_C,2903,historical,emissions,13.198457867491479,1.0700300628063726
UKESM1-0-LL,esm-hist,r4i1p1f2,gn,tas,CMIP6,global,annual mean,2014,14.332544326782227,degrees_C,2903,historical,emissions,13.198457867491479,1.1340864592907476
UKESM1-0-LL,ssp585,r1i1p1f2,gn,tas,CMIP6,global,annual mean,2015,14.507196426391602,degrees_C,2926,ssp585,concentration,13.253484651154162,1.2537117752374396
UKESM1-0-LL,ssp585,r1i1p1f2,gn,tas,CMIP6,global,annual mean,2016,14.541162490844727,degrees_C,2926,ssp585,concentration,13.253484651154162,1.2876778396905646
UKESM1-0-LL,ssp585,r1i1p1f2,gn,tas,CMIP6,global,annual mean,2017,14.455743789672852,degrees_C,2926,ssp585,concentration,13.253484651154162,1.2022591385186896
UKESM1-0-LL,ssp585,r1i1p1f2,gn,tas,CMIP6,global,annual mean,2018,14.622980117797852,degrees_C,2926,ssp585,concentration,13.253484651154162,1.3694954666436896
UKESM1-0-LL,ssp585,r1i1p1f2,gn,tas,CMIP6,global,annual mean,2019,14.781488418579102,degrees_C,2926,ssp585,concentration,13.253484651154162,1.5280037674249396
UKESM1-0-LL,ssp585,r1i1p1f2,gn,tas,CMIP6,global,annual mean,2020,14.735895156860352,degrees_C,2926,ssp585,concentration,13.253484651154162,1.4824105057061896
UKESM1-0-LL,ssp585,r1i1p1f2,gn,tas,CMIP6,global,annual mean,2021,14.743097305297852,degrees_C,2926,ssp585,concentration,13.253484651154162,1.4896126541436896
UKESM1-0-LL,ssp585,r1i1p1f2,gn,tas,CMIP6,global,annual mean,2022,14.899103164672852,degrees_C,2926,ssp585,concentration,13.253484651154162,1.6456185135186896
UKESM1-0-LL,ssp585,r1i1p1f2,gn,tas,CMIP6,global,annual mean,2023,14.915552139282227,degrees_C,2926,ssp585,concentration,13.253484651154162,1.6620674881280646
UKESM1-0-LL,ssp585,r1i1p1f2,gn,tas,CMIP6,global,annual mean,2024,14.833917617797852,degrees_C,2926,ssp585,concentration,13.253484651154162,1.5804329666436896
UKESM1-0-LL,ssp585,r1i1p1f2,gn,tas,CMIP6,global,annual mean,2025,14.909967422485352,degrees_C,2926,ssp585,concentration,13.253484651154162,1.6564827713311896
UKESM1-0-LL,ssp585,r1i1p1f2,gn,tas,CMIP6,global,annual mean,2026,15.017694473266602,degrees_C,2926,ssp585,concentration,13.253484651154162,1.7642098221124396
UKESM1-0-LL,ssp585,r1i1p1f2,gn,tas,CMIP6,global,annual mean,2027,15.221857070922852,degrees_C,2926,ssp585,concentration,13.253484651154162,1.9683724197686896
UKESM1-0-LL,ssp585,r1i1p1f2,gn,tas,CMIP6,global,annual mean,2028,15.150262832641602,degrees_C,2926,ssp585,concentration,13.253484651154162,1.8967781814874396
UKESM1-0-LL,ssp585,r1i1p1f2,gn,tas,CMIP6,global,annual mean,2029,15.121973037719727,degrees_C,2926,ssp585,concentration,13.253484651154162,1.8684883865655646
UKESM1-0-LL,ssp585,r1i1p1f2,gn,tas,CMIP6,global,annual mean,2030,15.293298721313477,degrees_C,2926,ssp585,concentration,13.253484651154162,2.0398140701593146
UKESM1-0-LL,ssp585,r1i1p1f2,gn,tas,CMIP6,global,annual mean,2031,15.337579727172852,degrees_C,2926,ssp585,concentration,13.253484651154162,2.0840950760186896
UKESM1-0-LL,ssp585,r1i1p1f2,gn,tas,CMIP6,global,annual mean,2032,15.423212051391602,degrees_C,2926,ssp585,concentration,13.253484651154162,2.1697274002374396
UKESM1-0-LL,ssp585,r1i1p1f2,gn,tas,CMIP6,global,annual mean,2033,15.556451797485352,degrees_C,2926,ssp585,concentration,13.253484651154162,2.3029671463311896
UKESM1-0-LL,ssp585,r1i1p1f2,gn,tas,CMIP6,global,annual mean,2034,15.626337051391602,degrees_C,2926,ssp585,concentration,13.253484651154162,2.3728524002374396
UKESM1-0-LL,ssp585,r1i1p1f2,gn,tas,CMIP6,global,annual mean,2035,15.631036758422852,degrees_C,2926,ssp585,concentration,13.253484651154162,2.3775521072686896
UKESM1-0-LL,ssp585,r1i1p1f2,gn,tas,CMIP6,global,annual mean,2036,15.690118789672852,degrees_C,2926,ssp585,concentration,13.253484651154162,2.4366341385186896
UKESM1-0-LL,ssp585,r1i1p1f2,gn,tas,CMIP6,global,annual mean,2037,15.715662002563477,degrees_C,2926,ssp585,concentration,13.253484651154162,2.4621773514093146
UKESM1-0-LL,ssp585,r1i1p1f2,gn,tas,CMIP6,global,annual mean,2038,15.753473281860352,degrees_C,2926,ssp585,concentration,13.253484651154162,2.4999886307061896
UKESM1-0-LL,ssp585,r1i1p1f2,gn,tas,CMIP6,global,annual mean,2039,15.867609024047852,degrees_C,2926,ssp585,concentration,13.253484651154162,2.6141243728936896
UKESM1-0-LL,ssp585,r1i1p1f2,gn,tas,CMIP6,global,annual mean,2040,16.063684463500977,degrees_C,2926,ssp585,concentration,13.253484651154162,2.8101998123468146
UKESM1-0-LL,ssp585,r1i1p1f2,gn,tas,CMIP6,global,annual mean,2041,16.07622718811035,degrees_C,2926,ssp585,concentration,13.253484651154162,2.8227425369561896
UKESM1-0-LL,ssp585,r1i1p1f2,gn,tas,CMIP6,global,annual mean,2042,16.0345401763916,degrees_C,2926,ssp585,concentration,13.253484651154162,2.7810555252374396
UKESM1-0-LL,ssp585,r1i1p1f2,gn,tas,CMIP6,global,annual mean,2043,16.112268447875977,degrees_C,2926,ssp585,concentration,13.253484651154162,2.8587837967218146
UKESM1-0-LL,ssp585,r1i1p1f2,gn,tas,CMIP6,global,annual mean,2044,16.1016788482666,degrees_C,2926,ssp585,concentration,13.253484651154162,2.8481941971124396
UKESM1-0-LL,ssp585,r1i1p1f2,gn,tas,CMIP6,global,annual mean,2045,16.13823890686035,degrees_C,2926,ssp585,concentration,13.253484651154162,2.8847542557061896
UKESM1-0-LL,ssp585,r1i1p1f2,gn,tas,CMIP6,global,annual mean,2046,16.3452091217041,degrees_C,2926,ssp585,concentration,13.253484651154162,3.0917244705499396
UKESM1-0-LL,ssp585,r1i1p1f2,gn,tas,CMIP6,global,annual mean,2047,16.4753360748291,degrees_C,2926,ssp585,concentration,13.253484651154162,3.2218514236749396
UKESM1-0-LL,ssp585,r1i1p1f2,gn,tas,CMIP6,global,annual mean,2048,16.494287490844727,degrees_C,2926,ssp585,concentration,13.253484651154162,3.2408028396905646
UKESM1-0-LL,ssp585,r1i1p1f2,gn,tas,CMIP6,global,annual mean,2049,16.4768009185791,degrees_C,2926,ssp585,concentration,13.253484651154162,3.2233162674249396
UKESM1-0-LL,ssp585,r1i1p1f2,gn,tas,CMIP6,global,annual mean,2050,16.57415199279785,degrees_C,2926,ssp585,concentration,13.253484651154162,3.3206673416436896
UKESM1-0-LL,ssp585,r1i1p1f2,gn,tas,CMIP6,global,annual mean,2051,16.84050941467285,degrees_C,2926,ssp585,concentration,13.253484651154162,3.5870247635186896
UKESM1-0-LL,ssp585,r1i1p1f2,gn,tas,CMIP6,global,annual mean,2052,16.881555557250977,degrees_C,2926,ssp585,concentration,13.253484651154162,3.6280709060968146
UKESM1-0-LL,ssp585,r1i1p1f2,gn,tas,CMIP6,global,annual mean,2053,16.815576553344727,degrees_C,2926,ssp585,concentration,13.253484651154162,3.5620919021905646
UKESM1-0-LL,ssp585,r1i1p1f2,gn,tas,CMIP6,global,annual mean,2054,16.889551162719727,degrees_C,2926,ssp585,concentration,13.253484651154162,3.6360665115655646
UKESM1-0-LL,ssp585,r1i1p1f2,gn,tas,CMIP6,global,annual mean,2055,17.07146644592285,degrees_C,2926,ssp585,concentration,13.253484651154162,3.8179817947686896
UKESM1-0-LL,ssp585,r1i1p1f2,gn,tas,CMIP6,global,annual mean,2056,17.087854385375977,degrees_C,2926,ssp585,concentration,13.253484651154162,3.8343697342218146
UKESM1-0-LL,ssp585,r1i1p1f2,gn,tas,CMIP6,global,annual mean,2057,17.122339248657227,degrees_C,2926,ssp585,concentration,13.253484651154162,3.8688545975030646
UKESM1-0-LL,ssp585,r1i1p1f2,gn,tas,CMIP6,global,annual mean,2058,17.05864906311035,degrees_C,2926,ssp585,concentration,13.253484651154162,3.8051644119561896
UKESM1-0-LL,ssp585,r1i1p1f2,gn,tas,CMIP6,global,annual mean,2059,17.260583877563477,degrees_C,2926,ssp585,concentration,13.253484651154162,4.007099226409315
UKESM1-0-LL,ssp585,r1i1p1f2,gn,tas,CMIP6,global,annual mean,2060,17.484888076782227,degrees_C,2926,ssp585,concentration,13.253484651154162,4.231403425628065
UKESM1-0-LL,ssp585,r1i1p1f2,gn,tas,CMIP6,global,annual mean,2061,17.477380752563477,degrees_C,2926,ssp585,concentration,13.253484651154162,4.223896101409315
UKESM1-0-LL,ssp585,r1i1p1f2,gn,tas,CMIP6,global,annual mean,2062,17.5396671295166,degrees_C,2926,ssp585,concentration,13.253484651154162,4.28618247836244
UKESM1-0-LL,ssp585,r1i1p1f2,gn,tas,CMIP6,global,annual mean,2063,17.71660804748535,degrees_C,2926,ssp585,concentration,13.253484651154162,4.46312339633119
UKESM1-0-LL,ssp585,r1i1p1f2,gn,tas,CMIP6,global,annual mean,2064,17.793298721313477,degrees_C,2926,ssp585,concentration,13.253484651154162,4.539814070159315
UKESM1-0-LL,ssp585,r1i1p1f2,gn,tas,CMIP6,global,annual mean,2065,17.85051918029785,degrees_C,2926,ssp585,concentration,13.253484651154162,4.59703452914369
UKESM1-0-LL,ssp585,r1i1p1f2,gn,tas,CMIP6,global,annual mean,2066,17.8817081451416,degrees_C,2926,ssp585,concentration,13.253484651154162,4.62822349398744
UKESM1-0-LL,ssp585,r1i1p1f2,gn,tas,CMIP6,global,annual mean,2067,17.98906898498535,degrees_C,2926,ssp585,concentration,13.253484651154162,4.73558433383119
UKESM1-0-LL,ssp585,r1i1p1f2,gn,tas,CMIP6,global,annual mean,2068,17.909875869750977,degrees_C,2926,ssp585,concentration,13.253484651154162,4.656391218596815
UKESM1-0-LL,ssp585,r1i1p1f2,gn,tas,CMIP6,global,annual mean,2069,18.0821475982666,degrees_C,2926,ssp585,concentration,13.253484651154162,4.82866294711244
UKESM1-0-LL,ssp585,r1i1p1f2,gn,tas,CMIP6,global,annual mean,2070,18.32439613342285,degrees_C,2926,ssp585,concentration,13.253484651154162,5.07091148226869
UKESM1-0-LL,ssp585,r1i1p1f2,gn,tas,CMIP6,global,annual mean,2071,18.33318519592285,degrees_C,2926,ssp585,concentration,13.253484651154162,5.07970054476869
UKESM1-0-LL,ssp585,r1i1p1f2,gn,tas,CMIP6,global,annual mean,2072,18.53814125061035,degrees_C,2926,ssp585,concentration,13.253484651154162,5.28465659945619
UKESM1-0-LL,ssp585,r1i1p1f2,gn,tas,CMIP6,global,annual mean,2073,18.49981117248535,degrees_C,2926,ssp585,concentration,13.253484651154162,5.24632652133119
UKESM1-0-LL,ssp585,r1i1p1f2,gn,tas,CMIP6,global,annual mean,2074,18.2944278717041,degrees_C,2926,ssp585,concentration,13.253484651154162,5.04094322054994
UKESM1-0-LL,ssp585,r1i1p1f2,gn,tas,CMIP6,global,annual mean,2075,18.4706974029541,degrees_C,2926,ssp585,concentration,13.253484651154162,5.21721275179994
UKESM1-0-LL,ssp585,r1i1p1f2,gn,tas,CMIP6,global,annual mean,2076,18.7800235748291,degrees_C,2926,ssp585,concentration,13.253484651154162,5.52653892367494
UKESM1-0-LL,ssp585,r1i1p1f2,gn,tas,CMIP6,global,annual mean,2077,18.7541446685791,degrees_C,2926,ssp585,concentration,13.253484651154162,5.50066001742494
UKESM1-0-LL,ssp585,r1i1p1f2,gn,tas,CMIP6,global,annual mean,2078,18.8347110748291,degrees_C,2926,ssp585,concentration,13.253484651154162,5.58122642367494
UKESM1-0-LL,ssp585,r1i1p1f2,gn,tas,CMIP6,global,annual mean,2079,18.9393253326416,degrees_C,2926,ssp585,concentration,13.253484651154162,5.68584068148744
UKESM1-0-LL,ssp585,r1i1p1f2,gn,tas,CMIP6,global,annual mean,2080,19.043359756469727,degrees_C,2926,ssp585,concentration,13.253484651154162,5.789875105315565
UKESM1-0-LL,ssp585,r1i1p1f2,gn,tas,CMIP6,global,annual mean,2081,19.0926456451416,degrees_C,2926,ssp585,concentration,13.253484651154162,5.83916099398744
UKESM1-0-LL,ssp585,r1i1p1f2,gn,tas,CMIP6,global,annual mean,2082,19.168787002563477,degrees_C,2926,ssp585,concentration,13.253484651154162,5.915302351409315
UKESM1-0-LL,ssp585,r1i1p1f2,gn,tas,CMIP6,global,annual mean,2083,19.225366592407227,degrees_C,2926,ssp585,concentration,13.253484651154162,5.971881941253065
UKESM1-0-LL,ssp585,r1i1p1f2,gn,tas,CMIP6,global,annual mean,2084,19.36785316467285,degrees_C,2926,ssp585,concentration,13.253484651154162,6.11436851351869
UKESM1-0-LL,ssp585,r1i1p1f2,gn,tas,CMIP6,global,annual mean,2085,19.41326332092285,degrees_C,2926,ssp585,concentration,13.253484651154162,6.15977866976869
UKESM1-0-LL,ssp585,r1i1p1f2,gn,tas,CMIP6,global,annual mean,2086,19.419397354125977,degrees_C,2926,ssp585,concentration,13.253484651154162,6.165912702971815
UKESM1-0-LL,ssp585,r1i1p1f2,gn,tas,CMIP6,global,annual mean,2087,19.578027725219727,degrees_C,2926,ssp585,concentration,13.253484651154162,6.324543074065565
UKESM1-0-LL,ssp585,r1i1p1f2,gn,tas,CMIP6,global,annual mean,2088,19.6992130279541,degrees_C,2926,ssp585,concentration,13.253484651154162,6.44572837679994
UKESM1-0-LL,ssp585,r1i1p1f2,gn,tas,CMIP6,global,annual mean,2089,19.981958389282227,degrees_C,2926,ssp585,concentration,13.253484651154162,6.728473738128065
UKESM1-0-LL,ssp585,r1i1p1f2,gn,tas,CMIP6,global,annual mean,2090,19.9213809967041,degrees_C,2926,ssp585,concentration,13.253484651154162,6.66789634554994
UKESM1-0-LL,ssp585,r1i1p1f2,gn,tas,CMIP6,global,annual mean,2091,19.892297744750977,degrees_C,2926,ssp585,concentration,13.253484651154162,6.638813093596815
UKESM1-0-LL,ssp585,r1i1p1f2,gn,tas,CMIP6,global,annual mean,2092,19.9949893951416,degrees_C,2926,ssp585,concentration,13.253484651154162,6.74150474398744
UKESM1-0-LL,ssp585,r1i1p1f2,gn,tas,CMIP6,global,annual mean,2093,20.02141761779785,degrees_C,2926,ssp585,concentration,13.253484651154162,6.76793296664369
UKESM1-0-LL,ssp585,r1i1p1f2,gn,tas,CMIP6,global,annual mean,2094,20.1694278717041,degrees_C,2926,ssp585,concentration,13.253484651154162,6.91594322054994
UKESM1-0-LL,ssp585,r1i1p1f2,gn,tas,CMIP6,global,annual mean,2095,20.41265296936035,degrees_C,2926,ssp585,concentration,13.253484651154162,7.15916831820619
UKESM1-0-LL,ssp585,r1i1p1f2,gn,tas,CMIP6,global,annual mean,2096,20.490015029907227,degrees_C,2926,ssp585,concentration,13.253484651154162,7.236530378753065
UKESM1-0-LL,ssp585,r1i1p1f2,gn,tas,CMIP6,global,annual mean,2097,20.48821449279785,degrees_C,2926,ssp585,concentration,13.253484651154162,7.23472984164369
UKESM1-0-LL,ssp585,r1i1p1f2,gn,tas,CMIP6,global,annual mean,2098,20.6534366607666,degrees_C,2926,ssp585,concentration,13.253484651154162,7.39995200961244
UKESM1-0-LL,ssp585,r1i1p1f2,gn,tas,CMIP6,global,annual mean,2099,20.4842472076416,degrees_C,2926,ssp585,concentration,13.253484651154162,7.23076255648744
UKESM1-0-LL,ssp585,r1i1p1f2,gn,tas,CMIP6,global,annual mean,2100,20.6331729888916,degrees_C,2926,ssp585,concentration,13.253484651154162,7.37968833773744
UKESM1-3-LL,esm-hist,r1i1p1f1,g110,tas,CMIP7,global,annual mean,1850,13.022821426391602,degrees_C,22998,historical,emissions,13.187479318356981,-0.16465789196537983
UKESM1-3-LL,esm-hist,r1i1p1f1,g110,tas,CMIP7,global,annual mean,1851,13.115900039672852,degrees_C,22998,historical,emissions,13.187479318356981,-0.07157927868412983
UKESM1-3-LL,esm-hist,r1i1p1f1,g110,tas,CMIP7,global,annual mean,1852,13.366449356079102,degrees_C,22998,historical,emissions,13.187479318356981,0.17897003772212017
UKESM1-3-LL,esm-hist,r1i1p1f1,g110,tas,CMIP7,global,annual mean,1853,13.387567520141602,degrees_C,22998,historical,emissions,13.187479318356981,0.20008820178462017
UKESM1-3-LL,esm-hist,r1i1p1f1,g110,tas,CMIP7,global,annual mean,1854,13.208642959594727,degrees_C,22998,historical,emissions,13.187479318356981,0.021163641237745168
UKESM1-3-LL,esm-hist,r1i1p1f1,g110,tas,CMIP7,global,annual mean,1855,13.220575332641602,degrees_C,22998,historical,emissions,13.187479318356981,0.03309601428462017
UKESM1-3-LL,esm-hist,r1i1p1f1,g110,tas,CMIP7,global,annual mean,1856,13.293634414672852,degrees_C,22998,historical,emissions,13.187479318356981,0.10615509631587017
UKESM1-3-LL,esm-hist,r1i1p1f1,g110,tas,CMIP7,global,annual mean,1857,13.334161758422852,degrees_C,22998,historical,emissions,13.187479318356981,0.14668244006587017
UKESM1-3-LL,esm-hist,r1i1p1f1,g110,tas,CMIP7,global,annual mean,1858,13.184869766235352,degrees_C,22998,historical,emissions,13.187479318356981,-0.0026095521216298323
UKESM1-3-LL,esm-hist,r1i1p1f1,g110,tas,CMIP7,global,annual mean,1859,13.300683975219727,degrees_C,22998,historical,emissions,13.187479318356981,0.11320465686274517
UKESM1-3-LL,esm-hist,r1i1p1f1,g110,tas,CMIP7,global,annual mean,1860,13.348627090454102,degrees_C,22998,historical,emissions,13.187479318356981,0.16114777209712017
UKESM1-3-LL,esm-hist,r1i1p1f1,g110,tas,CMIP7,global,annual mean,1861,13.459039688110352,degrees_C,22998,historical,emissions,13.187479318356981,0.27156036975337017
UKESM1-3-LL,esm-hist,r1i1p1f1,g110,tas,CMIP7,global,annual mean,1862,13.258264541625977,degrees_C,22998,historical,emissions,13.187479318356981,0.07078522326899517
UKESM1-3-LL,esm-hist,r1i1p1f1,g110,tas,CMIP7,global,annual mean,1863,12.926477432250977,degrees_C,22998,historical,emissions,13.187479318356981,-0.26100188610600483
UKESM1-3-LL,esm-hist,r1i1p1f1,g110,tas,CMIP7,global,annual mean,1864,13.188989639282227,degrees_C,22998,historical,emissions,13.187479318356981,0.0015103209252451677
UKESM1-3-LL,esm-hist,r1i1p1f1,g110,tas,CMIP7,global,annual mean,1865,13.267480850219727,degrees_C,22998,historical,emissions,13.187479318356981,0.08000153186274517
UKESM1-3-LL,esm-hist,r1i1p1f1,g110,tas,CMIP7,global,annual mean,1866,13.301874160766602,degrees_C,22998,historical,emissions,13.187479318356981,0.11439484240962017
UKESM1-3-LL,esm-hist,r1i1p1f1,g110,tas,CMIP7,global,annual mean,1867,13.228448867797852,degrees_C,22998,historical,emissions,13.187479318356981,0.04096954944087017
UKESM1-3-LL,esm-hist,r1i1p1f1,g110,tas,CMIP7,global,annual mean,1868,13.343469619750977,degrees_C,22998,historical,emissions,13.187479318356981,0.15599030139399517
UKESM1-3-LL,esm-hist,r1i1p1f1,g110,tas,CMIP7,global,annual mean,1869,13.436182022094727,degrees_C,22998,historical,emissions,13.187479318356981,0.24870270373774517
UKESM1-3-LL,esm-hist,r1i1p1f1,g110,tas,CMIP7,global,annual mean,1870,13.487207412719727,degrees_C,22998,historical,emissions,13.187479318356981,0.29972809436274517
UKESM1-3-LL,esm-hist,r1i1p1f1,g110,tas,CMIP7,global,annual mean,1871,13.292413711547852,degrees_C,22998,historical,emissions,13.187479318356981,0.10493439319087017
UKESM1-3-LL,esm-hist,r1i1p1f1,g110,tas,CMIP7,global,annual mean,1872,13.375268936157227,degrees_C,22998,historical,emissions,13.187479318356981,0.18778961780024517
UKESM1-3-LL,esm-hist,r1i1p1f1,g110,tas,CMIP7,global,annual mean,1873,13.324090957641602,degrees_C,22998,historical,emissions,13.187479318356981,0.13661163928462017
UKESM1-3-LL,esm-hist,r1i1p1f1,g110,tas,CMIP7,global,annual mean,1874,13.311334609985352,degrees_C,22998,historical,emissions,13.187479318356981,0.12385529162837017
UKESM1-3-LL,esm-hist,r1i1p1f1,g110,tas,CMIP7,global,annual mean,1875,13.192193984985352,degrees_C,22998,historical,emissions,13.187479318356981,0.004714666628370168
UKESM1-3-LL,esm-hist,r1i1p1f1,g110,tas,CMIP7,global,annual mean,1876,13.256036758422852,degrees_C,22998,historical,emissions,13.187479318356981,0.06855744006587017
UKESM1-3-LL,esm-hist,r1i1p1f1,g110,tas,CMIP7,global,annual mean,1877,13.265069961547852,degrees_C,22998,historical,emissions,13.187479318356981,0.07759064319087017
UKESM1-3-LL,esm-hist,r1i1p1f1,g110,tas,CMIP7,global,annual mean,1878,13.176416397094727,degrees_C,22998,historical,emissions,13.187479318356981,-0.011062921262254832
UKESM1-3-LL,esm-hist,r1i1p1f1,g110,tas,CMIP7,global,annual mean,1879,13.463983535766602,degrees_C,22998,historical,emissions,13.187479318356981,0.27650421740962017
UKESM1-3-LL,esm-hist,r1i1p1f1,g110,tas,CMIP7,global,annual mean,1880,13.439416885375977,degrees_C,22998,historical,emissions,13.187479318356981,0.25193756701899517
UKESM1-3-LL,esm-hist,r1i1p1f1,g110,tas,CMIP7,global,annual mean,1881,13.327386856079102,degrees_C,22998,historical,emissions,13.187479318356981,0.13990753772212017
UKESM1-3-LL,esm-hist,r1i1p1f1,g110,tas,CMIP7,global,annual mean,1882,13.305597305297852,degrees_C,22998,historical,emissions,13.187479318356981,0.11811798694087017
UKESM1-3-LL,esm-hist,r1i1p1f1,g110,tas,CMIP7,global,annual mean,1883,13.301202774047852,degrees_C,22998,historical,emissions,13.187479318356981,0.11372345569087017
UKESM1-3-LL,esm-hist,r1i1p1f1,g110,tas,CMIP7,global,annual mean,1884,13.066034317016602,degrees_C,22998,historical,emissions,13.187479318356981,-0.12144500134037983
UKESM1-3-LL,esm-hist,r1i1p1f1,g110,tas,CMIP7,global,annual mean,1885,12.738641738891602,degrees_C,22998,historical,emissions,13.187479318356981,-0.44883757946537983
UKESM1-3-LL,esm-hist,r1i1p1f1,g110,tas,CMIP7,global,annual mean,1886,12.745965957641602,degrees_C,22998,historical,emissions,13.187479318356981,-0.44151336071537983
UKESM1-3-LL,esm-hist,r1i1p1f1,g110,tas,CMIP7,global,annual mean,1887,12.800195693969727,degrees_C,22998,historical,emissions,13.187479318356981,-0.38728362438725483
UKESM1-3-LL,esm-hist,r1i1p1f1,g110,tas,CMIP7,global,annual mean,1888,12.853143692016602,degrees_C,22998,historical,emissions,13.187479318356981,-0.33433562634037983
UKESM1-3-LL,esm-hist,r1i1p1f1,g110,tas,CMIP7,global,annual mean,1889,12.997400283813477,degrees_C,22998,historical,emissions,13.187479318356981,-0.19007903454350483
UKESM1-3-LL,esm-hist,r1i1p1f1,g110,tas,CMIP7,global,annual mean,1890,13.188653945922852,degrees_C,22998,historical,emissions,13.187479318356981,0.0011746275658701677
UKESM1-3-LL,esm-hist,r1i1p1f1,g110,tas,CMIP7,global,annual mean,1891,12.980829238891602,degrees_C,22998,historical,emissions,13.187479318356981,-0.20665007946537983
UKESM1-3-LL,esm-hist,r1i1p1f1,g110,tas,CMIP7,global,annual mean,1892,13.068933486938477,degrees_C,22998,historical,emissions,13.187479318356981,-0.11854583141850483
UKESM1-3-LL,esm-hist,r1i1p1f1,g110,tas,CMIP7,global,annual mean,1893,13.168573379516602,degrees_C,22998,historical,emissions,13.187479318356981,-0.018905938840379832
UKESM1-3-LL,esm-hist,r1i1p1f1,g110,tas,CMIP7,global,annual mean,1894,13.001855850219727,degrees_C,22998,historical,emissions,13.187479318356981,-0.18562346813725483
UKESM1-3-LL,esm-hist,r1i1p1f1,g110,tas,CMIP7,global,annual mean,1895,13.026788711547852,degrees_C,22998,historical,emissions,13.187479318356981,-0.16069060680912983
UKESM1-3-LL,esm-hist,r1i1p1f1,g110,tas,CMIP7,global,annual mean,1896,12.938470840454102,degrees_C,22998,historical,emissions,13.187479318356981,-0.24900847790287983
UKESM1-3-LL,esm-hist,r1i1p1f1,g110,tas,CMIP7,global,annual mean,1897,13.029779434204102,degrees_C,22998,historical,emissions,13.187479318356981,-0.15769988415287983
UKESM1-3-LL,esm-hist,r1i1p1f1,g110,tas,CMIP7,global,annual mean,1898,13.006525039672852,degrees_C,22998,historical,emissions,13.187479318356981,-0.18095427868412983
UKESM1-3-LL,esm-hist,r1i1p1f1,g110,tas,CMIP7,global,annual mean,1899,13.064874649047852,degrees_C,22998,historical,emissions,13.187479318356981,-0.12260466930912983
UKESM1-3-LL,esm-hist,r1i1p1f1,g110,tas,CMIP7,global,annual mean,1900,13.172998428344727,degrees_C,22998,historical,emissions,13.187479318356981,-0.014480890012254832
UKESM1-3-LL,esm-hist,r1i1p1f1,g110,tas,CMIP7,global,annual mean,1901,13.003686904907227,degrees_C,22998,historical,emissions,13.187479318356981,-0.18379241344975483
UKESM1-3-LL,esm-hist,r1i1p1f1,g110,tas,CMIP7,global,annual mean,1902,12.973932266235352,degrees_C,22998,historical,emissions,13.187479318356981,-0.21354705212162983
UKESM1-3-LL,esm-hist,r1i1p1f1,g110,tas,CMIP7,global,annual mean,1903,12.948328018188477,degrees_C,22998,historical,emissions,13.187479318356981,-0.23915130016850483
UKESM1-3-LL,esm-hist,r1i1p1f1,g110,tas,CMIP7,global,annual mean,1904,12.935480117797852,degrees_C,22998,historical,emissions,13.187479318356981,-0.25199920055912983
UKESM1-3-LL,esm-hist,r1i1p1f1,g110,tas,CMIP7,global,annual mean,1905,12.783990859985352,degrees_C,22998,historical,emissions,13.187479318356981,-0.40348845837162983
UKESM1-3-LL,esm-hist,r1i1p1f1,g110,tas,CMIP7,global,annual mean,1906,12.948053359985352,degrees_C,22998,historical,emissions,13.187479318356981,-0.23942595837162983
UKESM1-3-LL,esm-hist,r1i1p1f1,g110,tas,CMIP7,global,annual mean,1907,12.947137832641602,degrees_C,22998,historical,emissions,13.187479318356981,-0.24034148571537983
UKESM1-3-LL,esm-hist,r1i1p1f1,g110,tas,CMIP7,global,annual mean,1908,12.983484268188477,degrees_C,22998,historical,emissions,13.187479318356981,-0.20399505016850483
UKESM1-3-LL,esm-hist,r1i1p1f1,g110,tas,CMIP7,global,annual mean,1909,13.087549209594727,degrees_C,22998,historical,emissions,13.187479318356981,-0.09993010876225483
UKESM1-3-LL,esm-hist,r1i1p1f1,g110,tas,CMIP7,global,annual mean,1910,13.195306777954102,degrees_C,22998,historical,emissions,13.187479318356981,0.007827459597120168
UKESM1-3-LL,esm-hist,r1i1p1f1,g110,tas,CMIP7,global,annual mean,1911,13.109247207641602,degrees_C,22998,historical,emissions,13.187479318356981,-0.07823211071537983
UKESM1-3-LL,esm-hist,r1i1p1f1,g110,tas,CMIP7,global,annual mean,1912,13.116876602172852,degrees_C,22998,historical,emissions,13.187479318356981,-0.07060271618412983
UKESM1-3-LL,esm-hist,r1i1p1f1,g110,tas,CMIP7,global,annual mean,1913,12.991907119750977,degrees_C,22998,historical,emissions,13.187479318356981,-0.19557219860600483
UKESM1-3-LL,esm-hist,r1i1p1f1,g110,tas,CMIP7,global,annual mean,1914,13.104669570922852,degrees_C,22998,historical,emissions,13.187479318356981,-0.08280974743412983
UKESM1-3-LL,esm-hist,r1i1p1f1,g110,tas,CMIP7,global,annual mean,1915,13.060907363891602,degrees_C,22998,historical,emissions,13.187479318356981,-0.12657195446537983
UKESM1-3-LL,esm-hist,r1i1p1f1,g110,tas,CMIP7,global,annual mean,1916,13.078393936157227,degrees_C,22998,historical,emissions,13.187479318356981,-0.10908538219975483
UKESM1-3-LL,esm-hist,r1i1p1f1,g110,tas,CMIP7,global,annual mean,1917,13.039972305297852,degrees_C,22998,historical,emissions,13.187479318356981,-0.14750701305912983
UKESM1-3-LL,esm-hist,r1i1p1f1,g110,tas,CMIP7,global,annual mean,1918,13.102746963500977,degrees_C,22998,historical,emissions,13.187479318356981,-0.08473235485600483
UKESM1-3-LL,esm-hist,r1i1p1f1,g110,tas,CMIP7,global,annual mean,1919,12.977869033813477,degrees_C,22998,historical,emissions,13.187479318356981,-0.20961028454350483
UKESM1-3-LL,esm-hist,r1i1p1f1,g110,tas,CMIP7,global,annual mean,1920,13.145624160766602,degrees_C,22998,historical,emissions,13.187479318356981,-0.04185515759037983
UKESM1-3-LL,esm-hist,r1i1p1f1,g110,tas,CMIP7,global,annual mean,1921,13.233331680297852,degrees_C,22998,historical,emissions,13.187479318356981,0.04585236194087017
UKESM1-3-LL,esm-hist,r1i1p1f1,g110,tas,CMIP7,global,annual mean,1922,13.210840225219727,degrees_C,22998,historical,emissions,13.187479318356981,0.023360906862745168
UKESM1-3-LL,esm-hist,r1i1p1f1,g110,tas,CMIP7,global,annual mean,1923,13.200128555297852,degrees_C,22998,historical,emissions,13.187479318356981,0.012649236940870168
UKESM1-3-LL,esm-hist,r1i1p1f1,g110,tas,CMIP7,global,annual mean,1924,13.361505508422852,degrees_C,22998,historical,emissions,13.187479318356981,0.17402619006587017
UKESM1-3-LL,esm-hist,r1i1p1f1,g110,tas,CMIP7,global,annual mean,1925,13.261316299438477,degrees_C,22998,historical,emissions,13.187479318356981,0.07383698108149517
UKESM1-3-LL,esm-hist,r1i1p1f1,g110,tas,CMIP7,global,annual mean,1926,13.271783828735352,degrees_C,22998,historical,emissions,13.187479318356981,0.08430451037837017
UKESM1-3-LL,esm-hist,r1i1p1f1,g110,tas,CMIP7,global,annual mean,1927,13.308740615844727,degrees_C,22998,historical,emissions,13.187479318356981,0.12126129748774517
UKESM1-3-LL,esm-hist,r1i1p1f1,g110,tas,CMIP7,global,annual mean,1928,13.431024551391602,degrees_C,22998,historical,emissions,13.187479318356981,0.24354523303462017
UKESM1-3-LL,esm-hist,r1i1p1f1,g110,tas,CMIP7,global,annual mean,1929,13.588647842407227,degrees_C,22998,historical,emissions,13.187479318356981,0.40116852405024517
UKESM1-3-LL,esm-hist,r1i1p1f1,g110,tas,CMIP7,global,annual mean,1930,13.341913223266602,degrees_C,22998,historical,emissions,13.187479318356981,0.15443390490962017
UKESM1-3-LL,esm-hist,r1i1p1f1,g110,tas,CMIP7,global,annual mean,1931,13.281000137329102,degrees_C,22998,historical,emissions,13.187479318356981,0.09352081897212017
UKESM1-3-LL,esm-hist,r1i1p1f1,g110,tas,CMIP7,global,annual mean,1932,13.305383682250977,degrees_C,22998,historical,emissions,13.187479318356981,0.11790436389399517
UKESM1-3-LL,esm-hist,r1i1p1f1,g110,tas,CMIP7,global,annual mean,1933,13.315851211547852,degrees_C,22998,historical,emissions,13.187479318356981,0.12837189319087017
UKESM1-3-LL,esm-hist,r1i1p1f1,g110,tas,CMIP7,global,annual mean,1934,13.247644424438477,degrees_C,22998,historical,emissions,13.187479318356981,0.06016510608149517
UKESM1-3-LL,esm-hist,r1i1p1f1,g110,tas,CMIP7,global,annual mean,1935,13.225641250610352,degrees_C,22998,historical,emissions,13.187479318356981,0.03816193225337017
UKESM1-3-LL,esm-hist,r1i1p1f1,g110,tas,CMIP7,global,annual mean,1936,13.395898818969727,degrees_C,22998,historical,emissions,13.187479318356981,0.20841950061274517
UKESM1-3-LL,esm-hist,r1i1p1f1,g110,tas,CMIP7,global,annual mean,1937,13.451105117797852,degrees_C,22998,historical,emissions,13.187479318356981,0.26362579944087017
UKESM1-3-LL,esm-hist,r1i1p1f1,g110,tas,CMIP7,global,annual mean,1938,13.404138565063477,degrees_C,22998,historical,emissions,13.187479318356981,0.21665924670649517
UKESM1-3-LL,esm-hist,r1i1p1f1,g110,tas,CMIP7,global,annual mean,1939,13.347833633422852,degrees_C,22998,historical,emissions,13.187479318356981,0.16035431506587017
UKESM1-3-LL,esm-hist,r1i1p1f1,g110,tas,CMIP7,global,annual mean,1940,13.379053115844727,degrees_C,22998,historical,emissions,13.187479318356981,0.19157379748774517
UKESM1-3-LL,esm-hist,r1i1p1f1,g110,tas,CMIP7,global,annual mean,1941,13.243341445922852,degrees_C,22998,historical,emissions,13.187479318356981,0.05586212756587017
UKESM1-3-LL,esm-hist,r1i1p1f1,g110,tas,CMIP7,global,annual mean,1942,13.075860977172852,degrees_C,22998,historical,emissions,13.187479318356981,-0.11161834118412983
UKESM1-3-LL,esm-hist,r1i1p1f1,g110,tas,CMIP7,global,annual mean,1943,13.090814590454102,degrees_C,22998,historical,emissions,13.187479318356981,-0.09666472790287983
UKESM1-3-LL,esm-hist,r1i1p1f1,g110,tas,CMIP7,global,annual mean,1944,13.260248184204102,degrees_C,22998,historical,emissions,13.187479318356981,0.07276886584712017
UKESM1-3-LL,esm-hist,r1i1p1f1,g110,tas,CMIP7,global,annual mean,1945,13.198114395141602,degrees_C,22998,historical,emissions,13.187479318356981,0.010635076784620168
UKESM1-3-LL,esm-hist,r1i1p1f1,g110,tas,CMIP7,global,annual mean,1946,13.238672256469727,degrees_C,22998,historical,emissions,13.187479318356981,0.05119293811274517
UKESM1-3-LL,esm-hist,r1i1p1f1,g110,tas,CMIP7,global,annual mean,1947,13.146783828735352,degrees_C,22998,historical,emissions,13.187479318356981,-0.04069548962162983
UKESM1-3-LL,esm-hist,r1i1p1f1,g110,tas,CMIP7,global,annual mean,1948,13.116754531860352,degrees_C,22998,historical,emissions,13.187479318356981,-0.07072478649662983
UKESM1-3-LL,esm-hist,r1i1p1f1,g110,tas,CMIP7,global,annual mean,1949,13.299310684204102,degrees_C,22998,historical,emissions,13.187479318356981,0.11183136584712017
UKESM1-3-LL,esm-hist,r1i1p1f1,g110,tas,CMIP7,global,annual mean,1950,13.396051406860352,degrees_C,22998,historical,emissions,13.187479318356981,0.20857208850337017
UKESM1-3-LL,esm-hist,r1i1p1f1,g110,tas,CMIP7,global,annual mean,1951,13.323114395141602,degrees_C,22998,historical,emissions,13.187479318356981,0.13563507678462017
UKESM1-3-LL,esm-hist,r1i1p1f1,g110,tas,CMIP7,global,annual mean,1952,13.078302383422852,degrees_C,22998,historical,emissions,13.187479318356981,-0.10917693493412983
UKESM1-3-LL,esm-hist,r1i1p1f1,g110,tas,CMIP7,global,annual mean,1953,13.133172988891602,degrees_C,22998,historical,emissions,13.187479318356981,-0.05430632946537983
UKESM1-3-LL,esm-hist,r1i1p1f1,g110,tas,CMIP7,global,annual mean,1954,13.128473281860352,degrees_C,22998,historical,emissions,13.187479318356981,-0.05900603649662983
UKESM1-3-LL,esm-hist,r1i1p1f1,g110,tas,CMIP7,global,annual mean,1955,13.172845840454102,degrees_C,22998,historical,emissions,13.187479318356981,-0.014633477902879832
UKESM1-3-LL,esm-hist,r1i1p1f1,g110,tas,CMIP7,global,annual mean,1956,13.334131240844727,degrees_C,22998,historical,emissions,13.187479318356981,0.14665192248774517
UKESM1-3-LL,esm-hist,r1i1p1f1,g110,tas,CMIP7,global,annual mean,1957,13.391870498657227,degrees_C,22998,historical,emissions,13.187479318356981,0.20439118030024517
UKESM1-3-LL,esm-hist,r1i1p1f1,g110,tas,CMIP7,global,annual mean,1958,13.325372695922852,degrees_C,22998,historical,emissions,13.187479318356981,0.13789337756587017
UKESM1-3-LL,esm-hist,r1i1p1f1,g110,tas,CMIP7,global,annual mean,1959,13.309656143188477,degrees_C,22998,historical,emissions,13.187479318356981,0.12217682483149517
UKESM1-3-LL,esm-hist,r1i1p1f1,g110,tas,CMIP7,global,annual mean,1960,13.534418106079102,degrees_C,22998,historical,emissions,13.187479318356981,0.34693878772212017
UKESM1-3-LL,esm-hist,r1i1p1f1,g110,tas,CMIP7,global,annual mean,1961,13.291955947875977,degrees_C,22998,historical,emissions,13.187479318356981,0.10447662951899517
UKESM1-3-LL,esm-hist,r1i1p1f1,g110,tas,CMIP7,global,annual mean,1962,13.284662246704102,degrees_C,22998,historical,emissions,13.187479318356981,0.09718292834712017
UKESM1-3-LL,esm-hist,r1i1p1f1,g110,tas,CMIP7,global,annual mean,1963,13.383111953735352,degrees_C,22998,historical,emissions,13.187479318356981,0.19563263537837017
UKESM1-3-LL,esm-hist,r1i1p1f1,g110,tas,CMIP7,global,annual mean,1964,13.294549942016602,degrees_C,22998,historical,emissions,13.187479318356981,0.10707062365962017
UKESM1-3-LL,esm-hist,r1i1p1f1,g110,tas,CMIP7,global,annual mean,1965,13.206995010375977,degrees_C,22998,historical,emissions,13.187479318356981,0.019515692018995168
UKESM1-3-LL,esm-hist,r1i1p1f1,g110,tas,CMIP7,global,annual mean,1966,13.359491348266602,degrees_C,22998,historical,emissions,13.187479318356981,0.17201202990962017
UKESM1-3-LL,esm-hist,r1i1p1f1,g110,tas,CMIP7,global,annual mean,1967,13.412530899047852,degrees_C,22998,historical,emissions,13.187479318356981,0.22505158069087017
UKESM1-3-LL,esm-hist,r1i1p1f1,g110,tas,CMIP7,global,annual mean,1968,13.235528945922852,degrees_C,22998,historical,emissions,13.187479318356981,0.04804962756587017
UKESM1-3-LL,esm-hist,r1i1p1f1,g110,tas,CMIP7,global,annual mean,1969,13.210535049438477,degrees_C,22998,historical,emissions,13.187479318356981,0.023055731081495168
UKESM1-3-LL,esm-hist,r1i1p1f1,g110,tas,CMIP7,global,annual mean,1970,13.245660781860352,degrees_C,22998,historical,emissions,13.187479318356981,0.05818146350337017
UKESM1-3-LL,esm-hist,r1i1p1f1,g110,tas,CMIP7,global,annual mean,1971,13.140924453735352,degrees_C,22998,historical,emissions,13.187479318356981,-0.04655486462162983
UKESM1-3-LL,esm-hist,r1i1p1f1,g110,tas,CMIP7,global,annual mean,1972,13.157922744750977,degrees_C,22998,historical,emissions,13.187479318356981,-0.029556573606004832
UKESM1-3-LL,esm-hist,r1i1p1f1,g110,tas,CMIP7,global,annual mean,1973,13.303277969360352,degrees_C,22998,historical,emissions,13.187479318356981,0.11579865100337017
UKESM1-3-LL,esm-hist,r1i1p1f1,g110,tas,CMIP7,global,annual mean,1974,13.310174942016602,degrees_C,22998,historical,emissions,13.187479318356981,0.12269562365962017
UKESM1-3-LL,esm-hist,r1i1p1f1,g110,tas,CMIP7,global,annual mean,1975,13.298028945922852,degrees_C,22998,historical,emissions,13.187479318356981,0.11054962756587017
UKESM1-3-LL,esm-hist,r1i1p1f1,g110,tas,CMIP7,global,annual mean,1976,13.429071426391602,degrees_C,22998,historical,emissions,13.187479318356981,0.24159210803462017
UKESM1-3-LL,esm-hist,r1i1p1f1,g110,tas,CMIP7,global,annual mean,1977,13.545099258422852,degrees_C,22998,historical,emissions,13.187479318356981,0.35761994006587017
UKESM1-3-LL,esm-hist,r1i1p1f1,g110,tas,CMIP7,global,annual mean,1978,13.359613418579102,degrees_C,22998,historical,emissions,13.187479318356981,0.17213410022212017
UKESM1-3-LL,esm-hist,r1i1p1f1,g110,tas,CMIP7,global,annual mean,1979,13.327966690063477,degrees_C,22998,historical,emissions,13.187479318356981,0.14048737170649517
UKESM1-3-LL,esm-hist,r1i1p1f1,g110,tas,CMIP7,global,annual mean,1980,13.270013809204102,degrees_C,22998,historical,emissions,13.187479318356981,0.08253449084712017
UKESM1-3-LL,esm-hist,r1i1p1f1,g110,tas,CMIP7,global,annual mean,1981,13.488946914672852,degrees_C,22998,historical,emissions,13.187479318356981,0.30146759631587017
UKESM1-3-LL,esm-hist,r1i1p1f1,g110,tas,CMIP7,global,annual mean,1982,13.697290420532227,degrees_C,22998,historical,emissions,13.187479318356981,0.5098111021752452
UKESM1-3-LL,esm-hist,r1i1p1f1,g110,tas,CMIP7,global,annual mean,1983,13.522699356079102,degrees_C,22998,historical,emissions,13.187479318356981,0.33522003772212017
UKESM1-3-LL,esm-hist,r1i1p1f1,g110,tas,CMIP7,global,annual mean,1984,13.549371719360352,degrees_C,22998,historical,emissions,13.187479318356981,0.36189240100337017
UKESM1-3-LL,esm-hist,r1i1p1f1,g110,tas,CMIP7,global,annual mean,1985,13.370508193969727,degrees_C,22998,historical,emissions,13.187479318356981,0.18302887561274517
UKESM1-3-LL,esm-hist,r1i1p1f1,g110,tas,CMIP7,global,annual mean,1986,13.486566543579102,degrees_C,22998,historical,emissions,13.187479318356981,0.29908722522212017
UKESM1-3-LL,esm-hist,r1i1p1f1,g110,tas,CMIP7,global,annual mean,1987,13.458459854125977,degrees_C,22998,historical,emissions,13.187479318356981,0.27098053576899517
UKESM1-3-LL,esm-hist,r1i1p1f1,g110,tas,CMIP7,global,annual mean,1988,13.338434219360352,degrees_C,22998,historical,emissions,13.187479318356981,0.15095490100337017
UKESM1-3-LL,esm-hist,r1i1p1f1,g110,tas,CMIP7,global,annual mean,1989,13.566553115844727,degrees_C,22998,historical,emissions,13.187479318356981,0.37907379748774517
UKESM1-3-LL,esm-hist,r1i1p1f1,g110,tas,CMIP7,global,annual mean,1990,13.687280654907227,degrees_C,22998,historical,emissions,13.187479318356981,0.49980133655024517
UKESM1-3-LL,esm-hist,r1i1p1f1,g110,tas,CMIP7,global,annual mean,1991,13.550958633422852,degrees_C,22998,historical,emissions,13.187479318356981,0.36347931506587017
UKESM1-3-LL,esm-hist,r1i1p1f1,g110,tas,CMIP7,global,annual mean,1992,13.331048965454102,degrees_C,22998,historical,emissions,13.187479318356981,0.14356964709712017
UKESM1-3-LL,esm-hist,r1i1p1f1,g110,tas,CMIP7,global,annual mean,1993,13.521265029907227,degrees_C,22998,historical,emissions,13.187479318356981,0.33378571155024517
UKESM1-3-LL,esm-hist,r1i1p1f1,g110,tas,CMIP7,global,annual mean,1994,13.498895645141602,degrees_C,22998,historical,emissions,13.187479318356981,0.31141632678462017
UKESM1-3-LL,esm-hist,r1i1p1f1,g110,tas,CMIP7,global,annual mean,1995,13.535821914672852,degrees_C,22998,historical,emissions,13.187479318356981,0.34834259631587017
UKESM1-3-LL,esm-hist,r1i1p1f1,g110,tas,CMIP7,global,annual mean,1996,13.625482559204102,degrees_C,22998,historical,emissions,13.187479318356981,0.43800324084712017
UKESM1-3-LL,esm-hist,r1i1p1f1,g110,tas,CMIP7,global,annual mean,1997,13.849420547485352,degrees_C,22998,historical,emissions,13.187479318356981,0.6619412291283702
UKESM1-3-LL,esm-hist,r1i1p1f1,g110,tas,CMIP7,global,annual mean,1998,14.035699844360352,degrees_C,22998,historical,emissions,13.187479318356981,0.8482205260033702
UKESM1-3-LL,esm-hist,r1i1p1f1,g110,tas,CMIP7,global,annual mean,1999,14.093988418579102,degrees_C,22998,historical,emissions,13.187479318356981,0.9065091002221202
UKESM1-3-LL,esm-hist,r1i1p1f1,g110,tas,CMIP7,global,annual mean,2000,13.804620742797852,degrees_C,22998,historical,emissions,13.187479318356981,0.6171414244408702
UKESM1-3-LL,esm-hist,r1i1p1f1,g110,tas,CMIP7,global,annual mean,2001,13.834650039672852,degrees_C,22998,historical,emissions,13.187479318356981,0.6471707213158702
UKESM1-3-LL,esm-hist,r1i1p1f1,g110,tas,CMIP7,global,annual mean,2002,13.957605361938477,degrees_C,22998,historical,emissions,13.187479318356981,0.7701260435814952
UKESM1-3-LL,esm-hist,r1i1p1f1,g110,tas,CMIP7,global,annual mean,2003,13.949151992797852,degrees_C,22998,historical,emissions,13.187479318356981,0.7616726744408702
UKESM1-3-LL,esm-hist,r1i1p1f1,g110,tas,CMIP7,global,annual mean,2004,14.051874160766602,degrees_C,22998,historical,emissions,13.187479318356981,0.8643948424096202
UKESM1-3-LL,esm-hist,r1i1p1f1,g110,tas,CMIP7,global,annual mean,2005,14.046106338500977,degrees_C,22998,historical,emissions,13.187479318356981,0.8586270201439952
UKESM1-3-LL,esm-hist,r1i1p1f1,g110,tas,CMIP7,global,annual mean,2006,13.963129043579102,degrees_C,22998,historical,emissions,13.187479318356981,0.7756497252221202
UKESM1-3-LL,esm-hist,r1i1p1f1,g110,tas,CMIP7,global,annual mean,2007,14.167047500610352,degrees_C,22998,historical,emissions,13.187479318356981,0.9795681822533702
UKESM1-3-LL,esm-hist,r1i1p1f1,g110,tas,CMIP7,global,annual mean,2008,14.004571914672852,degrees_C,22998,historical,emissions,13.187479318356981,0.8170925963158702
UKESM1-3-LL,esm-hist,r1i1p1f1,g110,tas,CMIP7,global,annual mean,2009,13.920404434204102,degrees_C,22998,historical,emissions,13.187479318356981,0.7329251158471202
UKESM1-3-LL,esm-hist,r1i1p1f1,g110,tas,CMIP7,global,annual mean,2010,14.041559219360352,degrees_C,22998,historical,emissions,13.187479318356981,0.8540799010033702
UKESM1-3-LL,esm-hist,r1i1p1f1,g110,tas,CMIP7,global,annual mean,2011,14.205072402954102,degrees_C,22998,historical,emissions,13.187479318356981,1.0175930845971202
UKESM1-3-LL,esm-hist,r1i1p1f1,g110,tas,CMIP7,global,annual mean,2012,14.385675430297852,degrees_C,22998,historical,emissions,13.187479318356981,1.1981961119408702
UKESM1-3-LL,esm-hist,r1i1p1f1,g110,tas,CMIP7,global,annual mean,2013,14.227258682250977,degrees_C,22998,historical,emissions,13.187479318356981,1.0397793638939952
UKESM1-3-LL,esm-hist,r1i1p1f1,g110,tas,CMIP7,global,annual mean,2014,14.284173965454102,degrees_C,22998,historical,emissions,13.187479318356981,1.0966946470971202
UKESM1-3-LL,esm-hist,r1i1p1f1,g110,tas,CMIP7,global,annual mean,2015,14.346277236938477,degrees_C,22998,historical,emissions,13.187479318356981,1.1587979185814952
UKESM1-3-LL,esm-hist,r1i1p1f1,g110,tas,CMIP7,global,annual mean,2016,14.402399063110352,degrees_C,22998,historical,emissions,13.187479318356981,1.2149197447533702
UKESM1-3-LL,esm-hist,r1i1p1f1,g110,tas,CMIP7,global,annual mean,2017,14.503747940063477,degrees_C,22998,historical,emissions,13.187479318356981,1.3162686217064952
UKESM1-3-LL,esm-hist,r1i1p1f1,g110,tas,CMIP7,global,annual mean,2018,14.571954727172852,degrees_C,22998,historical,emissions,13.187479318356981,1.3844754088158702
UKESM1-3-LL,esm-hist,r1i1p1f1,g110,tas,CMIP7,global,annual mean,2019,14.575067520141602,degrees_C,22998,historical,emissions,13.187479318356981,1.3875882017846202
UKESM1-3-LL,esm-hist,r1i1p1f1,g110,tas,CMIP7,global,annual mean,2020,14.654413223266602,degrees_C,22998,historical,emissions,13.187479318356981,1.4669339049096202
UKESM1-3-LL,esm-hist,r1i1p1f1,g110,tas,CMIP7,global,annual mean,2021,14.813714981079102,degrees_C,22998,historical,emissions,13.187479318356981,1.6262356627221202
UKESM1-3-LL,esm-hist,r7i1p1f2,g110,tas,CMIP7,global,annual mean,1850,13.480127334594727,degrees_C,22999,historical,emissions,13.267568214266907,0.21255912032781943
UKESM1-3-LL,esm-hist,r7i1p1f2,g110,tas,CMIP7,global,annual mean,1851,13.731164932250977,degrees_C,22999,historical,emissions,13.267568214266907,0.46359671798406943
UKESM1-3-LL,esm-hist,r7i1p1f2,g110,tas,CMIP7,global,annual mean,1852,13.564661026000977,degrees_C,22999,historical,emissions,13.267568214266907,0.29709281173406943
UKESM1-3-LL,esm-hist,r7i1p1f2,g110,tas,CMIP7,global,annual mean,1853,13.554010391235352,degrees_C,22999,historical,emissions,13.267568214266907,0.28644217696844443
UKESM1-3-LL,esm-hist,r7i1p1f2,g110,tas,CMIP7,global,annual mean,1854,13.634454727172852,degrees_C,22999,historical,emissions,13.267568214266907,0.36688651290594443
UKESM1-3-LL,esm-hist,r7i1p1f2,g110,tas,CMIP7,global,annual mean,1855,13.535028457641602,degrees_C,22999,historical,emissions,13.267568214266907,0.26746024337469443
UKESM1-3-LL,esm-hist,r7i1p1f2,g110,tas,CMIP7,global,annual mean,1856,13.452936172485352,degrees_C,22999,historical,emissions,13.267568214266907,0.18536795821844443
UKESM1-3-LL,esm-hist,r7i1p1f2,g110,tas,CMIP7,global,annual mean,1857,13.357294082641602,degrees_C,22999,historical,emissions,13.267568214266907,0.08972586837469443
UKESM1-3-LL,esm-hist,r7i1p1f2,g110,tas,CMIP7,global,annual mean,1858,13.410577774047852,degrees_C,22999,historical,emissions,13.267568214266907,0.14300955978094443
UKESM1-3-LL,esm-hist,r7i1p1f2,g110,tas,CMIP7,global,annual mean,1859,13.401514053344727,degrees_C,22999,historical,emissions,13.267568214266907,0.13394583907781943
UKESM1-3-LL,esm-hist,r7i1p1f2,g110,tas,CMIP7,global,annual mean,1860,13.465723037719727,degrees_C,22999,historical,emissions,13.267568214266907,0.19815482345281943
UKESM1-3-LL,esm-hist,r7i1p1f2,g110,tas,CMIP7,global,annual mean,1861,13.537958145141602,degrees_C,22999,historical,emissions,13.267568214266907,0.27038993087469443
UKESM1-3-LL,esm-hist,r7i1p1f2,g110,tas,CMIP7,global,annual mean,1862,13.355279922485352,degrees_C,22999,historical,emissions,13.267568214266907,0.08771170821844443
UKESM1-3-LL,esm-hist,r7i1p1f2,g110,tas,CMIP7,global,annual mean,1863,13.247949600219727,degrees_C,22999,historical,emissions,13.267568214266907,-0.01961861404718057
UKESM1-3-LL,esm-hist,r7i1p1f2,g110,tas,CMIP7,global,annual mean,1864,13.256433486938477,degrees_C,22999,historical,emissions,13.267568214266907,-0.011134727328430571
UKESM1-3-LL,esm-hist,r7i1p1f2,g110,tas,CMIP7,global,annual mean,1865,13.288324356079102,degrees_C,22999,historical,emissions,13.267568214266907,0.02075614181219443
UKESM1-3-LL,esm-hist,r7i1p1f2,g110,tas,CMIP7,global,annual mean,1866,13.498804092407227,degrees_C,22999,historical,emissions,13.267568214266907,0.23123587814031943
UKESM1-3-LL,esm-hist,r7i1p1f2,g110,tas,CMIP7,global,annual mean,1867,13.467157363891602,degrees_C,22999,historical,emissions,13.267568214266907,0.19958914962469443
UKESM1-3-LL,esm-hist,r7i1p1f2,g110,tas,CMIP7,global,annual mean,1868,13.358942031860352,degrees_C,22999,historical,emissions,13.267568214266907,0.09137381759344443
UKESM1-3-LL,esm-hist,r7i1p1f2,g110,tas,CMIP7,global,annual mean,1869,13.392267227172852,degrees_C,22999,historical,emissions,13.267568214266907,0.12469901290594443
UKESM1-3-LL,esm-hist,r7i1p1f2,g110,tas,CMIP7,global,annual mean,1870,13.309076309204102,degrees_C,22999,historical,emissions,13.267568214266907,0.04150809493719443
UKESM1-3-LL,esm-hist,r7i1p1f2,g110,tas,CMIP7,global,annual mean,1871,13.326898574829102,degrees_C,22999,historical,emissions,13.267568214266907,0.05933036056219443
UKESM1-3-LL,esm-hist,r7i1p1f2,g110,tas,CMIP7,global,annual mean,1872,13.293970108032227,degrees_C,22999,historical,emissions,13.267568214266907,0.02640189376531943
UKESM1-3-LL,esm-hist,r7i1p1f2,g110,tas,CMIP7,global,annual mean,1873,13.099298477172852,degrees_C,22999,historical,emissions,13.267568214266907,-0.16826973709405557
UKESM1-3-LL,esm-hist,r7i1p1f2,g110,tas,CMIP7,global,annual mean,1874,13.181421279907227,degrees_C,22999,historical,emissions,13.267568214266907,-0.08614693435968057
UKESM1-3-LL,esm-hist,r7i1p1f2,g110,tas,CMIP7,global,annual mean,1875,13.113092422485352,degrees_C,22999,historical,emissions,13.267568214266907,-0.15447579178155557
UKESM1-3-LL,esm-hist,r7i1p1f2,g110,tas,CMIP7,global,annual mean,1876,13.209283828735352,degrees_C,22999,historical,emissions,13.267568214266907,-0.05828438553155557
UKESM1-3-LL,esm-hist,r7i1p1f2,g110,tas,CMIP7,global,annual mean,1877,13.409509658813477,degrees_C,22999,historical,emissions,13.267568214266907,0.14194144454656943
UKESM1-3-LL,esm-hist,r7i1p1f2,g110,tas,CMIP7,global,annual mean,1878,13.646509170532227,degrees_C,22999,historical,emissions,13.267568214266907,0.37894095626531943
UKESM1-3-LL,esm-hist,r7i1p1f2,g110,tas,CMIP7,global,annual mean,1879,13.483087539672852,degrees_C,22999,historical,emissions,13.267568214266907,0.21551932540594443
UKESM1-3-LL,esm-hist,r7i1p1f2,g110,tas,CMIP7,global,annual mean,1880,13.279993057250977,degrees_C,22999,historical,emissions,13.267568214266907,0.012424842984069429
UKESM1-3-LL,esm-hist,r7i1p1f2,g110,tas,CMIP7,global,annual mean,1881,13.188165664672852,degrees_C,22999,historical,emissions,13.267568214266907,-0.07940254959405557
UKESM1-3-LL,esm-hist,r7i1p1f2,g110,tas,CMIP7,global,annual mean,1882,13.174798965454102,degrees_C,22999,historical,emissions,13.267568214266907,-0.09276924881280557
UKESM1-3-LL,esm-hist,r7i1p1f2,g110,tas,CMIP7,global,annual mean,1883,13.316553115844727,degrees_C,22999,historical,emissions,13.267568214266907,0.04898490157781943
UKESM1-3-LL,esm-hist,r7i1p1f2,g110,tas,CMIP7,global,annual mean,1884,12.880548477172852,degrees_C,22999,historical,emissions,13.267568214266907,-0.38701973709405557
UKESM1-3-LL,esm-hist,r7i1p1f2,g110,tas,CMIP7,global,annual mean,1885,12.815057754516602,degrees_C,22999,historical,emissions,13.267568214266907,-0.45251045975030557
UKESM1-3-LL,esm-hist,r7i1p1f2,g110,tas,CMIP7,global,annual mean,1886,12.795465469360352,degrees_C,22999,historical,emissions,13.267568214266907,-0.47210274490655557
UKESM1-3-LL,esm-hist,r7i1p1f2,g110,tas,CMIP7,global,annual mean,1887,12.781915664672852,degrees_C,22999,historical,emissions,13.267568214266907,-0.48565254959405557
UKESM1-3-LL,esm-hist,r7i1p1f2,g110,tas,CMIP7,global,annual mean,1888,12.848840713500977,degrees_C,22999,historical,emissions,13.267568214266907,-0.41872750076593057
UKESM1-3-LL,esm-hist,r7i1p1f2,g110,tas,CMIP7,global,annual mean,1889,13.055017471313477,degrees_C,22999,historical,emissions,13.267568214266907,-0.21255074295343057
UKESM1-3-LL,esm-hist,r7i1p1f2,g110,tas,CMIP7,global,annual mean,1890,13.247735977172852,degrees_C,22999,historical,emissions,13.267568214266907,-0.01983223709405557
UKESM1-3-LL,esm-hist,r7i1p1f2,g110,tas,CMIP7,global,annual mean,1891,13.269556045532227,degrees_C,22999,historical,emissions,13.267568214266907,0.0019878312653194286
UKESM1-3-LL,esm-hist,r7i1p1f2,g110,tas,CMIP7,global,annual mean,1892,13.143243789672852,degrees_C,22999,historical,emissions,13.267568214266907,-0.12432442459405557
UKESM1-3-LL,esm-hist,r7i1p1f2,g110,tas,CMIP7,global,annual mean,1893,13.063409805297852,degrees_C,22999,historical,emissions,13.267568214266907,-0.20415840896905557
UKESM1-3-LL,esm-hist,r7i1p1f2,g110,tas,CMIP7,global,annual mean,1894,13.086755752563477,degrees_C,22999,historical,emissions,13.267568214266907,-0.18081246170343057
UKESM1-3-LL,esm-hist,r7i1p1f2,g110,tas,CMIP7,global,annual mean,1895,13.026391983032227,degrees_C,22999,historical,emissions,13.267568214266907,-0.24117623123468057
UKESM1-3-LL,esm-hist,r7i1p1f2,g110,tas,CMIP7,global,annual mean,1896,13.062860488891602,degrees_C,22999,historical,emissions,13.267568214266907,-0.20470772537530557
UKESM1-3-LL,esm-hist,r7i1p1f2,g110,tas,CMIP7,global,annual mean,1897,13.086664199829102,degrees_C,22999,historical,emissions,13.267568214266907,-0.18090401443780557
UKESM1-3-LL,esm-hist,r7i1p1f2,g110,tas,CMIP7,global,annual mean,1898,13.164606094360352,degrees_C,22999,historical,emissions,13.267568214266907,-0.10296211990655557
UKESM1-3-LL,esm-hist,r7i1p1f2,g110,tas,CMIP7,global,annual mean,1899,13.129907608032227,degrees_C,22999,historical,emissions,13.267568214266907,-0.13766060623468057
UKESM1-3-LL,esm-hist,r7i1p1f2,g110,tas,CMIP7,global,annual mean,1900,13.165735244750977,degrees_C,22999,historical,emissions,13.267568214266907,-0.10183296951593057
UKESM1-3-LL,esm-hist,r7i1p1f2,g110,tas,CMIP7,global,annual mean,1901,13.209772109985352,degrees_C,22999,historical,emissions,13.267568214266907,-0.05779610428155557
UKESM1-3-LL,esm-hist,r7i1p1f2,g110,tas,CMIP7,global,annual mean,1902,13.273614883422852,degrees_C,22999,historical,emissions,13.267568214266907,0.0060466691559444286
UKESM1-3-LL,esm-hist,r7i1p1f2,g110,tas,CMIP7,global,annual mean,1903,13.320672988891602,degrees_C,22999,historical,emissions,13.267568214266907,0.05310477462469443
UKESM1-3-LL,esm-hist,r7i1p1f2,g110,tas,CMIP7,global,annual mean,1904,13.311334609985352,degrees_C,22999,historical,emissions,13.267568214266907,0.04376639571844443
UKESM1-3-LL,esm-hist,r7i1p1f2,g110,tas,CMIP7,global,annual mean,1905,13.338495254516602,degrees_C,22999,historical,emissions,13.267568214266907,0.07092704024969443
UKESM1-3-LL,esm-hist,r7i1p1f2,g110,tas,CMIP7,global,annual mean,1906,13.338373184204102,degrees_C,22999,historical,emissions,13.267568214266907,0.07080496993719443
UKESM1-3-LL,esm-hist,r7i1p1f2,g110,tas,CMIP7,global,annual mean,1907,13.371271133422852,degrees_C,22999,historical,emissions,13.267568214266907,0.10370291915594443
UKESM1-3-LL,esm-hist,r7i1p1f2,g110,tas,CMIP7,global,annual mean,1908,13.223688125610352,degrees_C,22999,historical,emissions,13.267568214266907,-0.04388008865655557
UKESM1-3-LL,esm-hist,r7i1p1f2,g110,tas,CMIP7,global,annual mean,1909,13.004266738891602,degrees_C,22999,historical,emissions,13.267568214266907,-0.26330147537530557
UKESM1-3-LL,esm-hist,r7i1p1f2,g110,tas,CMIP7,global,annual mean,1910,12.998193740844727,degrees_C,22999,historical,emissions,13.267568214266907,-0.26937447342218057
UKESM1-3-LL,esm-hist,r7i1p1f2,g110,tas,CMIP7,global,annual mean,1911,13.256464004516602,degrees_C,22999,historical,emissions,13.267568214266907,-0.011104209750305571
UKESM1-3-LL,esm-hist,r7i1p1f2,g110,tas,CMIP7,global,annual mean,1912,13.307153701782227,degrees_C,22999,historical,emissions,13.267568214266907,0.03958548751531943
UKESM1-3-LL,esm-hist,r7i1p1f2,g110,tas,CMIP7,global,annual mean,1913,13.233453750610352,degrees_C,22999,historical,emissions,13.267568214266907,-0.03411446365655557
UKESM1-3-LL,esm-hist,r7i1p1f2,g110,tas,CMIP7,global,annual mean,1914,13.208703994750977,degrees_C,22999,historical,emissions,13.267568214266907,-0.05886421951593057
UKESM1-3-LL,esm-hist,r7i1p1f2,g110,tas,CMIP7,global,annual mean,1915,13.260919570922852,degrees_C,22999,historical,emissions,13.267568214266907,-0.0066486433440555714
UKESM1-3-LL,esm-hist,r7i1p1f2,g110,tas,CMIP7,global,annual mean,1916,13.133539199829102,degrees_C,22999,historical,emissions,13.267568214266907,-0.13402901443780557
UKESM1-3-LL,esm-hist,r7i1p1f2,g110,tas,CMIP7,global,annual mean,1917,13.229181289672852,degrees_C,22999,historical,emissions,13.267568214266907,-0.03838692459405557
UKESM1-3-LL,esm-hist,r7i1p1f2,g110,tas,CMIP7,global,annual mean,1918,13.241540908813477,degrees_C,22999,historical,emissions,13.267568214266907,-0.02602730545343057
UKESM1-3-LL,esm-hist,r7i1p1f2,g110,tas,CMIP7,global,annual mean,1919,13.436914443969727,degrees_C,22999,historical,emissions,13.267568214266907,0.16934622970281943
UKESM1-3-LL,esm-hist,r7i1p1f2,g110,tas,CMIP7,global,annual mean,1920,13.299493789672852,degrees_C,22999,historical,emissions,13.267568214266907,0.03192557540594443
UKESM1-3-LL,esm-hist,r7i1p1f2,g110,tas,CMIP7,global,annual mean,1921,13.267541885375977,degrees_C,22999,historical,emissions,13.267568214266907,-2.6328890930571447e-05
UKESM1-3-LL,esm-hist,r7i1p1f2,g110,tas,CMIP7,global,annual mean,1922,13.254877090454102,degrees_C,22999,historical,emissions,13.267568214266907,-0.012691123812805571
UKESM1-3-LL,esm-hist,r7i1p1f2,g110,tas,CMIP7,global,annual mean,1923,13.315546035766602,degrees_C,22999,historical,emissions,13.267568214266907,0.04797782149969443
UKESM1-3-LL,esm-hist,r7i1p1f2,g110,tas,CMIP7,global,annual mean,1924,13.210657119750977,degrees_C,22999,historical,emissions,13.267568214266907,-0.05691109451593057
UKESM1-3-LL,esm-hist,r7i1p1f2,g110,tas,CMIP7,global,annual mean,1925,13.077508926391602,degrees_C,22999,historical,emissions,13.267568214266907,-0.19005928787530557
UKESM1-3-LL,esm-hist,r7i1p1f2,g110,tas,CMIP7,global,annual mean,1926,13.151788711547852,degrees_C,22999,historical,emissions,13.267568214266907,-0.11577950271905557
UKESM1-3-LL,esm-hist,r7i1p1f2,g110,tas,CMIP7,global,annual mean,1927,13.390924453735352,degrees_C,22999,historical,emissions,13.267568214266907,0.12335623946844443
UKESM1-3-LL,esm-hist,r7i1p1f2,g110,tas,CMIP7,global,annual mean,1928,13.265039443969727,degrees_C,22999,historical,emissions,13.267568214266907,-0.0025287702971805714
UKESM1-3-LL,esm-hist,r7i1p1f2,g110,tas,CMIP7,global,annual mean,1929,13.265253067016602,degrees_C,22999,historical,emissions,13.267568214266907,-0.0023151472503055714
UKESM1-3-LL,esm-hist,r7i1p1f2,g110,tas,CMIP7,global,annual mean,1930,13.409051895141602,degrees_C,22999,historical,emissions,13.267568214266907,0.14148368087469443
UKESM1-3-LL,esm-hist,r7i1p1f2,g110,tas,CMIP7,global,annual mean,1931,13.360345840454102,degrees_C,22999,historical,emissions,13.267568214266907,0.09277762618719443
UKESM1-3-LL,esm-hist,r7i1p1f2,g110,tas,CMIP7,global,annual mean,1932,13.365106582641602,degrees_C,22999,historical,emissions,13.267568214266907,0.09753836837469443
UKESM1-3-LL,esm-hist,r7i1p1f2,g110,tas,CMIP7,global,annual mean,1933,13.279993057250977,degrees_C,22999,historical,emissions,13.267568214266907,0.012424842984069429
UKESM1-3-LL,esm-hist,r7i1p1f2,g110,tas,CMIP7,global,annual mean,1934,13.315942764282227,degrees_C,22999,historical,emissions,13.267568214266907,0.04837455001531943
UKESM1-3-LL,esm-hist,r7i1p1f2,g110,tas,CMIP7,global,annual mean,1935,13.354089736938477,degrees_C,22999,historical,emissions,13.267568214266907,0.08652152267156943
UKESM1-3-LL,esm-hist,r7i1p1f2,g110,tas,CMIP7,global,annual mean,1936,13.311487197875977,degrees_C,22999,historical,emissions,13.267568214266907,0.04391898360906943
UKESM1-3-LL,esm-hist,r7i1p1f2,g110,tas,CMIP7,global,annual mean,1937,13.465448379516602,degrees_C,22999,historical,emissions,13.267568214266907,0.19788016524969443
UKESM1-3-LL,esm-hist,r7i1p1f2,g110,tas,CMIP7,global,annual mean,1938,13.584100723266602,degrees_C,22999,historical,emissions,13.267568214266907,0.31653250899969443
UKESM1-3-LL,esm-hist,r7i1p1f2,g110,tas,CMIP7,global,annual mean,1939,13.494409561157227,degrees_C,22999,historical,emissions,13.267568214266907,0.22684134689031943
UKESM1-3-LL,esm-hist,r7i1p1f2,g110,tas,CMIP7,global,annual mean,1940,13.316980361938477,degrees_C,22999,historical,emissions,13.267568214266907,0.04941214767156943
UKESM1-3-LL,esm-hist,r7i1p1f2,g110,tas,CMIP7,global,annual mean,1941,13.463525772094727,degrees_C,22999,historical,emissions,13.267568214266907,0.19595755782781943
UKESM1-3-LL,esm-hist,r7i1p1f2,g110,tas,CMIP7,global,annual mean,1942,13.486383438110352,degrees_C,22999,historical,emissions,13.267568214266907,0.21881522384344443
UKESM1-3-LL,esm-hist,r7i1p1f2,g110,tas,CMIP7,global,annual mean,1943,13.385248184204102,degrees_C,22999,historical,emissions,13.267568214266907,0.11767996993719443
UKESM1-3-LL,esm-hist,r7i1p1f2,g110,tas,CMIP7,global,annual mean,1944,13.157922744750977,degrees_C,22999,historical,emissions,13.267568214266907,-0.10964546951593057
UKESM1-3-LL,esm-hist,r7i1p1f2,g110,tas,CMIP7,global,annual mean,1945,13.373712539672852,degrees_C,22999,historical,emissions,13.267568214266907,0.10614432540594443
UKESM1-3-LL,esm-hist,r7i1p1f2,g110,tas,CMIP7,global,annual mean,1946,13.347284317016602,degrees_C,22999,historical,emissions,13.267568214266907,0.07971610274969443
UKESM1-3-LL,esm-hist,r7i1p1f2,g110,tas,CMIP7,global,annual mean,1947,13.425775527954102,degrees_C,22999,historical,emissions,13.267568214266907,0.15820731368719443
UKESM1-3-LL,esm-hist,r7i1p1f2,g110,tas,CMIP7,global,annual mean,1948,13.483453750610352,degrees_C,22999,historical,emissions,13.267568214266907,0.21588553634344443
UKESM1-3-LL,esm-hist,r7i1p1f2,g110,tas,CMIP7,global,annual mean,1949,13.369531631469727,degrees_C,22999,historical,emissions,13.267568214266907,0.10196341720281943
UKESM1-3-LL,esm-hist,r7i1p1f2,g110,tas,CMIP7,global,annual mean,1950,13.432336807250977,degrees_C,22999,historical,emissions,13.267568214266907,0.16476859298406943
UKESM1-3-LL,esm-hist,r7i1p1f2,g110,tas,CMIP7,global,annual mean,1951,13.588708877563477,degrees_C,22999,historical,emissions,13.267568214266907,0.32114066329656943
UKESM1-3-LL,esm-hist,r7i1p1f2,g110,tas,CMIP7,global,annual mean,1952,13.466821670532227,degrees_C,22999,historical,emissions,13.267568214266907,0.19925345626531943
UKESM1-3-LL,esm-hist,r7i1p1f2,g110,tas,CMIP7,global,annual mean,1953,13.410882949829102,degrees_C,22999,historical,emissions,13.267568214266907,0.14331473556219443
UKESM1-3-LL,esm-hist,r7i1p1f2,g110,tas,CMIP7,global,annual mean,1954,13.524530410766602,degrees_C,22999,historical,emissions,13.267568214266907,0.25696219649969443
UKESM1-3-LL,esm-hist,r7i1p1f2,g110,tas,CMIP7,global,annual mean,1955,13.377313613891602,degrees_C,22999,historical,emissions,13.267568214266907,0.10974539962469443
UKESM1-3-LL,esm-hist,r7i1p1f2,g110,tas,CMIP7,global,annual mean,1956,13.371942520141602,degrees_C,22999,historical,emissions,13.267568214266907,0.10437430587469443
UKESM1-3-LL,esm-hist,r7i1p1f2,g110,tas,CMIP7,global,annual mean,1957,13.416315078735352,degrees_C,22999,historical,emissions,13.267568214266907,0.14874686446844443
UKESM1-3-LL,esm-hist,r7i1p1f2,g110,tas,CMIP7,global,annual mean,1958,13.454919815063477,degrees_C,22999,historical,emissions,13.267568214266907,0.18735160079656943
UKESM1-3-LL,esm-hist,r7i1p1f2,g110,tas,CMIP7,global,annual mean,1959,13.557245254516602,degrees_C,22999,historical,emissions,13.267568214266907,0.28967704024969443
UKESM1-3-LL,esm-hist,r7i1p1f2,g110,tas,CMIP7,global,annual mean,1960,13.664453506469727,degrees_C,22999,historical,emissions,13.267568214266907,0.39688529220281943
UKESM1-3-LL,esm-hist,r7i1p1f2,g110,tas,CMIP7,global,annual mean,1961,13.485345840454102,degrees_C,22999,historical,emissions,13.267568214266907,0.21777762618719443
UKESM1-3-LL,esm-hist,r7i1p1f2,g110,tas,CMIP7,global,annual mean,1962,13.439416885375977,degrees_C,22999,historical,emissions,13.267568214266907,0.17184867110906943
UKESM1-3-LL,esm-hist,r7i1p1f2,g110,tas,CMIP7,global,annual mean,1963,13.474786758422852,degrees_C,22999,historical,emissions,13.267568214266907,0.20721854415594443
UKESM1-3-LL,esm-hist,r7i1p1f2,g110,tas,CMIP7,global,annual mean,1964,13.312494277954102,degrees_C,22999,historical,emissions,13.267568214266907,0.04492606368719443
UKESM1-3-LL,esm-hist,r7i1p1f2,g110,tas,CMIP7,global,annual mean,1965,13.351922988891602,degrees_C,22999,historical,emissions,13.267568214266907,0.08435477462469443
UKESM1-3-LL,esm-hist,r7i1p1f2,g110,tas,CMIP7,global,annual mean,1966,13.395685195922852,degrees_C,22999,historical,emissions,13.267568214266907,0.12811698165594443
UKESM1-3-LL,esm-hist,r7i1p1f2,g110,tas,CMIP7,global,annual mean,1967,13.395929336547852,degrees_C,22999,historical,emissions,13.267568214266907,0.12836112228094443
UKESM1-3-LL,esm-hist,r7i1p1f2,g110,tas,CMIP7,global,annual mean,1968,13.459253311157227,degrees_C,22999,historical,emissions,13.267568214266907,0.19168509689031943
UKESM1-3-LL,esm-hist,r7i1p1f2,g110,tas,CMIP7,global,annual mean,1969,13.401056289672852,degrees_C,22999,historical,emissions,13.267568214266907,0.13348807540594443
UKESM1-3-LL,esm-hist,r7i1p1f2,g110,tas,CMIP7,global,annual mean,1970,13.433038711547852,degrees_C,22999,historical,emissions,13.267568214266907,0.16547049728094443
UKESM1-3-LL,esm-hist,r7i1p1f2,g110,tas,CMIP7,global,annual mean,1971,13.273492813110352,degrees_C,22999,historical,emissions,13.267568214266907,0.0059245988434444286
UKESM1-3-LL,esm-hist,r7i1p1f2,g110,tas,CMIP7,global,annual mean,1972,13.316797256469727,degrees_C,22999,historical,emissions,13.267568214266907,0.04922904220281943
UKESM1-3-LL,esm-hist,r7i1p1f2,g110,tas,CMIP7,global,annual mean,1973,13.362909317016602,degrees_C,22999,historical,emissions,13.267568214266907,0.09534110274969443
UKESM1-3-LL,esm-hist,r7i1p1f2,g110,tas,CMIP7,global,annual mean,1974,13.296319961547852,degrees_C,22999,historical,emissions,13.267568214266907,0.02875174728094443
UKESM1-3-LL,esm-hist,r7i1p1f2,g110,tas,CMIP7,global,annual mean,1975,13.258295059204102,degrees_C,22999,historical,emissions,13.267568214266907,-0.009273155062805571
UKESM1-3-LL,esm-hist,r7i1p1f2,g110,tas,CMIP7,global,annual mean,1976,13.453302383422852,degrees_C,22999,historical,emissions,13.267568214266907,0.18573416915594443
UKESM1-3-LL,esm-hist,r7i1p1f2,g110,tas,CMIP7,global,annual mean,1977,13.553216934204102,degrees_C,22999,historical,emissions,13.267568214266907,0.28564871993719443
UKESM1-3-LL,esm-hist,r7i1p1f2,g110,tas,CMIP7,global,annual mean,1978,13.318902969360352,degrees_C,22999,historical,emissions,13.267568214266907,0.05133475509344443
UKESM1-3-LL,esm-hist,r7i1p1f2,g110,tas,CMIP7,global,annual mean,1979,13.380273818969727,degrees_C,22999,historical,emissions,13.267568214266907,0.11270560470281943
UKESM1-3-LL,esm-hist,r7i1p1f2,g110,tas,CMIP7,global,annual mean,1980,13.495599746704102,degrees_C,22999,historical,emissions,13.267568214266907,0.22803153243719443
UKESM1-3-LL,esm-hist,r7i1p1f2,g110,tas,CMIP7,global,annual mean,1981,13.535333633422852,degrees_C,22999,historical,emissions,13.267568214266907,0.26776541915594443
UKESM1-3-LL,esm-hist,r7i1p1f2,g110,tas,CMIP7,global,annual mean,1982,13.371515274047852,degrees_C,22999,historical,emissions,13.267568214266907,0.10394705978094443
UKESM1-3-LL,esm-hist,r7i1p1f2,g110,tas,CMIP7,global,annual mean,1983,13.217279434204102,degrees_C,22999,historical,emissions,13.267568214266907,-0.05028878006280557
UKESM1-3-LL,esm-hist,r7i1p1f2,g110,tas,CMIP7,global,annual mean,1984,13.415033340454102,degrees_C,22999,historical,emissions,13.267568214266907,0.14746512618719443
UKESM1-3-LL,esm-hist,r7i1p1f2,g110,tas,CMIP7,global,annual mean,1985,13.460504531860352,degrees_C,22999,historical,emissions,13.267568214266907,0.19293631759344443
UKESM1-3-LL,esm-hist,r7i1p1f2,g110,tas,CMIP7,global,annual mean,1986,13.291681289672852,degrees_C,22999,historical,emissions,13.267568214266907,0.02411307540594443
UKESM1-3-LL,esm-hist,r7i1p1f2,g110,tas,CMIP7,global,annual mean,1987,13.404230117797852,degrees_C,22999,historical,emissions,13.267568214266907,0.13666190353094443
UKESM1-3-LL,esm-hist,r7i1p1f2,g110,tas,CMIP7,global,annual mean,1988,13.489374160766602,degrees_C,22999,historical,emissions,13.267568214266907,0.22180594649969443
UKESM1-3-LL,esm-hist,r7i1p1f2,g110,tas,CMIP7,global,annual mean,1989,13.518304824829102,degrees_C,22999,historical,emissions,13.267568214266907,0.25073661056219443
UKESM1-3-LL,esm-hist,r7i1p1f2,g110,tas,CMIP7,global,annual mean,1990,13.495080947875977,degrees_C,22999,historical,emissions,13.267568214266907,0.22751273360906943
UKESM1-3-LL,esm-hist,r7i1p1f2,g110,tas,CMIP7,global,annual mean,1991,13.480707168579102,degrees_C,22999,historical,emissions,13.267568214266907,0.21313895431219443
UKESM1-3-LL,esm-hist,r7i1p1f2,g110,tas,CMIP7,global,annual mean,1992,13.232202529907227,degrees_C,22999,historical,emissions,13.267568214266907,-0.03536568435968057
UKESM1-3-LL,esm-hist,r7i1p1f2,g110,tas,CMIP7,global,annual mean,1993,13.255212783813477,degrees_C,22999,historical,emissions,13.267568214266907,-0.012355430453430571
UKESM1-3-LL,esm-hist,r7i1p1f2,g110,tas,CMIP7,global,annual mean,1994,13.320825576782227,degrees_C,22999,historical,emissions,13.267568214266907,0.05325736251531943
UKESM1-3-LL,esm-hist,r7i1p1f2,g110,tas,CMIP7,global,annual mean,1995,13.422601699829102,degrees_C,22999,historical,emissions,13.267568214266907,0.15503348556219443
UKESM1-3-LL,esm-hist,r7i1p1f2,g110,tas,CMIP7,global,annual mean,1996,13.552423477172852,degrees_C,22999,historical,emissions,13.267568214266907,0.28485526290594443
UKESM1-3-LL,esm-hist,r7i1p1f2,g110,tas,CMIP7,global,annual mean,1997,13.542779922485352,degrees_C,22999,historical,emissions,13.267568214266907,0.27521170821844443
UKESM1-3-LL,esm-hist,r7i1p1f2,g110,tas,CMIP7,global,annual mean,1998,13.810541152954102,degrees_C,22999,historical,emissions,13.267568214266907,0.5429729386871944
UKESM1-3-LL,esm-hist,r7i1p1f2,g110,tas,CMIP7,global,annual mean,1999,13.919061660766602,degrees_C,22999,historical,emissions,13.267568214266907,0.6514934464996944
UKESM1-3-LL,esm-hist,r7i1p1f2,g110,tas,CMIP7,global,annual mean,2000,13.760522842407227,degrees_C,22999,historical,emissions,13.267568214266907,0.49295462814031943
UKESM1-3-LL,esm-hist,r7i1p1f2,g110,tas,CMIP7,global,annual mean,2001,13.719476699829102,degrees_C,22999,historical,emissions,13.267568214266907,0.45190848556219443
UKESM1-3-LL,esm-hist,r7i1p1f2,g110,tas,CMIP7,global,annual mean,2002,13.697870254516602,degrees_C,22999,historical,emissions,13.267568214266907,0.43030204024969443
UKESM1-3-LL,esm-hist,r7i1p1f2,g110,tas,CMIP7,global,annual mean,2003,13.856470108032227,degrees_C,22999,historical,emissions,13.267568214266907,0.5889018937653194
UKESM1-3-LL,esm-hist,r7i1p1f2,g110,tas,CMIP7,global,annual mean,2004,14.004938125610352,degrees_C,22999,historical,emissions,13.267568214266907,0.7373699113434444
UKESM1-3-LL,esm-hist,r7i1p1f2,g110,tas,CMIP7,global,annual mean,2005,14.302667617797852,degrees_C,22999,historical,emissions,13.267568214266907,1.0350994035309444
UKESM1-3-LL,esm-hist,r7i1p1f2,g110,tas,CMIP7,global,annual mean,2006,14.188440322875977,degrees_C,22999,historical,emissions,13.267568214266907,0.9208721086090694
UKESM1-3-LL,esm-hist,r7i1p1f2,g110,tas,CMIP7,global,annual mean,2007,14.052423477172852,degrees_C,22999,historical,emissions,13.267568214266907,0.7848552629059444
UKESM1-3-LL,esm-hist,r7i1p1f2,g110,tas,CMIP7,global,annual mean,2008,14.003900527954102,degrees_C,22999,historical,emissions,13.267568214266907,0.7363323136871944
UKESM1-3-LL,esm-hist,r7i1p1f2,g110,tas,CMIP7,global,annual mean,2009,14.110223770141602,degrees_C,22999,historical,emissions,13.267568214266907,0.8426555558746944
UKESM1-3-LL,esm-hist,r7i1p1f2,g110,tas,CMIP7,global,annual mean,2010,14.300592422485352,degrees_C,22999,historical,emissions,13.267568214266907,1.0330242082184444
UKESM1-3-LL,esm-hist,r7i1p1f2,g110,tas,CMIP7,global,annual mean,2011,14.384363174438477,degrees_C,22999,historical,emissions,13.267568214266907,1.1167949601715694
UKESM1-3-LL,esm-hist,r7i1p1f2,g110,tas,CMIP7,global,annual mean,2012,14.153711318969727,degrees_C,22999,historical,emissions,13.267568214266907,0.8861431047028194
UKESM1-3-LL,esm-hist,r7i1p1f2,g110,tas,CMIP7,global,annual mean,2013,14.186059951782227,degrees_C,22999,historical,emissions,13.267568214266907,0.9184917375153194
UKESM1-3-LL,esm-hist,r7i1p1f2,g110,tas,CMIP7,global,annual mean,2014,14.213220596313477,degrees_C,22999,historical,emissions,13.267568214266907,0.9456523820465694
UKESM1-3-LL,esm-hist,r7i1p1f2,g110,tas,CMIP7,global,annual mean,2015,14.297449111938477,degrees_C,22999,historical,emissions,13.267568214266907,1.0298808976715694
UKESM1-3-LL,esm-hist,r7i1p1f2,g110,tas,CMIP7,global,annual mean,2016,14.571039199829102,degrees_C,22999,historical,emissions,13.267568214266907,1.3034709855621944
UKESM1-3-LL,esm-hist,r7i1p1f2,g110,tas,CMIP7,global,annual mean,2017,14.702783584594727,degrees_C,22999,historical,emissions,13.267568214266907,1.4352153703278194
UKESM1-3-LL,esm-hist,r7i1p1f2,g110,tas,CMIP7,global,annual mean,2018,14.726434707641602,degrees_C,22999,historical,emissions,13.267568214266907,1.4588664933746944
UKESM1-3-LL,esm-hist,r7i1p1f2,g110,tas,CMIP7,global,annual mean,2019,14.504266738891602,degrees_C,22999,historical,emissions,13.267568214266907,1.2366985246246944
UKESM1-3-LL,esm-hist,r7i1p1f2,g110,tas,CMIP7,global,annual mean,2020,14.690942764282227,degrees_C,22999,historical,emissions,13.267568214266907,1.4233745500153194
UKESM1-3-LL,esm-hist,r7i1p1f2,g110,tas,CMIP7,global,annual mean,2021,14.855157852172852,degrees_C,22999,historical,emissions,13.267568214266907,1.5875896379059444
UKESM1-3-LL,esm-scen7-h,r1i1p1f1,g110,tas,CMIP7,global,annual mean,2022,14.816461563110352,degrees_C,23001,h,emissions,13.187479318356981,1.6289822447533702
UKESM1-3-LL,esm-scen7-h,r1i1p1f1,g110,tas,CMIP7,global,annual mean,2023,14.734674453735352,degrees_C,23001,h,emissions,13.187479318356981,1.5471951353783702
UKESM1-3-LL,esm-scen7-h,r1i1p1f1,g110,tas,CMIP7,global,annual mean,2024,14.877099990844727,degrees_C,23001,h,emissions,13.187479318356981,1.6896206724877452
UKESM1-3-LL,esm-scen7-h,r1i1p1f1,g110,tas,CMIP7,global,annual mean,2025,14.980432510375977,degrees_C,23001,h,emissions,13.187479318356981,1.7929531920189952
UKESM1-3-LL,esm-scen7-h,r1i1p1f1,g110,tas,CMIP7,global,annual mean,2026,14.842279434204102,degrees_C,23001,h,emissions,13.187479318356981,1.6548001158471202
UKESM1-3-LL,esm-scen7-h,r1i1p1f1,g110,tas,CMIP7,global,annual mean,2027,14.908563613891602,degrees_C,23001,h,emissions,13.187479318356981,1.7210842955346202
UKESM1-3-LL,esm-scen7-h,r1i1p1f1,g110,tas,CMIP7,global,annual mean,2028,14.843194961547852,degrees_C,23001,h,emissions,13.187479318356981,1.6557156431908702
UKESM1-3-LL,esm-scen7-h,r1i1p1f1,g110,tas,CMIP7,global,annual mean,2029,14.882959365844727,degrees_C,23001,h,emissions,13.187479318356981,1.6954800474877452
UKESM1-3-LL,esm-scen7-h,r1i1p1f1,g110,tas,CMIP7,global,annual mean,2030,15.031000137329102,degrees_C,23001,h,emissions,13.187479318356981,1.8435208189721202
UKESM1-3-LL,esm-scen7-h,r1i1p1f1,g110,tas,CMIP7,global,annual mean,2031,15.065668106079102,degrees_C,23001,h,emissions,13.187479318356981,1.8781887877221202
UKESM1-3-LL,esm-scen7-h,r1i1p1f1,g110,tas,CMIP7,global,annual mean,2032,15.182245254516602,degrees_C,23001,h,emissions,13.187479318356981,1.9947659361596202
UKESM1-3-LL,esm-scen7-h,r1i1p1f1,g110,tas,CMIP7,global,annual mean,2033,15.308130264282227,degrees_C,23001,h,emissions,13.187479318356981,2.120650945925245
UKESM1-3-LL,esm-scen7-h,r1i1p1f1,g110,tas,CMIP7,global,annual mean,2034,15.421228408813477,degrees_C,23001,h,emissions,13.187479318356981,2.233749090456495
UKESM1-3-LL,esm-scen7-h,r1i1p1f1,g110,tas,CMIP7,global,annual mean,2035,15.400476455688477,degrees_C,23001,h,emissions,13.187479318356981,2.212997137331495
UKESM1-3-LL,esm-scen7-h,r1i1p1f1,g110,tas,CMIP7,global,annual mean,2036,15.410211563110352,degrees_C,23001,h,emissions,13.187479318356981,2.22273224475337
UKESM1-3-LL,esm-scen7-h,r1i1p1f1,g110,tas,CMIP7,global,annual mean,2037,15.493463516235352,degrees_C,23001,h,emissions,13.187479318356981,2.30598419787837
UKESM1-3-LL,esm-scen7-h,r1i1p1f1,g110,tas,CMIP7,global,annual mean,2038,15.602441787719727,degrees_C,23001,h,emissions,13.187479318356981,2.414962469362745
UKESM1-3-LL,esm-scen7-h,r1i1p1f1,g110,tas,CMIP7,global,annual mean,2039,15.488794326782227,degrees_C,23001,h,emissions,13.187479318356981,2.301315008425245
UKESM1-3-LL,esm-scen7-h,r1i1p1f1,g110,tas,CMIP7,global,annual mean,2040,15.632349014282227,degrees_C,23001,h,emissions,13.187479318356981,2.444869695925245
UKESM1-3-LL,esm-scen7-h,r1i1p1f1,g110,tas,CMIP7,global,annual mean,2041,15.744592666625977,degrees_C,23001,h,emissions,13.187479318356981,2.557113348268995
UKESM1-3-LL,esm-scen7-h,r1i1p1f1,g110,tas,CMIP7,global,annual mean,2042,15.624261856079102,degrees_C,23001,h,emissions,13.187479318356981,2.43678253772212
UKESM1-3-LL,esm-scen7-h,r1i1p1f1,g110,tas,CMIP7,global,annual mean,2043,15.703851699829102,degrees_C,23001,h,emissions,13.187479318356981,2.51637238147212
UKESM1-3-LL,esm-scen7-h,r1i1p1f1,g110,tas,CMIP7,global,annual mean,2044,15.561731338500977,degrees_C,23001,h,emissions,13.187479318356981,2.374252020143995
UKESM1-3-LL,esm-scen7-h,r1i1p1f1,g110,tas,CMIP7,global,annual mean,2045,15.602838516235352,degrees_C,23001,h,emissions,13.187479318356981,2.41535919787837
UKESM1-3-LL,esm-scen7-h,r1i1p1f1,g110,tas,CMIP7,global,annual mean,2046,15.730218887329102,degrees_C,23001,h,emissions,13.187479318356981,2.54273956897212
UKESM1-3-LL,esm-scen7-h,r1i1p1f1,g110,tas,CMIP7,global,annual mean,2047,15.656244277954102,degrees_C,23001,h,emissions,13.187479318356981,2.46876495959712
UKESM1-3-LL,esm-scen7-h,r1i1p1f1,g110,tas,CMIP7,global,annual mean,2048,15.799890518188477,degrees_C,23001,h,emissions,13.187479318356981,2.612411199831495
UKESM1-3-LL,esm-scen7-h,r1i1p1f1,g110,tas,CMIP7,global,annual mean,2049,15.965143203735352,degrees_C,23001,h,emissions,13.187479318356981,2.77766388537837
UKESM1-3-LL,esm-scen7-h,r1i1p1f1,g110,tas,CMIP7,global,annual mean,2050,15.976068496704102,degrees_C,23001,h,emissions,13.187479318356981,2.78858917834712
UKESM1-3-LL,esm-scen7-h,r1i1p1f1,g110,tas,CMIP7,global,annual mean,2051,16.01104164123535,degrees_C,23001,h,emissions,13.187479318356981,2.82356232287837
UKESM1-3-LL,esm-scen7-h,r1i1p1f1,g110,tas,CMIP7,global,annual mean,2052,15.864404678344727,degrees_C,23001,h,emissions,13.187479318356981,2.676925359987745
UKESM1-3-LL,esm-scen7-h,r1i1p1f1,g110,tas,CMIP7,global,annual mean,2053,16.0283145904541,degrees_C,23001,h,emissions,13.187479318356981,2.84083527209712
UKESM1-3-LL,esm-scen7-h,r1i1p1f1,g110,tas,CMIP7,global,annual mean,2054,16.004297256469727,degrees_C,23001,h,emissions,13.187479318356981,2.816817938112745
UKESM1-3-LL,esm-scen7-h,r1i1p1f1,g110,tas,CMIP7,global,annual mean,2055,16.031579971313477,degrees_C,23001,h,emissions,13.187479318356981,2.844100652956495
UKESM1-3-LL,esm-scen7-h,r1i1p1f1,g110,tas,CMIP7,global,annual mean,2056,16.117700576782227,degrees_C,23001,h,emissions,13.187479318356981,2.930221258425245
UKESM1-3-LL,esm-scen7-h,r1i1p1f1,g110,tas,CMIP7,global,annual mean,2057,16.15093421936035,degrees_C,23001,h,emissions,13.187479318356981,2.96345490100337
UKESM1-3-LL,esm-scen7-h,r1i1p1f1,g110,tas,CMIP7,global,annual mean,2058,16.1348819732666,degrees_C,23001,h,emissions,13.187479318356981,2.94740265490962
UKESM1-3-LL,esm-scen7-h,r1i1p1f1,g110,tas,CMIP7,global,annual mean,2059,16.2685489654541,degrees_C,23001,h,emissions,13.187479318356981,3.08106964709712
UKESM1-3-LL,esm-scen7-h,r1i1p1f1,g110,tas,CMIP7,global,annual mean,2060,16.3514347076416,degrees_C,23001,h,emissions,13.187479318356981,3.16395538928462
UKESM1-3-LL,esm-scen7-h,r1i1p1f1,g110,tas,CMIP7,global,annual mean,2061,16.411218643188477,degrees_C,23001,h,emissions,13.187479318356981,3.223739324831495
UKESM1-3-LL,esm-scen7-h,r1i1p1f1,g110,tas,CMIP7,global,annual mean,2062,16.28826332092285,degrees_C,23001,h,emissions,13.187479318356981,3.10078400256587
UKESM1-3-LL,esm-scen7-h,r1i1p1f1,g110,tas,CMIP7,global,annual mean,2063,16.392053604125977,degrees_C,23001,h,emissions,13.187479318356981,3.204574285768995
UKESM1-3-LL,esm-scen7-h,r1i1p1f1,g110,tas,CMIP7,global,annual mean,2064,16.58770179748535,degrees_C,23001,h,emissions,13.187479318356981,3.40022247912837
UKESM1-3-LL,esm-scen7-h,r1i1p1f1,g110,tas,CMIP7,global,annual mean,2065,16.4960880279541,degrees_C,23001,h,emissions,13.187479318356981,3.30860870959712
UKESM1-3-LL,esm-scen7-h,r1i1p1f1,g110,tas,CMIP7,global,annual mean,2066,16.61480140686035,degrees_C,23001,h,emissions,13.187479318356981,3.42732208850337
UKESM1-3-LL,esm-scen7-h,r1i1p1f1,g110,tas,CMIP7,global,annual mean,2067,16.61785316467285,degrees_C,23001,h,emissions,13.187479318356981,3.43037384631587
UKESM1-3-LL,esm-scen7-h,r1i1p1f1,g110,tas,CMIP7,global,annual mean,2068,16.63652992248535,degrees_C,23001,h,emissions,13.187479318356981,3.44905060412837
UKESM1-3-LL,esm-scen7-h,r1i1p1f1,g110,tas,CMIP7,global,annual mean,2069,16.670373916625977,degrees_C,23001,h,emissions,13.187479318356981,3.482894598268995
UKESM1-3-LL,esm-scen7-h,r1i1p1f1,g110,tas,CMIP7,global,annual mean,2070,16.569238662719727,degrees_C,23001,h,emissions,13.187479318356981,3.381759344362745
UKESM1-3-LL,esm-scen7-h,r1i1p1f1,g110,tas,CMIP7,global,annual mean,2071,16.75933265686035,degrees_C,23001,h,emissions,13.187479318356981,3.57185333850337
UKESM1-3-LL,esm-scen7-h,r1i1p1f1,g110,tas,CMIP7,global,annual mean,2072,16.750085830688477,degrees_C,23001,h,emissions,13.187479318356981,3.562606512331495
UKESM1-3-LL,esm-scen7-h,r1i1p1f1,g110,tas,CMIP7,global,annual mean,2073,16.899255752563477,degrees_C,23001,h,emissions,13.187479318356981,3.711776434206495
UKESM1-3-LL,esm-scen7-h,r1i1p1f1,g110,tas,CMIP7,global,annual mean,2074,16.9814395904541,degrees_C,23001,h,emissions,13.187479318356981,3.79396027209712
UKESM1-3-LL,esm-scen7-h,r1i1p1f1,g110,tas,CMIP7,global,annual mean,2075,16.9316349029541,degrees_C,23001,h,emissions,13.187479318356981,3.74415558459712
UKESM1-3-LL,esm-scen7-h,r1i1p1f1,g110,tas,CMIP7,global,annual mean,2076,16.854089736938477,degrees_C,23001,h,emissions,13.187479318356981,3.666610418581495
UKESM1-3-LL,esm-scen7-h,r1i1p1f1,g110,tas,CMIP7,global,annual mean,2077,16.975671768188477,degrees_C,23001,h,emissions,13.187479318356981,3.788192449831495
UKESM1-3-LL,esm-scen7-h,r1i1p1f1,g110,tas,CMIP7,global,annual mean,2078,17.2089786529541,degrees_C,23001,h,emissions,13.187479318356981,4.02149933459712
UKESM1-3-LL,esm-scen7-h,r1i1p1f1,g110,tas,CMIP7,global,annual mean,2079,17.1096134185791,degrees_C,23001,h,emissions,13.187479318356981,3.92213410022212
UKESM1-3-LL,esm-scen7-h,r1i1p1f1,g110,tas,CMIP7,global,annual mean,2080,17.114953994750977,degrees_C,23001,h,emissions,13.187479318356981,3.927474676393995
UKESM1-3-LL,esm-scen7-h,r1i1p1f1,g110,tas,CMIP7,global,annual mean,2081,17.2875919342041,degrees_C,23001,h,emissions,13.187479318356981,4.10011261584712
UKESM1-3-LL,esm-scen7-h,r1i1p1f1,g110,tas,CMIP7,global,annual mean,2082,17.3452091217041,degrees_C,23001,h,emissions,13.187479318356981,4.15772980334712
UKESM1-3-LL,esm-scen7-h,r1i1p1f1,g110,tas,CMIP7,global,annual mean,2083,17.5530948638916,degrees_C,23001,h,emissions,13.187479318356981,4.36561554553462
UKESM1-3-LL,esm-scen7-h,r1i1p1f1,g110,tas,CMIP7,global,annual mean,2084,17.34502601623535,degrees_C,23001,h,emissions,13.187479318356981,4.15754669787837
UKESM1-3-LL,esm-scen7-h,r1i1p1f1,g110,tas,CMIP7,global,annual mean,2085,17.300806045532227,degrees_C,23001,h,emissions,13.187479318356981,4.113326727175245
UKESM1-3-LL,esm-scen7-h,r1i1p1f1,g110,tas,CMIP7,global,annual mean,2086,17.4693546295166,degrees_C,23001,h,emissions,13.187479318356981,4.28187531115962
UKESM1-3-LL,esm-scen7-h,r1i1p1f1,g110,tas,CMIP7,global,annual mean,2087,17.589319229125977,degrees_C,23001,h,emissions,13.187479318356981,4.401839910768995
UKESM1-3-LL,esm-scen7-h,r1i1p1f1,g110,tas,CMIP7,global,annual mean,2088,17.497461318969727,degrees_C,23001,h,emissions,13.187479318356981,4.309982000612745
UKESM1-3-LL,esm-scen7-h,r1i1p1f1,g110,tas,CMIP7,global,annual mean,2089,17.696435928344727,degrees_C,23001,h,emissions,13.187479318356981,4.508956609987745
UKESM1-3-LL,esm-scen7-h,r1i1p1f1,g110,tas,CMIP7,global,annual mean,2090,17.7452335357666,degrees_C,23001,h,emissions,13.187479318356981,4.55775421740962
UKESM1-3-LL,esm-scen7-h,r1i1p1f1,g110,tas,CMIP7,global,annual mean,2091,17.55022621154785,degrees_C,23001,h,emissions,13.187479318356981,4.36274689319087
UKESM1-3-LL,esm-scen7-h,r1i1p1f1,g110,tas,CMIP7,global,annual mean,2092,17.5849552154541,degrees_C,23001,h,emissions,13.187479318356981,4.39747589709712
UKESM1-3-LL,esm-scen7-h,r1i1p1f1,g110,tas,CMIP7,global,annual mean,2093,17.783411026000977,degrees_C,23001,h,emissions,13.187479318356981,4.595931707643995
UKESM1-3-LL,esm-scen7-h,r1i1p1f1,g110,tas,CMIP7,global,annual mean,2094,18.011438369750977,degrees_C,23001,h,emissions,13.187479318356981,4.823959051393995
UKESM1-3-LL,esm-scen7-h,r1i1p1f1,g110,tas,CMIP7,global,annual mean,2095,17.777002334594727,degrees_C,23001,h,emissions,13.187479318356981,4.589523016237745
UKESM1-3-LL,esm-scen7-h,r1i1p1f1,g110,tas,CMIP7,global,annual mean,2096,17.8892765045166,degrees_C,23001,h,emissions,13.187479318356981,4.70179718615962
UKESM1-3-LL,esm-scen7-h,r1i1p1f1,g110,tas,CMIP7,global,annual mean,2097,17.91179847717285,degrees_C,23001,h,emissions,13.187479318356981,4.72431915881587
UKESM1-3-LL,esm-scen7-h,r1i1p1f1,g110,tas,CMIP7,global,annual mean,2098,17.93499183654785,degrees_C,23001,h,emissions,13.187479318356981,4.74751251819087
UKESM1-3-LL,esm-scen7-h,r1i1p1f1,g110,tas,CMIP7,global,annual mean,2099,18.0174503326416,degrees_C,23001,h,emissions,13.187479318356981,4.82997101428462
UKESM1-3-LL,esm-scen7-h,r1i1p1f1,g110,tas,CMIP7,global,annual mean,2100,18.10540199279785,degrees_C,23001,h,emissions,13.187479318356981,4.91792267444087
UKESM1-3-LL,esm-hist,r5i1p1f1,g110,tas,CMIP7,global,annual mean,1850,13.212884902954102,degrees_C,23103,historical,emissions,13.235472099453796,-0.02258719649969443
UKESM1-3-LL,esm-hist,r5i1p1f1,g110,tas,CMIP7,global,annual mean,1851,13.260248184204102,degrees_C,23103,historical,emissions,13.235472099453796,0.02477608475030557
UKESM1-3-LL,esm-hist,r5i1p1f1,g110,tas,CMIP7,global,annual mean,1852,13.375085830688477,degrees_C,23103,historical,emissions,13.235472099453796,0.13961373123468057
UKESM1-3-LL,esm-hist,r5i1p1f1,g110,tas,CMIP7,global,annual mean,1853,13.264978408813477,degrees_C,23103,historical,emissions,13.235472099453796,0.02950630935968057
UKESM1-3-LL,esm-hist,r5i1p1f1,g110,tas,CMIP7,global,annual mean,1854,13.282220840454102,degrees_C,23103,historical,emissions,13.235472099453796,0.04674874100030557
UKESM1-3-LL,esm-hist,r5i1p1f1,g110,tas,CMIP7,global,annual mean,1855,13.107660293579102,degrees_C,23103,historical,emissions,13.235472099453796,-0.12781180587469443
UKESM1-3-LL,esm-hist,r5i1p1f1,g110,tas,CMIP7,global,annual mean,1856,13.229730606079102,degrees_C,23103,historical,emissions,13.235472099453796,-0.0057414933746944286
UKESM1-3-LL,esm-hist,r5i1p1f1,g110,tas,CMIP7,global,annual mean,1857,13.197412490844727,degrees_C,23103,historical,emissions,13.235472099453796,-0.03805960860906943
UKESM1-3-LL,esm-hist,r5i1p1f1,g110,tas,CMIP7,global,annual mean,1858,13.089746475219727,degrees_C,23103,historical,emissions,13.235472099453796,-0.14572562423406943
UKESM1-3-LL,esm-hist,r5i1p1f1,g110,tas,CMIP7,global,annual mean,1859,13.049921035766602,degrees_C,23103,historical,emissions,13.235472099453796,-0.18555106368719443
UKESM1-3-LL,esm-hist,r5i1p1f1,g110,tas,CMIP7,global,annual mean,1860,12.904077529907227,degrees_C,23103,historical,emissions,13.235472099453796,-0.33139456954656943
UKESM1-3-LL,esm-hist,r5i1p1f1,g110,tas,CMIP7,global,annual mean,1861,12.966302871704102,degrees_C,23103,historical,emissions,13.235472099453796,-0.26916922774969443
UKESM1-3-LL,esm-hist,r5i1p1f1,g110,tas,CMIP7,global,annual mean,1862,13.050622940063477,degrees_C,23103,historical,emissions,13.235472099453796,-0.18484915939031943
UKESM1-3-LL,esm-hist,r5i1p1f1,g110,tas,CMIP7,global,annual mean,1863,13.024286270141602,degrees_C,23103,historical,emissions,13.235472099453796,-0.21118582931219443
UKESM1-3-LL,esm-hist,r5i1p1f1,g110,tas,CMIP7,global,annual mean,1864,13.085779190063477,degrees_C,23103,historical,emissions,13.235472099453796,-0.14969290939031943
UKESM1-3-LL,esm-hist,r5i1p1f1,g110,tas,CMIP7,global,annual mean,1865,13.165491104125977,degrees_C,23103,historical,emissions,13.235472099453796,-0.06998099532781943
UKESM1-3-LL,esm-hist,r5i1p1f1,g110,tas,CMIP7,global,annual mean,1866,13.201837539672852,degrees_C,23103,historical,emissions,13.235472099453796,-0.03363455978094443
UKESM1-3-LL,esm-hist,r5i1p1f1,g110,tas,CMIP7,global,annual mean,1867,13.256921768188477,degrees_C,23103,historical,emissions,13.235472099453796,0.02144966873468057
UKESM1-3-LL,esm-hist,r5i1p1f1,g110,tas,CMIP7,global,annual mean,1868,13.191888809204102,degrees_C,23103,historical,emissions,13.235472099453796,-0.04358329024969443
UKESM1-3-LL,esm-hist,r5i1p1f1,g110,tas,CMIP7,global,annual mean,1869,13.236932754516602,degrees_C,23103,historical,emissions,13.235472099453796,0.0014606550628055714
UKESM1-3-LL,esm-hist,r5i1p1f1,g110,tas,CMIP7,global,annual mean,1870,13.511163711547852,degrees_C,23103,historical,emissions,13.235472099453796,0.27569161209405557
UKESM1-3-LL,esm-hist,r5i1p1f1,g110,tas,CMIP7,global,annual mean,1871,13.496759414672852,degrees_C,23103,historical,emissions,13.235472099453796,0.26128731521905557
UKESM1-3-LL,esm-hist,r5i1p1f1,g110,tas,CMIP7,global,annual mean,1872,13.375024795532227,degrees_C,23103,historical,emissions,13.235472099453796,0.13955269607843057
UKESM1-3-LL,esm-hist,r5i1p1f1,g110,tas,CMIP7,global,annual mean,1873,13.286676406860352,degrees_C,23103,historical,emissions,13.235472099453796,0.05120430740655557
UKESM1-3-LL,esm-hist,r5i1p1f1,g110,tas,CMIP7,global,annual mean,1874,13.343866348266602,degrees_C,23103,historical,emissions,13.235472099453796,0.10839424881280557
UKESM1-3-LL,esm-hist,r5i1p1f1,g110,tas,CMIP7,global,annual mean,1875,13.177026748657227,degrees_C,23103,historical,emissions,13.235472099453796,-0.05844535079656943
UKESM1-3-LL,esm-hist,r5i1p1f1,g110,tas,CMIP7,global,annual mean,1876,13.265130996704102,degrees_C,23103,historical,emissions,13.235472099453796,0.02965889725030557
UKESM1-3-LL,esm-hist,r5i1p1f1,g110,tas,CMIP7,global,annual mean,1877,13.437067031860352,degrees_C,23103,historical,emissions,13.235472099453796,0.20159493240655557
UKESM1-3-LL,esm-hist,r5i1p1f1,g110,tas,CMIP7,global,annual mean,1878,13.497735977172852,degrees_C,23103,historical,emissions,13.235472099453796,0.26226387771905557
UKESM1-3-LL,esm-hist,r5i1p1f1,g110,tas,CMIP7,global,annual mean,1879,13.540216445922852,degrees_C,23103,historical,emissions,13.235472099453796,0.30474434646905557
UKESM1-3-LL,esm-hist,r5i1p1f1,g110,tas,CMIP7,global,annual mean,1880,13.489862442016602,degrees_C,23103,historical,emissions,13.235472099453796,0.25439034256280557
UKESM1-3-LL,esm-hist,r5i1p1f1,g110,tas,CMIP7,global,annual mean,1881,13.304437637329102,degrees_C,23103,historical,emissions,13.235472099453796,0.06896553787530557
UKESM1-3-LL,esm-hist,r5i1p1f1,g110,tas,CMIP7,global,annual mean,1882,13.327692031860352,degrees_C,23103,historical,emissions,13.235472099453796,0.09221993240655557
UKESM1-3-LL,esm-hist,r5i1p1f1,g110,tas,CMIP7,global,annual mean,1883,13.469293594360352,degrees_C,23103,historical,emissions,13.235472099453796,0.23382149490655557
UKESM1-3-LL,esm-hist,r5i1p1f1,g110,tas,CMIP7,global,annual mean,1884,13.147241592407227,degrees_C,23103,historical,emissions,13.235472099453796,-0.08823050704656943
UKESM1-3-LL,esm-hist,r5i1p1f1,g110,tas,CMIP7,global,annual mean,1885,13.029047012329102,degrees_C,23103,historical,emissions,13.235472099453796,-0.20642508712469443
UKESM1-3-LL,esm-hist,r5i1p1f1,g110,tas,CMIP7,global,annual mean,1886,13.126001358032227,degrees_C,23103,historical,emissions,13.235472099453796,-0.10947074142156943
UKESM1-3-LL,esm-hist,r5i1p1f1,g110,tas,CMIP7,global,annual mean,1887,13.228143692016602,degrees_C,23103,historical,emissions,13.235472099453796,-0.0073284074371944286
UKESM1-3-LL,esm-hist,r5i1p1f1,g110,tas,CMIP7,global,annual mean,1888,13.062280654907227,degrees_C,23103,historical,emissions,13.235472099453796,-0.17319144454656943
UKESM1-3-LL,esm-hist,r5i1p1f1,g110,tas,CMIP7,global,annual mean,1889,13.050378799438477,degrees_C,23103,historical,emissions,13.235472099453796,-0.18509330001531943
UKESM1-3-LL,esm-hist,r5i1p1f1,g110,tas,CMIP7,global,annual mean,1890,13.184320449829102,degrees_C,23103,historical,emissions,13.235472099453796,-0.05115164962469443
UKESM1-3-LL,esm-hist,r5i1p1f1,g110,tas,CMIP7,global,annual mean,1891,13.179193496704102,degrees_C,23103,historical,emissions,13.235472099453796,-0.05627860274969443
UKESM1-3-LL,esm-hist,r5i1p1f1,g110,tas,CMIP7,global,annual mean,1892,13.301172256469727,degrees_C,23103,historical,emissions,13.235472099453796,0.06570015701593057
UKESM1-3-LL,esm-hist,r5i1p1f1,g110,tas,CMIP7,global,annual mean,1893,13.238092422485352,degrees_C,23103,historical,emissions,13.235472099453796,0.0026203230315555714
UKESM1-3-LL,esm-hist,r5i1p1f1,g110,tas,CMIP7,global,annual mean,1894,13.229272842407227,degrees_C,23103,historical,emissions,13.235472099453796,-0.0061992570465694286
UKESM1-3-LL,esm-hist,r5i1p1f1,g110,tas,CMIP7,global,annual mean,1895,13.253747940063477,degrees_C,23103,historical,emissions,13.235472099453796,0.01827584060968057
UKESM1-3-LL,esm-hist,r5i1p1f1,g110,tas,CMIP7,global,annual mean,1896,13.256586074829102,degrees_C,23103,historical,emissions,13.235472099453796,0.02111397537530557
UKESM1-3-LL,esm-hist,r5i1p1f1,g110,tas,CMIP7,global,annual mean,1897,13.263238906860352,degrees_C,23103,historical,emissions,13.235472099453796,0.02776680740655557
UKESM1-3-LL,esm-hist,r5i1p1f1,g110,tas,CMIP7,global,annual mean,1898,13.231195449829102,degrees_C,23103,historical,emissions,13.235472099453796,-0.0042766496246944286
UKESM1-3-LL,esm-hist,r5i1p1f1,g110,tas,CMIP7,global,annual mean,1899,13.256341934204102,degrees_C,23103,historical,emissions,13.235472099453796,0.02086983475030557
UKESM1-3-LL,esm-hist,r5i1p1f1,g110,tas,CMIP7,global,annual mean,1900,13.296838760375977,degrees_C,23103,historical,emissions,13.235472099453796,0.06136666092218057
UKESM1-3-LL,esm-hist,r5i1p1f1,g110,tas,CMIP7,global,annual mean,1901,13.461969375610352,degrees_C,23103,historical,emissions,13.235472099453796,0.22649727615655557
UKESM1-3-LL,esm-hist,r5i1p1f1,g110,tas,CMIP7,global,annual mean,1902,13.436731338500977,degrees_C,23103,historical,emissions,13.235472099453796,0.20125923904718057
UKESM1-3-LL,esm-hist,r5i1p1f1,g110,tas,CMIP7,global,annual mean,1903,13.379632949829102,degrees_C,23103,historical,emissions,13.235472099453796,0.14416085037530557
UKESM1-3-LL,esm-hist,r5i1p1f1,g110,tas,CMIP7,global,annual mean,1904,13.318536758422852,degrees_C,23103,historical,emissions,13.235472099453796,0.08306465896905557
UKESM1-3-LL,esm-hist,r5i1p1f1,g110,tas,CMIP7,global,annual mean,1905,13.295312881469727,degrees_C,23103,historical,emissions,13.235472099453796,0.05984078201593057
UKESM1-3-LL,esm-hist,r5i1p1f1,g110,tas,CMIP7,global,annual mean,1906,13.319818496704102,degrees_C,23103,historical,emissions,13.235472099453796,0.08434639725030557
UKESM1-3-LL,esm-hist,r5i1p1f1,g110,tas,CMIP7,global,annual mean,1907,13.020776748657227,degrees_C,23103,historical,emissions,13.235472099453796,-0.21469535079656943
UKESM1-3-LL,esm-hist,r5i1p1f1,g110,tas,CMIP7,global,annual mean,1908,13.191186904907227,degrees_C,23103,historical,emissions,13.235472099453796,-0.04428519454656943
UKESM1-3-LL,esm-hist,r5i1p1f1,g110,tas,CMIP7,global,annual mean,1909,13.354059219360352,degrees_C,23103,historical,emissions,13.235472099453796,0.11858711990655557
UKESM1-3-LL,esm-hist,r5i1p1f1,g110,tas,CMIP7,global,annual mean,1910,13.125452041625977,degrees_C,23103,historical,emissions,13.235472099453796,-0.11002005782781943
UKESM1-3-LL,esm-hist,r5i1p1f1,g110,tas,CMIP7,global,annual mean,1911,13.134302139282227,degrees_C,23103,historical,emissions,13.235472099453796,-0.10116996017156943
UKESM1-3-LL,esm-hist,r5i1p1f1,g110,tas,CMIP7,global,annual mean,1912,13.260614395141602,degrees_C,23103,historical,emissions,13.235472099453796,0.02514229568780557
UKESM1-3-LL,esm-hist,r5i1p1f1,g110,tas,CMIP7,global,annual mean,1913,13.183221817016602,degrees_C,23103,historical,emissions,13.235472099453796,-0.05225028243719443
UKESM1-3-LL,esm-hist,r5i1p1f1,g110,tas,CMIP7,global,annual mean,1914,13.251520156860352,degrees_C,23103,historical,emissions,13.235472099453796,0.01604805740655557
UKESM1-3-LL,esm-hist,r5i1p1f1,g110,tas,CMIP7,global,annual mean,1915,13.193170547485352,degrees_C,23103,historical,emissions,13.235472099453796,-0.04230155196844443
UKESM1-3-LL,esm-hist,r5i1p1f1,g110,tas,CMIP7,global,annual mean,1916,13.282953262329102,degrees_C,23103,historical,emissions,13.235472099453796,0.04748116287530557
UKESM1-3-LL,esm-hist,r5i1p1f1,g110,tas,CMIP7,global,annual mean,1917,13.294519424438477,degrees_C,23103,historical,emissions,13.235472099453796,0.05904732498468057
UKESM1-3-LL,esm-hist,r5i1p1f1,g110,tas,CMIP7,global,annual mean,1918,13.200250625610352,degrees_C,23103,historical,emissions,13.235472099453796,-0.03522147384344443
UKESM1-3-LL,esm-hist,r5i1p1f1,g110,tas,CMIP7,global,annual mean,1919,13.077051162719727,degrees_C,23103,historical,emissions,13.235472099453796,-0.15842093673406943
UKESM1-3-LL,esm-hist,r5i1p1f1,g110,tas,CMIP7,global,annual mean,1920,13.117670059204102,degrees_C,23103,historical,emissions,13.235472099453796,-0.11780204024969443
UKESM1-3-LL,esm-hist,r5i1p1f1,g110,tas,CMIP7,global,annual mean,1921,13.320367813110352,degrees_C,23103,historical,emissions,13.235472099453796,0.08489571365655557
UKESM1-3-LL,esm-hist,r5i1p1f1,g110,tas,CMIP7,global,annual mean,1922,13.363122940063477,degrees_C,23103,historical,emissions,13.235472099453796,0.12765084060968057
UKESM1-3-LL,esm-hist,r5i1p1f1,g110,tas,CMIP7,global,annual mean,1923,13.478662490844727,degrees_C,23103,historical,emissions,13.235472099453796,0.24319039139093057
UKESM1-3-LL,esm-hist,r5i1p1f1,g110,tas,CMIP7,global,annual mean,1924,13.505975723266602,degrees_C,23103,historical,emissions,13.235472099453796,0.27050362381280557
UKESM1-3-LL,esm-hist,r5i1p1f1,g110,tas,CMIP7,global,annual mean,1925,13.535638809204102,degrees_C,23103,historical,emissions,13.235472099453796,0.30016670975030557
UKESM1-3-LL,esm-hist,r5i1p1f1,g110,tas,CMIP7,global,annual mean,1926,13.473260879516602,degrees_C,23103,historical,emissions,13.235472099453796,0.23778878006280557
UKESM1-3-LL,esm-hist,r5i1p1f1,g110,tas,CMIP7,global,annual mean,1927,13.281244277954102,degrees_C,23103,historical,emissions,13.235472099453796,0.04577217850030557
UKESM1-3-LL,esm-hist,r5i1p1f1,g110,tas,CMIP7,global,annual mean,1928,13.225702285766602,degrees_C,23103,historical,emissions,13.235472099453796,-0.009769813687194429
UKESM1-3-LL,esm-hist,r5i1p1f1,g110,tas,CMIP7,global,annual mean,1929,13.285974502563477,degrees_C,23103,historical,emissions,13.235472099453796,0.05050240310968057
UKESM1-3-LL,esm-hist,r5i1p1f1,g110,tas,CMIP7,global,annual mean,1930,13.570489883422852,degrees_C,23103,historical,emissions,13.235472099453796,0.33501778396905557
UKESM1-3-LL,esm-hist,r5i1p1f1,g110,tas,CMIP7,global,annual mean,1931,13.658533096313477,degrees_C,23103,historical,emissions,13.235472099453796,0.42306099685968057
UKESM1-3-LL,esm-hist,r5i1p1f1,g110,tas,CMIP7,global,annual mean,1932,13.615106582641602,degrees_C,23103,historical,emissions,13.235472099453796,0.37963448318780557
UKESM1-3-LL,esm-hist,r5i1p1f1,g110,tas,CMIP7,global,annual mean,1933,13.343561172485352,degrees_C,23103,historical,emissions,13.235472099453796,0.10808907303155557
UKESM1-3-LL,esm-hist,r5i1p1f1,g110,tas,CMIP7,global,annual mean,1934,13.180292129516602,degrees_C,23103,historical,emissions,13.235472099453796,-0.05517996993719443
UKESM1-3-LL,esm-hist,r5i1p1f1,g110,tas,CMIP7,global,annual mean,1935,13.281549453735352,degrees_C,23103,historical,emissions,13.235472099453796,0.04607735428155557
UKESM1-3-LL,esm-hist,r5i1p1f1,g110,tas,CMIP7,global,annual mean,1936,13.289636611938477,degrees_C,23103,historical,emissions,13.235472099453796,0.05416451248468057
UKESM1-3-LL,esm-hist,r5i1p1f1,g110,tas,CMIP7,global,annual mean,1937,13.268213272094727,degrees_C,23103,historical,emissions,13.235472099453796,0.03274117264093057
UKESM1-3-LL,esm-hist,r5i1p1f1,g110,tas,CMIP7,global,annual mean,1938,13.323846817016602,degrees_C,23103,historical,emissions,13.235472099453796,0.08837471756280557
UKESM1-3-LL,esm-hist,r5i1p1f1,g110,tas,CMIP7,global,annual mean,1939,13.387140274047852,degrees_C,23103,historical,emissions,13.235472099453796,0.15166817459405557
UKESM1-3-LL,esm-hist,r5i1p1f1,g110,tas,CMIP7,global,annual mean,1940,13.436395645141602,degrees_C,23103,historical,emissions,13.235472099453796,0.20092354568780557
UKESM1-3-LL,esm-hist,r5i1p1f1,g110,tas,CMIP7,global,annual mean,1941,13.328485488891602,degrees_C,23103,historical,emissions,13.235472099453796,0.09301338943780557
UKESM1-3-LL,esm-hist,r5i1p1f1,g110,tas,CMIP7,global,annual mean,1942,13.293176651000977,degrees_C,23103,historical,emissions,13.235472099453796,0.05770455154718057
UKESM1-3-LL,esm-hist,r5i1p1f1,g110,tas,CMIP7,global,annual mean,1943,13.277795791625977,degrees_C,23103,historical,emissions,13.235472099453796,0.04232369217218057
UKESM1-3-LL,esm-hist,r5i1p1f1,g110,tas,CMIP7,global,annual mean,1944,13.321832656860352,degrees_C,23103,historical,emissions,13.235472099453796,0.08636055740655557
UKESM1-3-LL,esm-hist,r5i1p1f1,g110,tas,CMIP7,global,annual mean,1945,13.222955703735352,degrees_C,23103,historical,emissions,13.235472099453796,-0.012516395718444429
UKESM1-3-LL,esm-hist,r5i1p1f1,g110,tas,CMIP7,global,annual mean,1946,13.359735488891602,degrees_C,23103,historical,emissions,13.235472099453796,0.12426338943780557
UKESM1-3-LL,esm-hist,r5i1p1f1,g110,tas,CMIP7,global,annual mean,1947,13.546747207641602,degrees_C,23103,historical,emissions,13.235472099453796,0.31127510818780557
UKESM1-3-LL,esm-hist,r5i1p1f1,g110,tas,CMIP7,global,annual mean,1948,13.308649063110352,degrees_C,23103,historical,emissions,13.235472099453796,0.07317696365655557
UKESM1-3-LL,esm-hist,r5i1p1f1,g110,tas,CMIP7,global,annual mean,1949,13.274682998657227,degrees_C,23103,historical,emissions,13.235472099453796,0.03921089920343057
UKESM1-3-LL,esm-hist,r5i1p1f1,g110,tas,CMIP7,global,annual mean,1950,13.214471817016602,degrees_C,23103,historical,emissions,13.235472099453796,-0.02100028243719443
UKESM1-3-LL,esm-hist,r5i1p1f1,g110,tas,CMIP7,global,annual mean,1951,13.278009414672852,degrees_C,23103,historical,emissions,13.235472099453796,0.04253731521905557
UKESM1-3-LL,esm-hist,r5i1p1f1,g110,tas,CMIP7,global,annual mean,1952,13.442499160766602,degrees_C,23103,historical,emissions,13.235472099453796,0.20702706131280557
UKESM1-3-LL,esm-hist,r5i1p1f1,g110,tas,CMIP7,global,annual mean,1953,13.267663955688477,degrees_C,23103,historical,emissions,13.235472099453796,0.03219185623468057
UKESM1-3-LL,esm-hist,r5i1p1f1,g110,tas,CMIP7,global,annual mean,1954,13.342584609985352,degrees_C,23103,historical,emissions,13.235472099453796,0.10711251053155557
UKESM1-3-LL,esm-hist,r5i1p1f1,g110,tas,CMIP7,global,annual mean,1955,13.280694961547852,degrees_C,23103,historical,emissions,13.235472099453796,0.04522286209405557
UKESM1-3-LL,esm-hist,r5i1p1f1,g110,tas,CMIP7,global,annual mean,1956,13.313348770141602,degrees_C,23103,historical,emissions,13.235472099453796,0.07787667068780557
UKESM1-3-LL,esm-hist,r5i1p1f1,g110,tas,CMIP7,global,annual mean,1957,13.468927383422852,degrees_C,23103,historical,emissions,13.235472099453796,0.23345528396905557
UKESM1-3-LL,esm-hist,r5i1p1f1,g110,tas,CMIP7,global,annual mean,1958,13.699914932250977,degrees_C,23103,historical,emissions,13.235472099453796,0.46444283279718057
UKESM1-3-LL,esm-hist,r5i1p1f1,g110,tas,CMIP7,global,annual mean,1959,13.585351943969727,degrees_C,23103,historical,emissions,13.235472099453796,0.34987984451593057
UKESM1-3-LL,esm-hist,r5i1p1f1,g110,tas,CMIP7,global,annual mean,1960,13.470697402954102,degrees_C,23103,historical,emissions,13.235472099453796,0.23522530350030557
UKESM1-3-LL,esm-hist,r5i1p1f1,g110,tas,CMIP7,global,annual mean,1961,13.273675918579102,degrees_C,23103,historical,emissions,13.235472099453796,0.03820381912530557
UKESM1-3-LL,esm-hist,r5i1p1f1,g110,tas,CMIP7,global,annual mean,1962,13.424860000610352,degrees_C,23103,historical,emissions,13.235472099453796,0.18938790115655557
UKESM1-3-LL,esm-hist,r5i1p1f1,g110,tas,CMIP7,global,annual mean,1963,13.519464492797852,degrees_C,23103,historical,emissions,13.235472099453796,0.28399239334405557
UKESM1-3-LL,esm-hist,r5i1p1f1,g110,tas,CMIP7,global,annual mean,1964,13.325128555297852,degrees_C,23103,historical,emissions,13.235472099453796,0.08965645584405557
UKESM1-3-LL,esm-hist,r5i1p1f1,g110,tas,CMIP7,global,annual mean,1965,13.364526748657227,degrees_C,23103,historical,emissions,13.235472099453796,0.12905464920343057
UKESM1-3-LL,esm-hist,r5i1p1f1,g110,tas,CMIP7,global,annual mean,1966,13.354333877563477,degrees_C,23103,historical,emissions,13.235472099453796,0.11886177810968057
UKESM1-3-LL,esm-hist,r5i1p1f1,g110,tas,CMIP7,global,annual mean,1967,13.435510635375977,degrees_C,23103,historical,emissions,13.235472099453796,0.20003853592218057
UKESM1-3-LL,esm-hist,r5i1p1f1,g110,tas,CMIP7,global,annual mean,1968,13.263391494750977,degrees_C,23103,historical,emissions,13.235472099453796,0.02791939529718057
UKESM1-3-LL,esm-hist,r5i1p1f1,g110,tas,CMIP7,global,annual mean,1969,13.273981094360352,degrees_C,23103,historical,emissions,13.235472099453796,0.03850899490655557
UKESM1-3-LL,esm-hist,r5i1p1f1,g110,tas,CMIP7,global,annual mean,1970,13.327447891235352,degrees_C,23103,historical,emissions,13.235472099453796,0.09197579178155557
UKESM1-3-LL,esm-hist,r5i1p1f1,g110,tas,CMIP7,global,annual mean,1971,13.433465957641602,degrees_C,23103,historical,emissions,13.235472099453796,0.19799385818780557
UKESM1-3-LL,esm-hist,r5i1p1f1,g110,tas,CMIP7,global,annual mean,1972,13.503656387329102,degrees_C,23103,historical,emissions,13.235472099453796,0.26818428787530557
UKESM1-3-LL,esm-hist,r5i1p1f1,g110,tas,CMIP7,global,annual mean,1973,13.220331192016602,degrees_C,23103,historical,emissions,13.235472099453796,-0.015140907437194429
UKESM1-3-LL,esm-hist,r5i1p1f1,g110,tas,CMIP7,global,annual mean,1974,13.239648818969727,degrees_C,23103,historical,emissions,13.235472099453796,0.0041767195159305714
UKESM1-3-LL,esm-hist,r5i1p1f1,g110,tas,CMIP7,global,annual mean,1975,13.327722549438477,degrees_C,23103,historical,emissions,13.235472099453796,0.09225044998468057
UKESM1-3-LL,esm-hist,r5i1p1f1,g110,tas,CMIP7,global,annual mean,1976,13.356012344360352,degrees_C,23103,historical,emissions,13.235472099453796,0.12054024490655557
UKESM1-3-LL,esm-hist,r5i1p1f1,g110,tas,CMIP7,global,annual mean,1977,13.319787979125977,degrees_C,23103,historical,emissions,13.235472099453796,0.08431587967218057
UKESM1-3-LL,esm-hist,r5i1p1f1,g110,tas,CMIP7,global,annual mean,1978,13.459772109985352,degrees_C,23103,historical,emissions,13.235472099453796,0.22430001053155557
UKESM1-3-LL,esm-hist,r5i1p1f1,g110,tas,CMIP7,global,annual mean,1979,13.396539688110352,degrees_C,23103,historical,emissions,13.235472099453796,0.16106758865655557
UKESM1-3-LL,esm-hist,r5i1p1f1,g110,tas,CMIP7,global,annual mean,1980,13.274682998657227,degrees_C,23103,historical,emissions,13.235472099453796,0.03921089920343057
UKESM1-3-LL,esm-hist,r5i1p1f1,g110,tas,CMIP7,global,annual mean,1981,13.343133926391602,degrees_C,23103,historical,emissions,13.235472099453796,0.10766182693780557
UKESM1-3-LL,esm-hist,r5i1p1f1,g110,tas,CMIP7,global,annual mean,1982,13.200922012329102,degrees_C,23103,historical,emissions,13.235472099453796,-0.03455008712469443
UKESM1-3-LL,esm-hist,r5i1p1f1,g110,tas,CMIP7,global,annual mean,1983,13.155572891235352,degrees_C,23103,historical,emissions,13.235472099453796,-0.07989920821844443
UKESM1-3-LL,esm-hist,r5i1p1f1,g110,tas,CMIP7,global,annual mean,1984,13.421258926391602,degrees_C,23103,historical,emissions,13.235472099453796,0.18578682693780557
UKESM1-3-LL,esm-hist,r5i1p1f1,g110,tas,CMIP7,global,annual mean,1985,13.432519912719727,degrees_C,23103,historical,emissions,13.235472099453796,0.19704781326593057
UKESM1-3-LL,esm-hist,r5i1p1f1,g110,tas,CMIP7,global,annual mean,1986,13.380731582641602,degrees_C,23103,historical,emissions,13.235472099453796,0.14525948318780557
UKESM1-3-LL,esm-hist,r5i1p1f1,g110,tas,CMIP7,global,annual mean,1987,13.499444961547852,degrees_C,23103,historical,emissions,13.235472099453796,0.26397286209405557
UKESM1-3-LL,esm-hist,r5i1p1f1,g110,tas,CMIP7,global,annual mean,1988,13.570459365844727,degrees_C,23103,historical,emissions,13.235472099453796,0.33498726639093057
UKESM1-3-LL,esm-hist,r5i1p1f1,g110,tas,CMIP7,global,annual mean,1989,13.326013565063477,degrees_C,23103,historical,emissions,13.235472099453796,0.09054146560968057
UKESM1-3-LL,esm-hist,r5i1p1f1,g110,tas,CMIP7,global,annual mean,1990,13.338495254516602,degrees_C,23103,historical,emissions,13.235472099453796,0.10302315506280557
UKESM1-3-LL,esm-hist,r5i1p1f1,g110,tas,CMIP7,global,annual mean,1991,13.565576553344727,degrees_C,23103,historical,emissions,13.235472099453796,0.33010445389093057
UKESM1-3-LL,esm-hist,r5i1p1f1,g110,tas,CMIP7,global,annual mean,1992,13.418268203735352,degrees_C,23103,historical,emissions,13.235472099453796,0.18279610428155557
UKESM1-3-LL,esm-hist,r5i1p1f1,g110,tas,CMIP7,global,annual mean,1993,13.282770156860352,degrees_C,23103,historical,emissions,13.235472099453796,0.04729805740655557
UKESM1-3-LL,esm-hist,r5i1p1f1,g110,tas,CMIP7,global,annual mean,1994,13.155725479125977,degrees_C,23103,historical,emissions,13.235472099453796,-0.07974662032781943
UKESM1-3-LL,esm-hist,r5i1p1f1,g110,tas,CMIP7,global,annual mean,1995,13.374689102172852,degrees_C,23103,historical,emissions,13.235472099453796,0.13921700271905557
UKESM1-3-LL,esm-hist,r5i1p1f1,g110,tas,CMIP7,global,annual mean,1996,13.721063613891602,degrees_C,23103,historical,emissions,13.235472099453796,0.48559151443780557
UKESM1-3-LL,esm-hist,r5i1p1f1,g110,tas,CMIP7,global,annual mean,1997,13.998834609985352,degrees_C,23103,historical,emissions,13.235472099453796,0.7633625105315556
UKESM1-3-LL,esm-hist,r5i1p1f1,g110,tas,CMIP7,global,annual mean,1998,13.927881240844727,degrees_C,23103,historical,emissions,13.235472099453796,0.6924091413909306
UKESM1-3-LL,esm-hist,r5i1p1f1,g110,tas,CMIP7,global,annual mean,1999,13.793542861938477,degrees_C,23103,historical,emissions,13.235472099453796,0.5580707624846806
UKESM1-3-LL,esm-hist,r5i1p1f1,g110,tas,CMIP7,global,annual mean,2000,13.893457412719727,degrees_C,23103,historical,emissions,13.235472099453796,0.6579853132659306
UKESM1-3-LL,esm-hist,r5i1p1f1,g110,tas,CMIP7,global,annual mean,2001,14.141443252563477,degrees_C,23103,historical,emissions,13.235472099453796,0.9059711531096806
UKESM1-3-LL,esm-hist,r5i1p1f1,g110,tas,CMIP7,global,annual mean,2002,13.897912979125977,degrees_C,23103,historical,emissions,13.235472099453796,0.6624408796721806
UKESM1-3-LL,esm-hist,r5i1p1f1,g110,tas,CMIP7,global,annual mean,2003,13.987665176391602,degrees_C,23103,historical,emissions,13.235472099453796,0.7521930769378056
UKESM1-3-LL,esm-hist,r5i1p1f1,g110,tas,CMIP7,global,annual mean,2004,14.002862930297852,degrees_C,23103,historical,emissions,13.235472099453796,0.7673908308440556
UKESM1-3-LL,esm-hist,r5i1p1f1,g110,tas,CMIP7,global,annual mean,2005,13.991083145141602,degrees_C,23103,historical,emissions,13.235472099453796,0.7556110456878056
UKESM1-3-LL,esm-hist,r5i1p1f1,g110,tas,CMIP7,global,annual mean,2006,13.769708633422852,degrees_C,23103,historical,emissions,13.235472099453796,0.5342365339690556
UKESM1-3-LL,esm-hist,r5i1p1f1,g110,tas,CMIP7,global,annual mean,2007,13.892145156860352,degrees_C,23103,historical,emissions,13.235472099453796,0.6566730574065556
UKESM1-3-LL,esm-hist,r5i1p1f1,g110,tas,CMIP7,global,annual mean,2008,14.145318984985352,degrees_C,23103,historical,emissions,13.235472099453796,0.9098468855315556
UKESM1-3-LL,esm-hist,r5i1p1f1,g110,tas,CMIP7,global,annual mean,2009,14.240961074829102,degrees_C,23103,historical,emissions,13.235472099453796,1.0054889753753056
UKESM1-3-LL,esm-hist,r5i1p1f1,g110,tas,CMIP7,global,annual mean,2010,14.311426162719727,degrees_C,23103,historical,emissions,13.235472099453796,1.0759540632659306
UKESM1-3-LL,esm-hist,r5i1p1f1,g110,tas,CMIP7,global,annual mean,2011,14.271631240844727,degrees_C,23103,historical,emissions,13.235472099453796,1.0361591413909306
UKESM1-3-LL,esm-hist,r5i1p1f1,g110,tas,CMIP7,global,annual mean,2012,14.389154434204102,degrees_C,23103,historical,emissions,13.235472099453796,1.1536823347503056
UKESM1-3-LL,esm-hist,r5i1p1f1,g110,tas,CMIP7,global,annual mean,2013,14.460504531860352,degrees_C,23103,historical,emissions,13.235472099453796,1.2250324324065556
UKESM1-3-LL,esm-hist,r5i1p1f1,g110,tas,CMIP7,global,annual mean,2014,14.447717666625977,degrees_C,23103,historical,emissions,13.235472099453796,1.2122455671721806
UKESM1-3-LL,esm-hist,r5i1p1f1,g110,tas,CMIP7,global,annual mean,2015,14.352228164672852,degrees_C,23103,historical,emissions,13.235472099453796,1.1167560652190556
UKESM1-3-LL,esm-hist,r5i1p1f1,g110,tas,CMIP7,global,annual mean,2016,14.548578262329102,degrees_C,23103,historical,emissions,13.235472099453796,1.3131061628753056
UKESM1-3-LL,esm-hist,r5i1p1f1,g110,tas,CMIP7,global,annual mean,2017,14.530908584594727,degrees_C,23103,historical,emissions,13.235472099453796,1.2954364851409306
UKESM1-3-LL,esm-hist,r5i1p1f1,g110,tas,CMIP7,global,annual mean,2018,14.595575332641602,degrees_C,23103,historical,emissions,13.235472099453796,1.3601032331878056
UKESM1-3-LL,esm-hist,r5i1p1f1,g110,tas,CMIP7,global,annual mean,2019,14.424707412719727,degrees_C,23103,historical,emissions,13.235472099453796,1.1892353132659306
UKESM1-3-LL,esm-hist,r5i1p1f1,g110,tas,CMIP7,global,annual mean,2020,14.560663223266602,degrees_C,23103,historical,emissions,13.235472099453796,1.3251911238128056
UKESM1-3-LL,esm-hist,r5i1p1f1,g110,tas,CMIP7,global,annual mean,2021,14.600549697875977,degrees_C,23103,historical,emissions,13.235472099453796,1.3650775984221806
UKESM1-3-LL,esm-scen7-h,r5i1p1f1,g110,tas,CMIP7,global,annual mean,2022,14.736688613891602,degrees_C,23104,h,emissions,13.235472099453796,1.5012165144378056
UKESM1-3-LL,esm-scen7-h,r5i1p1f1,g110,tas,CMIP7,global,annual mean,2023,14.876581192016602,degrees_C,23104,h,emissions,13.235472099453796,1.6411090925628056
UKESM1-3-LL,esm-scen7-h,r5i1p1f1,g110,tas,CMIP7,global,annual mean,2024,14.952814102172852,degrees_C,23104,h,emissions,13.235472099453796,1.7173420027190556
UKESM1-3-LL,esm-scen7-h,r5i1p1f1,g110,tas,CMIP7,global,annual mean,2025,15.079034805297852,degrees_C,23104,h,emissions,13.235472099453796,1.8435627058440556
UKESM1-3-LL,esm-scen7-h,r5i1p1f1,g110,tas,CMIP7,global,annual mean,2026,14.964593887329102,degrees_C,23104,h,emissions,13.235472099453796,1.7291217878753056
UKESM1-3-LL,esm-scen7-h,r5i1p1f1,g110,tas,CMIP7,global,annual mean,2027,14.953058242797852,degrees_C,23104,h,emissions,13.235472099453796,1.7175861433440556
UKESM1-3-LL,esm-scen7-h,r5i1p1f1,g110,tas,CMIP7,global,annual mean,2028,14.866235733032227,degrees_C,23104,h,emissions,13.235472099453796,1.6307636335784306
UKESM1-3-LL,esm-scen7-h,r5i1p1f1,g110,tas,CMIP7,global,annual mean,2029,15.108270645141602,degrees_C,23104,h,emissions,13.235472099453796,1.8727985456878056
UKESM1-3-LL,esm-scen7-h,r5i1p1f1,g110,tas,CMIP7,global,annual mean,2030,15.199640274047852,degrees_C,23104,h,emissions,13.235472099453796,1.9641681745940556
UKESM1-3-LL,esm-scen7-h,r5i1p1f1,g110,tas,CMIP7,global,annual mean,2031,15.324518203735352,degrees_C,23104,h,emissions,13.235472099453796,2.0890461042815556
UKESM1-3-LL,esm-scen7-h,r5i1p1f1,g110,tas,CMIP7,global,annual mean,2032,15.331537246704102,degrees_C,23104,h,emissions,13.235472099453796,2.0960651472503056
UKESM1-3-LL,esm-scen7-h,r5i1p1f1,g110,tas,CMIP7,global,annual mean,2033,15.457178115844727,degrees_C,23104,h,emissions,13.235472099453796,2.2217060163909306
UKESM1-3-LL,esm-scen7-h,r5i1p1f1,g110,tas,CMIP7,global,annual mean,2034,15.387109756469727,degrees_C,23104,h,emissions,13.235472099453796,2.1516376570159306
UKESM1-3-LL,esm-scen7-h,r5i1p1f1,g110,tas,CMIP7,global,annual mean,2035,15.419366836547852,degrees_C,23104,h,emissions,13.235472099453796,2.1838947370940556
UKESM1-3-LL,esm-scen7-h,r5i1p1f1,g110,tas,CMIP7,global,annual mean,2036,15.391229629516602,degrees_C,23104,h,emissions,13.235472099453796,2.1557575300628056
UKESM1-3-LL,esm-scen7-h,r5i1p1f1,g110,tas,CMIP7,global,annual mean,2037,15.507562637329102,degrees_C,23104,h,emissions,13.235472099453796,2.2720905378753056
UKESM1-3-LL,esm-scen7-h,r5i1p1f1,g110,tas,CMIP7,global,annual mean,2038,15.606287002563477,degrees_C,23104,h,emissions,13.235472099453796,2.3708149031096806
UKESM1-3-LL,esm-scen7-h,r5i1p1f1,g110,tas,CMIP7,global,annual mean,2039,15.480188369750977,degrees_C,23104,h,emissions,13.235472099453796,2.2447162702971806
UKESM1-3-LL,esm-scen7-h,r5i1p1f1,g110,tas,CMIP7,global,annual mean,2040,15.631341934204102,degrees_C,23104,h,emissions,13.235472099453796,2.3958698347503056
UKESM1-3-LL,esm-scen7-h,r5i1p1f1,g110,tas,CMIP7,global,annual mean,2041,15.789178848266602,degrees_C,23104,h,emissions,13.235472099453796,2.5537067488128056
UKESM1-3-LL,esm-scen7-h,r5i1p1f1,g110,tas,CMIP7,global,annual mean,2042,15.826074600219727,degrees_C,23104,h,emissions,13.235472099453796,2.5906025007659306
UKESM1-3-LL,esm-scen7-h,r5i1p1f1,g110,tas,CMIP7,global,annual mean,2043,15.671136856079102,degrees_C,23104,h,emissions,13.235472099453796,2.4356647566253056
UKESM1-3-LL,esm-scen7-h,r5i1p1f1,g110,tas,CMIP7,global,annual mean,2044,15.788324356079102,degrees_C,23104,h,emissions,13.235472099453796,2.5528522566253056
UKESM1-3-LL,esm-scen7-h,r5i1p1f1,g110,tas,CMIP7,global,annual mean,2045,15.828668594360352,degrees_C,23104,h,emissions,13.235472099453796,2.5931964949065556
UKESM1-3-LL,esm-scen7-h,r5i1p1f1,g110,tas,CMIP7,global,annual mean,2046,15.891565322875977,degrees_C,23104,h,emissions,13.235472099453796,2.6560932234221806
UKESM1-3-LL,esm-scen7-h,r5i1p1f1,g110,tas,CMIP7,global,annual mean,2047,15.845514297485352,degrees_C,23104,h,emissions,13.235472099453796,2.6100421980315556
UKESM1-3-LL,esm-scen7-h,r5i1p1f1,g110,tas,CMIP7,global,annual mean,2048,15.850458145141602,degrees_C,23104,h,emissions,13.235472099453796,2.6149860456878056
UKESM1-3-LL,esm-scen7-h,r5i1p1f1,g110,tas,CMIP7,global,annual mean,2049,15.821130752563477,degrees_C,23104,h,emissions,13.235472099453796,2.5856586531096806
UKESM1-3-LL,esm-scen7-h,r5i1p1f1,g110,tas,CMIP7,global,annual mean,2050,15.938226699829102,degrees_C,23104,h,emissions,13.235472099453796,2.7027546003753056
UKESM1-3-LL,esm-scen7-h,r5i1p1f1,g110,tas,CMIP7,global,annual mean,2051,15.918787002563477,degrees_C,23104,h,emissions,13.235472099453796,2.6833149031096806
UKESM1-3-LL,esm-scen7-h,r5i1p1f1,g110,tas,CMIP7,global,annual mean,2052,16.03716468811035,degrees_C,23104,h,emissions,13.235472099453796,2.8016925886565556
UKESM1-3-LL,esm-scen7-h,r5i1p1f1,g110,tas,CMIP7,global,annual mean,2053,16.273950576782227,degrees_C,23104,h,emissions,13.235472099453796,3.0384784773284306
UKESM1-3-LL,esm-scen7-h,r5i1p1f1,g110,tas,CMIP7,global,annual mean,2054,16.3273868560791,degrees_C,23104,h,emissions,13.235472099453796,3.0919147566253056
UKESM1-3-LL,esm-scen7-h,r5i1p1f1,g110,tas,CMIP7,global,annual mean,2055,16.1870059967041,degrees_C,23104,h,emissions,13.235472099453796,2.9515338972503056
UKESM1-3-LL,esm-scen7-h,r5i1p1f1,g110,tas,CMIP7,global,annual mean,2056,16.1901798248291,degrees_C,23104,h,emissions,13.235472099453796,2.9547077253753056
UKESM1-3-LL,esm-scen7-h,r5i1p1f1,g110,tas,CMIP7,global,annual mean,2057,16.188135147094727,degrees_C,23104,h,emissions,13.235472099453796,2.9526630476409306
UKESM1-3-LL,esm-scen7-h,r5i1p1f1,g110,tas,CMIP7,global,annual mean,2058,16.259119033813477,degrees_C,23104,h,emissions,13.235472099453796,3.0236469343596806
UKESM1-3-LL,esm-scen7-h,r5i1p1f1,g110,tas,CMIP7,global,annual mean,2059,16.344873428344727,degrees_C,23104,h,emissions,13.235472099453796,3.1094013288909306
UKESM1-3-LL,esm-scen7-h,r5i1p1f1,g110,tas,CMIP7,global,annual mean,2060,16.5786075592041,degrees_C,23104,h,emissions,13.235472099453796,3.3431354597503056
UKESM1-3-LL,esm-scen7-h,r5i1p1f1,g110,tas,CMIP7,global,annual mean,2061,16.6954288482666,degrees_C,23104,h,emissions,13.235472099453796,3.4599567488128056
UKESM1-3-LL,esm-scen7-h,r5i1p1f1,g110,tas,CMIP7,global,annual mean,2062,16.6009464263916,degrees_C,23104,h,emissions,13.235472099453796,3.3654743269378056
UKESM1-3-LL,esm-scen7-h,r5i1p1f1,g110,tas,CMIP7,global,annual mean,2063,16.663049697875977,degrees_C,23104,h,emissions,13.235472099453796,3.4275775984221806
UKESM1-3-LL,esm-scen7-h,r5i1p1f1,g110,tas,CMIP7,global,annual mean,2064,16.786584854125977,degrees_C,23104,h,emissions,13.235472099453796,3.5511127546721806
UKESM1-3-LL,esm-scen7-h,r5i1p1f1,g110,tas,CMIP7,global,annual mean,2065,16.723474502563477,degrees_C,23104,h,emissions,13.235472099453796,3.4880024031096806
UKESM1-3-LL,esm-scen7-h,r5i1p1f1,g110,tas,CMIP7,global,annual mean,2066,16.871301651000977,degrees_C,23104,h,emissions,13.235472099453796,3.6358295515471806
UKESM1-3-LL,esm-scen7-h,r5i1p1f1,g110,tas,CMIP7,global,annual mean,2067,16.861963272094727,degrees_C,23104,h,emissions,13.235472099453796,3.6264911726409306
UKESM1-3-LL,esm-scen7-h,r5i1p1f1,g110,tas,CMIP7,global,annual mean,2068,16.76079750061035,degrees_C,23104,h,emissions,13.235472099453796,3.5253254011565556
UKESM1-3-LL,esm-scen7-h,r5i1p1f1,g110,tas,CMIP7,global,annual mean,2069,16.776819229125977,degrees_C,23104,h,emissions,13.235472099453796,3.5413471296721806
UKESM1-3-LL,esm-scen7-h,r5i1p1f1,g110,tas,CMIP7,global,annual mean,2070,16.81987953186035,degrees_C,23104,h,emissions,13.235472099453796,3.5844074324065556
UKESM1-3-LL,esm-scen7-h,r5i1p1f1,g110,tas,CMIP7,global,annual mean,2071,16.97197914123535,degrees_C,23104,h,emissions,13.235472099453796,3.7365070417815556
UKESM1-3-LL,esm-scen7-h,r5i1p1f1,g110,tas,CMIP7,global,annual mean,2072,16.88494300842285,degrees_C,23104,h,emissions,13.235472099453796,3.6494709089690556
UKESM1-3-LL,esm-scen7-h,r5i1p1f1,g110,tas,CMIP7,global,annual mean,2073,16.9683780670166,degrees_C,23104,h,emissions,13.235472099453796,3.7329059675628056
UKESM1-3-LL,esm-scen7-h,r5i1p1f1,g110,tas,CMIP7,global,annual mean,2074,16.87969398498535,degrees_C,23104,h,emissions,13.235472099453796,3.6442218855315556
UKESM1-3-LL,esm-scen7-h,r5i1p1f1,g110,tas,CMIP7,global,annual mean,2075,17.03008460998535,degrees_C,23104,h,emissions,13.235472099453796,3.7946125105315556
UKESM1-3-LL,esm-scen7-h,r5i1p1f1,g110,tas,CMIP7,global,annual mean,2076,17.200952529907227,degrees_C,23104,h,emissions,13.235472099453796,3.9654804304534306
UKESM1-3-LL,esm-scen7-h,r5i1p1f1,g110,tas,CMIP7,global,annual mean,2077,17.0518741607666,degrees_C,23104,h,emissions,13.235472099453796,3.8164020613128056
UKESM1-3-LL,esm-scen7-h,r5i1p1f1,g110,tas,CMIP7,global,annual mean,2078,17.1124210357666,degrees_C,23104,h,emissions,13.235472099453796,3.8769489363128056
UKESM1-3-LL,esm-scen7-h,r5i1p1f1,g110,tas,CMIP7,global,annual mean,2079,17.2969913482666,degrees_C,23104,h,emissions,13.235472099453796,4.061519248812806
UKESM1-3-LL,esm-scen7-h,r5i1p1f1,g110,tas,CMIP7,global,annual mean,2080,17.295557022094727,degrees_C,23104,h,emissions,13.235472099453796,4.060084922640931
UKESM1-3-LL,esm-scen7-h,r5i1p1f1,g110,tas,CMIP7,global,annual mean,2081,17.38604164123535,degrees_C,23104,h,emissions,13.235472099453796,4.150569541781556
UKESM1-3-LL,esm-scen7-h,r5i1p1f1,g110,tas,CMIP7,global,annual mean,2082,17.38445472717285,degrees_C,23104,h,emissions,13.235472099453796,4.148982627719056
UKESM1-3-LL,esm-scen7-h,r5i1p1f1,g110,tas,CMIP7,global,annual mean,2083,17.4549503326416,degrees_C,23104,h,emissions,13.235472099453796,4.219478233187806
UKESM1-3-LL,esm-scen7-h,r5i1p1f1,g110,tas,CMIP7,global,annual mean,2084,17.5385684967041,degrees_C,23104,h,emissions,13.235472099453796,4.303096397250306
UKESM1-3-LL,esm-scen7-h,r5i1p1f1,g110,tas,CMIP7,global,annual mean,2085,17.562280654907227,degrees_C,23104,h,emissions,13.235472099453796,4.326808555453431
UKESM1-3-LL,esm-scen7-h,r5i1p1f1,g110,tas,CMIP7,global,annual mean,2086,17.641565322875977,degrees_C,23104,h,emissions,13.235472099453796,4.406093223422181
UKESM1-3-LL,esm-scen7-h,r5i1p1f1,g110,tas,CMIP7,global,annual mean,2087,17.6331729888916,degrees_C,23104,h,emissions,13.235472099453796,4.397700889437806
UKESM1-3-LL,esm-scen7-h,r5i1p1f1,g110,tas,CMIP7,global,annual mean,2088,17.57073402404785,degrees_C,23104,h,emissions,13.235472099453796,4.335261924594056
UKESM1-3-LL,esm-scen7-h,r5i1p1f1,g110,tas,CMIP7,global,annual mean,2089,17.895410537719727,degrees_C,23104,h,emissions,13.235472099453796,4.659938438265931
UKESM1-3-LL,esm-scen7-h,r5i1p1f1,g110,tas,CMIP7,global,annual mean,2090,17.8515567779541,degrees_C,23104,h,emissions,13.235472099453796,4.616084678500306
UKESM1-3-LL,esm-scen7-h,r5i1p1f1,g110,tas,CMIP7,global,annual mean,2091,17.87896156311035,degrees_C,23104,h,emissions,13.235472099453796,4.643489463656556
UKESM1-3-LL,esm-scen7-h,r5i1p1f1,g110,tas,CMIP7,global,annual mean,2092,17.92974281311035,degrees_C,23104,h,emissions,13.235472099453796,4.694270713656556
UKESM1-3-LL,esm-scen7-h,r5i1p1f1,g110,tas,CMIP7,global,annual mean,2093,17.8441104888916,degrees_C,23104,h,emissions,13.235472099453796,4.608638389437806
UKESM1-3-LL,esm-scen7-h,r5i1p1f1,g110,tas,CMIP7,global,annual mean,2094,17.90117835998535,degrees_C,23104,h,emissions,13.235472099453796,4.665706260531556
UKESM1-3-LL,esm-scen7-h,r5i1p1f1,g110,tas,CMIP7,global,annual mean,2095,17.9749698638916,degrees_C,23104,h,emissions,13.235472099453796,4.739497764437806
UKESM1-3-LL,esm-scen7-h,r5i1p1f1,g110,tas,CMIP7,global,annual mean,2096,18.01189613342285,degrees_C,23104,h,emissions,13.235472099453796,4.776424033969056
UKESM1-3-LL,esm-scen7-h,r5i1p1f1,g110,tas,CMIP7,global,annual mean,2097,18.0233097076416,degrees_C,23104,h,emissions,13.235472099453796,4.787837608187806
UKESM1-3-LL,esm-scen7-h,r5i1p1f1,g110,tas,CMIP7,global,annual mean,2098,17.95098304748535,degrees_C,23104,h,emissions,13.235472099453796,4.715510948031556
UKESM1-3-LL,esm-scen7-h,r5i1p1f1,g110,tas,CMIP7,global,annual mean,2099,18.3572940826416,degrees_C,23104,h,emissions,13.235472099453796,5.121821983187806
UKESM1-3-LL,esm-scen7-h,r5i1p1f1,g110,tas,CMIP7,global,annual mean,2100,18.5113468170166,degrees_C,23104,h,emissions,13.235472099453796,5.275874717562806
