source_id,experiment_id,variant_label,grid_label,variable_id,region,statistic,year,value,units,execution_id,family,driving,baseline,anomaly
UKESM1-3-LL,esm-hist,r1i1p1f1,g110,tas,global,annual mean,1850,13.022821426391602,degrees_C,22998,historical,emissions,13.187479318356981,-0.16465789196537983
UKESM1-3-LL,esm-hist,r1i1p1f1,g110,tas,global,annual mean,1851,13.115900039672852,degrees_C,22998,historical,emissions,13.187479318356981,-0.07157927868412983
UKESM1-3-LL,esm-hist,r1i1p1f1,g110,tas,global,annual mean,1852,13.366449356079102,degrees_C,22998,historical,emissions,13.187479318356981,0.17897003772212017
UKESM1-3-LL,esm-hist,r1i1p1f1,g110,tas,global,annual mean,1853,13.387567520141602,degrees_C,22998,historical,emissions,13.187479318356981,0.20008820178462017
UKESM1-3-LL,esm-hist,r1i1p1f1,g110,tas,global,annual mean,1854,13.208642959594727,degrees_C,22998,historical,emissions,13.187479318356981,0.021163641237745168
UKESM1-3-LL,esm-hist,r1i1p1f1,g110,tas,global,annual mean,1855,13.220575332641602,degrees_C,22998,historical,emissions,13.187479318356981,0.03309601428462017
UKESM1-3-LL,esm-hist,r1i1p1f1,g110,tas,global,annual mean,1856,13.293634414672852,degrees_C,22998,historical,emissions,13.187479318356981,0.10615509631587017
UKESM1-3-LL,esm-hist,r1i1p1f1,g110,tas,global,annual mean,1857,13.334161758422852,degrees_C,22998,historical,emissions,13.187479318356981,0.14668244006587017
UKESM1-3-LL,esm-hist,r1i1p1f1,g110,tas,global,annual mean,1858,13.184869766235352,degrees_C,22998,historical,emissions,13.187479318356981,-0.0026095521216298323
UKESM1-3-LL,esm-hist,r1i1p1f1,g110,tas,global,annual mean,1859,13.300683975219727,degrees_C,22998,historical,emissions,13.187479318356981,0.11320465686274517
UKESM1-3-LL,esm-hist,r1i1p1f1,g110,tas,global,annual mean,1860,13.348627090454102,degrees_C,22998,historical,emissions,13.187479318356981,0.16114777209712017
UKESM1-3-LL,esm-hist,r1i1p1f1,g110,tas,global,annual mean,1861,13.459039688110352,degrees_C,22998,historical,emissions,13.187479318356981,0.27156036975337017
UKESM1-3-LL,esm-hist,r1i1p1f1,g110,tas,global,annual mean,1862,13.258264541625977,degrees_C,22998,historical,emissions,13.187479318356981,0.07078522326899517
UKESM1-3-LL,esm-hist,r1i1p1f1,g110,tas,global,annual mean,1863,12.926477432250977,degrees_C,22998,historical,emissions,13.187479318356981,-0.26100188610600483
UKESM1-3-LL,esm-hist,r1i1p1f1,g110,tas,global,annual mean,1864,13.188989639282227,degrees_C,22998,historical,emissions,13.187479318356981,0.0015103209252451677
UKESM1-3-LL,esm-hist,r1i1p1f1,g110,tas,global,annual mean,1865,13.267480850219727,degrees_C,22998,historical,emissions,13.187479318356981,0.08000153186274517
UKESM1-3-LL,esm-hist,r1i1p1f1,g110,tas,global,annual mean,1866,13.301874160766602,degrees_C,22998,historical,emissions,13.187479318356981,0.11439484240962017
UKESM1-3-LL,esm-hist,r1i1p1f1,g110,tas,global,annual mean,1867,13.228448867797852,degrees_C,22998,historical,emissions,13.187479318356981,0.04096954944087017
UKESM1-3-LL,esm-hist,r1i1p1f1,g110,tas,global,annual mean,1868,13.343469619750977,degrees_C,22998,historical,emissions,13.187479318356981,0.15599030139399517
UKESM1-3-LL,esm-hist,r1i1p1f1,g110,tas,global,annual mean,1869,13.436182022094727,degrees_C,22998,historical,emissions,13.187479318356981,0.24870270373774517
UKESM1-3-LL,esm-hist,r1i1p1f1,g110,tas,global,annual mean,1870,13.487207412719727,degrees_C,22998,historical,emissions,13.187479318356981,0.29972809436274517
UKESM1-3-LL,esm-hist,r1i1p1f1,g110,tas,global,annual mean,1871,13.292413711547852,degrees_C,22998,historical,emissions,13.187479318356981,0.10493439319087017
UKESM1-3-LL,esm-hist,r1i1p1f1,g110,tas,global,annual mean,1872,13.375268936157227,degrees_C,22998,historical,emissions,13.187479318356981,0.18778961780024517
UKESM1-3-LL,esm-hist,r1i1p1f1,g110,tas,global,annual mean,1873,13.324090957641602,degrees_C,22998,historical,emissions,13.187479318356981,0.13661163928462017
UKESM1-3-LL,esm-hist,r1i1p1f1,g110,tas,global,annual mean,1874,13.311334609985352,degrees_C,22998,historical,emissions,13.187479318356981,0.12385529162837017
UKESM1-3-LL,esm-hist,r1i1p1f1,g110,tas,global,annual mean,1875,13.192193984985352,degrees_C,22998,historical,emissions,13.187479318356981,0.004714666628370168
UKESM1-3-LL,esm-hist,r1i1p1f1,g110,tas,global,annual mean,1876,13.256036758422852,degrees_C,22998,historical,emissions,13.187479318356981,0.06855744006587017
UKESM1-3-LL,esm-hist,r1i1p1f1,g110,tas,global,annual mean,1877,13.265069961547852,degrees_C,22998,historical,emissions,13.187479318356981,0.07759064319087017
UKESM1-3-LL,esm-hist,r1i1p1f1,g110,tas,global,annual mean,1878,13.176416397094727,degrees_C,22998,historical,emissions,13.187479318356981,-0.011062921262254832
UKESM1-3-LL,esm-hist,r1i1p1f1,g110,tas,global,annual mean,1879,13.463983535766602,degrees_C,22998,historical,emissions,13.187479318356981,0.27650421740962017
UKESM1-3-LL,esm-hist,r1i1p1f1,g110,tas,global,annual mean,1880,13.439416885375977,degrees_C,22998,historical,emissions,13.187479318356981,0.25193756701899517
UKESM1-3-LL,esm-hist,r1i1p1f1,g110,tas,global,annual mean,1881,13.327386856079102,degrees_C,22998,historical,emissions,13.187479318356981,0.13990753772212017
UKESM1-3-LL,esm-hist,r1i1p1f1,g110,tas,global,annual mean,1882,13.305597305297852,degrees_C,22998,historical,emissions,13.187479318356981,0.11811798694087017
UKESM1-3-LL,esm-hist,r1i1p1f1,g110,tas,global,annual mean,1883,13.301202774047852,degrees_C,22998,historical,emissions,13.187479318356981,0.11372345569087017
UKESM1-3-LL,esm-hist,r1i1p1f1,g110,tas,global,annual mean,1884,13.066034317016602,degrees_C,22998,historical,emissions,13.187479318356981,-0.12144500134037983
UKESM1-3-LL,esm-hist,r1i1p1f1,g110,tas,global,annual mean,1885,12.738641738891602,degrees_C,22998,historical,emissions,13.187479318356981,-0.44883757946537983
UKESM1-3-LL,esm-hist,r1i1p1f1,g110,tas,global,annual mean,1886,12.745965957641602,degrees_C,22998,historical,emissions,13.187479318356981,-0.44151336071537983
UKESM1-3-LL,esm-hist,r1i1p1f1,g110,tas,global,annual mean,1887,12.800195693969727,degrees_C,22998,historical,emissions,13.187479318356981,-0.38728362438725483
UKESM1-3-LL,esm-hist,r1i1p1f1,g110,tas,global,annual mean,1888,12.853143692016602,degrees_C,22998,historical,emissions,13.187479318356981,-0.33433562634037983
UKESM1-3-LL,esm-hist,r1i1p1f1,g110,tas,global,annual mean,1889,12.997400283813477,degrees_C,22998,historical,emissions,13.187479318356981,-0.19007903454350483
UKESM1-3-LL,esm-hist,r1i1p1f1,g110,tas,global,annual mean,1890,13.188653945922852,degrees_C,22998,historical,emissions,13.187479318356981,0.0011746275658701677
UKESM1-3-LL,esm-hist,r1i1p1f1,g110,tas,global,annual mean,1891,12.980829238891602,degrees_C,22998,historical,emissions,13.187479318356981,-0.20665007946537983
UKESM1-3-LL,esm-hist,r1i1p1f1,g110,tas,global,annual mean,1892,13.068933486938477,degrees_C,22998,historical,emissions,13.187479318356981,-0.11854583141850483
UKESM1-3-LL,esm-hist,r1i1p1f1,g110,tas,global,annual mean,1893,13.168573379516602,degrees_C,22998,historical,emissions,13.187479318356981,-0.018905938840379832
UKESM1-3-LL,esm-hist,r1i1p1f1,g110,tas,global,annual mean,1894,13.001855850219727,degrees_C,22998,historical,emissions,13.187479318356981,-0.18562346813725483
UKESM1-3-LL,esm-hist,r1i1p1f1,g110,tas,global,annual mean,1895,13.026788711547852,degrees_C,22998,historical,emissions,13.187479318356981,-0.16069060680912983
UKESM1-3-LL,esm-hist,r1i1p1f1,g110,tas,global,annual mean,1896,12.938470840454102,degrees_C,22998,historical,emissions,13.187479318356981,-0.24900847790287983
UKESM1-3-LL,esm-hist,r1i1p1f1,g110,tas,global,annual mean,1897,13.029779434204102,degrees_C,22998,historical,emissions,13.187479318356981,-0.15769988415287983
UKESM1-3-LL,esm-hist,r1i1p1f1,g110,tas,global,annual mean,1898,13.006525039672852,degrees_C,22998,historical,emissions,13.187479318356981,-0.18095427868412983
UKESM1-3-LL,esm-hist,r1i1p1f1,g110,tas,global,annual mean,1899,13.064874649047852,degrees_C,22998,historical,emissions,13.187479318356981,-0.12260466930912983
UKESM1-3-LL,esm-hist,r1i1p1f1,g110,tas,global,annual mean,1900,13.172998428344727,degrees_C,22998,historical,emissions,13.187479318356981,-0.014480890012254832
UKESM1-3-LL,esm-hist,r1i1p1f1,g110,tas,global,annual mean,1901,13.003686904907227,degrees_C,22998,historical,emissions,13.187479318356981,-0.18379241344975483
UKESM1-3-LL,esm-hist,r1i1p1f1,g110,tas,global,annual mean,1902,12.973932266235352,degrees_C,22998,historical,emissions,13.187479318356981,-0.21354705212162983
UKESM1-3-LL,esm-hist,r1i1p1f1,g110,tas,global,annual mean,1903,12.948328018188477,degrees_C,22998,historical,emissions,13.187479318356981,-0.23915130016850483
UKESM1-3-LL,esm-hist,r1i1p1f1,g110,tas,global,annual mean,1904,12.935480117797852,degrees_C,22998,historical,emissions,13.187479318356981,-0.25199920055912983
UKESM1-3-LL,esm-hist,r1i1p1f1,g110,tas,global,annual mean,1905,12.783990859985352,degrees_C,22998,historical,emissions,13.187479318356981,-0.40348845837162983
UKESM1-3-LL,esm-hist,r1i1p1f1,g110,tas,global,annual mean,1906,12.948053359985352,degrees_C,22998,historical,emissions,13.187479318356981,-0.23942595837162983
UKESM1-3-LL,esm-hist,r1i1p1f1,g110,tas,global,annual mean,1907,12.947137832641602,degrees_C,22998,historical,emissions,13.187479318356981,-0.24034148571537983
UKESM1-3-LL,esm-hist,r1i1p1f1,g110,tas,global,annual mean,1908,12.983484268188477,degrees_C,22998,historical,emissions,13.187479318356981,-0.20399505016850483
UKESM1-3-LL,esm-hist,r1i1p1f1,g110,tas,global,annual mean,1909,13.087549209594727,degrees_C,22998,historical,emissions,13.187479318356981,-0.09993010876225483
UKESM1-3-LL,esm-hist,r1i1p1f1,g110,tas,global,annual mean,1910,13.195306777954102,degrees_C,22998,historical,emissions,13.187479318356981,0.007827459597120168
UKESM1-3-LL,esm-hist,r1i1p1f1,g110,tas,global,annual mean,1911,13.109247207641602,degrees_C,22998,historical,emissions,13.187479318356981,-0.07823211071537983
UKESM1-3-LL,esm-hist,r1i1p1f1,g110,tas,global,annual mean,1912,13.116876602172852,degrees_C,22998,historical,emissions,13.187479318356981,-0.07060271618412983
UKESM1-3-LL,esm-hist,r1i1p1f1,g110,tas,global,annual mean,1913,12.991907119750977,degrees_C,22998,historical,emissions,13.187479318356981,-0.19557219860600483
UKESM1-3-LL,esm-hist,r1i1p1f1,g110,tas,global,annual mean,1914,13.104669570922852,degrees_C,22998,historical,emissions,13.187479318356981,-0.08280974743412983
UKESM1-3-LL,esm-hist,r1i1p1f1,g110,tas,global,annual mean,1915,13.060907363891602,degrees_C,22998,historical,emissions,13.187479318356981,-0.12657195446537983
UKESM1-3-LL,esm-hist,r1i1p1f1,g110,tas,global,annual mean,1916,13.078393936157227,degrees_C,22998,historical,emissions,13.187479318356981,-0.10908538219975483
UKESM1-3-LL,esm-hist,r1i1p1f1,g110,tas,global,annual mean,1917,13.039972305297852,degrees_C,22998,historical,emissions,13.187479318356981,-0.14750701305912983
UKESM1-3-LL,esm-hist,r1i1p1f1,g110,tas,global,annual mean,1918,13.102746963500977,degrees_C,22998,historical,emissions,13.187479318356981,-0.08473235485600483
UKESM1-3-LL,esm-hist,r1i1p1f1,g110,tas,global,annual mean,1919,12.977869033813477,degrees_C,22998,historical,emissions,13.187479318356981,-0.20961028454350483
UKESM1-3-LL,esm-hist,r1i1p1f1,g110,tas,global,annual mean,1920,13.145624160766602,degrees_C,22998,historical,emissions,13.187479318356981,-0.04185515759037983
UKESM1-3-LL,esm-hist,r1i1p1f1,g110,tas,global,annual mean,1921,13.233331680297852,degrees_C,22998,historical,emissions,13.187479318356981,0.04585236194087017
UKESM1-3-LL,esm-hist,r1i1p1f1,g110,tas,global,annual mean,1922,13.210840225219727,degrees_C,22998,historical,emissions,13.187479318356981,0.023360906862745168
UKESM1-3-LL,esm-hist,r1i1p1f1,g110,tas,global,annual mean,1923,13.200128555297852,degrees_C,22998,historical,emissions,13.187479318356981,0.012649236940870168
UKESM1-3-LL,esm-hist,r1i1p1f1,g110,tas,global,annual mean,1924,13.361505508422852,degrees_C,22998,historical,emissions,13.187479318356981,0.17402619006587017
UKESM1-3-LL,esm-hist,r1i1p1f1,g110,tas,global,annual mean,1925,13.261316299438477,degrees_C,22998,historical,emissions,13.187479318356981,0.07383698108149517
UKESM1-3-LL,esm-hist,r1i1p1f1,g110,tas,global,annual mean,1926,13.271783828735352,degrees_C,22998,historical,emissions,13.187479318356981,0.08430451037837017
UKESM1-3-LL,esm-hist,r1i1p1f1,g110,tas,global,annual mean,1927,13.308740615844727,degrees_C,22998,historical,emissions,13.187479318356981,0.12126129748774517
UKESM1-3-LL,esm-hist,r1i1p1f1,g110,tas,global,annual mean,1928,13.431024551391602,degrees_C,22998,historical,emissions,13.187479318356981,0.24354523303462017
UKESM1-3-LL,esm-hist,r1i1p1f1,g110,tas,global,annual mean,1929,13.588647842407227,degrees_C,22998,historical,emissions,13.187479318356981,0.40116852405024517
UKESM1-3-LL,esm-hist,r1i1p1f1,g110,tas,global,annual mean,1930,13.341913223266602,degrees_C,22998,historical,emissions,13.187479318356981,0.15443390490962017
UKESM1-3-LL,esm-hist,r1i1p1f1,g110,tas,global,annual mean,1931,13.281000137329102,degrees_C,22998,historical,emissions,13.187479318356981,0.09352081897212017
UKESM1-3-LL,esm-hist,r1i1p1f1,g110,tas,global,annual mean,1932,13.305383682250977,degrees_C,22998,historical,emissions,13.187479318356981,0.11790436389399517
UKESM1-3-LL,esm-hist,r1i1p1f1,g110,tas,global,annual mean,1933,13.315851211547852,degrees_C,22998,historical,emissions,13.187479318356981,0.12837189319087017
UKESM1-3-LL,esm-hist,r1i1p1f1,g110,tas,global,annual mean,1934,13.247644424438477,degrees_C,22998,historical,emissions,13.187479318356981,0.06016510608149517
UKESM1-3-LL,esm-hist,r1i1p1f1,g110,tas,global,annual mean,1935,13.225641250610352,degrees_C,22998,historical,emissions,13.187479318356981,0.03816193225337017
UKESM1-3-LL,esm-hist,r1i1p1f1,g110,tas,global,annual mean,1936,13.395898818969727,degrees_C,22998,historical,emissions,13.187479318356981,0.20841950061274517
UKESM1-3-LL,esm-hist,r1i1p1f1,g110,tas,global,annual mean,1937,13.451105117797852,degrees_C,22998,historical,emissions,13.187479318356981,0.26362579944087017
UKESM1-3-LL,esm-hist,r1i1p1f1,g110,tas,global,annual mean,1938,13.404138565063477,degrees_C,22998,historical,emissions,13.187479318356981,0.21665924670649517
UKESM1-3-LL,esm-hist,r1i1p1f1,g110,tas,global,annual mean,1939,13.347833633422852,degrees_C,22998,historical,emissions,13.187479318356981,0.16035431506587017
UKESM1-3-LL,esm-hist,r1i1p1f1,g110,tas,global,annual mean,1940,13.379053115844727,degrees_C,22998,historical,emissions,13.187479318356981,0.19157379748774517
UKESM1-3-LL,esm-hist,r1i1p1f1,g110,tas,global,annual mean,1941,13.243341445922852,degrees_C,22998,historical,emissions,13.187479318356981,0.05586212756587017
UKESM1-3-LL,esm-hist,r1i1p1f1,g110,tas,global,annual mean,1942,13.075860977172852,degrees_C,22998,historical,emissions,13.187479318356981,-0.11161834118412983
UKESM1-3-LL,esm-hist,r1i1p1f1,g110,tas,global,annual mean,1943,13.090814590454102,degrees_C,22998,historical,emissions,13.187479318356981,-0.09666472790287983
UKESM1-3-LL,esm-hist,r1i1p1f1,g110,tas,global,annual mean,1944,13.260248184204102,degrees_C,22998,historical,emissions,13.187479318356981,0.07276886584712017
UKESM1-3-LL,esm-hist,r1i1p1f1,g110,tas,global,annual mean,1945,13.198114395141602,degrees_C,22998,historical,emissions,13.187479318356981,0.010635076784620168
UKESM1-3-LL,esm-hist,r1i1p1f1,g110,tas,global,annual mean,1946,13.238672256469727,degrees_C,22998,historical,emissions,13.187479318356981,0.05119293811274517
UKESM1-3-LL,esm-hist,r1i1p1f1,g110,tas,global,annual mean,1947,13.146783828735352,degrees_C,22998,historical,emissions,13.187479318356981,-0.04069548962162983
UKESM1-3-LL,esm-hist,r1i1p1f1,g110,tas,global,annual mean,1948,13.116754531860352,degrees_C,22998,historical,emissions,13.187479318356981,-0.07072478649662983
UKESM1-3-LL,esm-hist,r1i1p1f1,g110,tas,global,annual mean,1949,13.299310684204102,degrees_C,22998,historical,emissions,13.187479318356981,0.11183136584712017
UKESM1-3-LL,esm-hist,r1i1p1f1,g110,tas,global,annual mean,1950,13.396051406860352,degrees_C,22998,historical,emissions,13.187479318356981,0.20857208850337017
UKESM1-3-LL,esm-hist,r1i1p1f1,g110,tas,global,annual mean,1951,13.323114395141602,degrees_C,22998,historical,emissions,13.187479318356981,0.13563507678462017
UKESM1-3-LL,esm-hist,r1i1p1f1,g110,tas,global,annual mean,1952,13.078302383422852,degrees_C,22998,historical,emissions,13.187479318356981,-0.10917693493412983
UKESM1-3-LL,esm-hist,r1i1p1f1,g110,tas,global,annual mean,1953,13.133172988891602,degrees_C,22998,historical,emissions,13.187479318356981,-0.05430632946537983
UKESM1-3-LL,esm-hist,r1i1p1f1,g110,tas,global,annual mean,1954,13.128473281860352,degrees_C,22998,historical,emissions,13.187479318356981,-0.05900603649662983
UKESM1-3-LL,esm-hist,r1i1p1f1,g110,tas,global,annual mean,1955,13.172845840454102,degrees_C,22998,historical,emissions,13.187479318356981,-0.014633477902879832
UKESM1-3-LL,esm-hist,r1i1p1f1,g110,tas,global,annual mean,1956,13.334131240844727,degrees_C,22998,historical,emissions,13.187479318356981,0.14665192248774517
UKESM1-3-LL,esm-hist,r1i1p1f1,g110,tas,global,annual mean,1957,13.391870498657227,degrees_C,22998,historical,emissions,13.187479318356981,0.20439118030024517
UKESM1-3-LL,esm-hist,r1i1p1f1,g110,tas,global,annual mean,1958,13.325372695922852,degrees_C,22998,historical,emissions,13.187479318356981,0.13789337756587017
UKESM1-3-LL,esm-hist,r1i1p1f1,g110,tas,global,annual mean,1959,13.309656143188477,degrees_C,22998,historical,emissions,13.187479318356981,0.12217682483149517
UKESM1-3-LL,esm-hist,r1i1p1f1,g110,tas,global,annual mean,1960,13.534418106079102,degrees_C,22998,historical,emissions,13.187479318356981,0.34693878772212017
UKESM1-3-LL,esm-hist,r1i1p1f1,g110,tas,global,annual mean,1961,13.291955947875977,degrees_C,22998,historical,emissions,13.187479318356981,0.10447662951899517
UKESM1-3-LL,esm-hist,r1i1p1f1,g110,tas,global,annual mean,1962,13.284662246704102,degrees_C,22998,historical,emissions,13.187479318356981,0.09718292834712017
UKESM1-3-LL,esm-hist,r1i1p1f1,g110,tas,global,annual mean,1963,13.383111953735352,degrees_C,22998,historical,emissions,13.187479318356981,0.19563263537837017
UKESM1-3-LL,esm-hist,r1i1p1f1,g110,tas,global,annual mean,1964,13.294549942016602,degrees_C,22998,historical,emissions,13.187479318356981,0.10707062365962017
UKESM1-3-LL,esm-hist,r1i1p1f1,g110,tas,global,annual mean,1965,13.206995010375977,degrees_C,22998,historical,emissions,13.187479318356981,0.019515692018995168
UKESM1-3-LL,esm-hist,r1i1p1f1,g110,tas,global,annual mean,1966,13.359491348266602,degrees_C,22998,historical,emissions,13.187479318356981,0.17201202990962017
UKESM1-3-LL,esm-hist,r1i1p1f1,g110,tas,global,annual mean,1967,13.412530899047852,degrees_C,22998,historical,emissions,13.187479318356981,0.22505158069087017
UKESM1-3-LL,esm-hist,r1i1p1f1,g110,tas,global,annual mean,1968,13.235528945922852,degrees_C,22998,historical,emissions,13.187479318356981,0.04804962756587017
UKESM1-3-LL,esm-hist,r1i1p1f1,g110,tas,global,annual mean,1969,13.210535049438477,degrees_C,22998,historical,emissions,13.187479318356981,0.023055731081495168
UKESM1-3-LL,esm-hist,r1i1p1f1,g110,tas,global,annual mean,1970,13.245660781860352,degrees_C,22998,historical,emissions,13.187479318356981,0.05818146350337017
UKESM1-3-LL,esm-hist,r1i1p1f1,g110,tas,global,annual mean,1971,13.140924453735352,degrees_C,22998,historical,emissions,13.187479318356981,-0.04655486462162983
UKESM1-3-LL,esm-hist,r1i1p1f1,g110,tas,global,annual mean,1972,13.157922744750977,degrees_C,22998,historical,emissions,13.187479318356981,-0.029556573606004832
UKESM1-3-LL,esm-hist,r1i1p1f1,g110,tas,global,annual mean,1973,13.303277969360352,degrees_C,22998,historical,emissions,13.187479318356981,0.11579865100337017
UKESM1-3-LL,esm-hist,r1i1p1f1,g110,tas,global,annual mean,1974,13.310174942016602,degrees_C,22998,historical,emissions,13.187479318356981,0.12269562365962017
UKESM1-3-LL,esm-hist,r1i1p1f1,g110,tas,global,annual mean,1975,13.298028945922852,degrees_C,22998,historical,emissions,13.187479318356981,0.11054962756587017
UKESM1-3-LL,esm-hist,r1i1p1f1,g110,tas,global,annual mean,1976,13.429071426391602,degrees_C,22998,historical,emissions,13.187479318356981,0.24159210803462017
UKESM1-3-LL,esm-hist,r1i1p1f1,g110,tas,global,annual mean,1977,13.545099258422852,degrees_C,22998,historical,emissions,13.187479318356981,0.35761994006587017
UKESM1-3-LL,esm-hist,r1i1p1f1,g110,tas,global,annual mean,1978,13.359613418579102,degrees_C,22998,historical,emissions,13.187479318356981,0.17213410022212017
UKESM1-3-LL,esm-hist,r1i1p1f1,g110,tas,global,annual mean,1979,13.327966690063477,degrees_C,22998,historical,emissions,13.187479318356981,0.14048737170649517
UKESM1-3-LL,esm-hist,r1i1p1f1,g110,tas,global,annual mean,1980,13.270013809204102,degrees_C,22998,historical,emissions,13.187479318356981,0.08253449084712017
UKESM1-3-LL,esm-hist,r1i1p1f1,g110,tas,global,annual mean,1981,13.488946914672852,degrees_C,22998,historical,emissions,13.187479318356981,0.30146759631587017
UKESM1-3-LL,esm-hist,r1i1p1f1,g110,tas,global,annual mean,1982,13.697290420532227,degrees_C,22998,historical,emissions,13.187479318356981,0.5098111021752452
UKESM1-3-LL,esm-hist,r1i1p1f1,g110,tas,global,annual mean,1983,13.522699356079102,degrees_C,22998,historical,emissions,13.187479318356981,0.33522003772212017
UKESM1-3-LL,esm-hist,r1i1p1f1,g110,tas,global,annual mean,1984,13.549371719360352,degrees_C,22998,historical,emissions,13.187479318356981,0.36189240100337017
UKESM1-3-LL,esm-hist,r1i1p1f1,g110,tas,global,annual mean,1985,13.370508193969727,degrees_C,22998,historical,emissions,13.187479318356981,0.18302887561274517
UKESM1-3-LL,esm-hist,r1i1p1f1,g110,tas,global,annual mean,1986,13.486566543579102,degrees_C,22998,historical,emissions,13.187479318356981,0.29908722522212017
UKESM1-3-LL,esm-hist,r1i1p1f1,g110,tas,global,annual mean,1987,13.458459854125977,degrees_C,22998,historical,emissions,13.187479318356981,0.27098053576899517
UKESM1-3-LL,esm-hist,r1i1p1f1,g110,tas,global,annual mean,1988,13.338434219360352,degrees_C,22998,historical,emissions,13.187479318356981,0.15095490100337017
UKESM1-3-LL,esm-hist,r1i1p1f1,g110,tas,global,annual mean,1989,13.566553115844727,degrees_C,22998,historical,emissions,13.187479318356981,0.37907379748774517
UKESM1-3-LL,esm-hist,r1i1p1f1,g110,tas,global,annual mean,1990,13.687280654907227,degrees_C,22998,historical,emissions,13.187479318356981,0.49980133655024517
UKESM1-3-LL,esm-hist,r1i1p1f1,g110,tas,global,annual mean,1991,13.550958633422852,degrees_C,22998,historical,emissions,13.187479318356981,0.36347931506587017
UKESM1-3-LL,esm-hist,r1i1p1f1,g110,tas,global,annual mean,1992,13.331048965454102,degrees_C,22998,historical,emissions,13.187479318356981,0.14356964709712017
UKESM1-3-LL,esm-hist,r1i1p1f1,g110,tas,global,annual mean,1993,13.521265029907227,degrees_C,22998,historical,emissions,13.187479318356981,0.33378571155024517
UKESM1-3-LL,esm-hist,r1i1p1f1,g110,tas,global,annual mean,1994,13.498895645141602,degrees_C,22998,historical,emissions,13.187479318356981,0.31141632678462017
UKESM1-3-LL,esm-hist,r1i1p1f1,g110,tas,global,annual mean,1995,13.535821914672852,degrees_C,22998,historical,emissions,13.187479318356981,0.34834259631587017
UKESM1-3-LL,esm-hist,r1i1p1f1,g110,tas,global,annual mean,1996,13.625482559204102,degrees_C,22998,historical,emissions,13.187479318356981,0.43800324084712017
UKESM1-3-LL,esm-hist,r1i1p1f1,g110,tas,global,annual mean,1997,13.849420547485352,degrees_C,22998,historical,emissions,13.187479318356981,0.6619412291283702
UKESM1-3-LL,esm-hist,r1i1p1f1,g110,tas,global,annual mean,1998,14.035699844360352,degrees_C,22998,historical,emissions,13.187479318356981,0.8482205260033702
UKESM1-3-LL,esm-hist,r1i1p1f1,g110,tas,global,annual mean,1999,14.093988418579102,degrees_C,22998,historical,emissions,13.187479318356981,0.9065091002221202
UKESM1-3-LL,esm-hist,r1i1p1f1,g110,tas,global,annual mean,2000,13.804620742797852,degrees_C,22998,historical,emissions,13.187479318356981,0.6171414244408702
UKESM1-3-LL,esm-hist,r1i1p1f1,g110,tas,global,annual mean,2001,13.834650039672852,degrees_C,22998,historical,emissions,13.187479318356981,0.6471707213158702
UKESM1-3-LL,esm-hist,r1i1p1f1,g110,tas,global,annual mean,2002,13.957605361938477,degrees_C,22998,historical,emissions,13.187479318356981,0.7701260435814952
UKESM1-3-LL,esm-hist,r1i1p1f1,g110,tas,global,annual mean,2003,13.949151992797852,degrees_C,22998,historical,emissions,13.187479318356981,0.7616726744408702
UKESM1-3-LL,esm-hist,r1i1p1f1,g110,tas,global,annual mean,2004,14.051874160766602,degrees_C,22998,historical,emissions,13.187479318356981,0.8643948424096202
UKESM1-3-LL,esm-hist,r1i1p1f1,g110,tas,global,annual mean,2005,14.046106338500977,degrees_C,22998,historical,emissions,13.187479318356981,0.8586270201439952
UKESM1-3-LL,esm-hist,r1i1p1f1,g110,tas,global,annual mean,2006,13.963129043579102,degrees_C,22998,historical,emissions,13.187479318356981,0.7756497252221202
UKESM1-3-LL,esm-hist,r1i1p1f1,g110,tas,global,annual mean,2007,14.167047500610352,degrees_C,22998,historical,emissions,13.187479318356981,0.9795681822533702
UKESM1-3-LL,esm-hist,r1i1p1f1,g110,tas,global,annual mean,2008,14.004571914672852,degrees_C,22998,historical,emissions,13.187479318356981,0.8170925963158702
UKESM1-3-LL,esm-hist,r1i1p1f1,g110,tas,global,annual mean,2009,13.920404434204102,degrees_C,22998,historical,emissions,13.187479318356981,0.7329251158471202
UKESM1-3-LL,esm-hist,r1i1p1f1,g110,tas,global,annual mean,2010,14.041559219360352,degrees_C,22998,historical,emissions,13.187479318356981,0.8540799010033702
UKESM1-3-LL,esm-hist,r1i1p1f1,g110,tas,global,annual mean,2011,14.205072402954102,degrees_C,22998,historical,emissions,13.187479318356981,1.0175930845971202
UKESM1-3-LL,esm-hist,r1i1p1f1,g110,tas,global,annual mean,2012,14.385675430297852,degrees_C,22998,historical,emissions,13.187479318356981,1.1981961119408702
UKESM1-3-LL,esm-hist,r1i1p1f1,g110,tas,global,annual mean,2013,14.227258682250977,degrees_C,22998,historical,emissions,13.187479318356981,1.0397793638939952
UKESM1-3-LL,esm-hist,r1i1p1f1,g110,tas,global,annual mean,2014,14.284173965454102,degrees_C,22998,historical,emissions,13.187479318356981,1.0966946470971202
UKESM1-3-LL,esm-hist,r1i1p1f1,g110,tas,global,annual mean,2015,14.346277236938477,degrees_C,22998,historical,emissions,13.187479318356981,1.1587979185814952
UKESM1-3-LL,esm-hist,r1i1p1f1,g110,tas,global,annual mean,2016,14.402399063110352,degrees_C,22998,historical,emissions,13.187479318356981,1.2149197447533702
UKESM1-3-LL,esm-hist,r1i1p1f1,g110,tas,global,annual mean,2017,14.503747940063477,degrees_C,22998,historical,emissions,13.187479318356981,1.3162686217064952
UKESM1-3-LL,esm-hist,r1i1p1f1,g110,tas,global,annual mean,2018,14.571954727172852,degrees_C,22998,historical,emissions,13.187479318356981,1.3844754088158702
UKESM1-3-LL,esm-hist,r1i1p1f1,g110,tas,global,annual mean,2019,14.575067520141602,degrees_C,22998,historical,emissions,13.187479318356981,1.3875882017846202
UKESM1-3-LL,esm-hist,r1i1p1f1,g110,tas,global,annual mean,2020,14.654413223266602,degrees_C,22998,historical,emissions,13.187479318356981,1.4669339049096202
UKESM1-3-LL,esm-hist,r1i1p1f1,g110,tas,global,annual mean,2021,14.813714981079102,degrees_C,22998,historical,emissions,13.187479318356981,1.6262356627221202
UKESM1-3-LL,esm-hist,r7i1p1f2,g110,tas,global,annual mean,1850,13.480127334594727,degrees_C,22999,historical,emissions,13.267568214266907,0.21255912032781943
UKESM1-3-LL,esm-hist,r7i1p1f2,g110,tas,global,annual mean,1851,13.731164932250977,degrees_C,22999,historical,emissions,13.267568214266907,0.46359671798406943
UKESM1-3-LL,esm-hist,r7i1p1f2,g110,tas,global,annual mean,1852,13.564661026000977,degrees_C,22999,historical,emissions,13.267568214266907,0.29709281173406943
UKESM1-3-LL,esm-hist,r7i1p1f2,g110,tas,global,annual mean,1853,13.554010391235352,degrees_C,22999,historical,emissions,13.267568214266907,0.28644217696844443
UKESM1-3-LL,esm-hist,r7i1p1f2,g110,tas,global,annual mean,1854,13.634454727172852,degrees_C,22999,historical,emissions,13.267568214266907,0.36688651290594443
UKESM1-3-LL,esm-hist,r7i1p1f2,g110,tas,global,annual mean,1855,13.535028457641602,degrees_C,22999,historical,emissions,13.267568214266907,0.26746024337469443
UKESM1-3-LL,esm-hist,r7i1p1f2,g110,tas,global,annual mean,1856,13.452936172485352,degrees_C,22999,historical,emissions,13.267568214266907,0.18536795821844443
UKESM1-3-LL,esm-hist,r7i1p1f2,g110,tas,global,annual mean,1857,13.357294082641602,degrees_C,22999,historical,emissions,13.267568214266907,0.08972586837469443
UKESM1-3-LL,esm-hist,r7i1p1f2,g110,tas,global,annual mean,1858,13.410577774047852,degrees_C,22999,historical,emissions,13.267568214266907,0.14300955978094443
UKESM1-3-LL,esm-hist,r7i1p1f2,g110,tas,global,annual mean,1859,13.401514053344727,degrees_C,22999,historical,emissions,13.267568214266907,0.13394583907781943
UKESM1-3-LL,esm-hist,r7i1p1f2,g110,tas,global,annual mean,1860,13.465723037719727,degrees_C,22999,historical,emissions,13.267568214266907,0.19815482345281943
UKESM1-3-LL,esm-hist,r7i1p1f2,g110,tas,global,annual mean,1861,13.537958145141602,degrees_C,22999,historical,emissions,13.267568214266907,0.27038993087469443
UKESM1-3-LL,esm-hist,r7i1p1f2,g110,tas,global,annual mean,1862,13.355279922485352,degrees_C,22999,historical,emissions,13.267568214266907,0.08771170821844443
UKESM1-3-LL,esm-hist,r7i1p1f2,g110,tas,global,annual mean,1863,13.247949600219727,degrees_C,22999,historical,emissions,13.267568214266907,-0.01961861404718057
UKESM1-3-LL,esm-hist,r7i1p1f2,g110,tas,global,annual mean,1864,13.256433486938477,degrees_C,22999,historical,emissions,13.267568214266907,-0.011134727328430571
UKESM1-3-LL,esm-hist,r7i1p1f2,g110,tas,global,annual mean,1865,13.288324356079102,degrees_C,22999,historical,emissions,13.267568214266907,0.02075614181219443
UKESM1-3-LL,esm-hist,r7i1p1f2,g110,tas,global,annual mean,1866,13.498804092407227,degrees_C,22999,historical,emissions,13.267568214266907,0.23123587814031943
UKESM1-3-LL,esm-hist,r7i1p1f2,g110,tas,global,annual mean,1867,13.467157363891602,degrees_C,22999,historical,emissions,13.267568214266907,0.19958914962469443
UKESM1-3-LL,esm-hist,r7i1p1f2,g110,tas,global,annual mean,1868,13.358942031860352,degrees_C,22999,historical,emissions,13.267568214266907,0.09137381759344443
UKESM1-3-LL,esm-hist,r7i1p1f2,g110,tas,global,annual mean,1869,13.392267227172852,degrees_C,22999,historical,emissions,13.267568214266907,0.12469901290594443
UKESM1-3-LL,esm-hist,r7i1p1f2,g110,tas,global,annual mean,1870,13.309076309204102,degrees_C,22999,historical,emissions,13.267568214266907,0.04150809493719443
UKESM1-3-LL,esm-hist,r7i1p1f2,g110,tas,global,annual mean,1871,13.326898574829102,degrees_C,22999,historical,emissions,13.267568214266907,0.05933036056219443
UKESM1-3-LL,esm-hist,r7i1p1f2,g110,tas,global,annual mean,1872,13.293970108032227,degrees_C,22999,historical,emissions,13.267568214266907,0.02640189376531943
UKESM1-3-LL,esm-hist,r7i1p1f2,g110,tas,global,annual mean,1873,13.099298477172852,degrees_C,22999,historical,emissions,13.267568214266907,-0.16826973709405557
UKESM1-3-LL,esm-hist,r7i1p1f2,g110,tas,global,annual mean,1874,13.181421279907227,degrees_C,22999,historical,emissions,13.267568214266907,-0.08614693435968057
UKESM1-3-LL,esm-hist,r7i1p1f2,g110,tas,global,annual mean,1875,13.113092422485352,degrees_C,22999,historical,emissions,13.267568214266907,-0.15447579178155557
UKESM1-3-LL,esm-hist,r7i1p1f2,g110,tas,global,annual mean,1876,13.209283828735352,degrees_C,22999,historical,emissions,13.267568214266907,-0.05828438553155557
UKESM1-3-LL,esm-hist,r7i1p1f2,g110,tas,global,annual mean,1877,13.409509658813477,degrees_C,22999,historical,emissions,13.267568214266907,0.14194144454656943
UKESM1-3-LL,esm-hist,r7i1p1f2,g110,tas,global,annual mean,1878,13.646509170532227,degrees_C,22999,historical,emissions,13.267568214266907,0.37894095626531943
UKESM1-3-LL,esm-hist,r7i1p1f2,g110,tas,global,annual mean,1879,13.483087539672852,degrees_C,22999,historical,emissions,13.267568214266907,0.21551932540594443
UKESM1-3-LL,esm-hist,r7i1p1f2,g110,tas,global,annual mean,1880,13.279993057250977,degrees_C,22999,historical,emissions,13.267568214266907,0.012424842984069429
UKESM1-3-LL,esm-hist,r7i1p1f2,g110,tas,global,annual mean,1881,13.188165664672852,degrees_C,22999,historical,emissions,13.267568214266907,-0.07940254959405557
UKESM1-3-LL,esm-hist,r7i1p1f2,g110,tas,global,annual mean,1882,13.174798965454102,degrees_C,22999,historical,emissions,13.267568214266907,-0.09276924881280557
UKESM1-3-LL,esm-hist,r7i1p1f2,g110,tas,global,annual mean,1883,13.316553115844727,degrees_C,22999,historical,emissions,13.267568214266907,0.04898490157781943
UKESM1-3-LL,esm-hist,r7i1p1f2,g110,tas,global,annual mean,1884,12.880548477172852,degrees_C,22999,historical,emissions,13.267568214266907,-0.38701973709405557
UKESM1-3-LL,esm-hist,r7i1p1f2,g110,tas,global,annual mean,1885,12.815057754516602,degrees_C,22999,historical,emissions,13.267568214266907,-0.45251045975030557
UKESM1-3-LL,esm-hist,r7i1p1f2,g110,tas,global,annual mean,1886,12.795465469360352,degrees_C,22999,historical,emissions,13.267568214266907,-0.47210274490655557
UKESM1-3-LL,esm-hist,r7i1p1f2,g110,tas,global,annual mean,1887,12.781915664672852,degrees_C,22999,historical,emissions,13.267568214266907,-0.48565254959405557
UKESM1-3-LL,esm-hist,r7i1p1f2,g110,tas,global,annual mean,1888,12.848840713500977,degrees_C,22999,historical,emissions,13.267568214266907,-0.41872750076593057
UKESM1-3-LL,esm-hist,r7i1p1f2,g110,tas,global,annual mean,1889,13.055017471313477,degrees_C,22999,historical,emissions,13.267568214266907,-0.21255074295343057
UKESM1-3-LL,esm-hist,r7i1p1f2,g110,tas,global,annual mean,1890,13.247735977172852,degrees_C,22999,historical,emissions,13.267568214266907,-0.01983223709405557
UKESM1-3-LL,esm-hist,r7i1p1f2,g110,tas,global,annual mean,1891,13.269556045532227,degrees_C,22999,historical,emissions,13.267568214266907,0.0019878312653194286
UKESM1-3-LL,esm-hist,r7i1p1f2,g110,tas,global,annual mean,1892,13.143243789672852,degrees_C,22999,historical,emissions,13.267568214266907,-0.12432442459405557
UKESM1-3-LL,esm-hist,r7i1p1f2,g110,tas,global,annual mean,1893,13.063409805297852,degrees_C,22999,historical,emissions,13.267568214266907,-0.20415840896905557
UKESM1-3-LL,esm-hist,r7i1p1f2,g110,tas,global,annual mean,1894,13.086755752563477,degrees_C,22999,historical,emissions,13.267568214266907,-0.18081246170343057
UKESM1-3-LL,esm-hist,r7i1p1f2,g110,tas,global,annual mean,1895,13.026391983032227,degrees_C,22999,historical,emissions,13.267568214266907,-0.24117623123468057
UKESM1-3-LL,esm-hist,r7i1p1f2,g110,tas,global,annual mean,1896,13.062860488891602,degrees_C,22999,historical,emissions,13.267568214266907,-0.20470772537530557
UKESM1-3-LL,esm-hist,r7i1p1f2,g110,tas,global,annual mean,1897,13.086664199829102,degrees_C,22999,historical,emissions,13.267568214266907,-0.18090401443780557
UKESM1-3-LL,esm-hist,r7i1p1f2,g110,tas,global,annual mean,1898,13.164606094360352,degrees_C,22999,historical,emissions,13.267568214266907,-0.10296211990655557
UKESM1-3-LL,esm-hist,r7i1p1f2,g110,tas,global,annual mean,1899,13.129907608032227,degrees_C,22999,historical,emissions,13.267568214266907,-0.13766060623468057
UKESM1-3-LL,esm-hist,r7i1p1f2,g110,tas,global,annual mean,1900,13.165735244750977,degrees_C,22999,historical,emissions,13.267568214266907,-0.10183296951593057
UKESM1-3-LL,esm-hist,r7i1p1f2,g110,tas,global,annual mean,1901,13.209772109985352,degrees_C,22999,historical,emissions,13.267568214266907,-0.05779610428155557
UKESM1-3-LL,esm-hist,r7i1p1f2,g110,tas,global,annual mean,1902,13.273614883422852,degrees_C,22999,historical,emissions,13.267568214266907,0.0060466691559444286
UKESM1-3-LL,esm-hist,r7i1p1f2,g110,tas,global,annual mean,1903,13.320672988891602,degrees_C,22999,historical,emissions,13.267568214266907,0.05310477462469443
UKESM1-3-LL,esm-hist,r7i1p1f2,g110,tas,global,annual mean,1904,13.311334609985352,degrees_C,22999,historical,emissions,13.267568214266907,0.04376639571844443
UKESM1-3-LL,esm-hist,r7i1p1f2,g110,tas,global,annual mean,1905,13.338495254516602,degrees_C,22999,historical,emissions,13.267568214266907,0.07092704024969443
UKESM1-3-LL,esm-hist,r7i1p1f2,g110,tas,global,annual mean,1906,13.338373184204102,degrees_C,22999,historical,emissions,13.267568214266907,0.07080496993719443
UKESM1-3-LL,esm-hist,r7i1p1f2,g110,tas,global,annual mean,1907,13.371271133422852,degrees_C,22999,historical,emissions,13.267568214266907,0.10370291915594443
UKESM1-3-LL,esm-hist,r7i1p1f2,g110,tas,global,annual mean,1908,13.223688125610352,degrees_C,22999,historical,emissions,13.267568214266907,-0.04388008865655557
UKESM1-3-LL,esm-hist,r7i1p1f2,g110,tas,global,annual mean,1909,13.004266738891602,degrees_C,22999,historical,emissions,13.267568214266907,-0.26330147537530557
UKESM1-3-LL,esm-hist,r7i1p1f2,g110,tas,global,annual mean,1910,12.998193740844727,degrees_C,22999,historical,emissions,13.267568214266907,-0.26937447342218057
UKESM1-3-LL,esm-hist,r7i1p1f2,g110,tas,global,annual mean,1911,13.256464004516602,degrees_C,22999,historical,emissions,13.267568214266907,-0.011104209750305571
UKESM1-3-LL,esm-hist,r7i1p1f2,g110,tas,global,annual mean,1912,13.307153701782227,degrees_C,22999,historical,emissions,13.267568214266907,0.03958548751531943
UKESM1-3-LL,esm-hist,r7i1p1f2,g110,tas,global,annual mean,1913,13.233453750610352,degrees_C,22999,historical,emissions,13.267568214266907,-0.03411446365655557
UKESM1-3-LL,esm-hist,r7i1p1f2,g110,tas,global,annual mean,1914,13.208703994750977,degrees_C,22999,historical,emissions,13.267568214266907,-0.05886421951593057
UKESM1-3-LL,esm-hist,r7i1p1f2,g110,tas,global,annual mean,1915,13.260919570922852,degrees_C,22999,historical,emissions,13.267568214266907,-0.0066486433440555714
UKESM1-3-LL,esm-hist,r7i1p1f2,g110,tas,global,annual mean,1916,13.133539199829102,degrees_C,22999,historical,emissions,13.267568214266907,-0.13402901443780557
UKESM1-3-LL,esm-hist,r7i1p1f2,g110,tas,global,annual mean,1917,13.229181289672852,degrees_C,22999,historical,emissions,13.267568214266907,-0.03838692459405557
UKESM1-3-LL,esm-hist,r7i1p1f2,g110,tas,global,annual mean,1918,13.241540908813477,degrees_C,22999,historical,emissions,13.267568214266907,-0.02602730545343057
UKESM1-3-LL,esm-hist,r7i1p1f2,g110,tas,global,annual mean,1919,13.436914443969727,degrees_C,22999,historical,emissions,13.267568214266907,0.16934622970281943
UKESM1-3-LL,esm-hist,r7i1p1f2,g110,tas,global,annual mean,1920,13.299493789672852,degrees_C,22999,historical,emissions,13.267568214266907,0.03192557540594443
UKESM1-3-LL,esm-hist,r7i1p1f2,g110,tas,global,annual mean,1921,13.267541885375977,degrees_C,22999,historical,emissions,13.267568214266907,-2.6328890930571447e-05
UKESM1-3-LL,esm-hist,r7i1p1f2,g110,tas,global,annual mean,1922,13.254877090454102,degrees_C,22999,historical,emissions,13.267568214266907,-0.012691123812805571
UKESM1-3-LL,esm-hist,r7i1p1f2,g110,tas,global,annual mean,1923,13.315546035766602,degrees_C,22999,historical,emissions,13.267568214266907,0.04797782149969443
UKESM1-3-LL,esm-hist,r7i1p1f2,g110,tas,global,annual mean,1924,13.210657119750977,degrees_C,22999,historical,emissions,13.267568214266907,-0.05691109451593057
UKESM1-3-LL,esm-hist,r7i1p1f2,g110,tas,global,annual mean,1925,13.077508926391602,degrees_C,22999,historical,emissions,13.267568214266907,-0.19005928787530557
UKESM1-3-LL,esm-hist,r7i1p1f2,g110,tas,global,annual mean,1926,13.151788711547852,degrees_C,22999,historical,emissions,13.267568214266907,-0.11577950271905557
UKESM1-3-LL,esm-hist,r7i1p1f2,g110,tas,global,annual mean,1927,13.390924453735352,degrees_C,22999,historical,emissions,13.267568214266907,0.12335623946844443
UKESM1-3-LL,esm-hist,r7i1p1f2,g110,tas,global,annual mean,1928,13.265039443969727,degrees_C,22999,historical,emissions,13.267568214266907,-0.0025287702971805714
UKESM1-3-LL,esm-hist,r7i1p1f2,g110,tas,global,annual mean,1929,13.265253067016602,degrees_C,22999,historical,emissions,13.267568214266907,-0.0023151472503055714
UKESM1-3-LL,esm-hist,r7i1p1f2,g110,tas,global,annual mean,1930,13.409051895141602,degrees_C,22999,historical,emissions,13.267568214266907,0.14148368087469443
UKESM1-3-LL,esm-hist,r7i1p1f2,g110,tas,global,annual mean,1931,13.360345840454102,degrees_C,22999,historical,emissions,13.267568214266907,0.09277762618719443
UKESM1-3-LL,esm-hist,r7i1p1f2,g110,tas,global,annual mean,1932,13.365106582641602,degrees_C,22999,historical,emissions,13.267568214266907,0.09753836837469443
UKESM1-3-LL,esm-hist,r7i1p1f2,g110,tas,global,annual mean,1933,13.279993057250977,degrees_C,22999,historical,emissions,13.267568214266907,0.012424842984069429
UKESM1-3-LL,esm-hist,r7i1p1f2,g110,tas,global,annual mean,1934,13.315942764282227,degrees_C,22999,historical,emissions,13.267568214266907,0.04837455001531943
UKESM1-3-LL,esm-hist,r7i1p1f2,g110,tas,global,annual mean,1935,13.354089736938477,degrees_C,22999,historical,emissions,13.267568214266907,0.08652152267156943
UKESM1-3-LL,esm-hist,r7i1p1f2,g110,tas,global,annual mean,1936,13.311487197875977,degrees_C,22999,historical,emissions,13.267568214266907,0.04391898360906943
UKESM1-3-LL,esm-hist,r7i1p1f2,g110,tas,global,annual mean,1937,13.465448379516602,degrees_C,22999,historical,emissions,13.267568214266907,0.19788016524969443
UKESM1-3-LL,esm-hist,r7i1p1f2,g110,tas,global,annual mean,1938,13.584100723266602,degrees_C,22999,historical,emissions,13.267568214266907,0.31653250899969443
UKESM1-3-LL,esm-hist,r7i1p1f2,g110,tas,global,annual mean,1939,13.494409561157227,degrees_C,22999,historical,emissions,13.267568214266907,0.22684134689031943
UKESM1-3-LL,esm-hist,r7i1p1f2,g110,tas,global,annual mean,1940,13.316980361938477,degrees_C,22999,historical,emissions,13.267568214266907,0.04941214767156943
UKESM1-3-LL,esm-hist,r7i1p1f2,g110,tas,global,annual mean,1941,13.463525772094727,degrees_C,22999,historical,emissions,13.267568214266907,0.19595755782781943
UKESM1-3-LL,esm-hist,r7i1p1f2,g110,tas,global,annual mean,1942,13.486383438110352,degrees_C,22999,historical,emissions,13.267568214266907,0.21881522384344443
UKESM1-3-LL,esm-hist,r7i1p1f2,g110,tas,global,annual mean,1943,13.385248184204102,degrees_C,22999,historical,emissions,13.267568214266907,0.11767996993719443
UKESM1-3-LL,esm-hist,r7i1p1f2,g110,tas,global,annual mean,1944,13.157922744750977,degrees_C,22999,historical,emissions,13.267568214266907,-0.10964546951593057
UKESM1-3-LL,esm-hist,r7i1p1f2,g110,tas,global,annual mean,1945,13.373712539672852,degrees_C,22999,historical,emissions,13.267568214266907,0.10614432540594443
UKESM1-3-LL,esm-hist,r7i1p1f2,g110,tas,global,annual mean,1946,13.347284317016602,degrees_C,22999,historical,emissions,13.267568214266907,0.07971610274969443
UKESM1-3-LL,esm-hist,r7i1p1f2,g110,tas,global,annual mean,1947,13.425775527954102,degrees_C,22999,historical,emissions,13.267568214266907,0.15820731368719443
UKESM1-3-LL,esm-hist,r7i1p1f2,g110,tas,global,annual mean,1948,13.483453750610352,degrees_C,22999,historical,emissions,13.267568214266907,0.21588553634344443
UKESM1-3-LL,esm-hist,r7i1p1f2,g110,tas,global,annual mean,1949,13.369531631469727,degrees_C,22999,historical,emissions,13.267568214266907,0.10196341720281943
UKESM1-3-LL,esm-hist,r7i1p1f2,g110,tas,global,annual mean,1950,13.432336807250977,degrees_C,22999,historical,emissions,13.267568214266907,0.16476859298406943
UKESM1-3-LL,esm-hist,r7i1p1f2,g110,tas,global,annual mean,1951,13.588708877563477,degrees_C,22999,historical,emissions,13.267568214266907,0.32114066329656943
UKESM1-3-LL,esm-hist,r7i1p1f2,g110,tas,global,annual mean,1952,13.466821670532227,degrees_C,22999,historical,emissions,13.267568214266907,0.19925345626531943
UKESM1-3-LL,esm-hist,r7i1p1f2,g110,tas,global,annual mean,1953,13.410882949829102,degrees_C,22999,historical,emissions,13.267568214266907,0.14331473556219443
UKESM1-3-LL,esm-hist,r7i1p1f2,g110,tas,global,annual mean,1954,13.524530410766602,degrees_C,22999,historical,emissions,13.267568214266907,0.25696219649969443
UKESM1-3-LL,esm-hist,r7i1p1f2,g110,tas,global,annual mean,1955,13.377313613891602,degrees_C,22999,historical,emissions,13.267568214266907,0.10974539962469443
UKESM1-3-LL,esm-hist,r7i1p1f2,g110,tas,global,annual mean,1956,13.371942520141602,degrees_C,22999,historical,emissions,13.267568214266907,0.10437430587469443
UKESM1-3-LL,esm-hist,r7i1p1f2,g110,tas,global,annual mean,1957,13.416315078735352,degrees_C,22999,historical,emissions,13.267568214266907,0.14874686446844443
UKESM1-3-LL,esm-hist,r7i1p1f2,g110,tas,global,annual mean,1958,13.454919815063477,degrees_C,22999,historical,emissions,13.267568214266907,0.18735160079656943
UKESM1-3-LL,esm-hist,r7i1p1f2,g110,tas,global,annual mean,1959,13.557245254516602,degrees_C,22999,historical,emissions,13.267568214266907,0.28967704024969443
UKESM1-3-LL,esm-hist,r7i1p1f2,g110,tas,global,annual mean,1960,13.664453506469727,degrees_C,22999,historical,emissions,13.267568214266907,0.39688529220281943
UKESM1-3-LL,esm-hist,r7i1p1f2,g110,tas,global,annual mean,1961,13.485345840454102,degrees_C,22999,historical,emissions,13.267568214266907,0.21777762618719443
UKESM1-3-LL,esm-hist,r7i1p1f2,g110,tas,global,annual mean,1962,13.439416885375977,degrees_C,22999,historical,emissions,13.267568214266907,0.17184867110906943
UKESM1-3-LL,esm-hist,r7i1p1f2,g110,tas,global,annual mean,1963,13.474786758422852,degrees_C,22999,historical,emissions,13.267568214266907,0.20721854415594443
UKESM1-3-LL,esm-hist,r7i1p1f2,g110,tas,global,annual mean,1964,13.312494277954102,degrees_C,22999,historical,emissions,13.267568214266907,0.04492606368719443
UKESM1-3-LL,esm-hist,r7i1p1f2,g110,tas,global,annual mean,1965,13.351922988891602,degrees_C,22999,historical,emissions,13.267568214266907,0.08435477462469443
UKESM1-3-LL,esm-hist,r7i1p1f2,g110,tas,global,annual mean,1966,13.395685195922852,degrees_C,22999,historical,emissions,13.267568214266907,0.12811698165594443
UKESM1-3-LL,esm-hist,r7i1p1f2,g110,tas,global,annual mean,1967,13.395929336547852,degrees_C,22999,historical,emissions,13.267568214266907,0.12836112228094443
UKESM1-3-LL,esm-hist,r7i1p1f2,g110,tas,global,annual mean,1968,13.459253311157227,degrees_C,22999,historical,emissions,13.267568214266907,0.19168509689031943
UKESM1-3-LL,esm-hist,r7i1p1f2,g110,tas,global,annual mean,1969,13.401056289672852,degrees_C,22999,historical,emissions,13.267568214266907,0.13348807540594443
UKESM1-3-LL,esm-hist,r7i1p1f2,g110,tas,global,annual mean,1970,13.433038711547852,degrees_C,22999,historical,emissions,13.267568214266907,0.16547049728094443
UKESM1-3-LL,esm-hist,r7i1p1f2,g110,tas,global,annual mean,1971,13.273492813110352,degrees_C,22999,historical,emissions,13.267568214266907,0.0059245988434444286
UKESM1-3-LL,esm-hist,r7i1p1f2,g110,tas,global,annual mean,1972,13.316797256469727,degrees_C,22999,historical,emissions,13.267568214266907,0.04922904220281943
UKESM1-3-LL,esm-hist,r7i1p1f2,g110,tas,global,annual mean,1973,13.362909317016602,degrees_C,22999,historical,emissions,13.267568214266907,0.09534110274969443
UKESM1-3-LL,esm-hist,r7i1p1f2,g110,tas,global,annual mean,1974,13.296319961547852,degrees_C,22999,historical,emissions,13.267568214266907,0.02875174728094443
UKESM1-3-LL,esm-hist,r7i1p1f2,g110,tas,global,annual mean,1975,13.258295059204102,degrees_C,22999,historical,emissions,13.267568214266907,-0.009273155062805571
UKESM1-3-LL,esm-hist,r7i1p1f2,g110,tas,global,annual mean,1976,13.453302383422852,degrees_C,22999,historical,emissions,13.267568214266907,0.18573416915594443
UKESM1-3-LL,esm-hist,r7i1p1f2,g110,tas,global,annual mean,1977,13.553216934204102,degrees_C,22999,historical,emissions,13.267568214266907,0.28564871993719443
UKESM1-3-LL,esm-hist,r7i1p1f2,g110,tas,global,annual mean,1978,13.318902969360352,degrees_C,22999,historical,emissions,13.267568214266907,0.05133475509344443
UKESM1-3-LL,esm-hist,r7i1p1f2,g110,tas,global,annual mean,1979,13.380273818969727,degrees_C,22999,historical,emissions,13.267568214266907,0.11270560470281943
UKESM1-3-LL,esm-hist,r7i1p1f2,g110,tas,global,annual mean,1980,13.495599746704102,degrees_C,22999,historical,emissions,13.267568214266907,0.22803153243719443
UKESM1-3-LL,esm-hist,r7i1p1f2,g110,tas,global,annual mean,1981,13.535333633422852,degrees_C,22999,historical,emissions,13.267568214266907,0.26776541915594443
UKESM1-3-LL,esm-hist,r7i1p1f2,g110,tas,global,annual mean,1982,13.371515274047852,degrees_C,22999,historical,emissions,13.267568214266907,0.10394705978094443
UKESM1-3-LL,esm-hist,r7i1p1f2,g110,tas,global,annual mean,1983,13.217279434204102,degrees_C,22999,historical,emissions,13.267568214266907,-0.05028878006280557
UKESM1-3-LL,esm-hist,r7i1p1f2,g110,tas,global,annual mean,1984,13.415033340454102,degrees_C,22999,historical,emissions,13.267568214266907,0.14746512618719443
UKESM1-3-LL,esm-hist,r7i1p1f2,g110,tas,global,annual mean,1985,13.460504531860352,degrees_C,22999,historical,emissions,13.267568214266907,0.19293631759344443
UKESM1-3-LL,esm-hist,r7i1p1f2,g110,tas,global,annual mean,1986,13.291681289672852,degrees_C,22999,historical,emissions,13.267568214266907,0.02411307540594443
UKESM1-3-LL,esm-hist,r7i1p1f2,g110,tas,global,annual mean,1987,13.404230117797852,degrees_C,22999,historical,emissions,13.267568214266907,0.13666190353094443
UKESM1-3-LL,esm-hist,r7i1p1f2,g110,tas,global,annual mean,1988,13.489374160766602,degrees_C,22999,historical,emissions,13.267568214266907,0.22180594649969443
UKESM1-3-LL,esm-hist,r7i1p1f2,g110,tas,global,annual mean,1989,13.518304824829102,degrees_C,22999,historical,emissions,13.267568214266907,0.25073661056219443
UKESM1-3-LL,esm-hist,r7i1p1f2,g110,tas,global,annual mean,1990,13.495080947875977,degrees_C,22999,historical,emissions,13.267568214266907,0.22751273360906943
UKESM1-3-LL,esm-hist,r7i1p1f2,g110,tas,global,annual mean,1991,13.480707168579102,degrees_C,22999,historical,emissions,13.267568214266907,0.21313895431219443
UKESM1-3-LL,esm-hist,r7i1p1f2,g110,tas,global,annual mean,1992,13.232202529907227,degrees_C,22999,historical,emissions,13.267568214266907,-0.03536568435968057
UKESM1-3-LL,esm-hist,r7i1p1f2,g110,tas,global,annual mean,1993,13.255212783813477,degrees_C,22999,historical,emissions,13.267568214266907,-0.012355430453430571
UKESM1-3-LL,esm-hist,r7i1p1f2,g110,tas,global,annual mean,1994,13.320825576782227,degrees_C,22999,historical,emissions,13.267568214266907,0.05325736251531943
UKESM1-3-LL,esm-hist,r7i1p1f2,g110,tas,global,annual mean,1995,13.422601699829102,degrees_C,22999,historical,emissions,13.267568214266907,0.15503348556219443
UKESM1-3-LL,esm-hist,r7i1p1f2,g110,tas,global,annual mean,1996,13.552423477172852,degrees_C,22999,historical,emissions,13.267568214266907,0.28485526290594443
UKESM1-3-LL,esm-hist,r7i1p1f2,g110,tas,global,annual mean,1997,13.542779922485352,degrees_C,22999,historical,emissions,13.267568214266907,0.27521170821844443
UKESM1-3-LL,esm-hist,r7i1p1f2,g110,tas,global,annual mean,1998,13.810541152954102,degrees_C,22999,historical,emissions,13.267568214266907,0.5429729386871944
UKESM1-3-LL,esm-hist,r7i1p1f2,g110,tas,global,annual mean,1999,13.919061660766602,degrees_C,22999,historical,emissions,13.267568214266907,0.6514934464996944
UKESM1-3-LL,esm-hist,r7i1p1f2,g110,tas,global,annual mean,2000,13.760522842407227,degrees_C,22999,historical,emissions,13.267568214266907,0.49295462814031943
UKESM1-3-LL,esm-hist,r7i1p1f2,g110,tas,global,annual mean,2001,13.719476699829102,degrees_C,22999,historical,emissions,13.267568214266907,0.45190848556219443
UKESM1-3-LL,esm-hist,r7i1p1f2,g110,tas,global,annual mean,2002,13.697870254516602,degrees_C,22999,historical,emissions,13.267568214266907,0.43030204024969443
UKESM1-3-LL,esm-hist,r7i1p1f2,g110,tas,global,annual mean,2003,13.856470108032227,degrees_C,22999,historical,emissions,13.267568214266907,0.5889018937653194
UKESM1-3-LL,esm-hist,r7i1p1f2,g110,tas,global,annual mean,2004,14.004938125610352,degrees_C,22999,historical,emissions,13.267568214266907,0.7373699113434444
UKESM1-3-LL,esm-hist,r7i1p1f2,g110,tas,global,annual mean,2005,14.302667617797852,degrees_C,22999,historical,emissions,13.267568214266907,1.0350994035309444
UKESM1-3-LL,esm-hist,r7i1p1f2,g110,tas,global,annual mean,2006,14.188440322875977,degrees_C,22999,historical,emissions,13.267568214266907,0.9208721086090694
UKESM1-3-LL,esm-hist,r7i1p1f2,g110,tas,global,annual mean,2007,14.052423477172852,degrees_C,22999,historical,emissions,13.267568214266907,0.7848552629059444
UKESM1-3-LL,esm-hist,r7i1p1f2,g110,tas,global,annual mean,2008,14.003900527954102,degrees_C,22999,historical,emissions,13.267568214266907,0.7363323136871944
UKESM1-3-LL,esm-hist,r7i1p1f2,g110,tas,global,annual mean,2009,14.110223770141602,degrees_C,22999,historical,emissions,13.267568214266907,0.8426555558746944
UKESM1-3-LL,esm-hist,r7i1p1f2,g110,tas,global,annual mean,2010,14.300592422485352,degrees_C,22999,historical,emissions,13.267568214266907,1.0330242082184444
UKESM1-3-LL,esm-hist,r7i1p1f2,g110,tas,global,annual mean,2011,14.384363174438477,degrees_C,22999,historical,emissions,13.267568214266907,1.1167949601715694
UKESM1-3-LL,esm-hist,r7i1p1f2,g110,tas,global,annual mean,2012,14.153711318969727,degrees_C,22999,historical,emissions,13.267568214266907,0.8861431047028194
UKESM1-3-LL,esm-hist,r7i1p1f2,g110,tas,global,annual mean,2013,14.186059951782227,degrees_C,22999,historical,emissions,13.267568214266907,0.9184917375153194
UKESM1-3-LL,esm-hist,r7i1p1f2,g110,tas,global,annual mean,2014,14.213220596313477,degrees_C,22999,historical,emissions,13.267568214266907,0.9456523820465694
UKESM1-3-LL,esm-hist,r7i1p1f2,g110,tas,global,annual mean,2015,14.297449111938477,degrees_C,22999,historical,emissions,13.267568214266907,1.0298808976715694
UKESM1-3-LL,esm-hist,r7i1p1f2,g110,tas,global,annual mean,2016,14.571039199829102,degrees_C,22999,historical,emissions,13.267568214266907,1.3034709855621944
UKESM1-3-LL,esm-hist,r7i1p1f2,g110,tas,global,annual mean,2017,14.702783584594727,degrees_C,22999,historical,emissions,13.267568214266907,1.4352153703278194
UKESM1-3-LL,esm-hist,r7i1p1f2,g110,tas,global,annual mean,2018,14.726434707641602,degrees_C,22999,historical,emissions,13.267568214266907,1.4588664933746944
UKESM1-3-LL,esm-hist,r7i1p1f2,g110,tas,global,annual mean,2019,14.504266738891602,degrees_C,22999,historical,emissions,13.267568214266907,1.2366985246246944
UKESM1-3-LL,esm-hist,r7i1p1f2,g110,tas,global,annual mean,2020,14.690942764282227,degrees_C,22999,historical,emissions,13.267568214266907,1.4233745500153194
UKESM1-3-LL,esm-hist,r7i1p1f2,g110,tas,global,annual mean,2021,14.855157852172852,degrees_C,22999,historical,emissions,13.267568214266907,1.5875896379059444
UKESM1-3-LL,esm-scen7-h,r1i1p1f1,g110,tas,global,annual mean,2022,14.816461563110352,degrees_C,23001,h,emissions,13.187479318356981,1.6289822447533702
UKESM1-3-LL,esm-scen7-h,r1i1p1f1,g110,tas,global,annual mean,2023,14.734674453735352,degrees_C,23001,h,emissions,13.187479318356981,1.5471951353783702
UKESM1-3-LL,esm-scen7-h,r1i1p1f1,g110,tas,global,annual mean,2024,14.877099990844727,degrees_C,23001,h,emissions,13.187479318356981,1.6896206724877452
UKESM1-3-LL,esm-scen7-h,r1i1p1f1,g110,tas,global,annual mean,2025,14.980432510375977,degrees_C,23001,h,emissions,13.187479318356981,1.7929531920189952
UKESM1-3-LL,esm-scen7-h,r1i1p1f1,g110,tas,global,annual mean,2026,14.842279434204102,degrees_C,23001,h,emissions,13.187479318356981,1.6548001158471202
UKESM1-3-LL,esm-scen7-h,r1i1p1f1,g110,tas,global,annual mean,2027,14.908563613891602,degrees_C,23001,h,emissions,13.187479318356981,1.7210842955346202
UKESM1-3-LL,esm-scen7-h,r1i1p1f1,g110,tas,global,annual mean,2028,14.843194961547852,degrees_C,23001,h,emissions,13.187479318356981,1.6557156431908702
UKESM1-3-LL,esm-scen7-h,r1i1p1f1,g110,tas,global,annual mean,2029,14.882959365844727,degrees_C,23001,h,emissions,13.187479318356981,1.6954800474877452
UKESM1-3-LL,esm-scen7-h,r1i1p1f1,g110,tas,global,annual mean,2030,15.031000137329102,degrees_C,23001,h,emissions,13.187479318356981,1.8435208189721202
UKESM1-3-LL,esm-scen7-h,r1i1p1f1,g110,tas,global,annual mean,2031,15.065668106079102,degrees_C,23001,h,emissions,13.187479318356981,1.8781887877221202
UKESM1-3-LL,esm-scen7-h,r1i1p1f1,g110,tas,global,annual mean,2032,15.182245254516602,degrees_C,23001,h,emissions,13.187479318356981,1.9947659361596202
UKESM1-3-LL,esm-scen7-h,r1i1p1f1,g110,tas,global,annual mean,2033,15.308130264282227,degrees_C,23001,h,emissions,13.187479318356981,2.120650945925245
UKESM1-3-LL,esm-scen7-h,r1i1p1f1,g110,tas,global,annual mean,2034,15.421228408813477,degrees_C,23001,h,emissions,13.187479318356981,2.233749090456495
UKESM1-3-LL,esm-scen7-h,r1i1p1f1,g110,tas,global,annual mean,2035,15.400476455688477,degrees_C,23001,h,emissions,13.187479318356981,2.212997137331495
UKESM1-3-LL,esm-scen7-h,r1i1p1f1,g110,tas,global,annual mean,2036,15.410211563110352,degrees_C,23001,h,emissions,13.187479318356981,2.22273224475337
UKESM1-3-LL,esm-scen7-h,r1i1p1f1,g110,tas,global,annual mean,2037,15.493463516235352,degrees_C,23001,h,emissions,13.187479318356981,2.30598419787837
UKESM1-3-LL,esm-scen7-h,r1i1p1f1,g110,tas,global,annual mean,2038,15.602441787719727,degrees_C,23001,h,emissions,13.187479318356981,2.414962469362745
UKESM1-3-LL,esm-scen7-h,r1i1p1f1,g110,tas,global,annual mean,2039,15.488794326782227,degrees_C,23001,h,emissions,13.187479318356981,2.301315008425245
UKESM1-3-LL,esm-scen7-h,r1i1p1f1,g110,tas,global,annual mean,2040,15.632349014282227,degrees_C,23001,h,emissions,13.187479318356981,2.444869695925245
UKESM1-3-LL,esm-scen7-h,r1i1p1f1,g110,tas,global,annual mean,2041,15.744592666625977,degrees_C,23001,h,emissions,13.187479318356981,2.557113348268995
UKESM1-3-LL,esm-scen7-h,r1i1p1f1,g110,tas,global,annual mean,2042,15.624261856079102,degrees_C,23001,h,emissions,13.187479318356981,2.43678253772212
UKESM1-3-LL,esm-scen7-h,r1i1p1f1,g110,tas,global,annual mean,2043,15.703851699829102,degrees_C,23001,h,emissions,13.187479318356981,2.51637238147212
UKESM1-3-LL,esm-scen7-h,r1i1p1f1,g110,tas,global,annual mean,2044,15.561731338500977,degrees_C,23001,h,emissions,13.187479318356981,2.374252020143995
UKESM1-3-LL,esm-scen7-h,r1i1p1f1,g110,tas,global,annual mean,2045,15.602838516235352,degrees_C,23001,h,emissions,13.187479318356981,2.41535919787837
UKESM1-3-LL,esm-scen7-h,r1i1p1f1,g110,tas,global,annual mean,2046,15.730218887329102,degrees_C,23001,h,emissions,13.187479318356981,2.54273956897212
UKESM1-3-LL,esm-scen7-h,r1i1p1f1,g110,tas,global,annual mean,2047,15.656244277954102,degrees_C,23001,h,emissions,13.187479318356981,2.46876495959712
UKESM1-3-LL,esm-scen7-h,r1i1p1f1,g110,tas,global,annual mean,2048,15.799890518188477,degrees_C,23001,h,emissions,13.187479318356981,2.612411199831495
UKESM1-3-LL,esm-scen7-h,r1i1p1f1,g110,tas,global,annual mean,2049,15.965143203735352,degrees_C,23001,h,emissions,13.187479318356981,2.77766388537837
UKESM1-3-LL,esm-scen7-h,r1i1p1f1,g110,tas,global,annual mean,2050,15.976068496704102,degrees_C,23001,h,emissions,13.187479318356981,2.78858917834712
UKESM1-3-LL,esm-scen7-h,r1i1p1f1,g110,tas,global,annual mean,2051,16.01104164123535,degrees_C,23001,h,emissions,13.187479318356981,2.82356232287837
UKESM1-3-LL,esm-scen7-h,r1i1p1f1,g110,tas,global,annual mean,2052,15.864404678344727,degrees_C,23001,h,emissions,13.187479318356981,2.676925359987745
UKESM1-3-LL,esm-scen7-h,r1i1p1f1,g110,tas,global,annual mean,2053,16.0283145904541,degrees_C,23001,h,emissions,13.187479318356981,2.84083527209712
UKESM1-3-LL,esm-scen7-h,r1i1p1f1,g110,tas,global,annual mean,2054,16.004297256469727,degrees_C,23001,h,emissions,13.187479318356981,2.816817938112745
UKESM1-3-LL,esm-scen7-h,r1i1p1f1,g110,tas,global,annual mean,2055,16.031579971313477,degrees_C,23001,h,emissions,13.187479318356981,2.844100652956495
UKESM1-3-LL,esm-scen7-h,r1i1p1f1,g110,tas,global,annual mean,2056,16.117700576782227,degrees_C,23001,h,emissions,13.187479318356981,2.930221258425245
UKESM1-3-LL,esm-scen7-h,r1i1p1f1,g110,tas,global,annual mean,2057,16.15093421936035,degrees_C,23001,h,emissions,13.187479318356981,2.96345490100337
UKESM1-3-LL,esm-scen7-h,r1i1p1f1,g110,tas,global,annual mean,2058,16.1348819732666,degrees_C,23001,h,emissions,13.187479318356981,2.94740265490962
UKESM1-3-LL,esm-scen7-h,r1i1p1f1,g110,tas,global,annual mean,2059,16.2685489654541,degrees_C,23001,h,emissions,13.187479318356981,3.08106964709712
UKESM1-3-LL,esm-scen7-h,r1i1p1f1,g110,tas,global,annual mean,2060,16.3514347076416,degrees_C,23001,h,emissions,13.187479318356981,3.16395538928462
UKESM1-3-LL,esm-scen7-h,r1i1p1f1,g110,tas,global,annual mean,2061,16.411218643188477,degrees_C,23001,h,emissions,13.187479318356981,3.223739324831495
UKESM1-3-LL,esm-scen7-h,r1i1p1f1,g110,tas,global,annual mean,2062,16.28826332092285,degrees_C,23001,h,emissions,13.187479318356981,3.10078400256587
UKESM1-3-LL,esm-scen7-h,r1i1p1f1,g110,tas,global,annual mean,2063,16.392053604125977,degrees_C,23001,h,emissions,13.187479318356981,3.204574285768995
UKESM1-3-LL,esm-scen7-h,r1i1p1f1,g110,tas,global,annual mean,2064,16.58770179748535,degrees_C,23001,h,emissions,13.187479318356981,3.40022247912837
UKESM1-3-LL,esm-scen7-h,r1i1p1f1,g110,tas,global,annual mean,2065,16.4960880279541,degrees_C,23001,h,emissions,13.187479318356981,3.30860870959712
UKESM1-3-LL,esm-scen7-h,r1i1p1f1,g110,tas,global,annual mean,2066,16.61480140686035,degrees_C,23001,h,emissions,13.187479318356981,3.42732208850337
UKESM1-3-LL,esm-scen7-h,r1i1p1f1,g110,tas,global,annual mean,2067,16.61785316467285,degrees_C,23001,h,emissions,13.187479318356981,3.43037384631587
UKESM1-3-LL,esm-scen7-h,r1i1p1f1,g110,tas,global,annual mean,2068,16.63652992248535,degrees_C,23001,h,emissions,13.187479318356981,3.44905060412837
UKESM1-3-LL,esm-scen7-h,r1i1p1f1,g110,tas,global,annual mean,2069,16.670373916625977,degrees_C,23001,h,emissions,13.187479318356981,3.482894598268995
UKESM1-3-LL,esm-scen7-h,r1i1p1f1,g110,tas,global,annual mean,2070,16.569238662719727,degrees_C,23001,h,emissions,13.187479318356981,3.381759344362745
UKESM1-3-LL,esm-scen7-h,r1i1p1f1,g110,tas,global,annual mean,2071,16.75933265686035,degrees_C,23001,h,emissions,13.187479318356981,3.57185333850337
UKESM1-3-LL,esm-scen7-h,r1i1p1f1,g110,tas,global,annual mean,2072,16.750085830688477,degrees_C,23001,h,emissions,13.187479318356981,3.562606512331495
UKESM1-3-LL,esm-scen7-h,r1i1p1f1,g110,tas,global,annual mean,2073,16.899255752563477,degrees_C,23001,h,emissions,13.187479318356981,3.711776434206495
UKESM1-3-LL,esm-scen7-h,r1i1p1f1,g110,tas,global,annual mean,2074,16.9814395904541,degrees_C,23001,h,emissions,13.187479318356981,3.79396027209712
UKESM1-3-LL,esm-scen7-h,r1i1p1f1,g110,tas,global,annual mean,2075,16.9316349029541,degrees_C,23001,h,emissions,13.187479318356981,3.74415558459712
UKESM1-3-LL,esm-scen7-h,r1i1p1f1,g110,tas,global,annual mean,2076,16.854089736938477,degrees_C,23001,h,emissions,13.187479318356981,3.666610418581495
UKESM1-3-LL,esm-scen7-h,r1i1p1f1,g110,tas,global,annual mean,2077,16.975671768188477,degrees_C,23001,h,emissions,13.187479318356981,3.788192449831495
UKESM1-3-LL,esm-scen7-h,r1i1p1f1,g110,tas,global,annual mean,2078,17.2089786529541,degrees_C,23001,h,emissions,13.187479318356981,4.02149933459712
UKESM1-3-LL,esm-scen7-h,r1i1p1f1,g110,tas,global,annual mean,2079,17.1096134185791,degrees_C,23001,h,emissions,13.187479318356981,3.92213410022212
UKESM1-3-LL,esm-scen7-h,r1i1p1f1,g110,tas,global,annual mean,2080,17.114953994750977,degrees_C,23001,h,emissions,13.187479318356981,3.927474676393995
UKESM1-3-LL,esm-scen7-h,r1i1p1f1,g110,tas,global,annual mean,2081,17.2875919342041,degrees_C,23001,h,emissions,13.187479318356981,4.10011261584712
UKESM1-3-LL,esm-scen7-h,r1i1p1f1,g110,tas,global,annual mean,2082,17.3452091217041,degrees_C,23001,h,emissions,13.187479318356981,4.15772980334712
UKESM1-3-LL,esm-scen7-h,r1i1p1f1,g110,tas,global,annual mean,2083,17.5530948638916,degrees_C,23001,h,emissions,13.187479318356981,4.36561554553462
UKESM1-3-LL,esm-scen7-h,r1i1p1f1,g110,tas,global,annual mean,2084,17.34502601623535,degrees_C,23001,h,emissions,13.187479318356981,4.15754669787837
UKESM1-3-LL,esm-scen7-h,r1i1p1f1,g110,tas,global,annual mean,2085,17.300806045532227,degrees_C,23001,h,emissions,13.187479318356981,4.113326727175245
UKESM1-3-LL,esm-scen7-h,r1i1p1f1,g110,tas,global,annual mean,2086,17.4693546295166,degrees_C,23001,h,emissions,13.187479318356981,4.28187531115962
UKESM1-3-LL,esm-scen7-h,r1i1p1f1,g110,tas,global,annual mean,2087,17.589319229125977,degrees_C,23001,h,emissions,13.187479318356981,4.401839910768995
UKESM1-3-LL,esm-scen7-h,r1i1p1f1,g110,tas,global,annual mean,2088,17.497461318969727,degrees_C,23001,h,emissions,13.187479318356981,4.309982000612745
UKESM1-3-LL,esm-scen7-h,r1i1p1f1,g110,tas,global,annual mean,2089,17.696435928344727,degrees_C,23001,h,emissions,13.187479318356981,4.508956609987745
UKESM1-3-LL,esm-scen7-h,r1i1p1f1,g110,tas,global,annual mean,2090,17.7452335357666,degrees_C,23001,h,emissions,13.187479318356981,4.55775421740962
UKESM1-3-LL,esm-scen7-h,r1i1p1f1,g110,tas,global,annual mean,2091,17.55022621154785,degrees_C,23001,h,emissions,13.187479318356981,4.36274689319087
UKESM1-3-LL,esm-scen7-h,r1i1p1f1,g110,tas,global,annual mean,2092,17.5849552154541,degrees_C,23001,h,emissions,13.187479318356981,4.39747589709712
UKESM1-3-LL,esm-scen7-h,r1i1p1f1,g110,tas,global,annual mean,2093,17.783411026000977,degrees_C,23001,h,emissions,13.187479318356981,4.595931707643995
UKESM1-3-LL,esm-scen7-h,r1i1p1f1,g110,tas,global,annual mean,2094,18.011438369750977,degrees_C,23001,h,emissions,13.187479318356981,4.823959051393995
UKESM1-3-LL,esm-scen7-h,r1i1p1f1,g110,tas,global,annual mean,2095,17.777002334594727,degrees_C,23001,h,emissions,13.187479318356981,4.589523016237745
UKESM1-3-LL,esm-scen7-h,r1i1p1f1,g110,tas,global,annual mean,2096,17.8892765045166,degrees_C,23001,h,emissions,13.187479318356981,4.70179718615962
UKESM1-3-LL,esm-scen7-h,r1i1p1f1,g110,tas,global,annual mean,2097,17.91179847717285,degrees_C,23001,h,emissions,13.187479318356981,4.72431915881587
UKESM1-3-LL,esm-scen7-h,r1i1p1f1,g110,tas,global,annual mean,2098,17.93499183654785,degrees_C,23001,h,emissions,13.187479318356981,4.74751251819087
UKESM1-3-LL,esm-scen7-h,r1i1p1f1,g110,tas,global,annual mean,2099,18.0174503326416,degrees_C,23001,h,emissions,13.187479318356981,4.82997101428462
UKESM1-3-LL,esm-scen7-h,r1i1p1f1,g110,tas,global,annual mean,2100,18.10540199279785,degrees_C,23001,h,emissions,13.187479318356981,4.91792267444087
UKESM1-3-LL,esm-scen7-vl,r1i1p1f1,g110,tas,global,annual mean,2022,14.802972793579102,degrees_C,23002,vl,emissions,13.187479318356981,1.6154934752221202
UKESM1-3-LL,esm-scen7-vl,r1i1p1f1,g110,tas,global,annual mean,2023,14.702325820922852,degrees_C,23002,vl,emissions,13.187479318356981,1.5148465025658702
UKESM1-3-LL,esm-scen7-vl,r1i1p1f1,g110,tas,global,annual mean,2024,14.825250625610352,degrees_C,23002,vl,emissions,13.187479318356981,1.6377713072533702
UKESM1-3-LL,esm-scen7-vl,r1i1p1f1,g110,tas,global,annual mean,2025,15.003534317016602,degrees_C,23002,vl,emissions,13.187479318356981,1.8160549986596202
UKESM1-3-LL,esm-scen7-vl,r1i1p1f1,g110,tas,global,annual mean,2026,14.866235733032227,degrees_C,23002,vl,emissions,13.187479318356981,1.6787564146752452
UKESM1-3-LL,esm-scen7-vl,r1i1p1f1,g110,tas,global,annual mean,2027,14.816553115844727,degrees_C,23002,vl,emissions,13.187479318356981,1.6290737974877452
UKESM1-3-LL,esm-scen7-vl,r1i1p1f1,g110,tas,global,annual mean,2028,14.839654922485352,degrees_C,23002,vl,emissions,13.187479318356981,1.6521756041283702
UKESM1-3-LL,esm-scen7-vl,r1i1p1f1,g110,tas,global,annual mean,2029,14.931177139282227,degrees_C,23002,vl,emissions,13.187479318356981,1.7436978209252452
UKESM1-3-LL,esm-scen7-vl,r1i1p1f1,g110,tas,global,annual mean,2030,15.100122451782227,degrees_C,23002,vl,emissions,13.187479318356981,1.9126431334252452
UKESM1-3-LL,esm-scen7-vl,r1i1p1f1,g110,tas,global,annual mean,2031,15.124017715454102,degrees_C,23002,vl,emissions,13.187479318356981,1.9365383970971202
UKESM1-3-LL,esm-scen7-vl,r1i1p1f1,g110,tas,global,annual mean,2032,15.126337051391602,degrees_C,23002,vl,emissions,13.187479318356981,1.9388577330346202
UKESM1-3-LL,esm-scen7-vl,r1i1p1f1,g110,tas,global,annual mean,2033,15.001764297485352,degrees_C,23002,vl,emissions,13.187479318356981,1.8142849791283702
UKESM1-3-LL,esm-scen7-vl,r1i1p1f1,g110,tas,global,annual mean,2034,15.202112197875977,degrees_C,23002,vl,emissions,13.187479318356981,2.014632879518995
UKESM1-3-LL,esm-scen7-vl,r1i1p1f1,g110,tas,global,annual mean,2035,15.267694473266602,degrees_C,23002,vl,emissions,13.187479318356981,2.08021515490962
UKESM1-3-LL,esm-scen7-vl,r1i1p1f1,g110,tas,global,annual mean,2036,15.301141738891602,degrees_C,23002,vl,emissions,13.187479318356981,2.11366242053462
UKESM1-3-LL,esm-scen7-vl,r1i1p1f1,g110,tas,global,annual mean,2037,15.317529678344727,degrees_C,23002,vl,emissions,13.187479318356981,2.130050359987745
UKESM1-3-LL,esm-scen7-vl,r1i1p1f1,g110,tas,global,annual mean,2038,15.272089004516602,degrees_C,23002,vl,emissions,13.187479318356981,2.08460968615962
UKESM1-3-LL,esm-scen7-vl,r1i1p1f1,g110,tas,global,annual mean,2039,15.301416397094727,degrees_C,23002,vl,emissions,13.187479318356981,2.113937078737745
UKESM1-3-LL,esm-scen7-vl,r1i1p1f1,g110,tas,global,annual mean,2040,15.249628067016602,degrees_C,23002,vl,emissions,13.187479318356981,2.06214874865962
UKESM1-3-LL,esm-scen7-vl,r1i1p1f1,g110,tas,global,annual mean,2041,15.305719375610352,degrees_C,23002,vl,emissions,13.187479318356981,2.11824005725337
UKESM1-3-LL,esm-scen7-vl,r1i1p1f1,g110,tas,global,annual mean,2042,15.293146133422852,degrees_C,23002,vl,emissions,13.187479318356981,2.10566681506587
UKESM1-3-LL,esm-scen7-vl,r1i1p1f1,g110,tas,global,annual mean,2043,15.553033828735352,degrees_C,23002,vl,emissions,13.187479318356981,2.36555451037837
UKESM1-3-LL,esm-scen7-vl,r1i1p1f1,g110,tas,global,annual mean,2044,15.372888565063477,degrees_C,23002,vl,emissions,13.187479318356981,2.185409246706495
UKESM1-3-LL,esm-scen7-vl,r1i1p1f1,g110,tas,global,annual mean,2045,15.335351943969727,degrees_C,23002,vl,emissions,13.187479318356981,2.147872625612745
UKESM1-3-LL,esm-scen7-vl,r1i1p1f1,g110,tas,global,annual mean,2046,15.383996963500977,degrees_C,23002,vl,emissions,13.187479318356981,2.196517645143995
UKESM1-3-LL,esm-scen7-vl,r1i1p1f1,g110,tas,global,annual mean,2047,15.342706680297852,degrees_C,23002,vl,emissions,13.187479318356981,2.15522736194087
UKESM1-3-LL,esm-scen7-vl,r1i1p1f1,g110,tas,global,annual mean,2048,15.491724014282227,degrees_C,23002,vl,emissions,13.187479318356981,2.304244695925245
UKESM1-3-LL,esm-scen7-vl,r1i1p1f1,g110,tas,global,annual mean,2049,15.634271621704102,degrees_C,23002,vl,emissions,13.187479318356981,2.44679230334712
UKESM1-3-LL,esm-scen7-vl,r1i1p1f1,g110,tas,global,annual mean,2050,15.581781387329102,degrees_C,23002,vl,emissions,13.187479318356981,2.39430206897212
UKESM1-3-LL,esm-scen7-vl,r1i1p1f1,g110,tas,global,annual mean,2051,15.424829483032227,degrees_C,23002,vl,emissions,13.187479318356981,2.237350164675245
UKESM1-3-LL,esm-scen7-vl,r1i1p1f1,g110,tas,global,annual mean,2052,15.524164199829102,degrees_C,23002,vl,emissions,13.187479318356981,2.33668488147212
UKESM1-3-LL,esm-scen7-vl,r1i1p1f1,g110,tas,global,annual mean,2053,15.340265274047852,degrees_C,23002,vl,emissions,13.187479318356981,2.15278595569087
UKESM1-3-LL,esm-scen7-vl,r1i1p1f1,g110,tas,global,annual mean,2054,15.308404922485352,degrees_C,23002,vl,emissions,13.187479318356981,2.12092560412837
UKESM1-3-LL,esm-scen7-vl,r1i1p1f1,g110,tas,global,annual mean,2055,15.436212539672852,degrees_C,23002,vl,emissions,13.187479318356981,2.24873322131587
UKESM1-3-LL,esm-scen7-vl,r1i1p1f1,g110,tas,global,annual mean,2056,15.538812637329102,degrees_C,23002,vl,emissions,13.187479318356981,2.35133331897212
UKESM1-3-LL,esm-scen7-vl,r1i1p1f1,g110,tas,global,annual mean,2057,15.366571426391602,degrees_C,23002,vl,emissions,13.187479318356981,2.17909210803462
UKESM1-3-LL,esm-scen7-vl,r1i1p1f1,g110,tas,global,annual mean,2058,15.378320693969727,degrees_C,23002,vl,emissions,13.187479318356981,2.190841375612745
UKESM1-3-LL,esm-scen7-vl,r1i1p1f1,g110,tas,global,annual mean,2059,15.449151992797852,degrees_C,23002,vl,emissions,13.187479318356981,2.26167267444087
UKESM1-3-LL,esm-scen7-vl,r1i1p1f1,g110,tas,global,annual mean,2060,15.419305801391602,degrees_C,23002,vl,emissions,13.187479318356981,2.23182648303462
UKESM1-3-LL,esm-scen7-vl,r1i1p1f1,g110,tas,global,annual mean,2061,15.367303848266602,degrees_C,23002,vl,emissions,13.187479318356981,2.17982452990962
UKESM1-3-LL,esm-scen7-vl,r1i1p1f1,g110,tas,global,annual mean,2062,15.433038711547852,degrees_C,23002,vl,emissions,13.187479318356981,2.24555939319087
UKESM1-3-LL,esm-scen7-vl,r1i1p1f1,g110,tas,global,annual mean,2063,15.591058731079102,degrees_C,23002,vl,emissions,13.187479318356981,2.40357941272212
UKESM1-3-LL,esm-scen7-vl,r1i1p1f1,g110,tas,global,annual mean,2064,15.284204483032227,degrees_C,23002,vl,emissions,13.187479318356981,2.096725164675245
UKESM1-3-LL,esm-scen7-vl,r1i1p1f1,g110,tas,global,annual mean,2065,15.221460342407227,degrees_C,23002,vl,emissions,13.187479318356981,2.033981024050245
UKESM1-3-LL,esm-scen7-vl,r1i1p1f1,g110,tas,global,annual mean,2066,15.356805801391602,degrees_C,23002,vl,emissions,13.187479318356981,2.16932648303462
UKESM1-3-LL,esm-scen7-vl,r1i1p1f1,g110,tas,global,annual mean,2067,15.479852676391602,degrees_C,23002,vl,emissions,13.187479318356981,2.29237335803462
UKESM1-3-LL,esm-scen7-vl,r1i1p1f1,g110,tas,global,annual mean,2068,15.228815078735352,degrees_C,23002,vl,emissions,13.187479318356981,2.04133576037837
UKESM1-3-LL,esm-scen7-vl,r1i1p1f1,g110,tas,global,annual mean,2069,15.312982559204102,degrees_C,23002,vl,emissions,13.187479318356981,2.12550324084712
UKESM1-3-LL,esm-scen7-vl,r1i1p1f1,g110,tas,global,annual mean,2070,15.642145156860352,degrees_C,23002,vl,emissions,13.187479318356981,2.45466583850337
UKESM1-3-LL,esm-scen7-vl,r1i1p1f1,g110,tas,global,annual mean,2071,15.394311904907227,degrees_C,23002,vl,emissions,13.187479318356981,2.206832586550245
UKESM1-3-LL,esm-scen7-vl,r1i1p1f1,g110,tas,global,annual mean,2072,15.287164688110352,degrees_C,23002,vl,emissions,13.187479318356981,2.09968536975337
UKESM1-3-LL,esm-scen7-vl,r1i1p1f1,g110,tas,global,annual mean,2073,15.366998672485352,degrees_C,23002,vl,emissions,13.187479318356981,2.17951935412837
UKESM1-3-LL,esm-scen7-vl,r1i1p1f1,g110,tas,global,annual mean,2074,15.465478897094727,degrees_C,23002,vl,emissions,13.187479318356981,2.277999578737745
UKESM1-3-LL,esm-scen7-vl,r1i1p1f1,g110,tas,global,annual mean,2075,15.472620010375977,degrees_C,23002,vl,emissions,13.187479318356981,2.285140692018995
UKESM1-3-LL,esm-scen7-vl,r1i1p1f1,g110,tas,global,annual mean,2076,15.409814834594727,degrees_C,23002,vl,emissions,13.187479318356981,2.222335516237745
UKESM1-3-LL,esm-scen7-vl,r1i1p1f1,g110,tas,global,annual mean,2077,15.463678359985352,degrees_C,23002,vl,emissions,13.187479318356981,2.27619904162837
UKESM1-3-LL,esm-scen7-vl,r1i1p1f1,g110,tas,global,annual mean,2078,15.583917617797852,degrees_C,23002,vl,emissions,13.187479318356981,2.39643829944087
UKESM1-3-LL,esm-scen7-vl,r1i1p1f1,g110,tas,global,annual mean,2079,15.634881973266602,degrees_C,23002,vl,emissions,13.187479318356981,2.44740265490962
UKESM1-3-LL,esm-scen7-vl,r1i1p1f1,g110,tas,global,annual mean,2080,15.569391250610352,degrees_C,23002,vl,emissions,13.187479318356981,2.38191193225337
UKESM1-3-LL,esm-scen7-vl,r1i1p1f1,g110,tas,global,annual mean,2081,15.526941299438477,degrees_C,23002,vl,emissions,13.187479318356981,2.339461981081495
UKESM1-3-LL,esm-scen7-vl,r1i1p1f1,g110,tas,global,annual mean,2082,15.543268203735352,degrees_C,23002,vl,emissions,13.187479318356981,2.35578888537837
UKESM1-3-LL,esm-scen7-vl,r1i1p1f1,g110,tas,global,annual mean,2083,15.523248672485352,degrees_C,23002,vl,emissions,13.187479318356981,2.33576935412837
UKESM1-3-LL,esm-scen7-vl,r1i1p1f1,g110,tas,global,annual mean,2084,15.517419815063477,degrees_C,23002,vl,emissions,13.187479318356981,2.329940496706495
UKESM1-3-LL,esm-scen7-vl,r1i1p1f1,g110,tas,global,annual mean,2085,15.375970840454102,degrees_C,23002,vl,emissions,13.187479318356981,2.18849152209712
UKESM1-3-LL,esm-scen7-vl,r1i1p1f1,g110,tas,global,annual mean,2086,15.343072891235352,degrees_C,23002,vl,emissions,13.187479318356981,2.15559357287837
UKESM1-3-LL,esm-scen7-vl,r1i1p1f1,g110,tas,global,annual mean,2087,15.412652969360352,degrees_C,23002,vl,emissions,13.187479318356981,2.22517365100337
UKESM1-3-LL,esm-scen7-vl,r1i1p1f1,g110,tas,global,annual mean,2088,15.394433975219727,degrees_C,23002,vl,emissions,13.187479318356981,2.206954656862745
UKESM1-3-LL,esm-scen7-vl,r1i1p1f1,g110,tas,global,annual mean,2089,15.678155899047852,degrees_C,23002,vl,emissions,13.187479318356981,2.49067658069087
UKESM1-3-LL,esm-scen7-vl,r1i1p1f1,g110,tas,global,annual mean,2090,15.348352432250977,degrees_C,23002,vl,emissions,13.187479318356981,2.160873113893995
UKESM1-3-LL,esm-scen7-vl,r1i1p1f1,g110,tas,global,annual mean,2091,15.435937881469727,degrees_C,23002,vl,emissions,13.187479318356981,2.248458563112745
UKESM1-3-LL,esm-scen7-vl,r1i1p1f1,g110,tas,global,annual mean,2092,15.577112197875977,degrees_C,23002,vl,emissions,13.187479318356981,2.389632879518995
UKESM1-3-LL,esm-scen7-vl,r1i1p1f1,g110,tas,global,annual mean,2093,15.390130996704102,degrees_C,23002,vl,emissions,13.187479318356981,2.20265167834712
UKESM1-3-LL,esm-scen7-vl,r1i1p1f1,g110,tas,global,annual mean,2094,15.374750137329102,degrees_C,23002,vl,emissions,13.187479318356981,2.18727081897212
UKESM1-3-LL,esm-scen7-vl,r1i1p1f1,g110,tas,global,annual mean,2095,15.416315078735352,degrees_C,23002,vl,emissions,13.187479318356981,2.22883576037837
UKESM1-3-LL,esm-scen7-vl,r1i1p1f1,g110,tas,global,annual mean,2096,15.497949600219727,degrees_C,23002,vl,emissions,13.187479318356981,2.310470281862745
UKESM1-3-LL,esm-scen7-vl,r1i1p1f1,g110,tas,global,annual mean,2097,15.468622207641602,degrees_C,23002,vl,emissions,13.187479318356981,2.28114288928462
UKESM1-3-LL,esm-scen7-vl,r1i1p1f1,g110,tas,global,annual mean,2098,15.493951797485352,degrees_C,23002,vl,emissions,13.187479318356981,2.30647247912837
UKESM1-3-LL,esm-scen7-vl,r1i1p1f1,g110,tas,global,annual mean,2099,15.411676406860352,degrees_C,23002,vl,emissions,13.187479318356981,2.22419708850337
UKESM1-3-LL,esm-scen7-vl,r1i1p1f1,g110,tas,global,annual mean,2100,15.508295059204102,degrees_C,23002,vl,emissions,13.187479318356981,2.32081574084712
UKESM1-3-LL,esm-hist,r5i1p1f1,g110,tas,global,annual mean,1850,13.212884902954102,degrees_C,23103,historical,emissions,13.235472099453796,-0.02258719649969443
UKESM1-3-LL,esm-hist,r5i1p1f1,g110,tas,global,annual mean,1851,13.260248184204102,degrees_C,23103,historical,emissions,13.235472099453796,0.02477608475030557
UKESM1-3-LL,esm-hist,r5i1p1f1,g110,tas,global,annual mean,1852,13.375085830688477,degrees_C,23103,historical,emissions,13.235472099453796,0.13961373123468057
UKESM1-3-LL,esm-hist,r5i1p1f1,g110,tas,global,annual mean,1853,13.264978408813477,degrees_C,23103,historical,emissions,13.235472099453796,0.02950630935968057
UKESM1-3-LL,esm-hist,r5i1p1f1,g110,tas,global,annual mean,1854,13.282220840454102,degrees_C,23103,historical,emissions,13.235472099453796,0.04674874100030557
UKESM1-3-LL,esm-hist,r5i1p1f1,g110,tas,global,annual mean,1855,13.107660293579102,degrees_C,23103,historical,emissions,13.235472099453796,-0.12781180587469443
UKESM1-3-LL,esm-hist,r5i1p1f1,g110,tas,global,annual mean,1856,13.229730606079102,degrees_C,23103,historical,emissions,13.235472099453796,-0.0057414933746944286
UKESM1-3-LL,esm-hist,r5i1p1f1,g110,tas,global,annual mean,1857,13.197412490844727,degrees_C,23103,historical,emissions,13.235472099453796,-0.03805960860906943
UKESM1-3-LL,esm-hist,r5i1p1f1,g110,tas,global,annual mean,1858,13.089746475219727,degrees_C,23103,historical,emissions,13.235472099453796,-0.14572562423406943
UKESM1-3-LL,esm-hist,r5i1p1f1,g110,tas,global,annual mean,1859,13.049921035766602,degrees_C,23103,historical,emissions,13.235472099453796,-0.18555106368719443
UKESM1-3-LL,esm-hist,r5i1p1f1,g110,tas,global,annual mean,1860,12.904077529907227,degrees_C,23103,historical,emissions,13.235472099453796,-0.33139456954656943
UKESM1-3-LL,esm-hist,r5i1p1f1,g110,tas,global,annual mean,1861,12.966302871704102,degrees_C,23103,historical,emissions,13.235472099453796,-0.26916922774969443
UKESM1-3-LL,esm-hist,r5i1p1f1,g110,tas,global,annual mean,1862,13.050622940063477,degrees_C,23103,historical,emissions,13.235472099453796,-0.18484915939031943
UKESM1-3-LL,esm-hist,r5i1p1f1,g110,tas,global,annual mean,1863,13.024286270141602,degrees_C,23103,historical,emissions,13.235472099453796,-0.21118582931219443
UKESM1-3-LL,esm-hist,r5i1p1f1,g110,tas,global,annual mean,1864,13.085779190063477,degrees_C,23103,historical,emissions,13.235472099453796,-0.14969290939031943
UKESM1-3-LL,esm-hist,r5i1p1f1,g110,tas,global,annual mean,1865,13.165491104125977,degrees_C,23103,historical,emissions,13.235472099453796,-0.06998099532781943
UKESM1-3-LL,esm-hist,r5i1p1f1,g110,tas,global,annual mean,1866,13.201837539672852,degrees_C,23103,historical,emissions,13.235472099453796,-0.03363455978094443
UKESM1-3-LL,esm-hist,r5i1p1f1,g110,tas,global,annual mean,1867,13.256921768188477,degrees_C,23103,historical,emissions,13.235472099453796,0.02144966873468057
UKESM1-3-LL,esm-hist,r5i1p1f1,g110,tas,global,annual mean,1868,13.191888809204102,degrees_C,23103,historical,emissions,13.235472099453796,-0.04358329024969443
UKESM1-3-LL,esm-hist,r5i1p1f1,g110,tas,global,annual mean,1869,13.236932754516602,degrees_C,23103,historical,emissions,13.235472099453796,0.0014606550628055714
UKESM1-3-LL,esm-hist,r5i1p1f1,g110,tas,global,annual mean,1870,13.511163711547852,degrees_C,23103,historical,emissions,13.235472099453796,0.27569161209405557
UKESM1-3-LL,esm-hist,r5i1p1f1,g110,tas,global,annual mean,1871,13.496759414672852,degrees_C,23103,historical,emissions,13.235472099453796,0.26128731521905557
UKESM1-3-LL,esm-hist,r5i1p1f1,g110,tas,global,annual mean,1872,13.375024795532227,degrees_C,23103,historical,emissions,13.235472099453796,0.13955269607843057
UKESM1-3-LL,esm-hist,r5i1p1f1,g110,tas,global,annual mean,1873,13.286676406860352,degrees_C,23103,historical,emissions,13.235472099453796,0.05120430740655557
UKESM1-3-LL,esm-hist,r5i1p1f1,g110,tas,global,annual mean,1874,13.343866348266602,degrees_C,23103,historical,emissions,13.235472099453796,0.10839424881280557
UKESM1-3-LL,esm-hist,r5i1p1f1,g110,tas,global,annual mean,1875,13.177026748657227,degrees_C,23103,historical,emissions,13.235472099453796,-0.05844535079656943
UKESM1-3-LL,esm-hist,r5i1p1f1,g110,tas,global,annual mean,1876,13.265130996704102,degrees_C,23103,historical,emissions,13.235472099453796,0.02965889725030557
UKESM1-3-LL,esm-hist,r5i1p1f1,g110,tas,global,annual mean,1877,13.437067031860352,degrees_C,23103,historical,emissions,13.235472099453796,0.20159493240655557
UKESM1-3-LL,esm-hist,r5i1p1f1,g110,tas,global,annual mean,1878,13.497735977172852,degrees_C,23103,historical,emissions,13.235472099453796,0.26226387771905557
UKESM1-3-LL,esm-hist,r5i1p1f1,g110,tas,global,annual mean,1879,13.540216445922852,degrees_C,23103,historical,emissions,13.235472099453796,0.30474434646905557
UKESM1-3-LL,esm-hist,r5i1p1f1,g110,tas,global,annual mean,1880,13.489862442016602,degrees_C,23103,historical,emissions,13.235472099453796,0.25439034256280557
UKESM1-3-LL,esm-hist,r5i1p1f1,g110,tas,global,annual mean,1881,13.304437637329102,degrees_C,23103,historical,emissions,13.235472099453796,0.06896553787530557
UKESM1-3-LL,esm-hist,r5i1p1f1,g110,tas,global,annual mean,1882,13.327692031860352,degrees_C,23103,historical,emissions,13.235472099453796,0.09221993240655557
UKESM1-3-LL,esm-hist,r5i1p1f1,g110,tas,global,annual mean,1883,13.469293594360352,degrees_C,23103,historical,emissions,13.235472099453796,0.23382149490655557
UKESM1-3-LL,esm-hist,r5i1p1f1,g110,tas,global,annual mean,1884,13.147241592407227,degrees_C,23103,historical,emissions,13.235472099453796,-0.08823050704656943
UKESM1-3-LL,esm-hist,r5i1p1f1,g110,tas,global,annual mean,1885,13.029047012329102,degrees_C,23103,historical,emissions,13.235472099453796,-0.20642508712469443
UKESM1-3-LL,esm-hist,r5i1p1f1,g110,tas,global,annual mean,1886,13.126001358032227,degrees_C,23103,historical,emissions,13.235472099453796,-0.10947074142156943
UKESM1-3-LL,esm-hist,r5i1p1f1,g110,tas,global,annual mean,1887,13.228143692016602,degrees_C,23103,historical,emissions,13.235472099453796,-0.0073284074371944286
UKESM1-3-LL,esm-hist,r5i1p1f1,g110,tas,global,annual mean,1888,13.062280654907227,degrees_C,23103,historical,emissions,13.235472099453796,-0.17319144454656943
UKESM1-3-LL,esm-hist,r5i1p1f1,g110,tas,global,annual mean,1889,13.050378799438477,degrees_C,23103,historical,emissions,13.235472099453796,-0.18509330001531943
UKESM1-3-LL,esm-hist,r5i1p1f1,g110,tas,global,annual mean,1890,13.184320449829102,degrees_C,23103,historical,emissions,13.235472099453796,-0.05115164962469443
UKESM1-3-LL,esm-hist,r5i1p1f1,g110,tas,global,annual mean,1891,13.179193496704102,degrees_C,23103,historical,emissions,13.235472099453796,-0.05627860274969443
UKESM1-3-LL,esm-hist,r5i1p1f1,g110,tas,global,annual mean,1892,13.301172256469727,degrees_C,23103,historical,emissions,13.235472099453796,0.06570015701593057
UKESM1-3-LL,esm-hist,r5i1p1f1,g110,tas,global,annual mean,1893,13.238092422485352,degrees_C,23103,historical,emissions,13.235472099453796,0.0026203230315555714
UKESM1-3-LL,esm-hist,r5i1p1f1,g110,tas,global,annual mean,1894,13.229272842407227,degrees_C,23103,historical,emissions,13.235472099453796,-0.0061992570465694286
UKESM1-3-LL,esm-hist,r5i1p1f1,g110,tas,global,annual mean,1895,13.253747940063477,degrees_C,23103,historical,emissions,13.235472099453796,0.01827584060968057
UKESM1-3-LL,esm-hist,r5i1p1f1,g110,tas,global,annual mean,1896,13.256586074829102,degrees_C,23103,historical,emissions,13.235472099453796,0.02111397537530557
UKESM1-3-LL,esm-hist,r5i1p1f1,g110,tas,global,annual mean,1897,13.263238906860352,degrees_C,23103,historical,emissions,13.235472099453796,0.02776680740655557
UKESM1-3-LL,esm-hist,r5i1p1f1,g110,tas,global,annual mean,1898,13.231195449829102,degrees_C,23103,historical,emissions,13.235472099453796,-0.0042766496246944286
UKESM1-3-LL,esm-hist,r5i1p1f1,g110,tas,global,annual mean,1899,13.256341934204102,degrees_C,23103,historical,emissions,13.235472099453796,0.02086983475030557
UKESM1-3-LL,esm-hist,r5i1p1f1,g110,tas,global,annual mean,1900,13.296838760375977,degrees_C,23103,historical,emissions,13.235472099453796,0.06136666092218057
UKESM1-3-LL,esm-hist,r5i1p1f1,g110,tas,global,annual mean,1901,13.461969375610352,degrees_C,23103,historical,emissions,13.235472099453796,0.22649727615655557
UKESM1-3-LL,esm-hist,r5i1p1f1,g110,tas,global,annual mean,1902,13.436731338500977,degrees_C,23103,historical,emissions,13.235472099453796,0.20125923904718057
UKESM1-3-LL,esm-hist,r5i1p1f1,g110,tas,global,annual mean,1903,13.379632949829102,degrees_C,23103,historical,emissions,13.235472099453796,0.14416085037530557
UKESM1-3-LL,esm-hist,r5i1p1f1,g110,tas,global,annual mean,1904,13.318536758422852,degrees_C,23103,historical,emissions,13.235472099453796,0.08306465896905557
UKESM1-3-LL,esm-hist,r5i1p1f1,g110,tas,global,annual mean,1905,13.295312881469727,degrees_C,23103,historical,emissions,13.235472099453796,0.05984078201593057
UKESM1-3-LL,esm-hist,r5i1p1f1,g110,tas,global,annual mean,1906,13.319818496704102,degrees_C,23103,historical,emissions,13.235472099453796,0.08434639725030557
UKESM1-3-LL,esm-hist,r5i1p1f1,g110,tas,global,annual mean,1907,13.020776748657227,degrees_C,23103,historical,emissions,13.235472099453796,-0.21469535079656943
UKESM1-3-LL,esm-hist,r5i1p1f1,g110,tas,global,annual mean,1908,13.191186904907227,degrees_C,23103,historical,emissions,13.235472099453796,-0.04428519454656943
UKESM1-3-LL,esm-hist,r5i1p1f1,g110,tas,global,annual mean,1909,13.354059219360352,degrees_C,23103,historical,emissions,13.235472099453796,0.11858711990655557
UKESM1-3-LL,esm-hist,r5i1p1f1,g110,tas,global,annual mean,1910,13.125452041625977,degrees_C,23103,historical,emissions,13.235472099453796,-0.11002005782781943
UKESM1-3-LL,esm-hist,r5i1p1f1,g110,tas,global,annual mean,1911,13.134302139282227,degrees_C,23103,historical,emissions,13.235472099453796,-0.10116996017156943
UKESM1-3-LL,esm-hist,r5i1p1f1,g110,tas,global,annual mean,1912,13.260614395141602,degrees_C,23103,historical,emissions,13.235472099453796,0.02514229568780557
UKESM1-3-LL,esm-hist,r5i1p1f1,g110,tas,global,annual mean,1913,13.183221817016602,degrees_C,23103,historical,emissions,13.235472099453796,-0.05225028243719443
UKESM1-3-LL,esm-hist,r5i1p1f1,g110,tas,global,annual mean,1914,13.251520156860352,degrees_C,23103,historical,emissions,13.235472099453796,0.01604805740655557
UKESM1-3-LL,esm-hist,r5i1p1f1,g110,tas,global,annual mean,1915,13.193170547485352,degrees_C,23103,historical,emissions,13.235472099453796,-0.04230155196844443
UKESM1-3-LL,esm-hist,r5i1p1f1,g110,tas,global,annual mean,1916,13.282953262329102,degrees_C,23103,historical,emissions,13.235472099453796,0.04748116287530557
UKESM1-3-LL,esm-hist,r5i1p1f1,g110,tas,global,annual mean,1917,13.294519424438477,degrees_C,23103,historical,emissions,13.235472099453796,0.05904732498468057
UKESM1-3-LL,esm-hist,r5i1p1f1,g110,tas,global,annual mean,1918,13.200250625610352,degrees_C,23103,historical,emissions,13.235472099453796,-0.03522147384344443
UKESM1-3-LL,esm-hist,r5i1p1f1,g110,tas,global,annual mean,1919,13.077051162719727,degrees_C,23103,historical,emissions,13.235472099453796,-0.15842093673406943
UKESM1-3-LL,esm-hist,r5i1p1f1,g110,tas,global,annual mean,1920,13.117670059204102,degrees_C,23103,historical,emissions,13.235472099453796,-0.11780204024969443
UKESM1-3-LL,esm-hist,r5i1p1f1,g110,tas,global,annual mean,1921,13.320367813110352,degrees_C,23103,historical,emissions,13.235472099453796,0.08489571365655557
UKESM1-3-LL,esm-hist,r5i1p1f1,g110,tas,global,annual mean,1922,13.363122940063477,degrees_C,23103,historical,emissions,13.235472099453796,0.12765084060968057
UKESM1-3-LL,esm-hist,r5i1p1f1,g110,tas,global,annual mean,1923,13.478662490844727,degrees_C,23103,historical,emissions,13.235472099453796,0.24319039139093057
UKESM1-3-LL,esm-hist,r5i1p1f1,g110,tas,global,annual mean,1924,13.505975723266602,degrees_C,23103,historical,emissions,13.235472099453796,0.27050362381280557
UKESM1-3-LL,esm-hist,r5i1p1f1,g110,tas,global,annual mean,1925,13.535638809204102,degrees_C,23103,historical,emissions,13.235472099453796,0.30016670975030557
UKESM1-3-LL,esm-hist,r5i1p1f1,g110,tas,global,annual mean,1926,13.473260879516602,degrees_C,23103,historical,emissions,13.235472099453796,0.23778878006280557
UKESM1-3-LL,esm-hist,r5i1p1f1,g110,tas,global,annual mean,1927,13.281244277954102,degrees_C,23103,historical,emissions,13.235472099453796,0.04577217850030557
UKESM1-3-LL,esm-hist,r5i1p1f1,g110,tas,global,annual mean,1928,13.225702285766602,degrees_C,23103,historical,emissions,13.235472099453796,-0.009769813687194429
UKESM1-3-LL,esm-hist,r5i1p1f1,g110,tas,global,annual mean,1929,13.285974502563477,degrees_C,23103,historical,emissions,13.235472099453796,0.05050240310968057
UKESM1-3-LL,esm-hist,r5i1p1f1,g110,tas,global,annual mean,1930,13.570489883422852,degrees_C,23103,historical,emissions,13.235472099453796,0.33501778396905557
UKESM1-3-LL,esm-hist,r5i1p1f1,g110,tas,global,annual mean,1931,13.658533096313477,degrees_C,23103,historical,emissions,13.235472099453796,0.42306099685968057
UKESM1-3-LL,esm-hist,r5i1p1f1,g110,tas,global,annual mean,1932,13.615106582641602,degrees_C,23103,historical,emissions,13.235472099453796,0.37963448318780557
UKESM1-3-LL,esm-hist,r5i1p1f1,g110,tas,global,annual mean,1933,13.343561172485352,degrees_C,23103,historical,emissions,13.235472099453796,0.10808907303155557
UKESM1-3-LL,esm-hist,r5i1p1f1,g110,tas,global,annual mean,1934,13.180292129516602,degrees_C,23103,historical,emissions,13.235472099453796,-0.05517996993719443
UKESM1-3-LL,esm-hist,r5i1p1f1,g110,tas,global,annual mean,1935,13.281549453735352,degrees_C,23103,historical,emissions,13.235472099453796,0.04607735428155557
UKESM1-3-LL,esm-hist,r5i1p1f1,g110,tas,global,annual mean,1936,13.289636611938477,degrees_C,23103,historical,emissions,13.235472099453796,0.05416451248468057
UKESM1-3-LL,esm-hist,r5i1p1f1,g110,tas,global,annual mean,1937,13.268213272094727,degrees_C,23103,historical,emissions,13.235472099453796,0.03274117264093057
UKESM1-3-LL,esm-hist,r5i1p1f1,g110,tas,global,annual mean,1938,13.323846817016602,degrees_C,23103,historical,emissions,13.235472099453796,0.08837471756280557
UKESM1-3-LL,esm-hist,r5i1p1f1,g110,tas,global,annual mean,1939,13.387140274047852,degrees_C,23103,historical,emissions,13.235472099453796,0.15166817459405557
UKESM1-3-LL,esm-hist,r5i1p1f1,g110,tas,global,annual mean,1940,13.436395645141602,degrees_C,23103,historical,emissions,13.235472099453796,0.20092354568780557
UKESM1-3-LL,esm-hist,r5i1p1f1,g110,tas,global,annual mean,1941,13.328485488891602,degrees_C,23103,historical,emissions,13.235472099453796,0.09301338943780557
UKESM1-3-LL,esm-hist,r5i1p1f1,g110,tas,global,annual mean,1942,13.293176651000977,degrees_C,23103,historical,emissions,13.235472099453796,0.05770455154718057
UKESM1-3-LL,esm-hist,r5i1p1f1,g110,tas,global,annual mean,1943,13.277795791625977,degrees_C,23103,historical,emissions,13.235472099453796,0.04232369217218057
UKESM1-3-LL,esm-hist,r5i1p1f1,g110,tas,global,annual mean,1944,13.321832656860352,degrees_C,23103,historical,emissions,13.235472099453796,0.08636055740655557
UKESM1-3-LL,esm-hist,r5i1p1f1,g110,tas,global,annual mean,1945,13.222955703735352,degrees_C,23103,historical,emissions,13.235472099453796,-0.012516395718444429
UKESM1-3-LL,esm-hist,r5i1p1f1,g110,tas,global,annual mean,1946,13.359735488891602,degrees_C,23103,historical,emissions,13.235472099453796,0.12426338943780557
UKESM1-3-LL,esm-hist,r5i1p1f1,g110,tas,global,annual mean,1947,13.546747207641602,degrees_C,23103,historical,emissions,13.235472099453796,0.31127510818780557
UKESM1-3-LL,esm-hist,r5i1p1f1,g110,tas,global,annual mean,1948,13.308649063110352,degrees_C,23103,historical,emissions,13.235472099453796,0.07317696365655557
UKESM1-3-LL,esm-hist,r5i1p1f1,g110,tas,global,annual mean,1949,13.274682998657227,degrees_C,23103,historical,emissions,13.235472099453796,0.03921089920343057
UKESM1-3-LL,esm-hist,r5i1p1f1,g110,tas,global,annual mean,1950,13.214471817016602,degrees_C,23103,historical,emissions,13.235472099453796,-0.02100028243719443
UKESM1-3-LL,esm-hist,r5i1p1f1,g110,tas,global,annual mean,1951,13.278009414672852,degrees_C,23103,historical,emissions,13.235472099453796,0.04253731521905557
UKESM1-3-LL,esm-hist,r5i1p1f1,g110,tas,global,annual mean,1952,13.442499160766602,degrees_C,23103,historical,emissions,13.235472099453796,0.20702706131280557
UKESM1-3-LL,esm-hist,r5i1p1f1,g110,tas,global,annual mean,1953,13.267663955688477,degrees_C,23103,historical,emissions,13.235472099453796,0.03219185623468057
UKESM1-3-LL,esm-hist,r5i1p1f1,g110,tas,global,annual mean,1954,13.342584609985352,degrees_C,23103,historical,emissions,13.235472099453796,0.10711251053155557
UKESM1-3-LL,esm-hist,r5i1p1f1,g110,tas,global,annual mean,1955,13.280694961547852,degrees_C,23103,historical,emissions,13.235472099453796,0.04522286209405557
UKESM1-3-LL,esm-hist,r5i1p1f1,g110,tas,global,annual mean,1956,13.313348770141602,degrees_C,23103,historical,emissions,13.235472099453796,0.07787667068780557
UKESM1-3-LL,esm-hist,r5i1p1f1,g110,tas,global,annual mean,1957,13.468927383422852,degrees_C,23103,historical,emissions,13.235472099453796,0.23345528396905557
UKESM1-3-LL,esm-hist,r5i1p1f1,g110,tas,global,annual mean,1958,13.699914932250977,degrees_C,23103,historical,emissions,13.235472099453796,0.46444283279718057
UKESM1-3-LL,esm-hist,r5i1p1f1,g110,tas,global,annual mean,1959,13.585351943969727,degrees_C,23103,historical,emissions,13.235472099453796,0.34987984451593057
UKESM1-3-LL,esm-hist,r5i1p1f1,g110,tas,global,annual mean,1960,13.470697402954102,degrees_C,23103,historical,emissions,13.235472099453796,0.23522530350030557
UKESM1-3-LL,esm-hist,r5i1p1f1,g110,tas,global,annual mean,1961,13.273675918579102,degrees_C,23103,historical,emissions,13.235472099453796,0.03820381912530557
UKESM1-3-LL,esm-hist,r5i1p1f1,g110,tas,global,annual mean,1962,13.424860000610352,degrees_C,23103,historical,emissions,13.235472099453796,0.18938790115655557
UKESM1-3-LL,esm-hist,r5i1p1f1,g110,tas,global,annual mean,1963,13.519464492797852,degrees_C,23103,historical,emissions,13.235472099453796,0.28399239334405557
UKESM1-3-LL,esm-hist,r5i1p1f1,g110,tas,global,annual mean,1964,13.325128555297852,degrees_C,23103,historical,emissions,13.235472099453796,0.08965645584405557
UKESM1-3-LL,esm-hist,r5i1p1f1,g110,tas,global,annual mean,1965,13.364526748657227,degrees_C,23103,historical,emissions,13.235472099453796,0.12905464920343057
UKESM1-3-LL,esm-hist,r5i1p1f1,g110,tas,global,annual mean,1966,13.354333877563477,degrees_C,23103,historical,emissions,13.235472099453796,0.11886177810968057
UKESM1-3-LL,esm-hist,r5i1p1f1,g110,tas,global,annual mean,1967,13.435510635375977,degrees_C,23103,historical,emissions,13.235472099453796,0.20003853592218057
UKESM1-3-LL,esm-hist,r5i1p1f1,g110,tas,global,annual mean,1968,13.263391494750977,degrees_C,23103,historical,emissions,13.235472099453796,0.02791939529718057
UKESM1-3-LL,esm-hist,r5i1p1f1,g110,tas,global,annual mean,1969,13.273981094360352,degrees_C,23103,historical,emissions,13.235472099453796,0.03850899490655557
UKESM1-3-LL,esm-hist,r5i1p1f1,g110,tas,global,annual mean,1970,13.327447891235352,degrees_C,23103,historical,emissions,13.235472099453796,0.09197579178155557
UKESM1-3-LL,esm-hist,r5i1p1f1,g110,tas,global,annual mean,1971,13.433465957641602,degrees_C,23103,historical,emissions,13.235472099453796,0.19799385818780557
UKESM1-3-LL,esm-hist,r5i1p1f1,g110,tas,global,annual mean,1972,13.503656387329102,degrees_C,23103,historical,emissions,13.235472099453796,0.26818428787530557
UKESM1-3-LL,esm-hist,r5i1p1f1,g110,tas,global,annual mean,1973,13.220331192016602,degrees_C,23103,historical,emissions,13.235472099453796,-0.015140907437194429
UKESM1-3-LL,esm-hist,r5i1p1f1,g110,tas,global,annual mean,1974,13.239648818969727,degrees_C,23103,historical,emissions,13.235472099453796,0.0041767195159305714
UKESM1-3-LL,esm-hist,r5i1p1f1,g110,tas,global,annual mean,1975,13.327722549438477,degrees_C,23103,historical,emissions,13.235472099453796,0.09225044998468057
UKESM1-3-LL,esm-hist,r5i1p1f1,g110,tas,global,annual mean,1976,13.356012344360352,degrees_C,23103,historical,emissions,13.235472099453796,0.12054024490655557
UKESM1-3-LL,esm-hist,r5i1p1f1,g110,tas,global,annual mean,1977,13.319787979125977,degrees_C,23103,historical,emissions,13.235472099453796,0.08431587967218057
UKESM1-3-LL,esm-hist,r5i1p1f1,g110,tas,global,annual mean,1978,13.459772109985352,degrees_C,23103,historical,emissions,13.235472099453796,0.22430001053155557
UKESM1-3-LL,esm-hist,r5i1p1f1,g110,tas,global,annual mean,1979,13.396539688110352,degrees_C,23103,historical,emissions,13.235472099453796,0.16106758865655557
UKESM1-3-LL,esm-hist,r5i1p1f1,g110,tas,global,annual mean,1980,13.274682998657227,degrees_C,23103,historical,emissions,13.235472099453796,0.03921089920343057
UKESM1-3-LL,esm-hist,r5i1p1f1,g110,tas,global,annual mean,1981,13.343133926391602,degrees_C,23103,historical,emissions,13.235472099453796,0.10766182693780557
UKESM1-3-LL,esm-hist,r5i1p1f1,g110,tas,global,annual mean,1982,13.200922012329102,degrees_C,23103,historical,emissions,13.235472099453796,-0.03455008712469443
UKESM1-3-LL,esm-hist,r5i1p1f1,g110,tas,global,annual mean,1983,13.155572891235352,degrees_C,23103,historical,emissions,13.235472099453796,-0.07989920821844443
UKESM1-3-LL,esm-hist,r5i1p1f1,g110,tas,global,annual mean,1984,13.421258926391602,degrees_C,23103,historical,emissions,13.235472099453796,0.18578682693780557
UKESM1-3-LL,esm-hist,r5i1p1f1,g110,tas,global,annual mean,1985,13.432519912719727,degrees_C,23103,historical,emissions,13.235472099453796,0.19704781326593057
UKESM1-3-LL,esm-hist,r5i1p1f1,g110,tas,global,annual mean,1986,13.380731582641602,degrees_C,23103,historical,emissions,13.235472099453796,0.14525948318780557
UKESM1-3-LL,esm-hist,r5i1p1f1,g110,tas,global,annual mean,1987,13.499444961547852,degrees_C,23103,historical,emissions,13.235472099453796,0.26397286209405557
UKESM1-3-LL,esm-hist,r5i1p1f1,g110,tas,global,annual mean,1988,13.570459365844727,degrees_C,23103,historical,emissions,13.235472099453796,0.33498726639093057
UKESM1-3-LL,esm-hist,r5i1p1f1,g110,tas,global,annual mean,1989,13.326013565063477,degrees_C,23103,historical,emissions,13.235472099453796,0.09054146560968057
UKESM1-3-LL,esm-hist,r5i1p1f1,g110,tas,global,annual mean,1990,13.338495254516602,degrees_C,23103,historical,emissions,13.235472099453796,0.10302315506280557
UKESM1-3-LL,esm-hist,r5i1p1f1,g110,tas,global,annual mean,1991,13.565576553344727,degrees_C,23103,historical,emissions,13.235472099453796,0.33010445389093057
UKESM1-3-LL,esm-hist,r5i1p1f1,g110,tas,global,annual mean,1992,13.418268203735352,degrees_C,23103,historical,emissions,13.235472099453796,0.18279610428155557
UKESM1-3-LL,esm-hist,r5i1p1f1,g110,tas,global,annual mean,1993,13.282770156860352,degrees_C,23103,historical,emissions,13.235472099453796,0.04729805740655557
UKESM1-3-LL,esm-hist,r5i1p1f1,g110,tas,global,annual mean,1994,13.155725479125977,degrees_C,23103,historical,emissions,13.235472099453796,-0.07974662032781943
UKESM1-3-LL,esm-hist,r5i1p1f1,g110,tas,global,annual mean,1995,13.374689102172852,degrees_C,23103,historical,emissions,13.235472099453796,0.13921700271905557
UKESM1-3-LL,esm-hist,r5i1p1f1,g110,tas,global,annual mean,1996,13.721063613891602,degrees_C,23103,historical,emissions,13.235472099453796,0.48559151443780557
UKESM1-3-LL,esm-hist,r5i1p1f1,g110,tas,global,annual mean,1997,13.998834609985352,degrees_C,23103,historical,emissions,13.235472099453796,0.7633625105315556
UKESM1-3-LL,esm-hist,r5i1p1f1,g110,tas,global,annual mean,1998,13.927881240844727,degrees_C,23103,historical,emissions,13.235472099453796,0.6924091413909306
UKESM1-3-LL,esm-hist,r5i1p1f1,g110,tas,global,annual mean,1999,13.793542861938477,degrees_C,23103,historical,emissions,13.235472099453796,0.5580707624846806
UKESM1-3-LL,esm-hist,r5i1p1f1,g110,tas,global,annual mean,2000,13.893457412719727,degrees_C,23103,historical,emissions,13.235472099453796,0.6579853132659306
UKESM1-3-LL,esm-hist,r5i1p1f1,g110,tas,global,annual mean,2001,14.141443252563477,degrees_C,23103,historical,emissions,13.235472099453796,0.9059711531096806
UKESM1-3-LL,esm-hist,r5i1p1f1,g110,tas,global,annual mean,2002,13.897912979125977,degrees_C,23103,historical,emissions,13.235472099453796,0.6624408796721806
UKESM1-3-LL,esm-hist,r5i1p1f1,g110,tas,global,annual mean,2003,13.987665176391602,degrees_C,23103,historical,emissions,13.235472099453796,0.7521930769378056
UKESM1-3-LL,esm-hist,r5i1p1f1,g110,tas,global,annual mean,2004,14.002862930297852,degrees_C,23103,historical,emissions,13.235472099453796,0.7673908308440556
UKESM1-3-LL,esm-hist,r5i1p1f1,g110,tas,global,annual mean,2005,13.991083145141602,degrees_C,23103,historical,emissions,13.235472099453796,0.7556110456878056
UKESM1-3-LL,esm-hist,r5i1p1f1,g110,tas,global,annual mean,2006,13.769708633422852,degrees_C,23103,historical,emissions,13.235472099453796,0.5342365339690556
UKESM1-3-LL,esm-hist,r5i1p1f1,g110,tas,global,annual mean,2007,13.892145156860352,degrees_C,23103,historical,emissions,13.235472099453796,0.6566730574065556
UKESM1-3-LL,esm-hist,r5i1p1f1,g110,tas,global,annual mean,2008,14.145318984985352,degrees_C,23103,historical,emissions,13.235472099453796,0.9098468855315556
UKESM1-3-LL,esm-hist,r5i1p1f1,g110,tas,global,annual mean,2009,14.240961074829102,degrees_C,23103,historical,emissions,13.235472099453796,1.0054889753753056
UKESM1-3-LL,esm-hist,r5i1p1f1,g110,tas,global,annual mean,2010,14.311426162719727,degrees_C,23103,historical,emissions,13.235472099453796,1.0759540632659306
UKESM1-3-LL,esm-hist,r5i1p1f1,g110,tas,global,annual mean,2011,14.271631240844727,degrees_C,23103,historical,emissions,13.235472099453796,1.0361591413909306
UKESM1-3-LL,esm-hist,r5i1p1f1,g110,tas,global,annual mean,2012,14.389154434204102,degrees_C,23103,historical,emissions,13.235472099453796,1.1536823347503056
UKESM1-3-LL,esm-hist,r5i1p1f1,g110,tas,global,annual mean,2013,14.460504531860352,degrees_C,23103,historical,emissions,13.235472099453796,1.2250324324065556
UKESM1-3-LL,esm-hist,r5i1p1f1,g110,tas,global,annual mean,2014,14.447717666625977,degrees_C,23103,historical,emissions,13.235472099453796,1.2122455671721806
UKESM1-3-LL,esm-hist,r5i1p1f1,g110,tas,global,annual mean,2015,14.352228164672852,degrees_C,23103,historical,emissions,13.235472099453796,1.1167560652190556
UKESM1-3-LL,esm-hist,r5i1p1f1,g110,tas,global,annual mean,2016,14.548578262329102,degrees_C,23103,historical,emissions,13.235472099453796,1.3131061628753056
UKESM1-3-LL,esm-hist,r5i1p1f1,g110,tas,global,annual mean,2017,14.530908584594727,degrees_C,23103,historical,emissions,13.235472099453796,1.2954364851409306
UKESM1-3-LL,esm-hist,r5i1p1f1,g110,tas,global,annual mean,2018,14.595575332641602,degrees_C,23103,historical,emissions,13.235472099453796,1.3601032331878056
UKESM1-3-LL,esm-hist,r5i1p1f1,g110,tas,global,annual mean,2019,14.424707412719727,degrees_C,23103,historical,emissions,13.235472099453796,1.1892353132659306
UKESM1-3-LL,esm-hist,r5i1p1f1,g110,tas,global,annual mean,2020,14.560663223266602,degrees_C,23103,historical,emissions,13.235472099453796,1.3251911238128056
UKESM1-3-LL,esm-hist,r5i1p1f1,g110,tas,global,annual mean,2021,14.600549697875977,degrees_C,23103,historical,emissions,13.235472099453796,1.3650775984221806
UKESM1-3-LL,esm-scen7-h,r5i1p1f1,g110,tas,global,annual mean,2022,14.736688613891602,degrees_C,23104,h,emissions,13.235472099453796,1.5012165144378056
UKESM1-3-LL,esm-scen7-h,r5i1p1f1,g110,tas,global,annual mean,2023,14.876581192016602,degrees_C,23104,h,emissions,13.235472099453796,1.6411090925628056
UKESM1-3-LL,esm-scen7-h,r5i1p1f1,g110,tas,global,annual mean,2024,14.952814102172852,degrees_C,23104,h,emissions,13.235472099453796,1.7173420027190556
UKESM1-3-LL,esm-scen7-h,r5i1p1f1,g110,tas,global,annual mean,2025,15.079034805297852,degrees_C,23104,h,emissions,13.235472099453796,1.8435627058440556
UKESM1-3-LL,esm-scen7-h,r5i1p1f1,g110,tas,global,annual mean,2026,14.964593887329102,degrees_C,23104,h,emissions,13.235472099453796,1.7291217878753056
UKESM1-3-LL,esm-scen7-h,r5i1p1f1,g110,tas,global,annual mean,2027,14.953058242797852,degrees_C,23104,h,emissions,13.235472099453796,1.7175861433440556
UKESM1-3-LL,esm-scen7-h,r5i1p1f1,g110,tas,global,annual mean,2028,14.866235733032227,degrees_C,23104,h,emissions,13.235472099453796,1.6307636335784306
UKESM1-3-LL,esm-scen7-h,r5i1p1f1,g110,tas,global,annual mean,2029,15.108270645141602,degrees_C,23104,h,emissions,13.235472099453796,1.8727985456878056
UKESM1-3-LL,esm-scen7-h,r5i1p1f1,g110,tas,global,annual mean,2030,15.199640274047852,degrees_C,23104,h,emissions,13.235472099453796,1.9641681745940556
UKESM1-3-LL,esm-scen7-h,r5i1p1f1,g110,tas,global,annual mean,2031,15.324518203735352,degrees_C,23104,h,emissions,13.235472099453796,2.0890461042815556
UKESM1-3-LL,esm-scen7-h,r5i1p1f1,g110,tas,global,annual mean,2032,15.331537246704102,degrees_C,23104,h,emissions,13.235472099453796,2.0960651472503056
UKESM1-3-LL,esm-scen7-h,r5i1p1f1,g110,tas,global,annual mean,2033,15.457178115844727,degrees_C,23104,h,emissions,13.235472099453796,2.2217060163909306
UKESM1-3-LL,esm-scen7-h,r5i1p1f1,g110,tas,global,annual mean,2034,15.387109756469727,degrees_C,23104,h,emissions,13.235472099453796,2.1516376570159306
UKESM1-3-LL,esm-scen7-h,r5i1p1f1,g110,tas,global,annual mean,2035,15.419366836547852,degrees_C,23104,h,emissions,13.235472099453796,2.1838947370940556
UKESM1-3-LL,esm-scen7-h,r5i1p1f1,g110,tas,global,annual mean,2036,15.391229629516602,degrees_C,23104,h,emissions,13.235472099453796,2.1557575300628056
UKESM1-3-LL,esm-scen7-h,r5i1p1f1,g110,tas,global,annual mean,2037,15.507562637329102,degrees_C,23104,h,emissions,13.235472099453796,2.2720905378753056
UKESM1-3-LL,esm-scen7-h,r5i1p1f1,g110,tas,global,annual mean,2038,15.606287002563477,degrees_C,23104,h,emissions,13.235472099453796,2.3708149031096806
UKESM1-3-LL,esm-scen7-h,r5i1p1f1,g110,tas,global,annual mean,2039,15.480188369750977,degrees_C,23104,h,emissions,13.235472099453796,2.2447162702971806
UKESM1-3-LL,esm-scen7-h,r5i1p1f1,g110,tas,global,annual mean,2040,15.631341934204102,degrees_C,23104,h,emissions,13.235472099453796,2.3958698347503056
UKESM1-3-LL,esm-scen7-h,r5i1p1f1,g110,tas,global,annual mean,2041,15.789178848266602,degrees_C,23104,h,emissions,13.235472099453796,2.5537067488128056
UKESM1-3-LL,esm-scen7-h,r5i1p1f1,g110,tas,global,annual mean,2042,15.826074600219727,degrees_C,23104,h,emissions,13.235472099453796,2.5906025007659306
UKESM1-3-LL,esm-scen7-h,r5i1p1f1,g110,tas,global,annual mean,2043,15.671136856079102,degrees_C,23104,h,emissions,13.235472099453796,2.4356647566253056
UKESM1-3-LL,esm-scen7-h,r5i1p1f1,g110,tas,global,annual mean,2044,15.788324356079102,degrees_C,23104,h,emissions,13.235472099453796,2.5528522566253056
UKESM1-3-LL,esm-scen7-h,r5i1p1f1,g110,tas,global,annual mean,2045,15.828668594360352,degrees_C,23104,h,emissions,13.235472099453796,2.5931964949065556
UKESM1-3-LL,esm-scen7-h,r5i1p1f1,g110,tas,global,annual mean,2046,15.891565322875977,degrees_C,23104,h,emissions,13.235472099453796,2.6560932234221806
UKESM1-3-LL,esm-scen7-h,r5i1p1f1,g110,tas,global,annual mean,2047,15.845514297485352,degrees_C,23104,h,emissions,13.235472099453796,2.6100421980315556
UKESM1-3-LL,esm-scen7-h,r5i1p1f1,g110,tas,global,annual mean,2048,15.850458145141602,degrees_C,23104,h,emissions,13.235472099453796,2.6149860456878056
UKESM1-3-LL,esm-scen7-h,r5i1p1f1,g110,tas,global,annual mean,2049,15.821130752563477,degrees_C,23104,h,emissions,13.235472099453796,2.5856586531096806
UKESM1-3-LL,esm-scen7-h,r5i1p1f1,g110,tas,global,annual mean,2050,15.938226699829102,degrees_C,23104,h,emissions,13.235472099453796,2.7027546003753056
UKESM1-3-LL,esm-scen7-h,r5i1p1f1,g110,tas,global,annual mean,2051,15.918787002563477,degrees_C,23104,h,emissions,13.235472099453796,2.6833149031096806
UKESM1-3-LL,esm-scen7-h,r5i1p1f1,g110,tas,global,annual mean,2052,16.03716468811035,degrees_C,23104,h,emissions,13.235472099453796,2.8016925886565556
UKESM1-3-LL,esm-scen7-h,r5i1p1f1,g110,tas,global,annual mean,2053,16.273950576782227,degrees_C,23104,h,emissions,13.235472099453796,3.0384784773284306
UKESM1-3-LL,esm-scen7-h,r5i1p1f1,g110,tas,global,annual mean,2054,16.3273868560791,degrees_C,23104,h,emissions,13.235472099453796,3.0919147566253056
UKESM1-3-LL,esm-scen7-h,r5i1p1f1,g110,tas,global,annual mean,2055,16.1870059967041,degrees_C,23104,h,emissions,13.235472099453796,2.9515338972503056
UKESM1-3-LL,esm-scen7-h,r5i1p1f1,g110,tas,global,annual mean,2056,16.1901798248291,degrees_C,23104,h,emissions,13.235472099453796,2.9547077253753056
UKESM1-3-LL,esm-scen7-h,r5i1p1f1,g110,tas,global,annual mean,2057,16.188135147094727,degrees_C,23104,h,emissions,13.235472099453796,2.9526630476409306
UKESM1-3-LL,esm-scen7-h,r5i1p1f1,g110,tas,global,annual mean,2058,16.259119033813477,degrees_C,23104,h,emissions,13.235472099453796,3.0236469343596806
UKESM1-3-LL,esm-scen7-h,r5i1p1f1,g110,tas,global,annual mean,2059,16.344873428344727,degrees_C,23104,h,emissions,13.235472099453796,3.1094013288909306
UKESM1-3-LL,esm-scen7-h,r5i1p1f1,g110,tas,global,annual mean,2060,16.5786075592041,degrees_C,23104,h,emissions,13.235472099453796,3.3431354597503056
UKESM1-3-LL,esm-scen7-h,r5i1p1f1,g110,tas,global,annual mean,2061,16.6954288482666,degrees_C,23104,h,emissions,13.235472099453796,3.4599567488128056
UKESM1-3-LL,esm-scen7-h,r5i1p1f1,g110,tas,global,annual mean,2062,16.6009464263916,degrees_C,23104,h,emissions,13.235472099453796,3.3654743269378056
UKESM1-3-LL,esm-scen7-h,r5i1p1f1,g110,tas,global,annual mean,2063,16.663049697875977,degrees_C,23104,h,emissions,13.235472099453796,3.4275775984221806
UKESM1-3-LL,esm-scen7-h,r5i1p1f1,g110,tas,global,annual mean,2064,16.786584854125977,degrees_C,23104,h,emissions,13.235472099453796,3.5511127546721806
UKESM1-3-LL,esm-scen7-h,r5i1p1f1,g110,tas,global,annual mean,2065,16.723474502563477,degrees_C,23104,h,emissions,13.235472099453796,3.4880024031096806
UKESM1-3-LL,esm-scen7-h,r5i1p1f1,g110,tas,global,annual mean,2066,16.871301651000977,degrees_C,23104,h,emissions,13.235472099453796,3.6358295515471806
UKESM1-3-LL,esm-scen7-h,r5i1p1f1,g110,tas,global,annual mean,2067,16.861963272094727,degrees_C,23104,h,emissions,13.235472099453796,3.6264911726409306
UKESM1-3-LL,esm-scen7-h,r5i1p1f1,g110,tas,global,annual mean,2068,16.76079750061035,degrees_C,23104,h,emissions,13.235472099453796,3.5253254011565556
UKESM1-3-LL,esm-scen7-h,r5i1p1f1,g110,tas,global,annual mean,2069,16.776819229125977,degrees_C,23104,h,emissions,13.235472099453796,3.5413471296721806
UKESM1-3-LL,esm-scen7-h,r5i1p1f1,g110,tas,global,annual mean,2070,16.81987953186035,degrees_C,23104,h,emissions,13.235472099453796,3.5844074324065556
UKESM1-3-LL,esm-scen7-h,r5i1p1f1,g110,tas,global,annual mean,2071,16.97197914123535,degrees_C,23104,h,emissions,13.235472099453796,3.7365070417815556
UKESM1-3-LL,esm-scen7-h,r5i1p1f1,g110,tas,global,annual mean,2072,16.88494300842285,degrees_C,23104,h,emissions,13.235472099453796,3.6494709089690556
UKESM1-3-LL,esm-scen7-h,r5i1p1f1,g110,tas,global,annual mean,2073,16.9683780670166,degrees_C,23104,h,emissions,13.235472099453796,3.7329059675628056
UKESM1-3-LL,esm-scen7-h,r5i1p1f1,g110,tas,global,annual mean,2074,16.87969398498535,degrees_C,23104,h,emissions,13.235472099453796,3.6442218855315556
UKESM1-3-LL,esm-scen7-h,r5i1p1f1,g110,tas,global,annual mean,2075,17.03008460998535,degrees_C,23104,h,emissions,13.235472099453796,3.7946125105315556
UKESM1-3-LL,esm-scen7-h,r5i1p1f1,g110,tas,global,annual mean,2076,17.200952529907227,degrees_C,23104,h,emissions,13.235472099453796,3.9654804304534306
UKESM1-3-LL,esm-scen7-h,r5i1p1f1,g110,tas,global,annual mean,2077,17.0518741607666,degrees_C,23104,h,emissions,13.235472099453796,3.8164020613128056
UKESM1-3-LL,esm-scen7-h,r5i1p1f1,g110,tas,global,annual mean,2078,17.1124210357666,degrees_C,23104,h,emissions,13.235472099453796,3.8769489363128056
UKESM1-3-LL,esm-scen7-h,r5i1p1f1,g110,tas,global,annual mean,2079,17.2969913482666,degrees_C,23104,h,emissions,13.235472099453796,4.061519248812806
UKESM1-3-LL,esm-scen7-h,r5i1p1f1,g110,tas,global,annual mean,2080,17.295557022094727,degrees_C,23104,h,emissions,13.235472099453796,4.060084922640931
UKESM1-3-LL,esm-scen7-h,r5i1p1f1,g110,tas,global,annual mean,2081,17.38604164123535,degrees_C,23104,h,emissions,13.235472099453796,4.150569541781556
UKESM1-3-LL,esm-scen7-h,r5i1p1f1,g110,tas,global,annual mean,2082,17.38445472717285,degrees_C,23104,h,emissions,13.235472099453796,4.148982627719056
UKESM1-3-LL,esm-scen7-h,r5i1p1f1,g110,tas,global,annual mean,2083,17.4549503326416,degrees_C,23104,h,emissions,13.235472099453796,4.219478233187806
UKESM1-3-LL,esm-scen7-h,r5i1p1f1,g110,tas,global,annual mean,2084,17.5385684967041,degrees_C,23104,h,emissions,13.235472099453796,4.303096397250306
UKESM1-3-LL,esm-scen7-h,r5i1p1f1,g110,tas,global,annual mean,2085,17.562280654907227,degrees_C,23104,h,emissions,13.235472099453796,4.326808555453431
UKESM1-3-LL,esm-scen7-h,r5i1p1f1,g110,tas,global,annual mean,2086,17.641565322875977,degrees_C,23104,h,emissions,13.235472099453796,4.406093223422181
UKESM1-3-LL,esm-scen7-h,r5i1p1f1,g110,tas,global,annual mean,2087,17.6331729888916,degrees_C,23104,h,emissions,13.235472099453796,4.397700889437806
UKESM1-3-LL,esm-scen7-h,r5i1p1f1,g110,tas,global,annual mean,2088,17.57073402404785,degrees_C,23104,h,emissions,13.235472099453796,4.335261924594056
UKESM1-3-LL,esm-scen7-h,r5i1p1f1,g110,tas,global,annual mean,2089,17.895410537719727,degrees_C,23104,h,emissions,13.235472099453796,4.659938438265931
UKESM1-3-LL,esm-scen7-h,r5i1p1f1,g110,tas,global,annual mean,2090,17.8515567779541,degrees_C,23104,h,emissions,13.235472099453796,4.616084678500306
UKESM1-3-LL,esm-scen7-h,r5i1p1f1,g110,tas,global,annual mean,2091,17.87896156311035,degrees_C,23104,h,emissions,13.235472099453796,4.643489463656556
UKESM1-3-LL,esm-scen7-h,r5i1p1f1,g110,tas,global,annual mean,2092,17.92974281311035,degrees_C,23104,h,emissions,13.235472099453796,4.694270713656556
UKESM1-3-LL,esm-scen7-h,r5i1p1f1,g110,tas,global,annual mean,2093,17.8441104888916,degrees_C,23104,h,emissions,13.235472099453796,4.608638389437806
UKESM1-3-LL,esm-scen7-h,r5i1p1f1,g110,tas,global,annual mean,2094,17.90117835998535,degrees_C,23104,h,emissions,13.235472099453796,4.665706260531556
UKESM1-3-LL,esm-scen7-h,r5i1p1f1,g110,tas,global,annual mean,2095,17.9749698638916,degrees_C,23104,h,emissions,13.235472099453796,4.739497764437806
UKESM1-3-LL,esm-scen7-h,r5i1p1f1,g110,tas,global,annual mean,2096,18.01189613342285,degrees_C,23104,h,emissions,13.235472099453796,4.776424033969056
UKESM1-3-LL,esm-scen7-h,r5i1p1f1,g110,tas,global,annual mean,2097,18.0233097076416,degrees_C,23104,h,emissions,13.235472099453796,4.787837608187806
UKESM1-3-LL,esm-scen7-h,r5i1p1f1,g110,tas,global,annual mean,2098,17.95098304748535,degrees_C,23104,h,emissions,13.235472099453796,4.715510948031556
UKESM1-3-LL,esm-scen7-h,r5i1p1f1,g110,tas,global,annual mean,2099,18.3572940826416,degrees_C,23104,h,emissions,13.235472099453796,5.121821983187806
UKESM1-3-LL,esm-scen7-h,r5i1p1f1,g110,tas,global,annual mean,2100,18.5113468170166,degrees_C,23104,h,emissions,13.235472099453796,5.275874717562806
UKESM1-3-LL,esm-scen7-vl,r5i1p1f1,g110,tas,global,annual mean,2022,14.731348037719727,degrees_C,23105,vl,emissions,13.235472099453796,1.4958759382659306
UKESM1-3-LL,esm-scen7-vl,r5i1p1f1,g110,tas,global,annual mean,2023,14.834527969360352,degrees_C,23105,vl,emissions,13.235472099453796,1.5990558699065556
UKESM1-3-LL,esm-scen7-vl,r5i1p1f1,g110,tas,global,annual mean,2024,14.897516250610352,degrees_C,23105,vl,emissions,13.235472099453796,1.6620441511565556
UKESM1-3-LL,esm-scen7-vl,r5i1p1f1,g110,tas,global,annual mean,2025,14.920068740844727,degrees_C,23105,vl,emissions,13.235472099453796,1.6845966413909306
UKESM1-3-LL,esm-scen7-vl,r5i1p1f1,g110,tas,global,annual mean,2026,15.028253555297852,degrees_C,23105,vl,emissions,13.235472099453796,1.7927814558440556
UKESM1-3-LL,esm-scen7-vl,r5i1p1f1,g110,tas,global,annual mean,2027,15.048456192016602,degrees_C,23105,vl,emissions,13.235472099453796,1.8129840925628056
UKESM1-3-LL,esm-scen7-vl,r5i1p1f1,g110,tas,global,annual mean,2028,14.947290420532227,degrees_C,23105,vl,emissions,13.235472099453796,1.7118183210784306
UKESM1-3-LL,esm-scen7-vl,r5i1p1f1,g110,tas,global,annual mean,2029,14.927484512329102,degrees_C,23105,vl,emissions,13.235472099453796,1.6920124128753056
UKESM1-3-LL,esm-scen7-vl,r5i1p1f1,g110,tas,global,annual mean,2030,14.982660293579102,degrees_C,23105,vl,emissions,13.235472099453796,1.7471881941253056
UKESM1-3-LL,esm-scen7-vl,r5i1p1f1,g110,tas,global,annual mean,2031,15.088800430297852,degrees_C,23105,vl,emissions,13.235472099453796,1.8533283308440556
UKESM1-3-LL,esm-scen7-vl,r5i1p1f1,g110,tas,global,annual mean,2032,14.948114395141602,degrees_C,23105,vl,emissions,13.235472099453796,1.7126422956878056
UKESM1-3-LL,esm-scen7-vl,r5i1p1f1,g110,tas,global,annual mean,2033,14.953058242797852,degrees_C,23105,vl,emissions,13.235472099453796,1.7175861433440556
UKESM1-3-LL,esm-scen7-vl,r5i1p1f1,g110,tas,global,annual mean,2034,15.056818008422852,degrees_C,23105,vl,emissions,13.235472099453796,1.8213459089690556
UKESM1-3-LL,esm-scen7-vl,r5i1p1f1,g110,tas,global,annual mean,2035,15.325525283813477,degrees_C,23105,vl,emissions,13.235472099453796,2.0900531843596806
UKESM1-3-LL,esm-scen7-vl,r5i1p1f1,g110,tas,global,annual mean,2036,15.328546524047852,degrees_C,23105,vl,emissions,13.235472099453796,2.0930744245940556
UKESM1-3-LL,esm-scen7-vl,r5i1p1f1,g110,tas,global,annual mean,2037,15.263360977172852,degrees_C,23105,vl,emissions,13.235472099453796,2.0278888777190556
UKESM1-3-LL,esm-scen7-vl,r5i1p1f1,g110,tas,global,annual mean,2038,15.257379531860352,degrees_C,23105,vl,emissions,13.235472099453796,2.0219074324065556
UKESM1-3-LL,esm-scen7-vl,r5i1p1f1,g110,tas,global,annual mean,2039,15.388208389282227,degrees_C,23105,vl,emissions,13.235472099453796,2.1527362898284306
UKESM1-3-LL,esm-scen7-vl,r5i1p1f1,g110,tas,global,annual mean,2040,15.390863418579102,degrees_C,23105,vl,emissions,13.235472099453796,2.1553913191253056
UKESM1-3-LL,esm-scen7-vl,r5i1p1f1,g110,tas,global,annual mean,2041,15.342126846313477,degrees_C,23105,vl,emissions,13.235472099453796,2.1066547468596806
UKESM1-3-LL,esm-scen7-vl,r5i1p1f1,g110,tas,global,annual mean,2042,15.462213516235352,degrees_C,23105,vl,emissions,13.235472099453796,2.2267414167815556
UKESM1-3-LL,esm-scen7-vl,r5i1p1f1,g110,tas,global,annual mean,2043,15.397394180297852,degrees_C,23105,vl,emissions,13.235472099453796,2.1619220808440556
UKESM1-3-LL,esm-scen7-vl,r5i1p1f1,g110,tas,global,annual mean,2044,15.254938125610352,degrees_C,23105,vl,emissions,13.235472099453796,2.0194660261565556
UKESM1-3-LL,esm-scen7-vl,r5i1p1f1,g110,tas,global,annual mean,2045,15.381158828735352,degrees_C,23105,vl,emissions,13.235472099453796,2.1456867292815556
UKESM1-3-LL,esm-scen7-vl,r5i1p1f1,g110,tas,global,annual mean,2046,15.501428604125977,degrees_C,23105,vl,emissions,13.235472099453796,2.2659565046721806
UKESM1-3-LL,esm-scen7-vl,r5i1p1f1,g110,tas,global,annual mean,2047,15.527338027954102,degrees_C,23105,vl,emissions,13.235472099453796,2.2918659285003056
UKESM1-3-LL,esm-scen7-vl,r5i1p1f1,g110,tas,global,annual mean,2048,15.327020645141602,degrees_C,23105,vl,emissions,13.235472099453796,2.0915485456878056
UKESM1-3-LL,esm-scen7-vl,r5i1p1f1,g110,tas,global,annual mean,2049,15.313196182250977,degrees_C,23105,vl,emissions,13.235472099453796,2.0777240827971806
UKESM1-3-LL,esm-scen7-vl,r5i1p1f1,g110,tas,global,annual mean,2050,15.330102920532227,degrees_C,23105,vl,emissions,13.235472099453796,2.0946308210784306
UKESM1-3-LL,esm-scen7-vl,r5i1p1f1,g110,tas,global,annual mean,2051,15.434930801391602,degrees_C,23105,vl,emissions,13.235472099453796,2.1994587019378056
UKESM1-3-LL,esm-scen7-vl,r5i1p1f1,g110,tas,global,annual mean,2052,15.551477432250977,degrees_C,23105,vl,emissions,13.235472099453796,2.3160053327971806
UKESM1-3-LL,esm-scen7-vl,r5i1p1f1,g110,tas,global,annual mean,2053,15.314508438110352,degrees_C,23105,vl,emissions,13.235472099453796,2.0790363386565556
UKESM1-3-LL,esm-scen7-vl,r5i1p1f1,g110,tas,global,annual mean,2054,15.432428359985352,degrees_C,23105,vl,emissions,13.235472099453796,2.1969562605315556
UKESM1-3-LL,esm-scen7-vl,r5i1p1f1,g110,tas,global,annual mean,2055,15.632593154907227,degrees_C,23105,vl,emissions,13.235472099453796,2.3971210554534306
UKESM1-3-LL,esm-scen7-vl,r5i1p1f1,g110,tas,global,annual mean,2056,15.515588760375977,degrees_C,23105,vl,emissions,13.235472099453796,2.2801166609221806
UKESM1-3-LL,esm-scen7-vl,r5i1p1f1,g110,tas,global,annual mean,2057,15.401636123657227,degrees_C,23105,vl,emissions,13.235472099453796,2.1661640242034306
UKESM1-3-LL,esm-scen7-vl,r5i1p1f1,g110,tas,global,annual mean,2058,15.399866104125977,degrees_C,23105,vl,emissions,13.235472099453796,2.1643940046721806
UKESM1-3-LL,esm-scen7-vl,r5i1p1f1,g110,tas,global,annual mean,2059,15.303796768188477,degrees_C,23105,vl,emissions,13.235472099453796,2.0683246687346806
UKESM1-3-LL,esm-scen7-vl,r5i1p1f1,g110,tas,global,annual mean,2060,15.556940078735352,degrees_C,23105,vl,emissions,13.235472099453796,2.3214679792815556
UKESM1-3-LL,esm-scen7-vl,r5i1p1f1,g110,tas,global,annual mean,2061,15.598871231079102,degrees_C,23105,vl,emissions,13.235472099453796,2.3633991316253056
UKESM1-3-LL,esm-scen7-vl,r5i1p1f1,g110,tas,global,annual mean,2062,15.642602920532227,degrees_C,23105,vl,emissions,13.235472099453796,2.4071308210784306
UKESM1-3-LL,esm-scen7-vl,r5i1p1f1,g110,tas,global,annual mean,2063,15.525812149047852,degrees_C,23105,vl,emissions,13.235472099453796,2.2903400495940556
UKESM1-3-LL,esm-scen7-vl,r5i1p1f1,g110,tas,global,annual mean,2064,15.783136367797852,degrees_C,23105,vl,emissions,13.235472099453796,2.5476642683440556
UKESM1-3-LL,esm-scen7-vl,r5i1p1f1,g110,tas,global,annual mean,2065,15.721673965454102,degrees_C,23105,vl,emissions,13.235472099453796,2.4862018660003056
UKESM1-3-LL,esm-scen7-vl,r5i1p1f1,g110,tas,global,annual mean,2066,15.373956680297852,degrees_C,23105,vl,emissions,13.235472099453796,2.1384845808440556
UKESM1-3-LL,esm-scen7-vl,r5i1p1f1,g110,tas,global,annual mean,2067,15.519708633422852,degrees_C,23105,vl,emissions,13.235472099453796,2.2842365339690556
UKESM1-3-LL,esm-scen7-vl,r5i1p1f1,g110,tas,global,annual mean,2068,15.741785049438477,degrees_C,23105,vl,emissions,13.235472099453796,2.5063129499846806
UKESM1-3-LL,esm-scen7-vl,r5i1p1f1,g110,tas,global,annual mean,2069,15.818780899047852,degrees_C,23105,vl,emissions,13.235472099453796,2.5833087995940556
UKESM1-3-LL,esm-scen7-vl,r5i1p1f1,g110,tas,global,annual mean,2070,15.560388565063477,degrees_C,23105,vl,emissions,13.235472099453796,2.3249164656096806
UKESM1-3-LL,esm-scen7-vl,r5i1p1f1,g110,tas,global,annual mean,2071,15.480096817016602,degrees_C,23105,vl,emissions,13.235472099453796,2.2446247175628056
UKESM1-3-LL,esm-scen7-vl,r5i1p1f1,g110,tas,global,annual mean,2072,15.512506484985352,degrees_C,23105,vl,emissions,13.235472099453796,2.2770343855315556
UKESM1-3-LL,esm-scen7-vl,r5i1p1f1,g110,tas,global,annual mean,2073,15.699548721313477,degrees_C,23105,vl,emissions,13.235472099453796,2.4640766218596806
UKESM1-3-LL,esm-scen7-vl,r5i1p1f1,g110,tas,global,annual mean,2074,15.628534317016602,degrees_C,23105,vl,emissions,13.235472099453796,2.3930622175628056
UKESM1-3-LL,esm-scen7-vl,r5i1p1f1,g110,tas,global,annual mean,2075,15.563959121704102,degrees_C,23105,vl,emissions,13.235472099453796,2.3284870222503056
UKESM1-3-LL,esm-scen7-vl,r5i1p1f1,g110,tas,global,annual mean,2076,15.583032608032227,degrees_C,23105,vl,emissions,13.235472099453796,2.3475605085784306
UKESM1-3-LL,esm-scen7-vl,r5i1p1f1,g110,tas,global,annual mean,2077,15.554010391235352,degrees_C,23105,vl,emissions,13.235472099453796,2.3185382917815556
UKESM1-3-LL,esm-scen7-vl,r5i1p1f1,g110,tas,global,annual mean,2078,15.569147109985352,degrees_C,23105,vl,emissions,13.235472099453796,2.3336750105315556
UKESM1-3-LL,esm-scen7-vl,r5i1p1f1,g110,tas,global,annual mean,2079,15.440485000610352,degrees_C,23105,vl,emissions,13.235472099453796,2.2050129011565556
UKESM1-3-LL,esm-scen7-vl,r5i1p1f1,g110,tas,global,annual mean,2080,15.453485488891602,degrees_C,23105,vl,emissions,13.235472099453796,2.2180133894378056
UKESM1-3-LL,esm-scen7-vl,r5i1p1f1,g110,tas,global,annual mean,2081,15.355432510375977,degrees_C,23105,vl,emissions,13.235472099453796,2.1199604109221806
UKESM1-3-LL,esm-scen7-vl,r5i1p1f1,g110,tas,global,annual mean,2082,15.247858047485352,degrees_C,23105,vl,emissions,13.235472099453796,2.0123859480315556
UKESM1-3-LL,esm-scen7-vl,r5i1p1f1,g110,tas,global,annual mean,2083,15.268976211547852,degrees_C,23105,vl,emissions,13.235472099453796,2.0335041120940556
UKESM1-3-LL,esm-scen7-vl,r5i1p1f1,g110,tas,global,annual mean,2084,15.447656631469727,degrees_C,23105,vl,emissions,13.235472099453796,2.2121845320159306
UKESM1-3-LL,esm-scen7-vl,r5i1p1f1,g110,tas,global,annual mean,2085,15.537836074829102,degrees_C,23105,vl,emissions,13.235472099453796,2.3023639753753056
UKESM1-3-LL,esm-scen7-vl,r5i1p1f1,g110,tas,global,annual mean,2086,15.449274063110352,degrees_C,23105,vl,emissions,13.235472099453796,2.2138019636565556
UKESM1-3-LL,esm-scen7-vl,r5i1p1f1,g110,tas,global,annual mean,2087,15.384729385375977,degrees_C,23105,vl,emissions,13.235472099453796,2.1492572859221806
UKESM1-3-LL,esm-scen7-vl,r5i1p1f1,g110,tas,global,annual mean,2088,15.489526748657227,degrees_C,23105,vl,emissions,13.235472099453796,2.2540546492034306
UKESM1-3-LL,esm-scen7-vl,r5i1p1f1,g110,tas,global,annual mean,2089,15.609155654907227,degrees_C,23105,vl,emissions,13.235472099453796,2.3736835554534306
UKESM1-3-LL,esm-scen7-vl,r5i1p1f1,g110,tas,global,annual mean,2090,15.488367080688477,degrees_C,23105,vl,emissions,13.235472099453796,2.2528949812346806
UKESM1-3-LL,esm-scen7-vl,r5i1p1f1,g110,tas,global,annual mean,2091,15.475214004516602,degrees_C,23105,vl,emissions,13.235472099453796,2.2397419050628056
UKESM1-3-LL,esm-scen7-vl,r5i1p1f1,g110,tas,global,annual mean,2092,15.562891006469727,degrees_C,23105,vl,emissions,13.235472099453796,2.3274189070159306
UKESM1-3-LL,esm-scen7-vl,r5i1p1f1,g110,tas,global,annual mean,2093,15.394311904907227,degrees_C,23105,vl,emissions,13.235472099453796,2.1588398054534306
UKESM1-3-LL,esm-scen7-vl,r5i1p1f1,g110,tas,global,annual mean,2094,15.420892715454102,degrees_C,23105,vl,emissions,13.235472099453796,2.1854206160003056
UKESM1-3-LL,esm-scen7-vl,r5i1p1f1,g110,tas,global,annual mean,2095,15.532892227172852,degrees_C,23105,vl,emissions,13.235472099453796,2.2974201277190556
UKESM1-3-LL,esm-scen7-vl,r5i1p1f1,g110,tas,global,annual mean,2096,15.400629043579102,degrees_C,23105,vl,emissions,13.235472099453796,2.1651569441253056
UKESM1-3-LL,esm-scen7-vl,r5i1p1f1,g110,tas,global,annual mean,2097,15.411737442016602,degrees_C,23105,vl,emissions,13.235472099453796,2.1762653425628056
UKESM1-3-LL,esm-scen7-vl,r5i1p1f1,g110,tas,global,annual mean,2098,15.382562637329102,degrees_C,23105,vl,emissions,13.235472099453796,2.1470905378753056
UKESM1-3-LL,esm-scen7-vl,r5i1p1f1,g110,tas,global,annual mean,2099,15.265466690063477,degrees_C,23105,vl,emissions,13.235472099453796,2.0299945906096806
UKESM1-3-LL,esm-scen7-vl,r5i1p1f1,g110,tas,global,annual mean,2100,15.391046524047852,degrees_C,23105,vl,emissions,13.235472099453796,2.1555744245940556
