source_id,experiment_id,variant_label,grid_label,variable_id,year,value,units,family,driving,source,mip_era
ACCESS-ESM1-5,esm-hist,r1i1p1f1,gn,fgco2,1850,0.191521,PgC yr-1,historical,emissions,pangeo,CMIP6
ACCESS-ESM1-5,esm-hist,r1i1p1f1,gn,fgco2,1851,0.275069,PgC yr-1,historical,emissions,pangeo,CMIP6
ACCESS-ESM1-5,esm-hist,r1i1p1f1,gn,fgco2,1852,0.355653,PgC yr-1,historical,emissions,pangeo,CMIP6
ACCESS-ESM1-5,esm-hist,r1i1p1f1,gn,fgco2,1853,0.0294378,PgC yr-1,historical,emissions,pangeo,CMIP6
ACCESS-ESM1-5,esm-hist,r1i1p1f1,gn,fgco2,1854,-0.00306239,PgC yr-1,historical,emissions,pangeo,CMIP6
ACCESS-ESM1-5,esm-hist,r1i1p1f1,gn,fgco2,1855,0.22251,PgC yr-1,historical,emissions,pangeo,CMIP6
ACCESS-ESM1-5,esm-hist,r1i1p1f1,gn,fgco2,1856,0.0889607,PgC yr-1,historical,emissions,pangeo,CMIP6
ACCESS-ESM1-5,esm-hist,r1i1p1f1,gn,fgco2,1857,0.128602,PgC yr-1,historical,emissions,pangeo,CMIP6
ACCESS-ESM1-5,esm-hist,r1i1p1f1,gn,fgco2,1858,0.319256,PgC yr-1,historical,emissions,pangeo,CMIP6
ACCESS-ESM1-5,esm-hist,r1i1p1f1,gn,fgco2,1859,0.246006,PgC yr-1,historical,emissions,pangeo,CMIP6
ACCESS-ESM1-5,esm-hist,r1i1p1f1,gn,fgco2,1860,0.190378,PgC yr-1,historical,emissions,pangeo,CMIP6
ACCESS-ESM1-5,esm-hist,r1i1p1f1,gn,fgco2,1861,0.15927,PgC yr-1,historical,emissions,pangeo,CMIP6
ACCESS-ESM1-5,esm-hist,r1i1p1f1,gn,fgco2,1862,0.181642,PgC yr-1,historical,emissions,pangeo,CMIP6
ACCESS-ESM1-5,esm-hist,r1i1p1f1,gn,fgco2,1863,0.112861,PgC yr-1,historical,emissions,pangeo,CMIP6
ACCESS-ESM1-5,esm-hist,r1i1p1f1,gn,fgco2,1864,0.0559903,PgC yr-1,historical,emissions,pangeo,CMIP6
ACCESS-ESM1-5,esm-hist,r1i1p1f1,gn,fgco2,1865,0.0586165,PgC yr-1,historical,emissions,pangeo,CMIP6
ACCESS-ESM1-5,esm-hist,r1i1p1f1,gn,fgco2,1866,0.19396,PgC yr-1,historical,emissions,pangeo,CMIP6
ACCESS-ESM1-5,esm-hist,r1i1p1f1,gn,fgco2,1867,0.19285,PgC yr-1,historical,emissions,pangeo,CMIP6
ACCESS-ESM1-5,esm-hist,r1i1p1f1,gn,fgco2,1868,0.0421142,PgC yr-1,historical,emissions,pangeo,CMIP6
ACCESS-ESM1-5,esm-hist,r1i1p1f1,gn,fgco2,1869,0.0464067,PgC yr-1,historical,emissions,pangeo,CMIP6
ACCESS-ESM1-5,esm-hist,r1i1p1f1,gn,fgco2,1870,0.04352,PgC yr-1,historical,emissions,pangeo,CMIP6
ACCESS-ESM1-5,esm-hist,r1i1p1f1,gn,fgco2,1871,-0.00422179,PgC yr-1,historical,emissions,pangeo,CMIP6
ACCESS-ESM1-5,esm-hist,r1i1p1f1,gn,fgco2,1872,0.0054637,PgC yr-1,historical,emissions,pangeo,CMIP6
ACCESS-ESM1-5,esm-hist,r1i1p1f1,gn,fgco2,1873,-0.0860166,PgC yr-1,historical,emissions,pangeo,CMIP6
ACCESS-ESM1-5,esm-hist,r1i1p1f1,gn,fgco2,1874,-0.193389,PgC yr-1,historical,emissions,pangeo,CMIP6
ACCESS-ESM1-5,esm-hist,r1i1p1f1,gn,fgco2,1875,-0.101168,PgC yr-1,historical,emissions,pangeo,CMIP6
ACCESS-ESM1-5,esm-hist,r1i1p1f1,gn,fgco2,1876,0.0326398,PgC yr-1,historical,emissions,pangeo,CMIP6
ACCESS-ESM1-5,esm-hist,r1i1p1f1,gn,fgco2,1877,0.220405,PgC yr-1,historical,emissions,pangeo,CMIP6
ACCESS-ESM1-5,esm-hist,r1i1p1f1,gn,fgco2,1878,0.171711,PgC yr-1,historical,emissions,pangeo,CMIP6
ACCESS-ESM1-5,esm-hist,r1i1p1f1,gn,fgco2,1879,0.489718,PgC yr-1,historical,emissions,pangeo,CMIP6
ACCESS-ESM1-5,esm-hist,r1i1p1f1,gn,fgco2,1880,0.374814,PgC yr-1,historical,emissions,pangeo,CMIP6
ACCESS-ESM1-5,esm-hist,r1i1p1f1,gn,fgco2,1881,0.328184,PgC yr-1,historical,emissions,pangeo,CMIP6
ACCESS-ESM1-5,esm-hist,r1i1p1f1,gn,fgco2,1882,0.23123,PgC yr-1,historical,emissions,pangeo,CMIP6
ACCESS-ESM1-5,esm-hist,r1i1p1f1,gn,fgco2,1883,0.156801,PgC yr-1,historical,emissions,pangeo,CMIP6
ACCESS-ESM1-5,esm-hist,r1i1p1f1,gn,fgco2,1884,0.144291,PgC yr-1,historical,emissions,pangeo,CMIP6
ACCESS-ESM1-5,esm-hist,r1i1p1f1,gn,fgco2,1885,0.0193386,PgC yr-1,historical,emissions,pangeo,CMIP6
ACCESS-ESM1-5,esm-hist,r1i1p1f1,gn,fgco2,1886,0.120192,PgC yr-1,historical,emissions,pangeo,CMIP6
ACCESS-ESM1-5,esm-hist,r1i1p1f1,gn,fgco2,1887,0.0539575,PgC yr-1,historical,emissions,pangeo,CMIP6
ACCESS-ESM1-5,esm-hist,r1i1p1f1,gn,fgco2,1888,-0.0154315,PgC yr-1,historical,emissions,pangeo,CMIP6
ACCESS-ESM1-5,esm-hist,r1i1p1f1,gn,fgco2,1889,0.0100916,PgC yr-1,historical,emissions,pangeo,CMIP6
ACCESS-ESM1-5,esm-hist,r1i1p1f1,gn,fgco2,1890,-0.0403672,PgC yr-1,historical,emissions,pangeo,CMIP6
ACCESS-ESM1-5,esm-hist,r1i1p1f1,gn,fgco2,1891,0.0550439,PgC yr-1,historical,emissions,pangeo,CMIP6
ACCESS-ESM1-5,esm-hist,r1i1p1f1,gn,fgco2,1892,-0.0538751,PgC yr-1,historical,emissions,pangeo,CMIP6
ACCESS-ESM1-5,esm-hist,r1i1p1f1,gn,fgco2,1893,-0.250619,PgC yr-1,historical,emissions,pangeo,CMIP6
ACCESS-ESM1-5,esm-hist,r1i1p1f1,gn,fgco2,1894,-0.0881972,PgC yr-1,historical,emissions,pangeo,CMIP6
ACCESS-ESM1-5,esm-hist,r1i1p1f1,gn,fgco2,1895,-0.00616761,PgC yr-1,historical,emissions,pangeo,CMIP6
ACCESS-ESM1-5,esm-hist,r1i1p1f1,gn,fgco2,1896,0.0267783,PgC yr-1,historical,emissions,pangeo,CMIP6
ACCESS-ESM1-5,esm-hist,r1i1p1f1,gn,fgco2,1897,0.13324,PgC yr-1,historical,emissions,pangeo,CMIP6
ACCESS-ESM1-5,esm-hist,r1i1p1f1,gn,fgco2,1898,0.402386,PgC yr-1,historical,emissions,pangeo,CMIP6
ACCESS-ESM1-5,esm-hist,r1i1p1f1,gn,fgco2,1899,0.464064,PgC yr-1,historical,emissions,pangeo,CMIP6
ACCESS-ESM1-5,esm-hist,r1i1p1f1,gn,fgco2,1900,0.19318,PgC yr-1,historical,emissions,pangeo,CMIP6
ACCESS-ESM1-5,esm-hist,r1i1p1f1,gn,fgco2,1901,0.0882894,PgC yr-1,historical,emissions,pangeo,CMIP6
ACCESS-ESM1-5,esm-hist,r1i1p1f1,gn,fgco2,1902,0.0903222,PgC yr-1,historical,emissions,pangeo,CMIP6
ACCESS-ESM1-5,esm-hist,r1i1p1f1,gn,fgco2,1903,0.114162,PgC yr-1,historical,emissions,pangeo,CMIP6
ACCESS-ESM1-5,esm-hist,r1i1p1f1,gn,fgco2,1904,-0.0685701,PgC yr-1,historical,emissions,pangeo,CMIP6
ACCESS-ESM1-5,esm-hist,r1i1p1f1,gn,fgco2,1905,0.0029429,PgC yr-1,historical,emissions,pangeo,CMIP6
ACCESS-ESM1-5,esm-hist,r1i1p1f1,gn,fgco2,1906,-0.0513858,PgC yr-1,historical,emissions,pangeo,CMIP6
ACCESS-ESM1-5,esm-hist,r1i1p1f1,gn,fgco2,1907,0.0681812,PgC yr-1,historical,emissions,pangeo,CMIP6
ACCESS-ESM1-5,esm-hist,r1i1p1f1,gn,fgco2,1908,0.214827,PgC yr-1,historical,emissions,pangeo,CMIP6
ACCESS-ESM1-5,esm-hist,r1i1p1f1,gn,fgco2,1909,0.177484,PgC yr-1,historical,emissions,pangeo,CMIP6
ACCESS-ESM1-5,esm-hist,r1i1p1f1,gn,fgco2,1910,0.179841,PgC yr-1,historical,emissions,pangeo,CMIP6
ACCESS-ESM1-5,esm-hist,r1i1p1f1,gn,fgco2,1911,0.257008,PgC yr-1,historical,emissions,pangeo,CMIP6
ACCESS-ESM1-5,esm-hist,r1i1p1f1,gn,fgco2,1912,0.39799,PgC yr-1,historical,emissions,pangeo,CMIP6
ACCESS-ESM1-5,esm-hist,r1i1p1f1,gn,fgco2,1913,0.513482,PgC yr-1,historical,emissions,pangeo,CMIP6
ACCESS-ESM1-5,esm-hist,r1i1p1f1,gn,fgco2,1914,0.404429,PgC yr-1,historical,emissions,pangeo,CMIP6
ACCESS-ESM1-5,esm-hist,r1i1p1f1,gn,fgco2,1915,0.0972968,PgC yr-1,historical,emissions,pangeo,CMIP6
ACCESS-ESM1-5,esm-hist,r1i1p1f1,gn,fgco2,1916,0.0578839,PgC yr-1,historical,emissions,pangeo,CMIP6
ACCESS-ESM1-5,esm-hist,r1i1p1f1,gn,fgco2,1917,0.212256,PgC yr-1,historical,emissions,pangeo,CMIP6
ACCESS-ESM1-5,esm-hist,r1i1p1f1,gn,fgco2,1918,0.258824,PgC yr-1,historical,emissions,pangeo,CMIP6
ACCESS-ESM1-5,esm-hist,r1i1p1f1,gn,fgco2,1919,0.327151,PgC yr-1,historical,emissions,pangeo,CMIP6
ACCESS-ESM1-5,esm-hist,r1i1p1f1,gn,fgco2,1920,0.221194,PgC yr-1,historical,emissions,pangeo,CMIP6
ACCESS-ESM1-5,esm-hist,r1i1p1f1,gn,fgco2,1921,0.215522,PgC yr-1,historical,emissions,pangeo,CMIP6
ACCESS-ESM1-5,esm-hist,r1i1p1f1,gn,fgco2,1922,0.234559,PgC yr-1,historical,emissions,pangeo,CMIP6
ACCESS-ESM1-5,esm-hist,r1i1p1f1,gn,fgco2,1923,0.27492,PgC yr-1,historical,emissions,pangeo,CMIP6
ACCESS-ESM1-5,esm-hist,r1i1p1f1,gn,fgco2,1924,0.263122,PgC yr-1,historical,emissions,pangeo,CMIP6
ACCESS-ESM1-5,esm-hist,r1i1p1f1,gn,fgco2,1925,0.322004,PgC yr-1,historical,emissions,pangeo,CMIP6
ACCESS-ESM1-5,esm-hist,r1i1p1f1,gn,fgco2,1926,0.29665,PgC yr-1,historical,emissions,pangeo,CMIP6
ACCESS-ESM1-5,esm-hist,r1i1p1f1,gn,fgco2,1927,0.263061,PgC yr-1,historical,emissions,pangeo,CMIP6
ACCESS-ESM1-5,esm-hist,r1i1p1f1,gn,fgco2,1928,0.195552,PgC yr-1,historical,emissions,pangeo,CMIP6
ACCESS-ESM1-5,esm-hist,r1i1p1f1,gn,fgco2,1929,0.121884,PgC yr-1,historical,emissions,pangeo,CMIP6
ACCESS-ESM1-5,esm-hist,r1i1p1f1,gn,fgco2,1930,0.264461,PgC yr-1,historical,emissions,pangeo,CMIP6
ACCESS-ESM1-5,esm-hist,r1i1p1f1,gn,fgco2,1931,0.33356,PgC yr-1,historical,emissions,pangeo,CMIP6
ACCESS-ESM1-5,esm-hist,r1i1p1f1,gn,fgco2,1932,0.146498,PgC yr-1,historical,emissions,pangeo,CMIP6
ACCESS-ESM1-5,esm-hist,r1i1p1f1,gn,fgco2,1933,0.258135,PgC yr-1,historical,emissions,pangeo,CMIP6
ACCESS-ESM1-5,esm-hist,r1i1p1f1,gn,fgco2,1934,0.286068,PgC yr-1,historical,emissions,pangeo,CMIP6
ACCESS-ESM1-5,esm-hist,r1i1p1f1,gn,fgco2,1935,0.253833,PgC yr-1,historical,emissions,pangeo,CMIP6
ACCESS-ESM1-5,esm-hist,r1i1p1f1,gn,fgco2,1936,0.396489,PgC yr-1,historical,emissions,pangeo,CMIP6
ACCESS-ESM1-5,esm-hist,r1i1p1f1,gn,fgco2,1937,0.489899,PgC yr-1,historical,emissions,pangeo,CMIP6
ACCESS-ESM1-5,esm-hist,r1i1p1f1,gn,fgco2,1938,0.501551,PgC yr-1,historical,emissions,pangeo,CMIP6
ACCESS-ESM1-5,esm-hist,r1i1p1f1,gn,fgco2,1939,0.610129,PgC yr-1,historical,emissions,pangeo,CMIP6
ACCESS-ESM1-5,esm-hist,r1i1p1f1,gn,fgco2,1940,0.615628,PgC yr-1,historical,emissions,pangeo,CMIP6
ACCESS-ESM1-5,esm-hist,r1i1p1f1,gn,fgco2,1941,0.491528,PgC yr-1,historical,emissions,pangeo,CMIP6
ACCESS-ESM1-5,esm-hist,r1i1p1f1,gn,fgco2,1942,0.357433,PgC yr-1,historical,emissions,pangeo,CMIP6
ACCESS-ESM1-5,esm-hist,r1i1p1f1,gn,fgco2,1943,0.379323,PgC yr-1,historical,emissions,pangeo,CMIP6
ACCESS-ESM1-5,esm-hist,r1i1p1f1,gn,fgco2,1944,0.499561,PgC yr-1,historical,emissions,pangeo,CMIP6
ACCESS-ESM1-5,esm-hist,r1i1p1f1,gn,fgco2,1945,0.581837,PgC yr-1,historical,emissions,pangeo,CMIP6
ACCESS-ESM1-5,esm-hist,r1i1p1f1,gn,fgco2,1946,0.282564,PgC yr-1,historical,emissions,pangeo,CMIP6
ACCESS-ESM1-5,esm-hist,r1i1p1f1,gn,fgco2,1947,0.300755,PgC yr-1,historical,emissions,pangeo,CMIP6
ACCESS-ESM1-5,esm-hist,r1i1p1f1,gn,fgco2,1948,0.416791,PgC yr-1,historical,emissions,pangeo,CMIP6
ACCESS-ESM1-5,esm-hist,r1i1p1f1,gn,fgco2,1949,0.504158,PgC yr-1,historical,emissions,pangeo,CMIP6
ACCESS-ESM1-5,esm-hist,r1i1p1f1,gn,fgco2,1950,0.42533,PgC yr-1,historical,emissions,pangeo,CMIP6
ACCESS-ESM1-5,esm-hist,r1i1p1f1,gn,fgco2,1951,0.556207,PgC yr-1,historical,emissions,pangeo,CMIP6
ACCESS-ESM1-5,esm-hist,r1i1p1f1,gn,fgco2,1952,0.686306,PgC yr-1,historical,emissions,pangeo,CMIP6
ACCESS-ESM1-5,esm-hist,r1i1p1f1,gn,fgco2,1953,0.668106,PgC yr-1,historical,emissions,pangeo,CMIP6
ACCESS-ESM1-5,esm-hist,r1i1p1f1,gn,fgco2,1954,0.729393,PgC yr-1,historical,emissions,pangeo,CMIP6
ACCESS-ESM1-5,esm-hist,r1i1p1f1,gn,fgco2,1955,0.819933,PgC yr-1,historical,emissions,pangeo,CMIP6
ACCESS-ESM1-5,esm-hist,r1i1p1f1,gn,fgco2,1956,0.704068,PgC yr-1,historical,emissions,pangeo,CMIP6
ACCESS-ESM1-5,esm-hist,r1i1p1f1,gn,fgco2,1957,0.615155,PgC yr-1,historical,emissions,pangeo,CMIP6
ACCESS-ESM1-5,esm-hist,r1i1p1f1,gn,fgco2,1958,0.647632,PgC yr-1,historical,emissions,pangeo,CMIP6
ACCESS-ESM1-5,esm-hist,r1i1p1f1,gn,fgco2,1959,0.578579,PgC yr-1,historical,emissions,pangeo,CMIP6
ACCESS-ESM1-5,esm-hist,r1i1p1f1,gn,fgco2,1960,0.830581,PgC yr-1,historical,emissions,pangeo,CMIP6
ACCESS-ESM1-5,esm-hist,r1i1p1f1,gn,fgco2,1961,0.793733,PgC yr-1,historical,emissions,pangeo,CMIP6
ACCESS-ESM1-5,esm-hist,r1i1p1f1,gn,fgco2,1962,0.755911,PgC yr-1,historical,emissions,pangeo,CMIP6
ACCESS-ESM1-5,esm-hist,r1i1p1f1,gn,fgco2,1963,0.877071,PgC yr-1,historical,emissions,pangeo,CMIP6
ACCESS-ESM1-5,esm-hist,r1i1p1f1,gn,fgco2,1964,0.667234,PgC yr-1,historical,emissions,pangeo,CMIP6
ACCESS-ESM1-5,esm-hist,r1i1p1f1,gn,fgco2,1965,0.800691,PgC yr-1,historical,emissions,pangeo,CMIP6
ACCESS-ESM1-5,esm-hist,r1i1p1f1,gn,fgco2,1966,0.982176,PgC yr-1,historical,emissions,pangeo,CMIP6
ACCESS-ESM1-5,esm-hist,r1i1p1f1,gn,fgco2,1967,0.946942,PgC yr-1,historical,emissions,pangeo,CMIP6
ACCESS-ESM1-5,esm-hist,r1i1p1f1,gn,fgco2,1968,0.983538,PgC yr-1,historical,emissions,pangeo,CMIP6
ACCESS-ESM1-5,esm-hist,r1i1p1f1,gn,fgco2,1969,1.15659,PgC yr-1,historical,emissions,pangeo,CMIP6
ACCESS-ESM1-5,esm-hist,r1i1p1f1,gn,fgco2,1970,0.99015,PgC yr-1,historical,emissions,pangeo,CMIP6
ACCESS-ESM1-5,esm-hist,r1i1p1f1,gn,fgco2,1971,0.836719,PgC yr-1,historical,emissions,pangeo,CMIP6
ACCESS-ESM1-5,esm-hist,r1i1p1f1,gn,fgco2,1972,0.983591,PgC yr-1,historical,emissions,pangeo,CMIP6
ACCESS-ESM1-5,esm-hist,r1i1p1f1,gn,fgco2,1973,1.10718,PgC yr-1,historical,emissions,pangeo,CMIP6
ACCESS-ESM1-5,esm-hist,r1i1p1f1,gn,fgco2,1974,1.18029,PgC yr-1,historical,emissions,pangeo,CMIP6
ACCESS-ESM1-5,esm-hist,r1i1p1f1,gn,fgco2,1975,1.18775,PgC yr-1,historical,emissions,pangeo,CMIP6
ACCESS-ESM1-5,esm-hist,r1i1p1f1,gn,fgco2,1976,1.29874,PgC yr-1,historical,emissions,pangeo,CMIP6
ACCESS-ESM1-5,esm-hist,r1i1p1f1,gn,fgco2,1977,1.34487,PgC yr-1,historical,emissions,pangeo,CMIP6
ACCESS-ESM1-5,esm-hist,r1i1p1f1,gn,fgco2,1978,1.26227,PgC yr-1,historical,emissions,pangeo,CMIP6
ACCESS-ESM1-5,esm-hist,r1i1p1f1,gn,fgco2,1979,1.3625,PgC yr-1,historical,emissions,pangeo,CMIP6
ACCESS-ESM1-5,esm-hist,r1i1p1f1,gn,fgco2,1980,1.62626,PgC yr-1,historical,emissions,pangeo,CMIP6
ACCESS-ESM1-5,esm-hist,r1i1p1f1,gn,fgco2,1981,1.73185,PgC yr-1,historical,emissions,pangeo,CMIP6
ACCESS-ESM1-5,esm-hist,r1i1p1f1,gn,fgco2,1982,1.58504,PgC yr-1,historical,emissions,pangeo,CMIP6
ACCESS-ESM1-5,esm-hist,r1i1p1f1,gn,fgco2,1983,1.77394,PgC yr-1,historical,emissions,pangeo,CMIP6
ACCESS-ESM1-5,esm-hist,r1i1p1f1,gn,fgco2,1984,1.86489,PgC yr-1,historical,emissions,pangeo,CMIP6
ACCESS-ESM1-5,esm-hist,r1i1p1f1,gn,fgco2,1985,1.64162,PgC yr-1,historical,emissions,pangeo,CMIP6
ACCESS-ESM1-5,esm-hist,r1i1p1f1,gn,fgco2,1986,1.481,PgC yr-1,historical,emissions,pangeo,CMIP6
ACCESS-ESM1-5,esm-hist,r1i1p1f1,gn,fgco2,1987,1.56662,PgC yr-1,historical,emissions,pangeo,CMIP6
ACCESS-ESM1-5,esm-hist,r1i1p1f1,gn,fgco2,1988,1.47448,PgC yr-1,historical,emissions,pangeo,CMIP6
ACCESS-ESM1-5,esm-hist,r1i1p1f1,gn,fgco2,1989,1.71197,PgC yr-1,historical,emissions,pangeo,CMIP6
ACCESS-ESM1-5,esm-hist,r1i1p1f1,gn,fgco2,1990,1.85341,PgC yr-1,historical,emissions,pangeo,CMIP6
ACCESS-ESM1-5,esm-hist,r1i1p1f1,gn,fgco2,1991,1.79622,PgC yr-1,historical,emissions,pangeo,CMIP6
ACCESS-ESM1-5,esm-hist,r1i1p1f1,gn,fgco2,1992,1.81325,PgC yr-1,historical,emissions,pangeo,CMIP6
ACCESS-ESM1-5,esm-hist,r1i1p1f1,gn,fgco2,1993,1.85064,PgC yr-1,historical,emissions,pangeo,CMIP6
ACCESS-ESM1-5,esm-hist,r1i1p1f1,gn,fgco2,1994,1.72561,PgC yr-1,historical,emissions,pangeo,CMIP6
ACCESS-ESM1-5,esm-hist,r1i1p1f1,gn,fgco2,1995,1.73202,PgC yr-1,historical,emissions,pangeo,CMIP6
ACCESS-ESM1-5,esm-hist,r1i1p1f1,gn,fgco2,1996,1.77048,PgC yr-1,historical,emissions,pangeo,CMIP6
ACCESS-ESM1-5,esm-hist,r1i1p1f1,gn,fgco2,1997,1.95589,PgC yr-1,historical,emissions,pangeo,CMIP6
ACCESS-ESM1-5,esm-hist,r1i1p1f1,gn,fgco2,1998,1.98939,PgC yr-1,historical,emissions,pangeo,CMIP6
ACCESS-ESM1-5,esm-hist,r1i1p1f1,gn,fgco2,1999,2.06451,PgC yr-1,historical,emissions,pangeo,CMIP6
ACCESS-ESM1-5,esm-hist,r1i1p1f1,gn,fgco2,2000,1.99461,PgC yr-1,historical,emissions,pangeo,CMIP6
ACCESS-ESM1-5,esm-hist,r1i1p1f1,gn,fgco2,2001,2.21313,PgC yr-1,historical,emissions,pangeo,CMIP6
ACCESS-ESM1-5,esm-hist,r1i1p1f1,gn,fgco2,2002,2.20963,PgC yr-1,historical,emissions,pangeo,CMIP6
ACCESS-ESM1-5,esm-hist,r1i1p1f1,gn,fgco2,2003,2.2928,PgC yr-1,historical,emissions,pangeo,CMIP6
ACCESS-ESM1-5,esm-hist,r1i1p1f1,gn,fgco2,2004,2.27846,PgC yr-1,historical,emissions,pangeo,CMIP6
ACCESS-ESM1-5,esm-hist,r1i1p1f1,gn,fgco2,2005,2.31569,PgC yr-1,historical,emissions,pangeo,CMIP6
ACCESS-ESM1-5,esm-hist,r1i1p1f1,gn,fgco2,2006,2.32694,PgC yr-1,historical,emissions,pangeo,CMIP6
ACCESS-ESM1-5,esm-hist,r1i1p1f1,gn,fgco2,2007,2.37707,PgC yr-1,historical,emissions,pangeo,CMIP6
ACCESS-ESM1-5,esm-hist,r1i1p1f1,gn,fgco2,2008,2.46137,PgC yr-1,historical,emissions,pangeo,CMIP6
ACCESS-ESM1-5,esm-hist,r1i1p1f1,gn,fgco2,2009,2.43647,PgC yr-1,historical,emissions,pangeo,CMIP6
ACCESS-ESM1-5,esm-hist,r1i1p1f1,gn,fgco2,2010,2.51874,PgC yr-1,historical,emissions,pangeo,CMIP6
ACCESS-ESM1-5,esm-hist,r1i1p1f1,gn,fgco2,2011,2.71914,PgC yr-1,historical,emissions,pangeo,CMIP6
ACCESS-ESM1-5,esm-hist,r1i1p1f1,gn,fgco2,2012,2.53038,PgC yr-1,historical,emissions,pangeo,CMIP6
ACCESS-ESM1-5,esm-hist,r1i1p1f1,gn,fgco2,2013,2.58073,PgC yr-1,historical,emissions,pangeo,CMIP6
ACCESS-ESM1-5,esm-hist,r1i1p1f1,gn,fgco2,2014,2.8045,PgC yr-1,historical,emissions,pangeo,CMIP6
CESM2,esm-hist,r1i1p1f1,gr,fgco2,1850,0.0530033,PgC yr-1,historical,emissions,pangeo,CMIP6
CESM2,esm-hist,r1i1p1f1,gr,fgco2,1851,0.0382183,PgC yr-1,historical,emissions,pangeo,CMIP6
CESM2,esm-hist,r1i1p1f1,gr,fgco2,1852,0.0932461,PgC yr-1,historical,emissions,pangeo,CMIP6
CESM2,esm-hist,r1i1p1f1,gr,fgco2,1853,0.120921,PgC yr-1,historical,emissions,pangeo,CMIP6
CESM2,esm-hist,r1i1p1f1,gr,fgco2,1854,0.0803664,PgC yr-1,historical,emissions,pangeo,CMIP6
CESM2,esm-hist,r1i1p1f1,gr,fgco2,1855,0.121785,PgC yr-1,historical,emissions,pangeo,CMIP6
CESM2,esm-hist,r1i1p1f1,gr,fgco2,1856,0.000393032,PgC yr-1,historical,emissions,pangeo,CMIP6
CESM2,esm-hist,r1i1p1f1,gr,fgco2,1857,-0.00177996,PgC yr-1,historical,emissions,pangeo,CMIP6
CESM2,esm-hist,r1i1p1f1,gr,fgco2,1858,-0.0870079,PgC yr-1,historical,emissions,pangeo,CMIP6
CESM2,esm-hist,r1i1p1f1,gr,fgco2,1859,0.175125,PgC yr-1,historical,emissions,pangeo,CMIP6
CESM2,esm-hist,r1i1p1f1,gr,fgco2,1860,0.230123,PgC yr-1,historical,emissions,pangeo,CMIP6
CESM2,esm-hist,r1i1p1f1,gr,fgco2,1861,0.0502532,PgC yr-1,historical,emissions,pangeo,CMIP6
CESM2,esm-hist,r1i1p1f1,gr,fgco2,1862,0.0937958,PgC yr-1,historical,emissions,pangeo,CMIP6
CESM2,esm-hist,r1i1p1f1,gr,fgco2,1863,-0.102573,PgC yr-1,historical,emissions,pangeo,CMIP6
CESM2,esm-hist,r1i1p1f1,gr,fgco2,1864,0.0963054,PgC yr-1,historical,emissions,pangeo,CMIP6
CESM2,esm-hist,r1i1p1f1,gr,fgco2,1865,0.15952,PgC yr-1,historical,emissions,pangeo,CMIP6
CESM2,esm-hist,r1i1p1f1,gr,fgco2,1866,0.170554,PgC yr-1,historical,emissions,pangeo,CMIP6
CESM2,esm-hist,r1i1p1f1,gr,fgco2,1867,0.263788,PgC yr-1,historical,emissions,pangeo,CMIP6
CESM2,esm-hist,r1i1p1f1,gr,fgco2,1868,0.254092,PgC yr-1,historical,emissions,pangeo,CMIP6
CESM2,esm-hist,r1i1p1f1,gr,fgco2,1869,0.270392,PgC yr-1,historical,emissions,pangeo,CMIP6
CESM2,esm-hist,r1i1p1f1,gr,fgco2,1870,0.203109,PgC yr-1,historical,emissions,pangeo,CMIP6
CESM2,esm-hist,r1i1p1f1,gr,fgco2,1871,0.12546,PgC yr-1,historical,emissions,pangeo,CMIP6
CESM2,esm-hist,r1i1p1f1,gr,fgco2,1872,0.0960809,PgC yr-1,historical,emissions,pangeo,CMIP6
CESM2,esm-hist,r1i1p1f1,gr,fgco2,1873,0.144613,PgC yr-1,historical,emissions,pangeo,CMIP6
CESM2,esm-hist,r1i1p1f1,gr,fgco2,1874,0.217217,PgC yr-1,historical,emissions,pangeo,CMIP6
CESM2,esm-hist,r1i1p1f1,gr,fgco2,1875,0.201681,PgC yr-1,historical,emissions,pangeo,CMIP6
CESM2,esm-hist,r1i1p1f1,gr,fgco2,1876,0.318353,PgC yr-1,historical,emissions,pangeo,CMIP6
CESM2,esm-hist,r1i1p1f1,gr,fgco2,1877,0.238045,PgC yr-1,historical,emissions,pangeo,CMIP6
CESM2,esm-hist,r1i1p1f1,gr,fgco2,1878,0.328024,PgC yr-1,historical,emissions,pangeo,CMIP6
CESM2,esm-hist,r1i1p1f1,gr,fgco2,1879,0.268028,PgC yr-1,historical,emissions,pangeo,CMIP6
CESM2,esm-hist,r1i1p1f1,gr,fgco2,1880,0.316446,PgC yr-1,historical,emissions,pangeo,CMIP6
CESM2,esm-hist,r1i1p1f1,gr,fgco2,1881,0.4507,PgC yr-1,historical,emissions,pangeo,CMIP6
CESM2,esm-hist,r1i1p1f1,gr,fgco2,1882,0.439118,PgC yr-1,historical,emissions,pangeo,CMIP6
CESM2,esm-hist,r1i1p1f1,gr,fgco2,1883,0.45428,PgC yr-1,historical,emissions,pangeo,CMIP6
CESM2,esm-hist,r1i1p1f1,gr,fgco2,1884,0.530688,PgC yr-1,historical,emissions,pangeo,CMIP6
CESM2,esm-hist,r1i1p1f1,gr,fgco2,1885,0.331791,PgC yr-1,historical,emissions,pangeo,CMIP6
CESM2,esm-hist,r1i1p1f1,gr,fgco2,1886,0.19022,PgC yr-1,historical,emissions,pangeo,CMIP6
CESM2,esm-hist,r1i1p1f1,gr,fgco2,1887,0.19336,PgC yr-1,historical,emissions,pangeo,CMIP6
CESM2,esm-hist,r1i1p1f1,gr,fgco2,1888,0.0325695,PgC yr-1,historical,emissions,pangeo,CMIP6
CESM2,esm-hist,r1i1p1f1,gr,fgco2,1889,0.225912,PgC yr-1,historical,emissions,pangeo,CMIP6
CESM2,esm-hist,r1i1p1f1,gr,fgco2,1890,0.143276,PgC yr-1,historical,emissions,pangeo,CMIP6
CESM2,esm-hist,r1i1p1f1,gr,fgco2,1891,0.368209,PgC yr-1,historical,emissions,pangeo,CMIP6
CESM2,esm-hist,r1i1p1f1,gr,fgco2,1892,0.260608,PgC yr-1,historical,emissions,pangeo,CMIP6
CESM2,esm-hist,r1i1p1f1,gr,fgco2,1893,0.358626,PgC yr-1,historical,emissions,pangeo,CMIP6
CESM2,esm-hist,r1i1p1f1,gr,fgco2,1894,0.204611,PgC yr-1,historical,emissions,pangeo,CMIP6
CESM2,esm-hist,r1i1p1f1,gr,fgco2,1895,0.44021,PgC yr-1,historical,emissions,pangeo,CMIP6
CESM2,esm-hist,r1i1p1f1,gr,fgco2,1896,0.380544,PgC yr-1,historical,emissions,pangeo,CMIP6
CESM2,esm-hist,r1i1p1f1,gr,fgco2,1897,0.460253,PgC yr-1,historical,emissions,pangeo,CMIP6
CESM2,esm-hist,r1i1p1f1,gr,fgco2,1898,0.446071,PgC yr-1,historical,emissions,pangeo,CMIP6
CESM2,esm-hist,r1i1p1f1,gr,fgco2,1899,0.410889,PgC yr-1,historical,emissions,pangeo,CMIP6
CESM2,esm-hist,r1i1p1f1,gr,fgco2,1900,0.32487,PgC yr-1,historical,emissions,pangeo,CMIP6
CESM2,esm-hist,r1i1p1f1,gr,fgco2,1901,0.308938,PgC yr-1,historical,emissions,pangeo,CMIP6
CESM2,esm-hist,r1i1p1f1,gr,fgco2,1902,0.326428,PgC yr-1,historical,emissions,pangeo,CMIP6
CESM2,esm-hist,r1i1p1f1,gr,fgco2,1903,0.562875,PgC yr-1,historical,emissions,pangeo,CMIP6
CESM2,esm-hist,r1i1p1f1,gr,fgco2,1904,0.509201,PgC yr-1,historical,emissions,pangeo,CMIP6
CESM2,esm-hist,r1i1p1f1,gr,fgco2,1905,0.522162,PgC yr-1,historical,emissions,pangeo,CMIP6
CESM2,esm-hist,r1i1p1f1,gr,fgco2,1906,0.459289,PgC yr-1,historical,emissions,pangeo,CMIP6
CESM2,esm-hist,r1i1p1f1,gr,fgco2,1907,0.502677,PgC yr-1,historical,emissions,pangeo,CMIP6
CESM2,esm-hist,r1i1p1f1,gr,fgco2,1908,0.404189,PgC yr-1,historical,emissions,pangeo,CMIP6
CESM2,esm-hist,r1i1p1f1,gr,fgco2,1909,0.303342,PgC yr-1,historical,emissions,pangeo,CMIP6
CESM2,esm-hist,r1i1p1f1,gr,fgco2,1910,0.391985,PgC yr-1,historical,emissions,pangeo,CMIP6
CESM2,esm-hist,r1i1p1f1,gr,fgco2,1911,0.312546,PgC yr-1,historical,emissions,pangeo,CMIP6
CESM2,esm-hist,r1i1p1f1,gr,fgco2,1912,0.496033,PgC yr-1,historical,emissions,pangeo,CMIP6
CESM2,esm-hist,r1i1p1f1,gr,fgco2,1913,0.580261,PgC yr-1,historical,emissions,pangeo,CMIP6
CESM2,esm-hist,r1i1p1f1,gr,fgco2,1914,0.556458,PgC yr-1,historical,emissions,pangeo,CMIP6
CESM2,esm-hist,r1i1p1f1,gr,fgco2,1915,0.571975,PgC yr-1,historical,emissions,pangeo,CMIP6
CESM2,esm-hist,r1i1p1f1,gr,fgco2,1916,0.440577,PgC yr-1,historical,emissions,pangeo,CMIP6
CESM2,esm-hist,r1i1p1f1,gr,fgco2,1917,0.503204,PgC yr-1,historical,emissions,pangeo,CMIP6
CESM2,esm-hist,r1i1p1f1,gr,fgco2,1918,0.565535,PgC yr-1,historical,emissions,pangeo,CMIP6
CESM2,esm-hist,r1i1p1f1,gr,fgco2,1919,0.526708,PgC yr-1,historical,emissions,pangeo,CMIP6
CESM2,esm-hist,r1i1p1f1,gr,fgco2,1920,0.412427,PgC yr-1,historical,emissions,pangeo,CMIP6
CESM2,esm-hist,r1i1p1f1,gr,fgco2,1921,0.415493,PgC yr-1,historical,emissions,pangeo,CMIP6
CESM2,esm-hist,r1i1p1f1,gr,fgco2,1922,0.470319,PgC yr-1,historical,emissions,pangeo,CMIP6
CESM2,esm-hist,r1i1p1f1,gr,fgco2,1923,0.641881,PgC yr-1,historical,emissions,pangeo,CMIP6
CESM2,esm-hist,r1i1p1f1,gr,fgco2,1924,0.633832,PgC yr-1,historical,emissions,pangeo,CMIP6
CESM2,esm-hist,r1i1p1f1,gr,fgco2,1925,0.845835,PgC yr-1,historical,emissions,pangeo,CMIP6
CESM2,esm-hist,r1i1p1f1,gr,fgco2,1926,0.90591,PgC yr-1,historical,emissions,pangeo,CMIP6
CESM2,esm-hist,r1i1p1f1,gr,fgco2,1927,0.69766,PgC yr-1,historical,emissions,pangeo,CMIP6
CESM2,esm-hist,r1i1p1f1,gr,fgco2,1928,0.658425,PgC yr-1,historical,emissions,pangeo,CMIP6
CESM2,esm-hist,r1i1p1f1,gr,fgco2,1929,0.728339,PgC yr-1,historical,emissions,pangeo,CMIP6
CESM2,esm-hist,r1i1p1f1,gr,fgco2,1930,0.703738,PgC yr-1,historical,emissions,pangeo,CMIP6
CESM2,esm-hist,r1i1p1f1,gr,fgco2,1931,0.580711,PgC yr-1,historical,emissions,pangeo,CMIP6
CESM2,esm-hist,r1i1p1f1,gr,fgco2,1932,0.530791,PgC yr-1,historical,emissions,pangeo,CMIP6
CESM2,esm-hist,r1i1p1f1,gr,fgco2,1933,0.630257,PgC yr-1,historical,emissions,pangeo,CMIP6
CESM2,esm-hist,r1i1p1f1,gr,fgco2,1934,0.482747,PgC yr-1,historical,emissions,pangeo,CMIP6
CESM2,esm-hist,r1i1p1f1,gr,fgco2,1935,0.51884,PgC yr-1,historical,emissions,pangeo,CMIP6
CESM2,esm-hist,r1i1p1f1,gr,fgco2,1936,0.645953,PgC yr-1,historical,emissions,pangeo,CMIP6
CESM2,esm-hist,r1i1p1f1,gr,fgco2,1937,0.799094,PgC yr-1,historical,emissions,pangeo,CMIP6
CESM2,esm-hist,r1i1p1f1,gr,fgco2,1938,0.858352,PgC yr-1,historical,emissions,pangeo,CMIP6
CESM2,esm-hist,r1i1p1f1,gr,fgco2,1939,0.837287,PgC yr-1,historical,emissions,pangeo,CMIP6
CESM2,esm-hist,r1i1p1f1,gr,fgco2,1940,0.776526,PgC yr-1,historical,emissions,pangeo,CMIP6
CESM2,esm-hist,r1i1p1f1,gr,fgco2,1941,0.845039,PgC yr-1,historical,emissions,pangeo,CMIP6
CESM2,esm-hist,r1i1p1f1,gr,fgco2,1942,0.793439,PgC yr-1,historical,emissions,pangeo,CMIP6
CESM2,esm-hist,r1i1p1f1,gr,fgco2,1943,0.761128,PgC yr-1,historical,emissions,pangeo,CMIP6
CESM2,esm-hist,r1i1p1f1,gr,fgco2,1944,0.70099,PgC yr-1,historical,emissions,pangeo,CMIP6
CESM2,esm-hist,r1i1p1f1,gr,fgco2,1945,0.694261,PgC yr-1,historical,emissions,pangeo,CMIP6
CESM2,esm-hist,r1i1p1f1,gr,fgco2,1946,0.629802,PgC yr-1,historical,emissions,pangeo,CMIP6
CESM2,esm-hist,r1i1p1f1,gr,fgco2,1947,0.903417,PgC yr-1,historical,emissions,pangeo,CMIP6
CESM2,esm-hist,r1i1p1f1,gr,fgco2,1948,0.872465,PgC yr-1,historical,emissions,pangeo,CMIP6
CESM2,esm-hist,r1i1p1f1,gr,fgco2,1949,0.787627,PgC yr-1,historical,emissions,pangeo,CMIP6
CESM2,esm-hist,r1i1p1f1,gr,fgco2,1950,0.784706,PgC yr-1,historical,emissions,pangeo,CMIP6
CESM2,esm-hist,r1i1p1f1,gr,fgco2,1951,0.885731,PgC yr-1,historical,emissions,pangeo,CMIP6
CESM2,esm-hist,r1i1p1f1,gr,fgco2,1952,0.849815,PgC yr-1,historical,emissions,pangeo,CMIP6
CESM2,esm-hist,r1i1p1f1,gr,fgco2,1953,0.784525,PgC yr-1,historical,emissions,pangeo,CMIP6
CESM2,esm-hist,r1i1p1f1,gr,fgco2,1954,0.91836,PgC yr-1,historical,emissions,pangeo,CMIP6
CESM2,esm-hist,r1i1p1f1,gr,fgco2,1955,0.889658,PgC yr-1,historical,emissions,pangeo,CMIP6
CESM2,esm-hist,r1i1p1f1,gr,fgco2,1956,0.968476,PgC yr-1,historical,emissions,pangeo,CMIP6
CESM2,esm-hist,r1i1p1f1,gr,fgco2,1957,1.16154,PgC yr-1,historical,emissions,pangeo,CMIP6
CESM2,esm-hist,r1i1p1f1,gr,fgco2,1958,1.17577,PgC yr-1,historical,emissions,pangeo,CMIP6
CESM2,esm-hist,r1i1p1f1,gr,fgco2,1959,1.18222,PgC yr-1,historical,emissions,pangeo,CMIP6
CESM2,esm-hist,r1i1p1f1,gr,fgco2,1960,1.18935,PgC yr-1,historical,emissions,pangeo,CMIP6
CESM2,esm-hist,r1i1p1f1,gr,fgco2,1961,1.08168,PgC yr-1,historical,emissions,pangeo,CMIP6
CESM2,esm-hist,r1i1p1f1,gr,fgco2,1962,1.01696,PgC yr-1,historical,emissions,pangeo,CMIP6
CESM2,esm-hist,r1i1p1f1,gr,fgco2,1963,1.11047,PgC yr-1,historical,emissions,pangeo,CMIP6
CESM2,esm-hist,r1i1p1f1,gr,fgco2,1964,1.36926,PgC yr-1,historical,emissions,pangeo,CMIP6
CESM2,esm-hist,r1i1p1f1,gr,fgco2,1965,1.40237,PgC yr-1,historical,emissions,pangeo,CMIP6
CESM2,esm-hist,r1i1p1f1,gr,fgco2,1966,1.2843,PgC yr-1,historical,emissions,pangeo,CMIP6
CESM2,esm-hist,r1i1p1f1,gr,fgco2,1967,1.28419,PgC yr-1,historical,emissions,pangeo,CMIP6
CESM2,esm-hist,r1i1p1f1,gr,fgco2,1968,1.27697,PgC yr-1,historical,emissions,pangeo,CMIP6
CESM2,esm-hist,r1i1p1f1,gr,fgco2,1969,1.48775,PgC yr-1,historical,emissions,pangeo,CMIP6
CESM2,esm-hist,r1i1p1f1,gr,fgco2,1970,1.43633,PgC yr-1,historical,emissions,pangeo,CMIP6
CESM2,esm-hist,r1i1p1f1,gr,fgco2,1971,1.39817,PgC yr-1,historical,emissions,pangeo,CMIP6
CESM2,esm-hist,r1i1p1f1,gr,fgco2,1972,1.43106,PgC yr-1,historical,emissions,pangeo,CMIP6
CESM2,esm-hist,r1i1p1f1,gr,fgco2,1973,1.36525,PgC yr-1,historical,emissions,pangeo,CMIP6
CESM2,esm-hist,r1i1p1f1,gr,fgco2,1974,1.6193,PgC yr-1,historical,emissions,pangeo,CMIP6
CESM2,esm-hist,r1i1p1f1,gr,fgco2,1975,1.66493,PgC yr-1,historical,emissions,pangeo,CMIP6
CESM2,esm-hist,r1i1p1f1,gr,fgco2,1976,1.83247,PgC yr-1,historical,emissions,pangeo,CMIP6
CESM2,esm-hist,r1i1p1f1,gr,fgco2,1977,1.65714,PgC yr-1,historical,emissions,pangeo,CMIP6
CESM2,esm-hist,r1i1p1f1,gr,fgco2,1978,1.5534,PgC yr-1,historical,emissions,pangeo,CMIP6
CESM2,esm-hist,r1i1p1f1,gr,fgco2,1979,1.68651,PgC yr-1,historical,emissions,pangeo,CMIP6
CESM2,esm-hist,r1i1p1f1,gr,fgco2,1980,1.7389,PgC yr-1,historical,emissions,pangeo,CMIP6
CESM2,esm-hist,r1i1p1f1,gr,fgco2,1981,1.57544,PgC yr-1,historical,emissions,pangeo,CMIP6
CESM2,esm-hist,r1i1p1f1,gr,fgco2,1982,1.62956,PgC yr-1,historical,emissions,pangeo,CMIP6
CESM2,esm-hist,r1i1p1f1,gr,fgco2,1983,1.70636,PgC yr-1,historical,emissions,pangeo,CMIP6
CESM2,esm-hist,r1i1p1f1,gr,fgco2,1984,1.71887,PgC yr-1,historical,emissions,pangeo,CMIP6
CESM2,esm-hist,r1i1p1f1,gr,fgco2,1985,1.88816,PgC yr-1,historical,emissions,pangeo,CMIP6
CESM2,esm-hist,r1i1p1f1,gr,fgco2,1986,1.82872,PgC yr-1,historical,emissions,pangeo,CMIP6
CESM2,esm-hist,r1i1p1f1,gr,fgco2,1987,1.79739,PgC yr-1,historical,emissions,pangeo,CMIP6
CESM2,esm-hist,r1i1p1f1,gr,fgco2,1988,1.79768,PgC yr-1,historical,emissions,pangeo,CMIP6
CESM2,esm-hist,r1i1p1f1,gr,fgco2,1989,1.91592,PgC yr-1,historical,emissions,pangeo,CMIP6
CESM2,esm-hist,r1i1p1f1,gr,fgco2,1990,2.08885,PgC yr-1,historical,emissions,pangeo,CMIP6
CESM2,esm-hist,r1i1p1f1,gr,fgco2,1991,1.96608,PgC yr-1,historical,emissions,pangeo,CMIP6
CESM2,esm-hist,r1i1p1f1,gr,fgco2,1992,2.03021,PgC yr-1,historical,emissions,pangeo,CMIP6
CESM2,esm-hist,r1i1p1f1,gr,fgco2,1993,2.09966,PgC yr-1,historical,emissions,pangeo,CMIP6
CESM2,esm-hist,r1i1p1f1,gr,fgco2,1994,1.97327,PgC yr-1,historical,emissions,pangeo,CMIP6
CESM2,esm-hist,r1i1p1f1,gr,fgco2,1995,1.8672,PgC yr-1,historical,emissions,pangeo,CMIP6
CESM2,esm-hist,r1i1p1f1,gr,fgco2,1996,1.9079,PgC yr-1,historical,emissions,pangeo,CMIP6
CESM2,esm-hist,r1i1p1f1,gr,fgco2,1997,1.85678,PgC yr-1,historical,emissions,pangeo,CMIP6
CESM2,esm-hist,r1i1p1f1,gr,fgco2,1998,2.17528,PgC yr-1,historical,emissions,pangeo,CMIP6
CESM2,esm-hist,r1i1p1f1,gr,fgco2,1999,1.8472,PgC yr-1,historical,emissions,pangeo,CMIP6
CESM2,esm-hist,r1i1p1f1,gr,fgco2,2000,1.82933,PgC yr-1,historical,emissions,pangeo,CMIP6
CESM2,esm-hist,r1i1p1f1,gr,fgco2,2001,1.91563,PgC yr-1,historical,emissions,pangeo,CMIP6
CESM2,esm-hist,r1i1p1f1,gr,fgco2,2002,2.03482,PgC yr-1,historical,emissions,pangeo,CMIP6
CESM2,esm-hist,r1i1p1f1,gr,fgco2,2003,2.0527,PgC yr-1,historical,emissions,pangeo,CMIP6
CESM2,esm-hist,r1i1p1f1,gr,fgco2,2004,2.09233,PgC yr-1,historical,emissions,pangeo,CMIP6
CESM2,esm-hist,r1i1p1f1,gr,fgco2,2005,2.26554,PgC yr-1,historical,emissions,pangeo,CMIP6
CESM2,esm-hist,r1i1p1f1,gr,fgco2,2006,2.29523,PgC yr-1,historical,emissions,pangeo,CMIP6
CESM2,esm-hist,r1i1p1f1,gr,fgco2,2007,2.52692,PgC yr-1,historical,emissions,pangeo,CMIP6
CESM2,esm-hist,r1i1p1f1,gr,fgco2,2008,2.40078,PgC yr-1,historical,emissions,pangeo,CMIP6
CESM2,esm-hist,r1i1p1f1,gr,fgco2,2009,2.33854,PgC yr-1,historical,emissions,pangeo,CMIP6
CESM2,esm-hist,r1i1p1f1,gr,fgco2,2010,2.4977,PgC yr-1,historical,emissions,pangeo,CMIP6
CESM2,esm-hist,r1i1p1f1,gr,fgco2,2011,2.60915,PgC yr-1,historical,emissions,pangeo,CMIP6
CESM2,esm-hist,r1i1p1f1,gr,fgco2,2012,2.53023,PgC yr-1,historical,emissions,pangeo,CMIP6
CESM2,esm-hist,r1i1p1f1,gr,fgco2,2013,2.53301,PgC yr-1,historical,emissions,pangeo,CMIP6
CESM2,esm-hist,r1i1p1f1,gr,fgco2,2014,2.61976,PgC yr-1,historical,emissions,pangeo,CMIP6
CNRM-ESM2-1,esm-hist,r1i1p1f2,gn,fgco2,1850,-0.828361,PgC yr-1,historical,emissions,pangeo,CMIP6
CNRM-ESM2-1,esm-hist,r1i1p1f2,gn,fgco2,1851,-0.90368,PgC yr-1,historical,emissions,pangeo,CMIP6
CNRM-ESM2-1,esm-hist,r1i1p1f2,gn,fgco2,1852,-1.01552,PgC yr-1,historical,emissions,pangeo,CMIP6
CNRM-ESM2-1,esm-hist,r1i1p1f2,gn,fgco2,1853,-0.845366,PgC yr-1,historical,emissions,pangeo,CMIP6
CNRM-ESM2-1,esm-hist,r1i1p1f2,gn,fgco2,1854,-1.04929,PgC yr-1,historical,emissions,pangeo,CMIP6
CNRM-ESM2-1,esm-hist,r1i1p1f2,gn,fgco2,1855,-0.812711,PgC yr-1,historical,emissions,pangeo,CMIP6
CNRM-ESM2-1,esm-hist,r1i1p1f2,gn,fgco2,1856,-0.821999,PgC yr-1,historical,emissions,pangeo,CMIP6
CNRM-ESM2-1,esm-hist,r1i1p1f2,gn,fgco2,1857,-1.02617,PgC yr-1,historical,emissions,pangeo,CMIP6
CNRM-ESM2-1,esm-hist,r1i1p1f2,gn,fgco2,1858,-0.880931,PgC yr-1,historical,emissions,pangeo,CMIP6
CNRM-ESM2-1,esm-hist,r1i1p1f2,gn,fgco2,1859,-1.16633,PgC yr-1,historical,emissions,pangeo,CMIP6
CNRM-ESM2-1,esm-hist,r1i1p1f2,gn,fgco2,1860,-0.886752,PgC yr-1,historical,emissions,pangeo,CMIP6
CNRM-ESM2-1,esm-hist,r1i1p1f2,gn,fgco2,1861,-0.680635,PgC yr-1,historical,emissions,pangeo,CMIP6
CNRM-ESM2-1,esm-hist,r1i1p1f2,gn,fgco2,1862,-0.714222,PgC yr-1,historical,emissions,pangeo,CMIP6
CNRM-ESM2-1,esm-hist,r1i1p1f2,gn,fgco2,1863,-0.730639,PgC yr-1,historical,emissions,pangeo,CMIP6
CNRM-ESM2-1,esm-hist,r1i1p1f2,gn,fgco2,1864,-0.747544,PgC yr-1,historical,emissions,pangeo,CMIP6
CNRM-ESM2-1,esm-hist,r1i1p1f2,gn,fgco2,1865,-0.669333,PgC yr-1,historical,emissions,pangeo,CMIP6
CNRM-ESM2-1,esm-hist,r1i1p1f2,gn,fgco2,1866,-0.770265,PgC yr-1,historical,emissions,pangeo,CMIP6
CNRM-ESM2-1,esm-hist,r1i1p1f2,gn,fgco2,1867,-0.732208,PgC yr-1,historical,emissions,pangeo,CMIP6
CNRM-ESM2-1,esm-hist,r1i1p1f2,gn,fgco2,1868,-0.861547,PgC yr-1,historical,emissions,pangeo,CMIP6
CNRM-ESM2-1,esm-hist,r1i1p1f2,gn,fgco2,1869,-0.885542,PgC yr-1,historical,emissions,pangeo,CMIP6
CNRM-ESM2-1,esm-hist,r1i1p1f2,gn,fgco2,1870,-0.781485,PgC yr-1,historical,emissions,pangeo,CMIP6
CNRM-ESM2-1,esm-hist,r1i1p1f2,gn,fgco2,1871,-0.899805,PgC yr-1,historical,emissions,pangeo,CMIP6
CNRM-ESM2-1,esm-hist,r1i1p1f2,gn,fgco2,1872,-0.9688,PgC yr-1,historical,emissions,pangeo,CMIP6
CNRM-ESM2-1,esm-hist,r1i1p1f2,gn,fgco2,1873,-0.915038,PgC yr-1,historical,emissions,pangeo,CMIP6
CNRM-ESM2-1,esm-hist,r1i1p1f2,gn,fgco2,1874,-0.744288,PgC yr-1,historical,emissions,pangeo,CMIP6
CNRM-ESM2-1,esm-hist,r1i1p1f2,gn,fgco2,1875,-0.868208,PgC yr-1,historical,emissions,pangeo,CMIP6
CNRM-ESM2-1,esm-hist,r1i1p1f2,gn,fgco2,1876,-0.89836,PgC yr-1,historical,emissions,pangeo,CMIP6
CNRM-ESM2-1,esm-hist,r1i1p1f2,gn,fgco2,1877,-0.709112,PgC yr-1,historical,emissions,pangeo,CMIP6
CNRM-ESM2-1,esm-hist,r1i1p1f2,gn,fgco2,1878,-0.699519,PgC yr-1,historical,emissions,pangeo,CMIP6
CNRM-ESM2-1,esm-hist,r1i1p1f2,gn,fgco2,1879,-0.752789,PgC yr-1,historical,emissions,pangeo,CMIP6
CNRM-ESM2-1,esm-hist,r1i1p1f2,gn,fgco2,1880,-0.535085,PgC yr-1,historical,emissions,pangeo,CMIP6
CNRM-ESM2-1,esm-hist,r1i1p1f2,gn,fgco2,1881,-0.552302,PgC yr-1,historical,emissions,pangeo,CMIP6
CNRM-ESM2-1,esm-hist,r1i1p1f2,gn,fgco2,1882,-0.655033,PgC yr-1,historical,emissions,pangeo,CMIP6
CNRM-ESM2-1,esm-hist,r1i1p1f2,gn,fgco2,1883,-0.783524,PgC yr-1,historical,emissions,pangeo,CMIP6
CNRM-ESM2-1,esm-hist,r1i1p1f2,gn,fgco2,1884,-0.803659,PgC yr-1,historical,emissions,pangeo,CMIP6
CNRM-ESM2-1,esm-hist,r1i1p1f2,gn,fgco2,1885,-0.833186,PgC yr-1,historical,emissions,pangeo,CMIP6
CNRM-ESM2-1,esm-hist,r1i1p1f2,gn,fgco2,1886,-0.890024,PgC yr-1,historical,emissions,pangeo,CMIP6
CNRM-ESM2-1,esm-hist,r1i1p1f2,gn,fgco2,1887,-0.969425,PgC yr-1,historical,emissions,pangeo,CMIP6
CNRM-ESM2-1,esm-hist,r1i1p1f2,gn,fgco2,1888,-0.813607,PgC yr-1,historical,emissions,pangeo,CMIP6
CNRM-ESM2-1,esm-hist,r1i1p1f2,gn,fgco2,1889,-0.779283,PgC yr-1,historical,emissions,pangeo,CMIP6
CNRM-ESM2-1,esm-hist,r1i1p1f2,gn,fgco2,1890,-0.508543,PgC yr-1,historical,emissions,pangeo,CMIP6
CNRM-ESM2-1,esm-hist,r1i1p1f2,gn,fgco2,1891,-1.02373,PgC yr-1,historical,emissions,pangeo,CMIP6
CNRM-ESM2-1,esm-hist,r1i1p1f2,gn,fgco2,1892,-0.906616,PgC yr-1,historical,emissions,pangeo,CMIP6
CNRM-ESM2-1,esm-hist,r1i1p1f2,gn,fgco2,1893,-0.941788,PgC yr-1,historical,emissions,pangeo,CMIP6
CNRM-ESM2-1,esm-hist,r1i1p1f2,gn,fgco2,1894,-0.758123,PgC yr-1,historical,emissions,pangeo,CMIP6
CNRM-ESM2-1,esm-hist,r1i1p1f2,gn,fgco2,1895,-0.916872,PgC yr-1,historical,emissions,pangeo,CMIP6
CNRM-ESM2-1,esm-hist,r1i1p1f2,gn,fgco2,1896,-1.13036,PgC yr-1,historical,emissions,pangeo,CMIP6
CNRM-ESM2-1,esm-hist,r1i1p1f2,gn,fgco2,1897,-0.773916,PgC yr-1,historical,emissions,pangeo,CMIP6
CNRM-ESM2-1,esm-hist,r1i1p1f2,gn,fgco2,1898,-0.691246,PgC yr-1,historical,emissions,pangeo,CMIP6
CNRM-ESM2-1,esm-hist,r1i1p1f2,gn,fgco2,1899,-0.72183,PgC yr-1,historical,emissions,pangeo,CMIP6
CNRM-ESM2-1,esm-hist,r1i1p1f2,gn,fgco2,1900,-0.780689,PgC yr-1,historical,emissions,pangeo,CMIP6
CNRM-ESM2-1,esm-hist,r1i1p1f2,gn,fgco2,1901,-0.726378,PgC yr-1,historical,emissions,pangeo,CMIP6
CNRM-ESM2-1,esm-hist,r1i1p1f2,gn,fgco2,1902,-0.796731,PgC yr-1,historical,emissions,pangeo,CMIP6
CNRM-ESM2-1,esm-hist,r1i1p1f2,gn,fgco2,1903,-0.832566,PgC yr-1,historical,emissions,pangeo,CMIP6
CNRM-ESM2-1,esm-hist,r1i1p1f2,gn,fgco2,1904,-0.70932,PgC yr-1,historical,emissions,pangeo,CMIP6
CNRM-ESM2-1,esm-hist,r1i1p1f2,gn,fgco2,1905,-0.758987,PgC yr-1,historical,emissions,pangeo,CMIP6
CNRM-ESM2-1,esm-hist,r1i1p1f2,gn,fgco2,1906,-0.715255,PgC yr-1,historical,emissions,pangeo,CMIP6
CNRM-ESM2-1,esm-hist,r1i1p1f2,gn,fgco2,1907,-0.534337,PgC yr-1,historical,emissions,pangeo,CMIP6
CNRM-ESM2-1,esm-hist,r1i1p1f2,gn,fgco2,1908,-0.716337,PgC yr-1,historical,emissions,pangeo,CMIP6
CNRM-ESM2-1,esm-hist,r1i1p1f2,gn,fgco2,1909,-0.909247,PgC yr-1,historical,emissions,pangeo,CMIP6
CNRM-ESM2-1,esm-hist,r1i1p1f2,gn,fgco2,1910,-1.05332,PgC yr-1,historical,emissions,pangeo,CMIP6
CNRM-ESM2-1,esm-hist,r1i1p1f2,gn,fgco2,1911,-0.730594,PgC yr-1,historical,emissions,pangeo,CMIP6
CNRM-ESM2-1,esm-hist,r1i1p1f2,gn,fgco2,1912,-0.880042,PgC yr-1,historical,emissions,pangeo,CMIP6
CNRM-ESM2-1,esm-hist,r1i1p1f2,gn,fgco2,1913,-1.00885,PgC yr-1,historical,emissions,pangeo,CMIP6
CNRM-ESM2-1,esm-hist,r1i1p1f2,gn,fgco2,1914,-0.807261,PgC yr-1,historical,emissions,pangeo,CMIP6
CNRM-ESM2-1,esm-hist,r1i1p1f2,gn,fgco2,1915,-0.547536,PgC yr-1,historical,emissions,pangeo,CMIP6
CNRM-ESM2-1,esm-hist,r1i1p1f2,gn,fgco2,1916,-0.419946,PgC yr-1,historical,emissions,pangeo,CMIP6
CNRM-ESM2-1,esm-hist,r1i1p1f2,gn,fgco2,1917,-0.51455,PgC yr-1,historical,emissions,pangeo,CMIP6
CNRM-ESM2-1,esm-hist,r1i1p1f2,gn,fgco2,1918,-0.404663,PgC yr-1,historical,emissions,pangeo,CMIP6
CNRM-ESM2-1,esm-hist,r1i1p1f2,gn,fgco2,1919,-0.497869,PgC yr-1,historical,emissions,pangeo,CMIP6
CNRM-ESM2-1,esm-hist,r1i1p1f2,gn,fgco2,1920,-0.636227,PgC yr-1,historical,emissions,pangeo,CMIP6
CNRM-ESM2-1,esm-hist,r1i1p1f2,gn,fgco2,1921,-0.57247,PgC yr-1,historical,emissions,pangeo,CMIP6
CNRM-ESM2-1,esm-hist,r1i1p1f2,gn,fgco2,1922,-0.513832,PgC yr-1,historical,emissions,pangeo,CMIP6
CNRM-ESM2-1,esm-hist,r1i1p1f2,gn,fgco2,1923,-0.583465,PgC yr-1,historical,emissions,pangeo,CMIP6
CNRM-ESM2-1,esm-hist,r1i1p1f2,gn,fgco2,1924,-0.53813,PgC yr-1,historical,emissions,pangeo,CMIP6
CNRM-ESM2-1,esm-hist,r1i1p1f2,gn,fgco2,1925,-0.689613,PgC yr-1,historical,emissions,pangeo,CMIP6
CNRM-ESM2-1,esm-hist,r1i1p1f2,gn,fgco2,1926,-0.644266,PgC yr-1,historical,emissions,pangeo,CMIP6
CNRM-ESM2-1,esm-hist,r1i1p1f2,gn,fgco2,1927,-0.714661,PgC yr-1,historical,emissions,pangeo,CMIP6
CNRM-ESM2-1,esm-hist,r1i1p1f2,gn,fgco2,1928,-0.450969,PgC yr-1,historical,emissions,pangeo,CMIP6
CNRM-ESM2-1,esm-hist,r1i1p1f2,gn,fgco2,1929,-0.505052,PgC yr-1,historical,emissions,pangeo,CMIP6
CNRM-ESM2-1,esm-hist,r1i1p1f2,gn,fgco2,1930,-0.579827,PgC yr-1,historical,emissions,pangeo,CMIP6
CNRM-ESM2-1,esm-hist,r1i1p1f2,gn,fgco2,1931,-0.595468,PgC yr-1,historical,emissions,pangeo,CMIP6
CNRM-ESM2-1,esm-hist,r1i1p1f2,gn,fgco2,1932,-0.831343,PgC yr-1,historical,emissions,pangeo,CMIP6
CNRM-ESM2-1,esm-hist,r1i1p1f2,gn,fgco2,1933,-0.844528,PgC yr-1,historical,emissions,pangeo,CMIP6
CNRM-ESM2-1,esm-hist,r1i1p1f2,gn,fgco2,1934,-0.791528,PgC yr-1,historical,emissions,pangeo,CMIP6
CNRM-ESM2-1,esm-hist,r1i1p1f2,gn,fgco2,1935,-0.837269,PgC yr-1,historical,emissions,pangeo,CMIP6
CNRM-ESM2-1,esm-hist,r1i1p1f2,gn,fgco2,1936,-0.637411,PgC yr-1,historical,emissions,pangeo,CMIP6
CNRM-ESM2-1,esm-hist,r1i1p1f2,gn,fgco2,1937,-0.817991,PgC yr-1,historical,emissions,pangeo,CMIP6
CNRM-ESM2-1,esm-hist,r1i1p1f2,gn,fgco2,1938,-0.772232,PgC yr-1,historical,emissions,pangeo,CMIP6
CNRM-ESM2-1,esm-hist,r1i1p1f2,gn,fgco2,1939,-0.810783,PgC yr-1,historical,emissions,pangeo,CMIP6
CNRM-ESM2-1,esm-hist,r1i1p1f2,gn,fgco2,1940,-0.921526,PgC yr-1,historical,emissions,pangeo,CMIP6
CNRM-ESM2-1,esm-hist,r1i1p1f2,gn,fgco2,1941,-0.745165,PgC yr-1,historical,emissions,pangeo,CMIP6
CNRM-ESM2-1,esm-hist,r1i1p1f2,gn,fgco2,1942,-0.751868,PgC yr-1,historical,emissions,pangeo,CMIP6
CNRM-ESM2-1,esm-hist,r1i1p1f2,gn,fgco2,1943,-0.494769,PgC yr-1,historical,emissions,pangeo,CMIP6
CNRM-ESM2-1,esm-hist,r1i1p1f2,gn,fgco2,1944,-0.562824,PgC yr-1,historical,emissions,pangeo,CMIP6
CNRM-ESM2-1,esm-hist,r1i1p1f2,gn,fgco2,1945,-0.365133,PgC yr-1,historical,emissions,pangeo,CMIP6
CNRM-ESM2-1,esm-hist,r1i1p1f2,gn,fgco2,1946,-0.503356,PgC yr-1,historical,emissions,pangeo,CMIP6
CNRM-ESM2-1,esm-hist,r1i1p1f2,gn,fgco2,1947,-0.422616,PgC yr-1,historical,emissions,pangeo,CMIP6
CNRM-ESM2-1,esm-hist,r1i1p1f2,gn,fgco2,1948,-0.251343,PgC yr-1,historical,emissions,pangeo,CMIP6
CNRM-ESM2-1,esm-hist,r1i1p1f2,gn,fgco2,1949,-0.510958,PgC yr-1,historical,emissions,pangeo,CMIP6
CNRM-ESM2-1,esm-hist,r1i1p1f2,gn,fgco2,1950,-0.822771,PgC yr-1,historical,emissions,pangeo,CMIP6
CNRM-ESM2-1,esm-hist,r1i1p1f2,gn,fgco2,1951,-0.659186,PgC yr-1,historical,emissions,pangeo,CMIP6
CNRM-ESM2-1,esm-hist,r1i1p1f2,gn,fgco2,1952,-0.499004,PgC yr-1,historical,emissions,pangeo,CMIP6
CNRM-ESM2-1,esm-hist,r1i1p1f2,gn,fgco2,1953,-0.47596,PgC yr-1,historical,emissions,pangeo,CMIP6
CNRM-ESM2-1,esm-hist,r1i1p1f2,gn,fgco2,1954,-0.570026,PgC yr-1,historical,emissions,pangeo,CMIP6
CNRM-ESM2-1,esm-hist,r1i1p1f2,gn,fgco2,1955,-0.594255,PgC yr-1,historical,emissions,pangeo,CMIP6
CNRM-ESM2-1,esm-hist,r1i1p1f2,gn,fgco2,1956,-0.414073,PgC yr-1,historical,emissions,pangeo,CMIP6
CNRM-ESM2-1,esm-hist,r1i1p1f2,gn,fgco2,1957,-0.410426,PgC yr-1,historical,emissions,pangeo,CMIP6
CNRM-ESM2-1,esm-hist,r1i1p1f2,gn,fgco2,1958,-0.343328,PgC yr-1,historical,emissions,pangeo,CMIP6
CNRM-ESM2-1,esm-hist,r1i1p1f2,gn,fgco2,1959,-0.416449,PgC yr-1,historical,emissions,pangeo,CMIP6
CNRM-ESM2-1,esm-hist,r1i1p1f2,gn,fgco2,1960,-0.363526,PgC yr-1,historical,emissions,pangeo,CMIP6
CNRM-ESM2-1,esm-hist,r1i1p1f2,gn,fgco2,1961,-0.205525,PgC yr-1,historical,emissions,pangeo,CMIP6
CNRM-ESM2-1,esm-hist,r1i1p1f2,gn,fgco2,1962,-0.232587,PgC yr-1,historical,emissions,pangeo,CMIP6
CNRM-ESM2-1,esm-hist,r1i1p1f2,gn,fgco2,1963,-0.214671,PgC yr-1,historical,emissions,pangeo,CMIP6
CNRM-ESM2-1,esm-hist,r1i1p1f2,gn,fgco2,1964,-0.12408,PgC yr-1,historical,emissions,pangeo,CMIP6
CNRM-ESM2-1,esm-hist,r1i1p1f2,gn,fgco2,1965,-0.262592,PgC yr-1,historical,emissions,pangeo,CMIP6
CNRM-ESM2-1,esm-hist,r1i1p1f2,gn,fgco2,1966,-0.0711605,PgC yr-1,historical,emissions,pangeo,CMIP6
CNRM-ESM2-1,esm-hist,r1i1p1f2,gn,fgco2,1967,-0.511303,PgC yr-1,historical,emissions,pangeo,CMIP6
CNRM-ESM2-1,esm-hist,r1i1p1f2,gn,fgco2,1968,-0.343233,PgC yr-1,historical,emissions,pangeo,CMIP6
CNRM-ESM2-1,esm-hist,r1i1p1f2,gn,fgco2,1969,-0.331266,PgC yr-1,historical,emissions,pangeo,CMIP6
CNRM-ESM2-1,esm-hist,r1i1p1f2,gn,fgco2,1970,-0.236633,PgC yr-1,historical,emissions,pangeo,CMIP6
CNRM-ESM2-1,esm-hist,r1i1p1f2,gn,fgco2,1971,-0.515205,PgC yr-1,historical,emissions,pangeo,CMIP6
CNRM-ESM2-1,esm-hist,r1i1p1f2,gn,fgco2,1972,-0.24555,PgC yr-1,historical,emissions,pangeo,CMIP6
CNRM-ESM2-1,esm-hist,r1i1p1f2,gn,fgco2,1973,-0.29452,PgC yr-1,historical,emissions,pangeo,CMIP6
CNRM-ESM2-1,esm-hist,r1i1p1f2,gn,fgco2,1974,-0.212659,PgC yr-1,historical,emissions,pangeo,CMIP6
CNRM-ESM2-1,esm-hist,r1i1p1f2,gn,fgco2,1975,-0.145673,PgC yr-1,historical,emissions,pangeo,CMIP6
CNRM-ESM2-1,esm-hist,r1i1p1f2,gn,fgco2,1976,-0.577379,PgC yr-1,historical,emissions,pangeo,CMIP6
CNRM-ESM2-1,esm-hist,r1i1p1f2,gn,fgco2,1977,-0.479203,PgC yr-1,historical,emissions,pangeo,CMIP6
CNRM-ESM2-1,esm-hist,r1i1p1f2,gn,fgco2,1978,-0.403045,PgC yr-1,historical,emissions,pangeo,CMIP6
CNRM-ESM2-1,esm-hist,r1i1p1f2,gn,fgco2,1979,-0.15718,PgC yr-1,historical,emissions,pangeo,CMIP6
CNRM-ESM2-1,esm-hist,r1i1p1f2,gn,fgco2,1980,-0.171109,PgC yr-1,historical,emissions,pangeo,CMIP6
CNRM-ESM2-1,esm-hist,r1i1p1f2,gn,fgco2,1981,-0.193491,PgC yr-1,historical,emissions,pangeo,CMIP6
CNRM-ESM2-1,esm-hist,r1i1p1f2,gn,fgco2,1982,-0.0847581,PgC yr-1,historical,emissions,pangeo,CMIP6
CNRM-ESM2-1,esm-hist,r1i1p1f2,gn,fgco2,1983,0.238847,PgC yr-1,historical,emissions,pangeo,CMIP6
CNRM-ESM2-1,esm-hist,r1i1p1f2,gn,fgco2,1984,-0.00763728,PgC yr-1,historical,emissions,pangeo,CMIP6
CNRM-ESM2-1,esm-hist,r1i1p1f2,gn,fgco2,1985,0.0837044,PgC yr-1,historical,emissions,pangeo,CMIP6
CNRM-ESM2-1,esm-hist,r1i1p1f2,gn,fgco2,1986,-0.00949729,PgC yr-1,historical,emissions,pangeo,CMIP6
CNRM-ESM2-1,esm-hist,r1i1p1f2,gn,fgco2,1987,-0.0227063,PgC yr-1,historical,emissions,pangeo,CMIP6
CNRM-ESM2-1,esm-hist,r1i1p1f2,gn,fgco2,1988,-0.0147435,PgC yr-1,historical,emissions,pangeo,CMIP6
CNRM-ESM2-1,esm-hist,r1i1p1f2,gn,fgco2,1989,0.142424,PgC yr-1,historical,emissions,pangeo,CMIP6
CNRM-ESM2-1,esm-hist,r1i1p1f2,gn,fgco2,1990,0.0179931,PgC yr-1,historical,emissions,pangeo,CMIP6
CNRM-ESM2-1,esm-hist,r1i1p1f2,gn,fgco2,1991,-0.137289,PgC yr-1,historical,emissions,pangeo,CMIP6
CNRM-ESM2-1,esm-hist,r1i1p1f2,gn,fgco2,1992,0.184259,PgC yr-1,historical,emissions,pangeo,CMIP6
CNRM-ESM2-1,esm-hist,r1i1p1f2,gn,fgco2,1993,0.117671,PgC yr-1,historical,emissions,pangeo,CMIP6
CNRM-ESM2-1,esm-hist,r1i1p1f2,gn,fgco2,1994,-0.0626686,PgC yr-1,historical,emissions,pangeo,CMIP6
CNRM-ESM2-1,esm-hist,r1i1p1f2,gn,fgco2,1995,0.0476238,PgC yr-1,historical,emissions,pangeo,CMIP6
CNRM-ESM2-1,esm-hist,r1i1p1f2,gn,fgco2,1996,0.0209253,PgC yr-1,historical,emissions,pangeo,CMIP6
CNRM-ESM2-1,esm-hist,r1i1p1f2,gn,fgco2,1997,0.16182,PgC yr-1,historical,emissions,pangeo,CMIP6
CNRM-ESM2-1,esm-hist,r1i1p1f2,gn,fgco2,1998,0.112274,PgC yr-1,historical,emissions,pangeo,CMIP6
CNRM-ESM2-1,esm-hist,r1i1p1f2,gn,fgco2,1999,0.17,PgC yr-1,historical,emissions,pangeo,CMIP6
CNRM-ESM2-1,esm-hist,r1i1p1f2,gn,fgco2,2000,0.288413,PgC yr-1,historical,emissions,pangeo,CMIP6
CNRM-ESM2-1,esm-hist,r1i1p1f2,gn,fgco2,2001,0.0864258,PgC yr-1,historical,emissions,pangeo,CMIP6
CNRM-ESM2-1,esm-hist,r1i1p1f2,gn,fgco2,2002,0.339448,PgC yr-1,historical,emissions,pangeo,CMIP6
CNRM-ESM2-1,esm-hist,r1i1p1f2,gn,fgco2,2003,0.244721,PgC yr-1,historical,emissions,pangeo,CMIP6
CNRM-ESM2-1,esm-hist,r1i1p1f2,gn,fgco2,2004,0.192358,PgC yr-1,historical,emissions,pangeo,CMIP6
CNRM-ESM2-1,esm-hist,r1i1p1f2,gn,fgco2,2005,0.396848,PgC yr-1,historical,emissions,pangeo,CMIP6
CNRM-ESM2-1,esm-hist,r1i1p1f2,gn,fgco2,2006,0.778721,PgC yr-1,historical,emissions,pangeo,CMIP6
CNRM-ESM2-1,esm-hist,r1i1p1f2,gn,fgco2,2007,0.813966,PgC yr-1,historical,emissions,pangeo,CMIP6
CNRM-ESM2-1,esm-hist,r1i1p1f2,gn,fgco2,2008,1.11084,PgC yr-1,historical,emissions,pangeo,CMIP6
CNRM-ESM2-1,esm-hist,r1i1p1f2,gn,fgco2,2009,0.883465,PgC yr-1,historical,emissions,pangeo,CMIP6
CNRM-ESM2-1,esm-hist,r1i1p1f2,gn,fgco2,2010,0.980067,PgC yr-1,historical,emissions,pangeo,CMIP6
CNRM-ESM2-1,esm-hist,r1i1p1f2,gn,fgco2,2011,1.1937,PgC yr-1,historical,emissions,pangeo,CMIP6
CNRM-ESM2-1,esm-hist,r1i1p1f2,gn,fgco2,2012,1.14266,PgC yr-1,historical,emissions,pangeo,CMIP6
CNRM-ESM2-1,esm-hist,r1i1p1f2,gn,fgco2,2013,1.10672,PgC yr-1,historical,emissions,pangeo,CMIP6
CNRM-ESM2-1,esm-hist,r1i1p1f2,gn,fgco2,2014,1.42145,PgC yr-1,historical,emissions,pangeo,CMIP6
CanESM5,esm-hist,r2i1p1f1,gn,fgco2,1850,-0.0373875,PgC yr-1,historical,emissions,pangeo,CMIP6
CanESM5,esm-hist,r2i1p1f1,gn,fgco2,1851,-0.16365,PgC yr-1,historical,emissions,pangeo,CMIP6
CanESM5,esm-hist,r2i1p1f1,gn,fgco2,1852,-0.122444,PgC yr-1,historical,emissions,pangeo,CMIP6
CanESM5,esm-hist,r2i1p1f1,gn,fgco2,1853,-0.0263837,PgC yr-1,historical,emissions,pangeo,CMIP6
CanESM5,esm-hist,r2i1p1f1,gn,fgco2,1854,0.0496614,PgC yr-1,historical,emissions,pangeo,CMIP6
CanESM5,esm-hist,r2i1p1f1,gn,fgco2,1855,0.0666531,PgC yr-1,historical,emissions,pangeo,CMIP6
CanESM5,esm-hist,r2i1p1f1,gn,fgco2,1856,0.0759294,PgC yr-1,historical,emissions,pangeo,CMIP6
CanESM5,esm-hist,r2i1p1f1,gn,fgco2,1857,-0.0205359,PgC yr-1,historical,emissions,pangeo,CMIP6
CanESM5,esm-hist,r2i1p1f1,gn,fgco2,1858,-0.00326314,PgC yr-1,historical,emissions,pangeo,CMIP6
CanESM5,esm-hist,r2i1p1f1,gn,fgco2,1859,0.0374461,PgC yr-1,historical,emissions,pangeo,CMIP6
CanESM5,esm-hist,r2i1p1f1,gn,fgco2,1860,0.0754086,PgC yr-1,historical,emissions,pangeo,CMIP6
CanESM5,esm-hist,r2i1p1f1,gn,fgco2,1861,0.111237,PgC yr-1,historical,emissions,pangeo,CMIP6
CanESM5,esm-hist,r2i1p1f1,gn,fgco2,1862,0.223345,PgC yr-1,historical,emissions,pangeo,CMIP6
CanESM5,esm-hist,r2i1p1f1,gn,fgco2,1863,0.119356,PgC yr-1,historical,emissions,pangeo,CMIP6
CanESM5,esm-hist,r2i1p1f1,gn,fgco2,1864,-0.0954616,PgC yr-1,historical,emissions,pangeo,CMIP6
CanESM5,esm-hist,r2i1p1f1,gn,fgco2,1865,0.072193,PgC yr-1,historical,emissions,pangeo,CMIP6
CanESM5,esm-hist,r2i1p1f1,gn,fgco2,1866,0.123831,PgC yr-1,historical,emissions,pangeo,CMIP6
CanESM5,esm-hist,r2i1p1f1,gn,fgco2,1867,0.177305,PgC yr-1,historical,emissions,pangeo,CMIP6
CanESM5,esm-hist,r2i1p1f1,gn,fgco2,1868,0.265489,PgC yr-1,historical,emissions,pangeo,CMIP6
CanESM5,esm-hist,r2i1p1f1,gn,fgco2,1869,0.253125,PgC yr-1,historical,emissions,pangeo,CMIP6
CanESM5,esm-hist,r2i1p1f1,gn,fgco2,1870,0.185222,PgC yr-1,historical,emissions,pangeo,CMIP6
CanESM5,esm-hist,r2i1p1f1,gn,fgco2,1871,0.113208,PgC yr-1,historical,emissions,pangeo,CMIP6
CanESM5,esm-hist,r2i1p1f1,gn,fgco2,1872,-0.0257306,PgC yr-1,historical,emissions,pangeo,CMIP6
CanESM5,esm-hist,r2i1p1f1,gn,fgco2,1873,-0.0179455,PgC yr-1,historical,emissions,pangeo,CMIP6
CanESM5,esm-hist,r2i1p1f1,gn,fgco2,1874,-0.00470813,PgC yr-1,historical,emissions,pangeo,CMIP6
CanESM5,esm-hist,r2i1p1f1,gn,fgco2,1875,0.0651636,PgC yr-1,historical,emissions,pangeo,CMIP6
CanESM5,esm-hist,r2i1p1f1,gn,fgco2,1876,0.166141,PgC yr-1,historical,emissions,pangeo,CMIP6
CanESM5,esm-hist,r2i1p1f1,gn,fgco2,1877,0.126335,PgC yr-1,historical,emissions,pangeo,CMIP6
CanESM5,esm-hist,r2i1p1f1,gn,fgco2,1878,0.10824,PgC yr-1,historical,emissions,pangeo,CMIP6
CanESM5,esm-hist,r2i1p1f1,gn,fgco2,1879,-0.025317,PgC yr-1,historical,emissions,pangeo,CMIP6
CanESM5,esm-hist,r2i1p1f1,gn,fgco2,1880,0.0324237,PgC yr-1,historical,emissions,pangeo,CMIP6
CanESM5,esm-hist,r2i1p1f1,gn,fgco2,1881,0.118705,PgC yr-1,historical,emissions,pangeo,CMIP6
CanESM5,esm-hist,r2i1p1f1,gn,fgco2,1882,0.292936,PgC yr-1,historical,emissions,pangeo,CMIP6
CanESM5,esm-hist,r2i1p1f1,gn,fgco2,1883,0.262752,PgC yr-1,historical,emissions,pangeo,CMIP6
CanESM5,esm-hist,r2i1p1f1,gn,fgco2,1884,0.569923,PgC yr-1,historical,emissions,pangeo,CMIP6
CanESM5,esm-hist,r2i1p1f1,gn,fgco2,1885,0.20771,PgC yr-1,historical,emissions,pangeo,CMIP6
CanESM5,esm-hist,r2i1p1f1,gn,fgco2,1886,0.111067,PgC yr-1,historical,emissions,pangeo,CMIP6
CanESM5,esm-hist,r2i1p1f1,gn,fgco2,1887,0.0664252,PgC yr-1,historical,emissions,pangeo,CMIP6
CanESM5,esm-hist,r2i1p1f1,gn,fgco2,1888,0.038584,PgC yr-1,historical,emissions,pangeo,CMIP6
CanESM5,esm-hist,r2i1p1f1,gn,fgco2,1889,0.0897766,PgC yr-1,historical,emissions,pangeo,CMIP6
CanESM5,esm-hist,r2i1p1f1,gn,fgco2,1890,0.123625,PgC yr-1,historical,emissions,pangeo,CMIP6
CanESM5,esm-hist,r2i1p1f1,gn,fgco2,1891,0.0990619,PgC yr-1,historical,emissions,pangeo,CMIP6
CanESM5,esm-hist,r2i1p1f1,gn,fgco2,1892,0.022793,PgC yr-1,historical,emissions,pangeo,CMIP6
CanESM5,esm-hist,r2i1p1f1,gn,fgco2,1893,0.0679953,PgC yr-1,historical,emissions,pangeo,CMIP6
CanESM5,esm-hist,r2i1p1f1,gn,fgco2,1894,0.0717082,PgC yr-1,historical,emissions,pangeo,CMIP6
CanESM5,esm-hist,r2i1p1f1,gn,fgco2,1895,0.109612,PgC yr-1,historical,emissions,pangeo,CMIP6
CanESM5,esm-hist,r2i1p1f1,gn,fgco2,1896,0.150914,PgC yr-1,historical,emissions,pangeo,CMIP6
CanESM5,esm-hist,r2i1p1f1,gn,fgco2,1897,0.137314,PgC yr-1,historical,emissions,pangeo,CMIP6
CanESM5,esm-hist,r2i1p1f1,gn,fgco2,1898,0.12994,PgC yr-1,historical,emissions,pangeo,CMIP6
CanESM5,esm-hist,r2i1p1f1,gn,fgco2,1899,0.178032,PgC yr-1,historical,emissions,pangeo,CMIP6
CanESM5,esm-hist,r2i1p1f1,gn,fgco2,1900,0.11614,PgC yr-1,historical,emissions,pangeo,CMIP6
CanESM5,esm-hist,r2i1p1f1,gn,fgco2,1901,0.135653,PgC yr-1,historical,emissions,pangeo,CMIP6
CanESM5,esm-hist,r2i1p1f1,gn,fgco2,1902,0.276163,PgC yr-1,historical,emissions,pangeo,CMIP6
CanESM5,esm-hist,r2i1p1f1,gn,fgco2,1903,0.299585,PgC yr-1,historical,emissions,pangeo,CMIP6
CanESM5,esm-hist,r2i1p1f1,gn,fgco2,1904,0.327942,PgC yr-1,historical,emissions,pangeo,CMIP6
CanESM5,esm-hist,r2i1p1f1,gn,fgco2,1905,0.0746234,PgC yr-1,historical,emissions,pangeo,CMIP6
CanESM5,esm-hist,r2i1p1f1,gn,fgco2,1906,0.0618292,PgC yr-1,historical,emissions,pangeo,CMIP6
CanESM5,esm-hist,r2i1p1f1,gn,fgco2,1907,0.121057,PgC yr-1,historical,emissions,pangeo,CMIP6
CanESM5,esm-hist,r2i1p1f1,gn,fgco2,1908,0.257875,PgC yr-1,historical,emissions,pangeo,CMIP6
CanESM5,esm-hist,r2i1p1f1,gn,fgco2,1909,0.246543,PgC yr-1,historical,emissions,pangeo,CMIP6
CanESM5,esm-hist,r2i1p1f1,gn,fgco2,1910,0.336256,PgC yr-1,historical,emissions,pangeo,CMIP6
CanESM5,esm-hist,r2i1p1f1,gn,fgco2,1911,0.296473,PgC yr-1,historical,emissions,pangeo,CMIP6
CanESM5,esm-hist,r2i1p1f1,gn,fgco2,1912,0.330666,PgC yr-1,historical,emissions,pangeo,CMIP6
CanESM5,esm-hist,r2i1p1f1,gn,fgco2,1913,0.202851,PgC yr-1,historical,emissions,pangeo,CMIP6
CanESM5,esm-hist,r2i1p1f1,gn,fgco2,1914,0.290023,PgC yr-1,historical,emissions,pangeo,CMIP6
CanESM5,esm-hist,r2i1p1f1,gn,fgco2,1915,0.282635,PgC yr-1,historical,emissions,pangeo,CMIP6
CanESM5,esm-hist,r2i1p1f1,gn,fgco2,1916,0.310487,PgC yr-1,historical,emissions,pangeo,CMIP6
CanESM5,esm-hist,r2i1p1f1,gn,fgco2,1917,0.345785,PgC yr-1,historical,emissions,pangeo,CMIP6
CanESM5,esm-hist,r2i1p1f1,gn,fgco2,1918,0.361256,PgC yr-1,historical,emissions,pangeo,CMIP6
CanESM5,esm-hist,r2i1p1f1,gn,fgco2,1919,0.265834,PgC yr-1,historical,emissions,pangeo,CMIP6
CanESM5,esm-hist,r2i1p1f1,gn,fgco2,1920,0.291737,PgC yr-1,historical,emissions,pangeo,CMIP6
CanESM5,esm-hist,r2i1p1f1,gn,fgco2,1921,0.335463,PgC yr-1,historical,emissions,pangeo,CMIP6
CanESM5,esm-hist,r2i1p1f1,gn,fgco2,1922,0.335422,PgC yr-1,historical,emissions,pangeo,CMIP6
CanESM5,esm-hist,r2i1p1f1,gn,fgco2,1923,0.325412,PgC yr-1,historical,emissions,pangeo,CMIP6
CanESM5,esm-hist,r2i1p1f1,gn,fgco2,1924,0.282807,PgC yr-1,historical,emissions,pangeo,CMIP6
CanESM5,esm-hist,r2i1p1f1,gn,fgco2,1925,0.275486,PgC yr-1,historical,emissions,pangeo,CMIP6
CanESM5,esm-hist,r2i1p1f1,gn,fgco2,1926,0.114038,PgC yr-1,historical,emissions,pangeo,CMIP6
CanESM5,esm-hist,r2i1p1f1,gn,fgco2,1927,0.210978,PgC yr-1,historical,emissions,pangeo,CMIP6
CanESM5,esm-hist,r2i1p1f1,gn,fgco2,1928,0.361081,PgC yr-1,historical,emissions,pangeo,CMIP6
CanESM5,esm-hist,r2i1p1f1,gn,fgco2,1929,0.439868,PgC yr-1,historical,emissions,pangeo,CMIP6
CanESM5,esm-hist,r2i1p1f1,gn,fgco2,1930,0.434386,PgC yr-1,historical,emissions,pangeo,CMIP6
CanESM5,esm-hist,r2i1p1f1,gn,fgco2,1931,0.380332,PgC yr-1,historical,emissions,pangeo,CMIP6
CanESM5,esm-hist,r2i1p1f1,gn,fgco2,1932,0.45632,PgC yr-1,historical,emissions,pangeo,CMIP6
CanESM5,esm-hist,r2i1p1f1,gn,fgco2,1933,0.529468,PgC yr-1,historical,emissions,pangeo,CMIP6
CanESM5,esm-hist,r2i1p1f1,gn,fgco2,1934,0.595931,PgC yr-1,historical,emissions,pangeo,CMIP6
CanESM5,esm-hist,r2i1p1f1,gn,fgco2,1935,0.514358,PgC yr-1,historical,emissions,pangeo,CMIP6
CanESM5,esm-hist,r2i1p1f1,gn,fgco2,1936,0.536821,PgC yr-1,historical,emissions,pangeo,CMIP6
CanESM5,esm-hist,r2i1p1f1,gn,fgco2,1937,0.494219,PgC yr-1,historical,emissions,pangeo,CMIP6
CanESM5,esm-hist,r2i1p1f1,gn,fgco2,1938,0.482051,PgC yr-1,historical,emissions,pangeo,CMIP6
CanESM5,esm-hist,r2i1p1f1,gn,fgco2,1939,0.493976,PgC yr-1,historical,emissions,pangeo,CMIP6
CanESM5,esm-hist,r2i1p1f1,gn,fgco2,1940,0.627035,PgC yr-1,historical,emissions,pangeo,CMIP6
CanESM5,esm-hist,r2i1p1f1,gn,fgco2,1941,0.690988,PgC yr-1,historical,emissions,pangeo,CMIP6
CanESM5,esm-hist,r2i1p1f1,gn,fgco2,1942,0.57687,PgC yr-1,historical,emissions,pangeo,CMIP6
CanESM5,esm-hist,r2i1p1f1,gn,fgco2,1943,0.704063,PgC yr-1,historical,emissions,pangeo,CMIP6
CanESM5,esm-hist,r2i1p1f1,gn,fgco2,1944,0.718527,PgC yr-1,historical,emissions,pangeo,CMIP6
CanESM5,esm-hist,r2i1p1f1,gn,fgco2,1945,0.687083,PgC yr-1,historical,emissions,pangeo,CMIP6
CanESM5,esm-hist,r2i1p1f1,gn,fgco2,1946,0.679359,PgC yr-1,historical,emissions,pangeo,CMIP6
CanESM5,esm-hist,r2i1p1f1,gn,fgco2,1947,0.5926,PgC yr-1,historical,emissions,pangeo,CMIP6
CanESM5,esm-hist,r2i1p1f1,gn,fgco2,1948,0.536663,PgC yr-1,historical,emissions,pangeo,CMIP6
CanESM5,esm-hist,r2i1p1f1,gn,fgco2,1949,0.514139,PgC yr-1,historical,emissions,pangeo,CMIP6
CanESM5,esm-hist,r2i1p1f1,gn,fgco2,1950,0.668022,PgC yr-1,historical,emissions,pangeo,CMIP6
CanESM5,esm-hist,r2i1p1f1,gn,fgco2,1951,0.692587,PgC yr-1,historical,emissions,pangeo,CMIP6
CanESM5,esm-hist,r2i1p1f1,gn,fgco2,1952,0.757425,PgC yr-1,historical,emissions,pangeo,CMIP6
CanESM5,esm-hist,r2i1p1f1,gn,fgco2,1953,0.813585,PgC yr-1,historical,emissions,pangeo,CMIP6
CanESM5,esm-hist,r2i1p1f1,gn,fgco2,1954,0.82559,PgC yr-1,historical,emissions,pangeo,CMIP6
CanESM5,esm-hist,r2i1p1f1,gn,fgco2,1955,0.879894,PgC yr-1,historical,emissions,pangeo,CMIP6
CanESM5,esm-hist,r2i1p1f1,gn,fgco2,1956,0.911028,PgC yr-1,historical,emissions,pangeo,CMIP6
CanESM5,esm-hist,r2i1p1f1,gn,fgco2,1957,1.05017,PgC yr-1,historical,emissions,pangeo,CMIP6
CanESM5,esm-hist,r2i1p1f1,gn,fgco2,1958,1.02852,PgC yr-1,historical,emissions,pangeo,CMIP6
CanESM5,esm-hist,r2i1p1f1,gn,fgco2,1959,1.06737,PgC yr-1,historical,emissions,pangeo,CMIP6
CanESM5,esm-hist,r2i1p1f1,gn,fgco2,1960,1.16688,PgC yr-1,historical,emissions,pangeo,CMIP6
CanESM5,esm-hist,r2i1p1f1,gn,fgco2,1961,1.22799,PgC yr-1,historical,emissions,pangeo,CMIP6
CanESM5,esm-hist,r2i1p1f1,gn,fgco2,1962,1.16744,PgC yr-1,historical,emissions,pangeo,CMIP6
CanESM5,esm-hist,r2i1p1f1,gn,fgco2,1963,1.10844,PgC yr-1,historical,emissions,pangeo,CMIP6
CanESM5,esm-hist,r2i1p1f1,gn,fgco2,1964,1.23721,PgC yr-1,historical,emissions,pangeo,CMIP6
CanESM5,esm-hist,r2i1p1f1,gn,fgco2,1965,1.2612,PgC yr-1,historical,emissions,pangeo,CMIP6
CanESM5,esm-hist,r2i1p1f1,gn,fgco2,1966,1.1035,PgC yr-1,historical,emissions,pangeo,CMIP6
CanESM5,esm-hist,r2i1p1f1,gn,fgco2,1967,1.07693,PgC yr-1,historical,emissions,pangeo,CMIP6
CanESM5,esm-hist,r2i1p1f1,gn,fgco2,1968,1.18644,PgC yr-1,historical,emissions,pangeo,CMIP6
CanESM5,esm-hist,r2i1p1f1,gn,fgco2,1969,1.27764,PgC yr-1,historical,emissions,pangeo,CMIP6
CanESM5,esm-hist,r2i1p1f1,gn,fgco2,1970,1.32678,PgC yr-1,historical,emissions,pangeo,CMIP6
CanESM5,esm-hist,r2i1p1f1,gn,fgco2,1971,1.5374,PgC yr-1,historical,emissions,pangeo,CMIP6
CanESM5,esm-hist,r2i1p1f1,gn,fgco2,1972,1.6911,PgC yr-1,historical,emissions,pangeo,CMIP6
CanESM5,esm-hist,r2i1p1f1,gn,fgco2,1973,1.49891,PgC yr-1,historical,emissions,pangeo,CMIP6
CanESM5,esm-hist,r2i1p1f1,gn,fgco2,1974,1.61644,PgC yr-1,historical,emissions,pangeo,CMIP6
CanESM5,esm-hist,r2i1p1f1,gn,fgco2,1975,1.62286,PgC yr-1,historical,emissions,pangeo,CMIP6
CanESM5,esm-hist,r2i1p1f1,gn,fgco2,1976,1.77873,PgC yr-1,historical,emissions,pangeo,CMIP6
CanESM5,esm-hist,r2i1p1f1,gn,fgco2,1977,1.79431,PgC yr-1,historical,emissions,pangeo,CMIP6
CanESM5,esm-hist,r2i1p1f1,gn,fgco2,1978,1.6756,PgC yr-1,historical,emissions,pangeo,CMIP6
CanESM5,esm-hist,r2i1p1f1,gn,fgco2,1979,1.73639,PgC yr-1,historical,emissions,pangeo,CMIP6
CanESM5,esm-hist,r2i1p1f1,gn,fgco2,1980,1.8156,PgC yr-1,historical,emissions,pangeo,CMIP6
CanESM5,esm-hist,r2i1p1f1,gn,fgco2,1981,1.79904,PgC yr-1,historical,emissions,pangeo,CMIP6
CanESM5,esm-hist,r2i1p1f1,gn,fgco2,1982,1.76044,PgC yr-1,historical,emissions,pangeo,CMIP6
CanESM5,esm-hist,r2i1p1f1,gn,fgco2,1983,1.82144,PgC yr-1,historical,emissions,pangeo,CMIP6
CanESM5,esm-hist,r2i1p1f1,gn,fgco2,1984,1.9351,PgC yr-1,historical,emissions,pangeo,CMIP6
CanESM5,esm-hist,r2i1p1f1,gn,fgco2,1985,1.80586,PgC yr-1,historical,emissions,pangeo,CMIP6
CanESM5,esm-hist,r2i1p1f1,gn,fgco2,1986,1.69301,PgC yr-1,historical,emissions,pangeo,CMIP6
CanESM5,esm-hist,r2i1p1f1,gn,fgco2,1987,1.76672,PgC yr-1,historical,emissions,pangeo,CMIP6
CanESM5,esm-hist,r2i1p1f1,gn,fgco2,1988,1.78564,PgC yr-1,historical,emissions,pangeo,CMIP6
CanESM5,esm-hist,r2i1p1f1,gn,fgco2,1989,1.78101,PgC yr-1,historical,emissions,pangeo,CMIP6
CanESM5,esm-hist,r2i1p1f1,gn,fgco2,1990,1.73225,PgC yr-1,historical,emissions,pangeo,CMIP6
CanESM5,esm-hist,r2i1p1f1,gn,fgco2,1991,1.82701,PgC yr-1,historical,emissions,pangeo,CMIP6
CanESM5,esm-hist,r2i1p1f1,gn,fgco2,1992,2.30335,PgC yr-1,historical,emissions,pangeo,CMIP6
CanESM5,esm-hist,r2i1p1f1,gn,fgco2,1993,2.21184,PgC yr-1,historical,emissions,pangeo,CMIP6
CanESM5,esm-hist,r2i1p1f1,gn,fgco2,1994,1.98337,PgC yr-1,historical,emissions,pangeo,CMIP6
CanESM5,esm-hist,r2i1p1f1,gn,fgco2,1995,1.83243,PgC yr-1,historical,emissions,pangeo,CMIP6
CanESM5,esm-hist,r2i1p1f1,gn,fgco2,1996,1.83959,PgC yr-1,historical,emissions,pangeo,CMIP6
CanESM5,esm-hist,r2i1p1f1,gn,fgco2,1997,1.80864,PgC yr-1,historical,emissions,pangeo,CMIP6
CanESM5,esm-hist,r2i1p1f1,gn,fgco2,1998,1.90884,PgC yr-1,historical,emissions,pangeo,CMIP6
CanESM5,esm-hist,r2i1p1f1,gn,fgco2,1999,1.95816,PgC yr-1,historical,emissions,pangeo,CMIP6
CanESM5,esm-hist,r2i1p1f1,gn,fgco2,2000,2.18847,PgC yr-1,historical,emissions,pangeo,CMIP6
CanESM5,esm-hist,r2i1p1f1,gn,fgco2,2001,2.22399,PgC yr-1,historical,emissions,pangeo,CMIP6
CanESM5,esm-hist,r2i1p1f1,gn,fgco2,2002,2.07828,PgC yr-1,historical,emissions,pangeo,CMIP6
CanESM5,esm-hist,r2i1p1f1,gn,fgco2,2003,1.92801,PgC yr-1,historical,emissions,pangeo,CMIP6
CanESM5,esm-hist,r2i1p1f1,gn,fgco2,2004,2.02777,PgC yr-1,historical,emissions,pangeo,CMIP6
CanESM5,esm-hist,r2i1p1f1,gn,fgco2,2005,2.20354,PgC yr-1,historical,emissions,pangeo,CMIP6
CanESM5,esm-hist,r2i1p1f1,gn,fgco2,2006,2.27163,PgC yr-1,historical,emissions,pangeo,CMIP6
CanESM5,esm-hist,r2i1p1f1,gn,fgco2,2007,2.49755,PgC yr-1,historical,emissions,pangeo,CMIP6
CanESM5,esm-hist,r2i1p1f1,gn,fgco2,2008,2.30049,PgC yr-1,historical,emissions,pangeo,CMIP6
CanESM5,esm-hist,r2i1p1f1,gn,fgco2,2009,2.22238,PgC yr-1,historical,emissions,pangeo,CMIP6
CanESM5,esm-hist,r2i1p1f1,gn,fgco2,2010,2.33331,PgC yr-1,historical,emissions,pangeo,CMIP6
CanESM5,esm-hist,r2i1p1f1,gn,fgco2,2011,2.42841,PgC yr-1,historical,emissions,pangeo,CMIP6
CanESM5,esm-hist,r2i1p1f1,gn,fgco2,2012,2.44753,PgC yr-1,historical,emissions,pangeo,CMIP6
CanESM5,esm-hist,r2i1p1f1,gn,fgco2,2013,2.6689,PgC yr-1,historical,emissions,pangeo,CMIP6
CanESM5,esm-hist,r2i1p1f1,gn,fgco2,2014,2.86081,PgC yr-1,historical,emissions,pangeo,CMIP6
CanESM5,esm-ssp585,r1i1p1f1,gn,fgco2,2015,2.46049,PgC yr-1,ssp585,emissions,pangeo,CMIP6
CanESM5,esm-ssp585,r1i1p1f1,gn,fgco2,2016,2.54382,PgC yr-1,ssp585,emissions,pangeo,CMIP6
CanESM5,esm-ssp585,r1i1p1f1,gn,fgco2,2017,2.47093,PgC yr-1,ssp585,emissions,pangeo,CMIP6
CanESM5,esm-ssp585,r1i1p1f1,gn,fgco2,2018,2.69315,PgC yr-1,ssp585,emissions,pangeo,CMIP6
CanESM5,esm-ssp585,r1i1p1f1,gn,fgco2,2019,2.86653,PgC yr-1,ssp585,emissions,pangeo,CMIP6
CanESM5,esm-ssp585,r1i1p1f1,gn,fgco2,2020,2.7073,PgC yr-1,ssp585,emissions,pangeo,CMIP6
CanESM5,esm-ssp585,r1i1p1f1,gn,fgco2,2021,2.75099,PgC yr-1,ssp585,emissions,pangeo,CMIP6
CanESM5,esm-ssp585,r1i1p1f1,gn,fgco2,2022,2.87288,PgC yr-1,ssp585,emissions,pangeo,CMIP6
CanESM5,esm-ssp585,r1i1p1f1,gn,fgco2,2023,2.82357,PgC yr-1,ssp585,emissions,pangeo,CMIP6
CanESM5,esm-ssp585,r1i1p1f1,gn,fgco2,2024,2.9448,PgC yr-1,ssp585,emissions,pangeo,CMIP6
CanESM5,esm-ssp585,r1i1p1f1,gn,fgco2,2025,2.95654,PgC yr-1,ssp585,emissions,pangeo,CMIP6
CanESM5,esm-ssp585,r1i1p1f1,gn,fgco2,2026,2.93463,PgC yr-1,ssp585,emissions,pangeo,CMIP6
CanESM5,esm-ssp585,r1i1p1f1,gn,fgco2,2027,2.93102,PgC yr-1,ssp585,emissions,pangeo,CMIP6
CanESM5,esm-ssp585,r1i1p1f1,gn,fgco2,2028,3.07949,PgC yr-1,ssp585,emissions,pangeo,CMIP6
CanESM5,esm-ssp585,r1i1p1f1,gn,fgco2,2029,3.04168,PgC yr-1,ssp585,emissions,pangeo,CMIP6
CanESM5,esm-ssp585,r1i1p1f1,gn,fgco2,2030,3.13981,PgC yr-1,ssp585,emissions,pangeo,CMIP6
CanESM5,esm-ssp585,r1i1p1f1,gn,fgco2,2031,3.25953,PgC yr-1,ssp585,emissions,pangeo,CMIP6
CanESM5,esm-ssp585,r1i1p1f1,gn,fgco2,2032,3.24414,PgC yr-1,ssp585,emissions,pangeo,CMIP6
CanESM5,esm-ssp585,r1i1p1f1,gn,fgco2,2033,3.1444,PgC yr-1,ssp585,emissions,pangeo,CMIP6
CanESM5,esm-ssp585,r1i1p1f1,gn,fgco2,2034,3.18919,PgC yr-1,ssp585,emissions,pangeo,CMIP6
CanESM5,esm-ssp585,r1i1p1f1,gn,fgco2,2035,3.32431,PgC yr-1,ssp585,emissions,pangeo,CMIP6
CanESM5,esm-ssp585,r1i1p1f1,gn,fgco2,2036,3.47358,PgC yr-1,ssp585,emissions,pangeo,CMIP6
CanESM5,esm-ssp585,r1i1p1f1,gn,fgco2,2037,3.3825,PgC yr-1,ssp585,emissions,pangeo,CMIP6
CanESM5,esm-ssp585,r1i1p1f1,gn,fgco2,2038,3.33877,PgC yr-1,ssp585,emissions,pangeo,CMIP6
CanESM5,esm-ssp585,r1i1p1f1,gn,fgco2,2039,3.53154,PgC yr-1,ssp585,emissions,pangeo,CMIP6
CanESM5,esm-ssp585,r1i1p1f1,gn,fgco2,2040,3.5353,PgC yr-1,ssp585,emissions,pangeo,CMIP6
CanESM5,esm-ssp585,r1i1p1f1,gn,fgco2,2041,3.74572,PgC yr-1,ssp585,emissions,pangeo,CMIP6
CanESM5,esm-ssp585,r1i1p1f1,gn,fgco2,2042,3.94341,PgC yr-1,ssp585,emissions,pangeo,CMIP6
CanESM5,esm-ssp585,r1i1p1f1,gn,fgco2,2043,3.98884,PgC yr-1,ssp585,emissions,pangeo,CMIP6
CanESM5,esm-ssp585,r1i1p1f1,gn,fgco2,2044,3.7584,PgC yr-1,ssp585,emissions,pangeo,CMIP6
CanESM5,esm-ssp585,r1i1p1f1,gn,fgco2,2045,3.80748,PgC yr-1,ssp585,emissions,pangeo,CMIP6
CanESM5,esm-ssp585,r1i1p1f1,gn,fgco2,2046,3.98141,PgC yr-1,ssp585,emissions,pangeo,CMIP6
CanESM5,esm-ssp585,r1i1p1f1,gn,fgco2,2047,3.97451,PgC yr-1,ssp585,emissions,pangeo,CMIP6
CanESM5,esm-ssp585,r1i1p1f1,gn,fgco2,2048,4.05522,PgC yr-1,ssp585,emissions,pangeo,CMIP6
CanESM5,esm-ssp585,r1i1p1f1,gn,fgco2,2049,4.04981,PgC yr-1,ssp585,emissions,pangeo,CMIP6
CanESM5,esm-ssp585,r1i1p1f1,gn,fgco2,2050,4.19761,PgC yr-1,ssp585,emissions,pangeo,CMIP6
CanESM5,esm-ssp585,r1i1p1f1,gn,fgco2,2051,4.30498,PgC yr-1,ssp585,emissions,pangeo,CMIP6
CanESM5,esm-ssp585,r1i1p1f1,gn,fgco2,2052,4.01077,PgC yr-1,ssp585,emissions,pangeo,CMIP6
CanESM5,esm-ssp585,r1i1p1f1,gn,fgco2,2053,4.07298,PgC yr-1,ssp585,emissions,pangeo,CMIP6
CanESM5,esm-ssp585,r1i1p1f1,gn,fgco2,2054,4.25483,PgC yr-1,ssp585,emissions,pangeo,CMIP6
CanESM5,esm-ssp585,r1i1p1f1,gn,fgco2,2055,4.51747,PgC yr-1,ssp585,emissions,pangeo,CMIP6
CanESM5,esm-ssp585,r1i1p1f1,gn,fgco2,2056,4.38579,PgC yr-1,ssp585,emissions,pangeo,CMIP6
CanESM5,esm-ssp585,r1i1p1f1,gn,fgco2,2057,4.1493,PgC yr-1,ssp585,emissions,pangeo,CMIP6
CanESM5,esm-ssp585,r1i1p1f1,gn,fgco2,2058,4.45792,PgC yr-1,ssp585,emissions,pangeo,CMIP6
CanESM5,esm-ssp585,r1i1p1f1,gn,fgco2,2059,4.38154,PgC yr-1,ssp585,emissions,pangeo,CMIP6
CanESM5,esm-ssp585,r1i1p1f1,gn,fgco2,2060,4.50128,PgC yr-1,ssp585,emissions,pangeo,CMIP6
CanESM5,esm-ssp585,r1i1p1f1,gn,fgco2,2061,4.42632,PgC yr-1,ssp585,emissions,pangeo,CMIP6
CanESM5,esm-ssp585,r1i1p1f1,gn,fgco2,2062,4.63516,PgC yr-1,ssp585,emissions,pangeo,CMIP6
CanESM5,esm-ssp585,r1i1p1f1,gn,fgco2,2063,4.70521,PgC yr-1,ssp585,emissions,pangeo,CMIP6
CanESM5,esm-ssp585,r1i1p1f1,gn,fgco2,2064,4.61568,PgC yr-1,ssp585,emissions,pangeo,CMIP6
CanESM5,esm-ssp585,r1i1p1f1,gn,fgco2,2065,4.55194,PgC yr-1,ssp585,emissions,pangeo,CMIP6
CanESM5,esm-ssp585,r1i1p1f1,gn,fgco2,2066,4.46519,PgC yr-1,ssp585,emissions,pangeo,CMIP6
CanESM5,esm-ssp585,r1i1p1f1,gn,fgco2,2067,4.73468,PgC yr-1,ssp585,emissions,pangeo,CMIP6
CanESM5,esm-ssp585,r1i1p1f1,gn,fgco2,2068,4.78091,PgC yr-1,ssp585,emissions,pangeo,CMIP6
CanESM5,esm-ssp585,r1i1p1f1,gn,fgco2,2069,4.68339,PgC yr-1,ssp585,emissions,pangeo,CMIP6
CanESM5,esm-ssp585,r1i1p1f1,gn,fgco2,2070,4.69852,PgC yr-1,ssp585,emissions,pangeo,CMIP6
CanESM5,esm-ssp585,r1i1p1f1,gn,fgco2,2071,4.79448,PgC yr-1,ssp585,emissions,pangeo,CMIP6
CanESM5,esm-ssp585,r1i1p1f1,gn,fgco2,2072,4.94294,PgC yr-1,ssp585,emissions,pangeo,CMIP6
CanESM5,esm-ssp585,r1i1p1f1,gn,fgco2,2073,4.79067,PgC yr-1,ssp585,emissions,pangeo,CMIP6
CanESM5,esm-ssp585,r1i1p1f1,gn,fgco2,2074,4.8578,PgC yr-1,ssp585,emissions,pangeo,CMIP6
CanESM5,esm-ssp585,r1i1p1f1,gn,fgco2,2075,4.9151,PgC yr-1,ssp585,emissions,pangeo,CMIP6
CanESM5,esm-ssp585,r1i1p1f1,gn,fgco2,2076,4.96793,PgC yr-1,ssp585,emissions,pangeo,CMIP6
CanESM5,esm-ssp585,r1i1p1f1,gn,fgco2,2077,4.88968,PgC yr-1,ssp585,emissions,pangeo,CMIP6
CanESM5,esm-ssp585,r1i1p1f1,gn,fgco2,2078,4.94328,PgC yr-1,ssp585,emissions,pangeo,CMIP6
CanESM5,esm-ssp585,r1i1p1f1,gn,fgco2,2079,4.76434,PgC yr-1,ssp585,emissions,pangeo,CMIP6
CanESM5,esm-ssp585,r1i1p1f1,gn,fgco2,2080,4.89897,PgC yr-1,ssp585,emissions,pangeo,CMIP6
CanESM5,esm-ssp585,r1i1p1f1,gn,fgco2,2081,4.99994,PgC yr-1,ssp585,emissions,pangeo,CMIP6
CanESM5,esm-ssp585,r1i1p1f1,gn,fgco2,2082,4.93898,PgC yr-1,ssp585,emissions,pangeo,CMIP6
CanESM5,esm-ssp585,r1i1p1f1,gn,fgco2,2083,4.79998,PgC yr-1,ssp585,emissions,pangeo,CMIP6
CanESM5,esm-ssp585,r1i1p1f1,gn,fgco2,2084,4.85399,PgC yr-1,ssp585,emissions,pangeo,CMIP6
CanESM5,esm-ssp585,r1i1p1f1,gn,fgco2,2085,4.98374,PgC yr-1,ssp585,emissions,pangeo,CMIP6
CanESM5,esm-ssp585,r1i1p1f1,gn,fgco2,2086,4.78594,PgC yr-1,ssp585,emissions,pangeo,CMIP6
CanESM5,esm-ssp585,r1i1p1f1,gn,fgco2,2087,4.84828,PgC yr-1,ssp585,emissions,pangeo,CMIP6
CanESM5,esm-ssp585,r1i1p1f1,gn,fgco2,2088,4.69991,PgC yr-1,ssp585,emissions,pangeo,CMIP6
CanESM5,esm-ssp585,r1i1p1f1,gn,fgco2,2089,4.65235,PgC yr-1,ssp585,emissions,pangeo,CMIP6
CanESM5,esm-ssp585,r1i1p1f1,gn,fgco2,2090,4.79863,PgC yr-1,ssp585,emissions,pangeo,CMIP6
CanESM5,esm-ssp585,r1i1p1f1,gn,fgco2,2091,4.64655,PgC yr-1,ssp585,emissions,pangeo,CMIP6
CanESM5,esm-ssp585,r1i1p1f1,gn,fgco2,2092,4.48308,PgC yr-1,ssp585,emissions,pangeo,CMIP6
CanESM5,esm-ssp585,r1i1p1f1,gn,fgco2,2093,4.57764,PgC yr-1,ssp585,emissions,pangeo,CMIP6
CanESM5,esm-ssp585,r1i1p1f1,gn,fgco2,2094,4.60131,PgC yr-1,ssp585,emissions,pangeo,CMIP6
CanESM5,esm-ssp585,r1i1p1f1,gn,fgco2,2095,4.60787,PgC yr-1,ssp585,emissions,pangeo,CMIP6
CanESM5,esm-ssp585,r1i1p1f1,gn,fgco2,2096,4.65705,PgC yr-1,ssp585,emissions,pangeo,CMIP6
CanESM5,esm-ssp585,r1i1p1f1,gn,fgco2,2097,4.44335,PgC yr-1,ssp585,emissions,pangeo,CMIP6
CanESM5,esm-ssp585,r1i1p1f1,gn,fgco2,2098,4.46658,PgC yr-1,ssp585,emissions,pangeo,CMIP6
CanESM5,esm-ssp585,r1i1p1f1,gn,fgco2,2099,4.42068,PgC yr-1,ssp585,emissions,pangeo,CMIP6
CanESM5,esm-ssp585,r1i1p1f1,gn,fgco2,2100,4.27728,PgC yr-1,ssp585,emissions,pangeo,CMIP6
CanESM5-CanOE,esm-hist,r1i1p2f1,gn,fgco2,1850,-0.0503671,PgC yr-1,historical,emissions,pangeo,CMIP6
CanESM5-CanOE,esm-hist,r1i1p2f1,gn,fgco2,1851,0.0184309,PgC yr-1,historical,emissions,pangeo,CMIP6
CanESM5-CanOE,esm-hist,r1i1p2f1,gn,fgco2,1852,0.0868308,PgC yr-1,historical,emissions,pangeo,CMIP6
CanESM5-CanOE,esm-hist,r1i1p2f1,gn,fgco2,1853,-0.00398403,PgC yr-1,historical,emissions,pangeo,CMIP6
CanESM5-CanOE,esm-hist,r1i1p2f1,gn,fgco2,1854,-0.0507359,PgC yr-1,historical,emissions,pangeo,CMIP6
CanESM5-CanOE,esm-hist,r1i1p2f1,gn,fgco2,1855,-0.0563529,PgC yr-1,historical,emissions,pangeo,CMIP6
CanESM5-CanOE,esm-hist,r1i1p2f1,gn,fgco2,1856,-0.0388899,PgC yr-1,historical,emissions,pangeo,CMIP6
CanESM5-CanOE,esm-hist,r1i1p2f1,gn,fgco2,1857,0.0103391,PgC yr-1,historical,emissions,pangeo,CMIP6
CanESM5-CanOE,esm-hist,r1i1p2f1,gn,fgco2,1858,0.172242,PgC yr-1,historical,emissions,pangeo,CMIP6
CanESM5-CanOE,esm-hist,r1i1p2f1,gn,fgco2,1859,0.224561,PgC yr-1,historical,emissions,pangeo,CMIP6
CanESM5-CanOE,esm-hist,r1i1p2f1,gn,fgco2,1860,0.0882436,PgC yr-1,historical,emissions,pangeo,CMIP6
CanESM5-CanOE,esm-hist,r1i1p2f1,gn,fgco2,1861,0.0866868,PgC yr-1,historical,emissions,pangeo,CMIP6
CanESM5-CanOE,esm-hist,r1i1p2f1,gn,fgco2,1862,0.0937987,PgC yr-1,historical,emissions,pangeo,CMIP6
CanESM5-CanOE,esm-hist,r1i1p2f1,gn,fgco2,1863,0.0888969,PgC yr-1,historical,emissions,pangeo,CMIP6
CanESM5-CanOE,esm-hist,r1i1p2f1,gn,fgco2,1864,0.059539,PgC yr-1,historical,emissions,pangeo,CMIP6
CanESM5-CanOE,esm-hist,r1i1p2f1,gn,fgco2,1865,-0.0341638,PgC yr-1,historical,emissions,pangeo,CMIP6
CanESM5-CanOE,esm-hist,r1i1p2f1,gn,fgco2,1866,-0.108367,PgC yr-1,historical,emissions,pangeo,CMIP6
CanESM5-CanOE,esm-hist,r1i1p2f1,gn,fgco2,1867,-0.107942,PgC yr-1,historical,emissions,pangeo,CMIP6
CanESM5-CanOE,esm-hist,r1i1p2f1,gn,fgco2,1868,-0.15486,PgC yr-1,historical,emissions,pangeo,CMIP6
CanESM5-CanOE,esm-hist,r1i1p2f1,gn,fgco2,1869,-0.212166,PgC yr-1,historical,emissions,pangeo,CMIP6
CanESM5-CanOE,esm-hist,r1i1p2f1,gn,fgco2,1870,-0.142271,PgC yr-1,historical,emissions,pangeo,CMIP6
CanESM5-CanOE,esm-hist,r1i1p2f1,gn,fgco2,1871,-0.0329776,PgC yr-1,historical,emissions,pangeo,CMIP6
CanESM5-CanOE,esm-hist,r1i1p2f1,gn,fgco2,1872,-0.0366719,PgC yr-1,historical,emissions,pangeo,CMIP6
CanESM5-CanOE,esm-hist,r1i1p2f1,gn,fgco2,1873,0.0124989,PgC yr-1,historical,emissions,pangeo,CMIP6
CanESM5-CanOE,esm-hist,r1i1p2f1,gn,fgco2,1874,0.0626047,PgC yr-1,historical,emissions,pangeo,CMIP6
CanESM5-CanOE,esm-hist,r1i1p2f1,gn,fgco2,1875,-0.0421673,PgC yr-1,historical,emissions,pangeo,CMIP6
CanESM5-CanOE,esm-hist,r1i1p2f1,gn,fgco2,1876,-0.083417,PgC yr-1,historical,emissions,pangeo,CMIP6
CanESM5-CanOE,esm-hist,r1i1p2f1,gn,fgco2,1877,0.082115,PgC yr-1,historical,emissions,pangeo,CMIP6
CanESM5-CanOE,esm-hist,r1i1p2f1,gn,fgco2,1878,0.158786,PgC yr-1,historical,emissions,pangeo,CMIP6
CanESM5-CanOE,esm-hist,r1i1p2f1,gn,fgco2,1879,0.0930514,PgC yr-1,historical,emissions,pangeo,CMIP6
CanESM5-CanOE,esm-hist,r1i1p2f1,gn,fgco2,1880,-0.0179666,PgC yr-1,historical,emissions,pangeo,CMIP6
CanESM5-CanOE,esm-hist,r1i1p2f1,gn,fgco2,1881,0.0148767,PgC yr-1,historical,emissions,pangeo,CMIP6
CanESM5-CanOE,esm-hist,r1i1p2f1,gn,fgco2,1882,0.0481982,PgC yr-1,historical,emissions,pangeo,CMIP6
CanESM5-CanOE,esm-hist,r1i1p2f1,gn,fgco2,1883,0.122332,PgC yr-1,historical,emissions,pangeo,CMIP6
CanESM5-CanOE,esm-hist,r1i1p2f1,gn,fgco2,1884,0.453048,PgC yr-1,historical,emissions,pangeo,CMIP6
CanESM5-CanOE,esm-hist,r1i1p2f1,gn,fgco2,1885,0.379803,PgC yr-1,historical,emissions,pangeo,CMIP6
CanESM5-CanOE,esm-hist,r1i1p2f1,gn,fgco2,1886,0.277513,PgC yr-1,historical,emissions,pangeo,CMIP6
CanESM5-CanOE,esm-hist,r1i1p2f1,gn,fgco2,1887,0.222333,PgC yr-1,historical,emissions,pangeo,CMIP6
CanESM5-CanOE,esm-hist,r1i1p2f1,gn,fgco2,1888,0.19983,PgC yr-1,historical,emissions,pangeo,CMIP6
CanESM5-CanOE,esm-hist,r1i1p2f1,gn,fgco2,1889,0.174003,PgC yr-1,historical,emissions,pangeo,CMIP6
CanESM5-CanOE,esm-hist,r1i1p2f1,gn,fgco2,1890,0.154379,PgC yr-1,historical,emissions,pangeo,CMIP6
CanESM5-CanOE,esm-hist,r1i1p2f1,gn,fgco2,1891,0.336468,PgC yr-1,historical,emissions,pangeo,CMIP6
CanESM5-CanOE,esm-hist,r1i1p2f1,gn,fgco2,1892,0.357284,PgC yr-1,historical,emissions,pangeo,CMIP6
CanESM5-CanOE,esm-hist,r1i1p2f1,gn,fgco2,1893,0.251837,PgC yr-1,historical,emissions,pangeo,CMIP6
CanESM5-CanOE,esm-hist,r1i1p2f1,gn,fgco2,1894,0.144785,PgC yr-1,historical,emissions,pangeo,CMIP6
CanESM5-CanOE,esm-hist,r1i1p2f1,gn,fgco2,1895,0.213074,PgC yr-1,historical,emissions,pangeo,CMIP6
CanESM5-CanOE,esm-hist,r1i1p2f1,gn,fgco2,1896,0.318685,PgC yr-1,historical,emissions,pangeo,CMIP6
CanESM5-CanOE,esm-hist,r1i1p2f1,gn,fgco2,1897,0.262082,PgC yr-1,historical,emissions,pangeo,CMIP6
CanESM5-CanOE,esm-hist,r1i1p2f1,gn,fgco2,1898,0.227706,PgC yr-1,historical,emissions,pangeo,CMIP6
CanESM5-CanOE,esm-hist,r1i1p2f1,gn,fgco2,1899,0.0551211,PgC yr-1,historical,emissions,pangeo,CMIP6
CanESM5-CanOE,esm-hist,r1i1p2f1,gn,fgco2,1900,-0.0156374,PgC yr-1,historical,emissions,pangeo,CMIP6
CanESM5-CanOE,esm-hist,r1i1p2f1,gn,fgco2,1901,-0.00326879,PgC yr-1,historical,emissions,pangeo,CMIP6
CanESM5-CanOE,esm-hist,r1i1p2f1,gn,fgco2,1902,0.111276,PgC yr-1,historical,emissions,pangeo,CMIP6
CanESM5-CanOE,esm-hist,r1i1p2f1,gn,fgco2,1903,0.178665,PgC yr-1,historical,emissions,pangeo,CMIP6
CanESM5-CanOE,esm-hist,r1i1p2f1,gn,fgco2,1904,0.333447,PgC yr-1,historical,emissions,pangeo,CMIP6
CanESM5-CanOE,esm-hist,r1i1p2f1,gn,fgco2,1905,0.308836,PgC yr-1,historical,emissions,pangeo,CMIP6
CanESM5-CanOE,esm-hist,r1i1p2f1,gn,fgco2,1906,0.298859,PgC yr-1,historical,emissions,pangeo,CMIP6
CanESM5-CanOE,esm-hist,r1i1p2f1,gn,fgco2,1907,0.361749,PgC yr-1,historical,emissions,pangeo,CMIP6
CanESM5-CanOE,esm-hist,r1i1p2f1,gn,fgco2,1908,0.313072,PgC yr-1,historical,emissions,pangeo,CMIP6
CanESM5-CanOE,esm-hist,r1i1p2f1,gn,fgco2,1909,0.367701,PgC yr-1,historical,emissions,pangeo,CMIP6
CanESM5-CanOE,esm-hist,r1i1p2f1,gn,fgco2,1910,0.373581,PgC yr-1,historical,emissions,pangeo,CMIP6
CanESM5-CanOE,esm-hist,r1i1p2f1,gn,fgco2,1911,0.340542,PgC yr-1,historical,emissions,pangeo,CMIP6
CanESM5-CanOE,esm-hist,r1i1p2f1,gn,fgco2,1912,0.284382,PgC yr-1,historical,emissions,pangeo,CMIP6
CanESM5-CanOE,esm-hist,r1i1p2f1,gn,fgco2,1913,0.284443,PgC yr-1,historical,emissions,pangeo,CMIP6
CanESM5-CanOE,esm-hist,r1i1p2f1,gn,fgco2,1914,0.233718,PgC yr-1,historical,emissions,pangeo,CMIP6
CanESM5-CanOE,esm-hist,r1i1p2f1,gn,fgco2,1915,0.147069,PgC yr-1,historical,emissions,pangeo,CMIP6
CanESM5-CanOE,esm-hist,r1i1p2f1,gn,fgco2,1916,0.0383802,PgC yr-1,historical,emissions,pangeo,CMIP6
CanESM5-CanOE,esm-hist,r1i1p2f1,gn,fgco2,1917,0.0607569,PgC yr-1,historical,emissions,pangeo,CMIP6
CanESM5-CanOE,esm-hist,r1i1p2f1,gn,fgco2,1918,0.194474,PgC yr-1,historical,emissions,pangeo,CMIP6
CanESM5-CanOE,esm-hist,r1i1p2f1,gn,fgco2,1919,0.361103,PgC yr-1,historical,emissions,pangeo,CMIP6
CanESM5-CanOE,esm-hist,r1i1p2f1,gn,fgco2,1920,0.382247,PgC yr-1,historical,emissions,pangeo,CMIP6
CanESM5-CanOE,esm-hist,r1i1p2f1,gn,fgco2,1921,0.3769,PgC yr-1,historical,emissions,pangeo,CMIP6
CanESM5-CanOE,esm-hist,r1i1p2f1,gn,fgco2,1922,0.307979,PgC yr-1,historical,emissions,pangeo,CMIP6
CanESM5-CanOE,esm-hist,r1i1p2f1,gn,fgco2,1923,0.470702,PgC yr-1,historical,emissions,pangeo,CMIP6
CanESM5-CanOE,esm-hist,r1i1p2f1,gn,fgco2,1924,0.404664,PgC yr-1,historical,emissions,pangeo,CMIP6
CanESM5-CanOE,esm-hist,r1i1p2f1,gn,fgco2,1925,0.485549,PgC yr-1,historical,emissions,pangeo,CMIP6
CanESM5-CanOE,esm-hist,r1i1p2f1,gn,fgco2,1926,0.561812,PgC yr-1,historical,emissions,pangeo,CMIP6
CanESM5-CanOE,esm-hist,r1i1p2f1,gn,fgco2,1927,0.532943,PgC yr-1,historical,emissions,pangeo,CMIP6
CanESM5-CanOE,esm-hist,r1i1p2f1,gn,fgco2,1928,0.489775,PgC yr-1,historical,emissions,pangeo,CMIP6
CanESM5-CanOE,esm-hist,r1i1p2f1,gn,fgco2,1929,0.595593,PgC yr-1,historical,emissions,pangeo,CMIP6
CanESM5-CanOE,esm-hist,r1i1p2f1,gn,fgco2,1930,0.593027,PgC yr-1,historical,emissions,pangeo,CMIP6
CanESM5-CanOE,esm-hist,r1i1p2f1,gn,fgco2,1931,0.465985,PgC yr-1,historical,emissions,pangeo,CMIP6
CanESM5-CanOE,esm-hist,r1i1p2f1,gn,fgco2,1932,0.479893,PgC yr-1,historical,emissions,pangeo,CMIP6
CanESM5-CanOE,esm-hist,r1i1p2f1,gn,fgco2,1933,0.39538,PgC yr-1,historical,emissions,pangeo,CMIP6
CanESM5-CanOE,esm-hist,r1i1p2f1,gn,fgco2,1934,0.436849,PgC yr-1,historical,emissions,pangeo,CMIP6
CanESM5-CanOE,esm-hist,r1i1p2f1,gn,fgco2,1935,0.418804,PgC yr-1,historical,emissions,pangeo,CMIP6
CanESM5-CanOE,esm-hist,r1i1p2f1,gn,fgco2,1936,0.501806,PgC yr-1,historical,emissions,pangeo,CMIP6
CanESM5-CanOE,esm-hist,r1i1p2f1,gn,fgco2,1937,0.3811,PgC yr-1,historical,emissions,pangeo,CMIP6
CanESM5-CanOE,esm-hist,r1i1p2f1,gn,fgco2,1938,0.371387,PgC yr-1,historical,emissions,pangeo,CMIP6
CanESM5-CanOE,esm-hist,r1i1p2f1,gn,fgco2,1939,0.342312,PgC yr-1,historical,emissions,pangeo,CMIP6
CanESM5-CanOE,esm-hist,r1i1p2f1,gn,fgco2,1940,0.338823,PgC yr-1,historical,emissions,pangeo,CMIP6
CanESM5-CanOE,esm-hist,r1i1p2f1,gn,fgco2,1941,0.471581,PgC yr-1,historical,emissions,pangeo,CMIP6
CanESM5-CanOE,esm-hist,r1i1p2f1,gn,fgco2,1942,0.521652,PgC yr-1,historical,emissions,pangeo,CMIP6
CanESM5-CanOE,esm-hist,r1i1p2f1,gn,fgco2,1943,0.416128,PgC yr-1,historical,emissions,pangeo,CMIP6
CanESM5-CanOE,esm-hist,r1i1p2f1,gn,fgco2,1944,0.504401,PgC yr-1,historical,emissions,pangeo,CMIP6
CanESM5-CanOE,esm-hist,r1i1p2f1,gn,fgco2,1945,0.445629,PgC yr-1,historical,emissions,pangeo,CMIP6
CanESM5-CanOE,esm-hist,r1i1p2f1,gn,fgco2,1946,0.392433,PgC yr-1,historical,emissions,pangeo,CMIP6
CanESM5-CanOE,esm-hist,r1i1p2f1,gn,fgco2,1947,0.537897,PgC yr-1,historical,emissions,pangeo,CMIP6
CanESM5-CanOE,esm-hist,r1i1p2f1,gn,fgco2,1948,0.678653,PgC yr-1,historical,emissions,pangeo,CMIP6
CanESM5-CanOE,esm-hist,r1i1p2f1,gn,fgco2,1949,0.585827,PgC yr-1,historical,emissions,pangeo,CMIP6
CanESM5-CanOE,esm-hist,r1i1p2f1,gn,fgco2,1950,0.706289,PgC yr-1,historical,emissions,pangeo,CMIP6
CanESM5-CanOE,esm-hist,r1i1p2f1,gn,fgco2,1951,0.667096,PgC yr-1,historical,emissions,pangeo,CMIP6
CanESM5-CanOE,esm-hist,r1i1p2f1,gn,fgco2,1952,0.589247,PgC yr-1,historical,emissions,pangeo,CMIP6
CanESM5-CanOE,esm-hist,r1i1p2f1,gn,fgco2,1953,0.607198,PgC yr-1,historical,emissions,pangeo,CMIP6
CanESM5-CanOE,esm-hist,r1i1p2f1,gn,fgco2,1954,0.697537,PgC yr-1,historical,emissions,pangeo,CMIP6
CanESM5-CanOE,esm-hist,r1i1p2f1,gn,fgco2,1955,0.634723,PgC yr-1,historical,emissions,pangeo,CMIP6
CanESM5-CanOE,esm-hist,r1i1p2f1,gn,fgco2,1956,0.668453,PgC yr-1,historical,emissions,pangeo,CMIP6
CanESM5-CanOE,esm-hist,r1i1p2f1,gn,fgco2,1957,0.791781,PgC yr-1,historical,emissions,pangeo,CMIP6
CanESM5-CanOE,esm-hist,r1i1p2f1,gn,fgco2,1958,0.930738,PgC yr-1,historical,emissions,pangeo,CMIP6
CanESM5-CanOE,esm-hist,r1i1p2f1,gn,fgco2,1959,0.93045,PgC yr-1,historical,emissions,pangeo,CMIP6
CanESM5-CanOE,esm-hist,r1i1p2f1,gn,fgco2,1960,0.946889,PgC yr-1,historical,emissions,pangeo,CMIP6
CanESM5-CanOE,esm-hist,r1i1p2f1,gn,fgco2,1961,1.03726,PgC yr-1,historical,emissions,pangeo,CMIP6
CanESM5-CanOE,esm-hist,r1i1p2f1,gn,fgco2,1962,1.05621,PgC yr-1,historical,emissions,pangeo,CMIP6
CanESM5-CanOE,esm-hist,r1i1p2f1,gn,fgco2,1963,1.18693,PgC yr-1,historical,emissions,pangeo,CMIP6
CanESM5-CanOE,esm-hist,r1i1p2f1,gn,fgco2,1964,1.19968,PgC yr-1,historical,emissions,pangeo,CMIP6
CanESM5-CanOE,esm-hist,r1i1p2f1,gn,fgco2,1965,0.974783,PgC yr-1,historical,emissions,pangeo,CMIP6
CanESM5-CanOE,esm-hist,r1i1p2f1,gn,fgco2,1966,1.0159,PgC yr-1,historical,emissions,pangeo,CMIP6
CanESM5-CanOE,esm-hist,r1i1p2f1,gn,fgco2,1967,0.9757,PgC yr-1,historical,emissions,pangeo,CMIP6
CanESM5-CanOE,esm-hist,r1i1p2f1,gn,fgco2,1968,1.08546,PgC yr-1,historical,emissions,pangeo,CMIP6
CanESM5-CanOE,esm-hist,r1i1p2f1,gn,fgco2,1969,1.10911,PgC yr-1,historical,emissions,pangeo,CMIP6
CanESM5-CanOE,esm-hist,r1i1p2f1,gn,fgco2,1970,1.25744,PgC yr-1,historical,emissions,pangeo,CMIP6
CanESM5-CanOE,esm-hist,r1i1p2f1,gn,fgco2,1971,1.32942,PgC yr-1,historical,emissions,pangeo,CMIP6
CanESM5-CanOE,esm-hist,r1i1p2f1,gn,fgco2,1972,1.42331,PgC yr-1,historical,emissions,pangeo,CMIP6
CanESM5-CanOE,esm-hist,r1i1p2f1,gn,fgco2,1973,1.3996,PgC yr-1,historical,emissions,pangeo,CMIP6
CanESM5-CanOE,esm-hist,r1i1p2f1,gn,fgco2,1974,1.39573,PgC yr-1,historical,emissions,pangeo,CMIP6
CanESM5-CanOE,esm-hist,r1i1p2f1,gn,fgco2,1975,1.21952,PgC yr-1,historical,emissions,pangeo,CMIP6
CanESM5-CanOE,esm-hist,r1i1p2f1,gn,fgco2,1976,1.48696,PgC yr-1,historical,emissions,pangeo,CMIP6
CanESM5-CanOE,esm-hist,r1i1p2f1,gn,fgco2,1977,1.49109,PgC yr-1,historical,emissions,pangeo,CMIP6
CanESM5-CanOE,esm-hist,r1i1p2f1,gn,fgco2,1978,1.4865,PgC yr-1,historical,emissions,pangeo,CMIP6
CanESM5-CanOE,esm-hist,r1i1p2f1,gn,fgco2,1979,1.55589,PgC yr-1,historical,emissions,pangeo,CMIP6
CanESM5-CanOE,esm-hist,r1i1p2f1,gn,fgco2,1980,1.58445,PgC yr-1,historical,emissions,pangeo,CMIP6
CanESM5-CanOE,esm-hist,r1i1p2f1,gn,fgco2,1981,1.64823,PgC yr-1,historical,emissions,pangeo,CMIP6
CanESM5-CanOE,esm-hist,r1i1p2f1,gn,fgco2,1982,1.84998,PgC yr-1,historical,emissions,pangeo,CMIP6
CanESM5-CanOE,esm-hist,r1i1p2f1,gn,fgco2,1983,1.90863,PgC yr-1,historical,emissions,pangeo,CMIP6
CanESM5-CanOE,esm-hist,r1i1p2f1,gn,fgco2,1984,1.8681,PgC yr-1,historical,emissions,pangeo,CMIP6
CanESM5-CanOE,esm-hist,r1i1p2f1,gn,fgco2,1985,1.64542,PgC yr-1,historical,emissions,pangeo,CMIP6
CanESM5-CanOE,esm-hist,r1i1p2f1,gn,fgco2,1986,1.70503,PgC yr-1,historical,emissions,pangeo,CMIP6
CanESM5-CanOE,esm-hist,r1i1p2f1,gn,fgco2,1987,1.77245,PgC yr-1,historical,emissions,pangeo,CMIP6
CanESM5-CanOE,esm-hist,r1i1p2f1,gn,fgco2,1988,1.77419,PgC yr-1,historical,emissions,pangeo,CMIP6
CanESM5-CanOE,esm-hist,r1i1p2f1,gn,fgco2,1989,1.82166,PgC yr-1,historical,emissions,pangeo,CMIP6
CanESM5-CanOE,esm-hist,r1i1p2f1,gn,fgco2,1990,1.84589,PgC yr-1,historical,emissions,pangeo,CMIP6
CanESM5-CanOE,esm-hist,r1i1p2f1,gn,fgco2,1991,2.04277,PgC yr-1,historical,emissions,pangeo,CMIP6
CanESM5-CanOE,esm-hist,r1i1p2f1,gn,fgco2,1992,2.22104,PgC yr-1,historical,emissions,pangeo,CMIP6
CanESM5-CanOE,esm-hist,r1i1p2f1,gn,fgco2,1993,2.11181,PgC yr-1,historical,emissions,pangeo,CMIP6
CanESM5-CanOE,esm-hist,r1i1p2f1,gn,fgco2,1994,1.77234,PgC yr-1,historical,emissions,pangeo,CMIP6
CanESM5-CanOE,esm-hist,r1i1p2f1,gn,fgco2,1995,1.75873,PgC yr-1,historical,emissions,pangeo,CMIP6
CanESM5-CanOE,esm-hist,r1i1p2f1,gn,fgco2,1996,1.80601,PgC yr-1,historical,emissions,pangeo,CMIP6
CanESM5-CanOE,esm-hist,r1i1p2f1,gn,fgco2,1997,1.85061,PgC yr-1,historical,emissions,pangeo,CMIP6
CanESM5-CanOE,esm-hist,r1i1p2f1,gn,fgco2,1998,1.77879,PgC yr-1,historical,emissions,pangeo,CMIP6
CanESM5-CanOE,esm-hist,r1i1p2f1,gn,fgco2,1999,1.94072,PgC yr-1,historical,emissions,pangeo,CMIP6
CanESM5-CanOE,esm-hist,r1i1p2f1,gn,fgco2,2000,1.8667,PgC yr-1,historical,emissions,pangeo,CMIP6
CanESM5-CanOE,esm-hist,r1i1p2f1,gn,fgco2,2001,2.02375,PgC yr-1,historical,emissions,pangeo,CMIP6
CanESM5-CanOE,esm-hist,r1i1p2f1,gn,fgco2,2002,2.16619,PgC yr-1,historical,emissions,pangeo,CMIP6
CanESM5-CanOE,esm-hist,r1i1p2f1,gn,fgco2,2003,2.21747,PgC yr-1,historical,emissions,pangeo,CMIP6
CanESM5-CanOE,esm-hist,r1i1p2f1,gn,fgco2,2004,2.06765,PgC yr-1,historical,emissions,pangeo,CMIP6
CanESM5-CanOE,esm-hist,r1i1p2f1,gn,fgco2,2005,2.07407,PgC yr-1,historical,emissions,pangeo,CMIP6
CanESM5-CanOE,esm-hist,r1i1p2f1,gn,fgco2,2006,2.32522,PgC yr-1,historical,emissions,pangeo,CMIP6
CanESM5-CanOE,esm-hist,r1i1p2f1,gn,fgco2,2007,2.43727,PgC yr-1,historical,emissions,pangeo,CMIP6
CanESM5-CanOE,esm-hist,r1i1p2f1,gn,fgco2,2008,2.37174,PgC yr-1,historical,emissions,pangeo,CMIP6
CanESM5-CanOE,esm-hist,r1i1p2f1,gn,fgco2,2009,2.42784,PgC yr-1,historical,emissions,pangeo,CMIP6
CanESM5-CanOE,esm-hist,r1i1p2f1,gn,fgco2,2010,2.33398,PgC yr-1,historical,emissions,pangeo,CMIP6
CanESM5-CanOE,esm-hist,r1i1p2f1,gn,fgco2,2011,2.43281,PgC yr-1,historical,emissions,pangeo,CMIP6
CanESM5-CanOE,esm-hist,r1i1p2f1,gn,fgco2,2012,2.28736,PgC yr-1,historical,emissions,pangeo,CMIP6
CanESM5-CanOE,esm-hist,r1i1p2f1,gn,fgco2,2013,2.42675,PgC yr-1,historical,emissions,pangeo,CMIP6
CanESM5-CanOE,esm-hist,r1i1p2f1,gn,fgco2,2014,2.43959,PgC yr-1,historical,emissions,pangeo,CMIP6
EC-Earth3-CC,esm-ssp585,r1i1p1f1,gn,fgco2,2015,3.16139,PgC yr-1,ssp585,emissions,pangeo,CMIP6
EC-Earth3-CC,esm-ssp585,r1i1p1f1,gn,fgco2,2016,2.96013,PgC yr-1,ssp585,emissions,pangeo,CMIP6
EC-Earth3-CC,esm-ssp585,r1i1p1f1,gn,fgco2,2017,2.88703,PgC yr-1,ssp585,emissions,pangeo,CMIP6
EC-Earth3-CC,esm-ssp585,r1i1p1f1,gn,fgco2,2018,2.91971,PgC yr-1,ssp585,emissions,pangeo,CMIP6
EC-Earth3-CC,esm-ssp585,r1i1p1f1,gn,fgco2,2019,2.8103,PgC yr-1,ssp585,emissions,pangeo,CMIP6
EC-Earth3-CC,esm-ssp585,r1i1p1f1,gn,fgco2,2020,2.9374,PgC yr-1,ssp585,emissions,pangeo,CMIP6
EC-Earth3-CC,esm-ssp585,r1i1p1f1,gn,fgco2,2021,3.06259,PgC yr-1,ssp585,emissions,pangeo,CMIP6
EC-Earth3-CC,esm-ssp585,r1i1p1f1,gn,fgco2,2022,3.119,PgC yr-1,ssp585,emissions,pangeo,CMIP6
EC-Earth3-CC,esm-ssp585,r1i1p1f1,gn,fgco2,2023,3.03781,PgC yr-1,ssp585,emissions,pangeo,CMIP6
EC-Earth3-CC,esm-ssp585,r1i1p1f1,gn,fgco2,2024,2.93928,PgC yr-1,ssp585,emissions,pangeo,CMIP6
EC-Earth3-CC,esm-ssp585,r1i1p1f1,gn,fgco2,2025,2.9818,PgC yr-1,ssp585,emissions,pangeo,CMIP6
EC-Earth3-CC,esm-ssp585,r1i1p1f1,gn,fgco2,2026,3.23399,PgC yr-1,ssp585,emissions,pangeo,CMIP6
EC-Earth3-CC,esm-ssp585,r1i1p1f1,gn,fgco2,2027,3.25043,PgC yr-1,ssp585,emissions,pangeo,CMIP6
EC-Earth3-CC,esm-ssp585,r1i1p1f1,gn,fgco2,2028,3.18058,PgC yr-1,ssp585,emissions,pangeo,CMIP6
EC-Earth3-CC,esm-ssp585,r1i1p1f1,gn,fgco2,2029,3.23705,PgC yr-1,ssp585,emissions,pangeo,CMIP6
EC-Earth3-CC,esm-ssp585,r1i1p1f1,gn,fgco2,2030,3.42171,PgC yr-1,ssp585,emissions,pangeo,CMIP6
EC-Earth3-CC,esm-ssp585,r1i1p1f1,gn,fgco2,2031,3.49309,PgC yr-1,ssp585,emissions,pangeo,CMIP6
EC-Earth3-CC,esm-ssp585,r1i1p1f1,gn,fgco2,2032,3.54942,PgC yr-1,ssp585,emissions,pangeo,CMIP6
EC-Earth3-CC,esm-ssp585,r1i1p1f1,gn,fgco2,2033,3.51089,PgC yr-1,ssp585,emissions,pangeo,CMIP6
EC-Earth3-CC,esm-ssp585,r1i1p1f1,gn,fgco2,2034,3.6313,PgC yr-1,ssp585,emissions,pangeo,CMIP6
EC-Earth3-CC,esm-ssp585,r1i1p1f1,gn,fgco2,2035,3.71214,PgC yr-1,ssp585,emissions,pangeo,CMIP6
EC-Earth3-CC,esm-ssp585,r1i1p1f1,gn,fgco2,2036,3.65449,PgC yr-1,ssp585,emissions,pangeo,CMIP6
EC-Earth3-CC,esm-ssp585,r1i1p1f1,gn,fgco2,2037,3.77573,PgC yr-1,ssp585,emissions,pangeo,CMIP6
EC-Earth3-CC,esm-ssp585,r1i1p1f1,gn,fgco2,2038,3.94509,PgC yr-1,ssp585,emissions,pangeo,CMIP6
EC-Earth3-CC,esm-ssp585,r1i1p1f1,gn,fgco2,2039,3.94654,PgC yr-1,ssp585,emissions,pangeo,CMIP6
EC-Earth3-CC,esm-ssp585,r1i1p1f1,gn,fgco2,2040,3.99366,PgC yr-1,ssp585,emissions,pangeo,CMIP6
EC-Earth3-CC,esm-ssp585,r1i1p1f1,gn,fgco2,2041,4.03929,PgC yr-1,ssp585,emissions,pangeo,CMIP6
EC-Earth3-CC,esm-ssp585,r1i1p1f1,gn,fgco2,2042,4.06908,PgC yr-1,ssp585,emissions,pangeo,CMIP6
EC-Earth3-CC,esm-ssp585,r1i1p1f1,gn,fgco2,2043,4.20415,PgC yr-1,ssp585,emissions,pangeo,CMIP6
EC-Earth3-CC,esm-ssp585,r1i1p1f1,gn,fgco2,2044,4.08496,PgC yr-1,ssp585,emissions,pangeo,CMIP6
EC-Earth3-CC,esm-ssp585,r1i1p1f1,gn,fgco2,2045,4.22292,PgC yr-1,ssp585,emissions,pangeo,CMIP6
EC-Earth3-CC,esm-ssp585,r1i1p1f1,gn,fgco2,2046,4.32252,PgC yr-1,ssp585,emissions,pangeo,CMIP6
EC-Earth3-CC,esm-ssp585,r1i1p1f1,gn,fgco2,2047,4.11831,PgC yr-1,ssp585,emissions,pangeo,CMIP6
EC-Earth3-CC,esm-ssp585,r1i1p1f1,gn,fgco2,2048,4.26449,PgC yr-1,ssp585,emissions,pangeo,CMIP6
EC-Earth3-CC,esm-ssp585,r1i1p1f1,gn,fgco2,2049,4.5236,PgC yr-1,ssp585,emissions,pangeo,CMIP6
EC-Earth3-CC,esm-ssp585,r1i1p1f1,gn,fgco2,2050,4.50822,PgC yr-1,ssp585,emissions,pangeo,CMIP6
EC-Earth3-CC,esm-ssp585,r1i1p1f1,gn,fgco2,2051,4.4524,PgC yr-1,ssp585,emissions,pangeo,CMIP6
EC-Earth3-CC,esm-ssp585,r1i1p1f1,gn,fgco2,2052,4.62382,PgC yr-1,ssp585,emissions,pangeo,CMIP6
EC-Earth3-CC,esm-ssp585,r1i1p1f1,gn,fgco2,2053,4.53831,PgC yr-1,ssp585,emissions,pangeo,CMIP6
EC-Earth3-CC,esm-ssp585,r1i1p1f1,gn,fgco2,2054,4.42183,PgC yr-1,ssp585,emissions,pangeo,CMIP6
EC-Earth3-CC,esm-ssp585,r1i1p1f1,gn,fgco2,2055,4.74065,PgC yr-1,ssp585,emissions,pangeo,CMIP6
EC-Earth3-CC,esm-ssp585,r1i1p1f1,gn,fgco2,2056,4.91142,PgC yr-1,ssp585,emissions,pangeo,CMIP6
EC-Earth3-CC,esm-ssp585,r1i1p1f1,gn,fgco2,2057,4.73783,PgC yr-1,ssp585,emissions,pangeo,CMIP6
EC-Earth3-CC,esm-ssp585,r1i1p1f1,gn,fgco2,2058,4.84624,PgC yr-1,ssp585,emissions,pangeo,CMIP6
EC-Earth3-CC,esm-ssp585,r1i1p1f1,gn,fgco2,2059,5.08594,PgC yr-1,ssp585,emissions,pangeo,CMIP6
EC-Earth3-CC,esm-ssp585,r1i1p1f1,gn,fgco2,2060,5.10167,PgC yr-1,ssp585,emissions,pangeo,CMIP6
EC-Earth3-CC,esm-ssp585,r1i1p1f1,gn,fgco2,2061,4.98675,PgC yr-1,ssp585,emissions,pangeo,CMIP6
EC-Earth3-CC,esm-ssp585,r1i1p1f1,gn,fgco2,2062,4.859,PgC yr-1,ssp585,emissions,pangeo,CMIP6
EC-Earth3-CC,esm-ssp585,r1i1p1f1,gn,fgco2,2063,5.19471,PgC yr-1,ssp585,emissions,pangeo,CMIP6
EC-Earth3-CC,esm-ssp585,r1i1p1f1,gn,fgco2,2064,5.22418,PgC yr-1,ssp585,emissions,pangeo,CMIP6
EC-Earth3-CC,esm-ssp585,r1i1p1f1,gn,fgco2,2065,5.24391,PgC yr-1,ssp585,emissions,pangeo,CMIP6
EC-Earth3-CC,esm-ssp585,r1i1p1f1,gn,fgco2,2066,5.30289,PgC yr-1,ssp585,emissions,pangeo,CMIP6
EC-Earth3-CC,esm-ssp585,r1i1p1f1,gn,fgco2,2067,5.21382,PgC yr-1,ssp585,emissions,pangeo,CMIP6
EC-Earth3-CC,esm-ssp585,r1i1p1f1,gn,fgco2,2068,5.22516,PgC yr-1,ssp585,emissions,pangeo,CMIP6
EC-Earth3-CC,esm-ssp585,r1i1p1f1,gn,fgco2,2069,5.32357,PgC yr-1,ssp585,emissions,pangeo,CMIP6
EC-Earth3-CC,esm-ssp585,r1i1p1f1,gn,fgco2,2070,5.23899,PgC yr-1,ssp585,emissions,pangeo,CMIP6
EC-Earth3-CC,esm-ssp585,r1i1p1f1,gn,fgco2,2071,5.27741,PgC yr-1,ssp585,emissions,pangeo,CMIP6
EC-Earth3-CC,esm-ssp585,r1i1p1f1,gn,fgco2,2072,5.38128,PgC yr-1,ssp585,emissions,pangeo,CMIP6
EC-Earth3-CC,esm-ssp585,r1i1p1f1,gn,fgco2,2073,5.37612,PgC yr-1,ssp585,emissions,pangeo,CMIP6
EC-Earth3-CC,esm-ssp585,r1i1p1f1,gn,fgco2,2074,5.4127,PgC yr-1,ssp585,emissions,pangeo,CMIP6
EC-Earth3-CC,esm-ssp585,r1i1p1f1,gn,fgco2,2075,5.49205,PgC yr-1,ssp585,emissions,pangeo,CMIP6
EC-Earth3-CC,esm-ssp585,r1i1p1f1,gn,fgco2,2076,5.50506,PgC yr-1,ssp585,emissions,pangeo,CMIP6
EC-Earth3-CC,esm-ssp585,r1i1p1f1,gn,fgco2,2077,5.50308,PgC yr-1,ssp585,emissions,pangeo,CMIP6
EC-Earth3-CC,esm-ssp585,r1i1p1f1,gn,fgco2,2078,5.43002,PgC yr-1,ssp585,emissions,pangeo,CMIP6
EC-Earth3-CC,esm-ssp585,r1i1p1f1,gn,fgco2,2079,5.50984,PgC yr-1,ssp585,emissions,pangeo,CMIP6
EC-Earth3-CC,esm-ssp585,r1i1p1f1,gn,fgco2,2080,5.4455,PgC yr-1,ssp585,emissions,pangeo,CMIP6
EC-Earth3-CC,esm-ssp585,r1i1p1f1,gn,fgco2,2081,5.64056,PgC yr-1,ssp585,emissions,pangeo,CMIP6
EC-Earth3-CC,esm-ssp585,r1i1p1f1,gn,fgco2,2082,5.42392,PgC yr-1,ssp585,emissions,pangeo,CMIP6
EC-Earth3-CC,esm-ssp585,r1i1p1f1,gn,fgco2,2083,5.43773,PgC yr-1,ssp585,emissions,pangeo,CMIP6
EC-Earth3-CC,esm-ssp585,r1i1p1f1,gn,fgco2,2084,5.38988,PgC yr-1,ssp585,emissions,pangeo,CMIP6
EC-Earth3-CC,esm-ssp585,r1i1p1f1,gn,fgco2,2085,5.63869,PgC yr-1,ssp585,emissions,pangeo,CMIP6
EC-Earth3-CC,esm-ssp585,r1i1p1f1,gn,fgco2,2086,5.57187,PgC yr-1,ssp585,emissions,pangeo,CMIP6
EC-Earth3-CC,esm-ssp585,r1i1p1f1,gn,fgco2,2087,5.39311,PgC yr-1,ssp585,emissions,pangeo,CMIP6
EC-Earth3-CC,esm-ssp585,r1i1p1f1,gn,fgco2,2088,5.47736,PgC yr-1,ssp585,emissions,pangeo,CMIP6
EC-Earth3-CC,esm-ssp585,r1i1p1f1,gn,fgco2,2089,5.63639,PgC yr-1,ssp585,emissions,pangeo,CMIP6
EC-Earth3-CC,esm-ssp585,r1i1p1f1,gn,fgco2,2090,5.62751,PgC yr-1,ssp585,emissions,pangeo,CMIP6
EC-Earth3-CC,esm-ssp585,r1i1p1f1,gn,fgco2,2091,5.37179,PgC yr-1,ssp585,emissions,pangeo,CMIP6
EC-Earth3-CC,esm-ssp585,r1i1p1f1,gn,fgco2,2092,5.52378,PgC yr-1,ssp585,emissions,pangeo,CMIP6
EC-Earth3-CC,esm-ssp585,r1i1p1f1,gn,fgco2,2093,5.48763,PgC yr-1,ssp585,emissions,pangeo,CMIP6
EC-Earth3-CC,esm-ssp585,r1i1p1f1,gn,fgco2,2094,5.60547,PgC yr-1,ssp585,emissions,pangeo,CMIP6
EC-Earth3-CC,esm-ssp585,r1i1p1f1,gn,fgco2,2095,5.36104,PgC yr-1,ssp585,emissions,pangeo,CMIP6
EC-Earth3-CC,esm-ssp585,r1i1p1f1,gn,fgco2,2096,5.32312,PgC yr-1,ssp585,emissions,pangeo,CMIP6
EC-Earth3-CC,esm-ssp585,r1i1p1f1,gn,fgco2,2097,5.4894,PgC yr-1,ssp585,emissions,pangeo,CMIP6
EC-Earth3-CC,esm-ssp585,r1i1p1f1,gn,fgco2,2098,5.25531,PgC yr-1,ssp585,emissions,pangeo,CMIP6
EC-Earth3-CC,esm-ssp585,r1i1p1f1,gn,fgco2,2099,5.3451,PgC yr-1,ssp585,emissions,pangeo,CMIP6
EC-Earth3-CC,esm-ssp585,r1i1p1f1,gn,fgco2,2100,5.30444,PgC yr-1,ssp585,emissions,pangeo,CMIP6
GFDL-ESM4,esm-hist,r1i1p1f1,gr,fgco2,1850,0.247431,PgC yr-1,historical,emissions,pangeo,CMIP6
GFDL-ESM4,esm-hist,r1i1p1f1,gr,fgco2,1851,0.202131,PgC yr-1,historical,emissions,pangeo,CMIP6
GFDL-ESM4,esm-hist,r1i1p1f1,gr,fgco2,1852,0.3096,PgC yr-1,historical,emissions,pangeo,CMIP6
GFDL-ESM4,esm-hist,r1i1p1f1,gr,fgco2,1853,0.312745,PgC yr-1,historical,emissions,pangeo,CMIP6
GFDL-ESM4,esm-hist,r1i1p1f1,gr,fgco2,1854,0.0945636,PgC yr-1,historical,emissions,pangeo,CMIP6
GFDL-ESM4,esm-hist,r1i1p1f1,gr,fgco2,1855,-0.0191685,PgC yr-1,historical,emissions,pangeo,CMIP6
GFDL-ESM4,esm-hist,r1i1p1f1,gr,fgco2,1856,0.243026,PgC yr-1,historical,emissions,pangeo,CMIP6
GFDL-ESM4,esm-hist,r1i1p1f1,gr,fgco2,1857,0.15083,PgC yr-1,historical,emissions,pangeo,CMIP6
GFDL-ESM4,esm-hist,r1i1p1f1,gr,fgco2,1858,0.185022,PgC yr-1,historical,emissions,pangeo,CMIP6
GFDL-ESM4,esm-hist,r1i1p1f1,gr,fgco2,1859,0.24334,PgC yr-1,historical,emissions,pangeo,CMIP6
GFDL-ESM4,esm-hist,r1i1p1f1,gr,fgco2,1860,-0.207409,PgC yr-1,historical,emissions,pangeo,CMIP6
GFDL-ESM4,esm-hist,r1i1p1f1,gr,fgco2,1861,-0.422651,PgC yr-1,historical,emissions,pangeo,CMIP6
GFDL-ESM4,esm-hist,r1i1p1f1,gr,fgco2,1862,-0.00863637,PgC yr-1,historical,emissions,pangeo,CMIP6
GFDL-ESM4,esm-hist,r1i1p1f1,gr,fgco2,1863,0.446063,PgC yr-1,historical,emissions,pangeo,CMIP6
GFDL-ESM4,esm-hist,r1i1p1f1,gr,fgco2,1864,0.482225,PgC yr-1,historical,emissions,pangeo,CMIP6
GFDL-ESM4,esm-hist,r1i1p1f1,gr,fgco2,1865,0.308926,PgC yr-1,historical,emissions,pangeo,CMIP6
GFDL-ESM4,esm-hist,r1i1p1f1,gr,fgco2,1866,0.353788,PgC yr-1,historical,emissions,pangeo,CMIP6
GFDL-ESM4,esm-hist,r1i1p1f1,gr,fgco2,1867,0.210943,PgC yr-1,historical,emissions,pangeo,CMIP6
GFDL-ESM4,esm-hist,r1i1p1f1,gr,fgco2,1868,0.114745,PgC yr-1,historical,emissions,pangeo,CMIP6
GFDL-ESM4,esm-hist,r1i1p1f1,gr,fgco2,1869,0.184732,PgC yr-1,historical,emissions,pangeo,CMIP6
GFDL-ESM4,esm-hist,r1i1p1f1,gr,fgco2,1870,-0.080961,PgC yr-1,historical,emissions,pangeo,CMIP6
GFDL-ESM4,esm-hist,r1i1p1f1,gr,fgco2,1871,0.421166,PgC yr-1,historical,emissions,pangeo,CMIP6
GFDL-ESM4,esm-hist,r1i1p1f1,gr,fgco2,1872,0.689799,PgC yr-1,historical,emissions,pangeo,CMIP6
GFDL-ESM4,esm-hist,r1i1p1f1,gr,fgco2,1873,0.429841,PgC yr-1,historical,emissions,pangeo,CMIP6
GFDL-ESM4,esm-hist,r1i1p1f1,gr,fgco2,1874,0.673979,PgC yr-1,historical,emissions,pangeo,CMIP6
GFDL-ESM4,esm-hist,r1i1p1f1,gr,fgco2,1875,0.77135,PgC yr-1,historical,emissions,pangeo,CMIP6
GFDL-ESM4,esm-hist,r1i1p1f1,gr,fgco2,1876,0.761046,PgC yr-1,historical,emissions,pangeo,CMIP6
GFDL-ESM4,esm-hist,r1i1p1f1,gr,fgco2,1877,0.654822,PgC yr-1,historical,emissions,pangeo,CMIP6
GFDL-ESM4,esm-hist,r1i1p1f1,gr,fgco2,1878,0.411272,PgC yr-1,historical,emissions,pangeo,CMIP6
GFDL-ESM4,esm-hist,r1i1p1f1,gr,fgco2,1879,0.129649,PgC yr-1,historical,emissions,pangeo,CMIP6
GFDL-ESM4,esm-hist,r1i1p1f1,gr,fgco2,1880,0.339972,PgC yr-1,historical,emissions,pangeo,CMIP6
GFDL-ESM4,esm-hist,r1i1p1f1,gr,fgco2,1881,0.421716,PgC yr-1,historical,emissions,pangeo,CMIP6
GFDL-ESM4,esm-hist,r1i1p1f1,gr,fgco2,1882,0.19976,PgC yr-1,historical,emissions,pangeo,CMIP6
GFDL-ESM4,esm-hist,r1i1p1f1,gr,fgco2,1883,-0.105954,PgC yr-1,historical,emissions,pangeo,CMIP6
GFDL-ESM4,esm-hist,r1i1p1f1,gr,fgco2,1884,0.0218906,PgC yr-1,historical,emissions,pangeo,CMIP6
GFDL-ESM4,esm-hist,r1i1p1f1,gr,fgco2,1885,0.0597082,PgC yr-1,historical,emissions,pangeo,CMIP6
GFDL-ESM4,esm-hist,r1i1p1f1,gr,fgco2,1886,0.23638,PgC yr-1,historical,emissions,pangeo,CMIP6
GFDL-ESM4,esm-hist,r1i1p1f1,gr,fgco2,1887,0.702966,PgC yr-1,historical,emissions,pangeo,CMIP6
GFDL-ESM4,esm-hist,r1i1p1f1,gr,fgco2,1888,0.726671,PgC yr-1,historical,emissions,pangeo,CMIP6
GFDL-ESM4,esm-hist,r1i1p1f1,gr,fgco2,1889,-0.0184125,PgC yr-1,historical,emissions,pangeo,CMIP6
GFDL-ESM4,esm-hist,r1i1p1f1,gr,fgco2,1890,-0.279013,PgC yr-1,historical,emissions,pangeo,CMIP6
GFDL-ESM4,esm-hist,r1i1p1f1,gr,fgco2,1891,0.202179,PgC yr-1,historical,emissions,pangeo,CMIP6
GFDL-ESM4,esm-hist,r1i1p1f1,gr,fgco2,1892,0.500263,PgC yr-1,historical,emissions,pangeo,CMIP6
GFDL-ESM4,esm-hist,r1i1p1f1,gr,fgco2,1893,0.55743,PgC yr-1,historical,emissions,pangeo,CMIP6
GFDL-ESM4,esm-hist,r1i1p1f1,gr,fgco2,1894,0.444681,PgC yr-1,historical,emissions,pangeo,CMIP6
GFDL-ESM4,esm-hist,r1i1p1f1,gr,fgco2,1895,0.430056,PgC yr-1,historical,emissions,pangeo,CMIP6
GFDL-ESM4,esm-hist,r1i1p1f1,gr,fgco2,1896,0.20942,PgC yr-1,historical,emissions,pangeo,CMIP6
GFDL-ESM4,esm-hist,r1i1p1f1,gr,fgco2,1897,0.0827368,PgC yr-1,historical,emissions,pangeo,CMIP6
GFDL-ESM4,esm-hist,r1i1p1f1,gr,fgco2,1898,0.502385,PgC yr-1,historical,emissions,pangeo,CMIP6
GFDL-ESM4,esm-hist,r1i1p1f1,gr,fgco2,1899,0.84142,PgC yr-1,historical,emissions,pangeo,CMIP6
GFDL-ESM4,esm-hist,r1i1p1f1,gr,fgco2,1900,0.815497,PgC yr-1,historical,emissions,pangeo,CMIP6
GFDL-ESM4,esm-hist,r1i1p1f1,gr,fgco2,1901,0.806792,PgC yr-1,historical,emissions,pangeo,CMIP6
GFDL-ESM4,esm-hist,r1i1p1f1,gr,fgco2,1902,0.878718,PgC yr-1,historical,emissions,pangeo,CMIP6
GFDL-ESM4,esm-hist,r1i1p1f1,gr,fgco2,1903,1.01902,PgC yr-1,historical,emissions,pangeo,CMIP6
GFDL-ESM4,esm-hist,r1i1p1f1,gr,fgco2,1904,0.609021,PgC yr-1,historical,emissions,pangeo,CMIP6
GFDL-ESM4,esm-hist,r1i1p1f1,gr,fgco2,1905,0.516916,PgC yr-1,historical,emissions,pangeo,CMIP6
GFDL-ESM4,esm-hist,r1i1p1f1,gr,fgco2,1906,0.272907,PgC yr-1,historical,emissions,pangeo,CMIP6
GFDL-ESM4,esm-hist,r1i1p1f1,gr,fgco2,1907,0.273079,PgC yr-1,historical,emissions,pangeo,CMIP6
GFDL-ESM4,esm-hist,r1i1p1f1,gr,fgco2,1908,0.528976,PgC yr-1,historical,emissions,pangeo,CMIP6
GFDL-ESM4,esm-hist,r1i1p1f1,gr,fgco2,1909,0.342338,PgC yr-1,historical,emissions,pangeo,CMIP6
GFDL-ESM4,esm-hist,r1i1p1f1,gr,fgco2,1910,0.622344,PgC yr-1,historical,emissions,pangeo,CMIP6
GFDL-ESM4,esm-hist,r1i1p1f1,gr,fgco2,1911,0.987798,PgC yr-1,historical,emissions,pangeo,CMIP6
GFDL-ESM4,esm-hist,r1i1p1f1,gr,fgco2,1912,0.735207,PgC yr-1,historical,emissions,pangeo,CMIP6
GFDL-ESM4,esm-hist,r1i1p1f1,gr,fgco2,1913,0.490415,PgC yr-1,historical,emissions,pangeo,CMIP6
GFDL-ESM4,esm-hist,r1i1p1f1,gr,fgco2,1914,0.662898,PgC yr-1,historical,emissions,pangeo,CMIP6
GFDL-ESM4,esm-hist,r1i1p1f1,gr,fgco2,1915,0.842753,PgC yr-1,historical,emissions,pangeo,CMIP6
GFDL-ESM4,esm-hist,r1i1p1f1,gr,fgco2,1916,0.617063,PgC yr-1,historical,emissions,pangeo,CMIP6
GFDL-ESM4,esm-hist,r1i1p1f1,gr,fgco2,1917,0.510265,PgC yr-1,historical,emissions,pangeo,CMIP6
GFDL-ESM4,esm-hist,r1i1p1f1,gr,fgco2,1918,0.296511,PgC yr-1,historical,emissions,pangeo,CMIP6
GFDL-ESM4,esm-hist,r1i1p1f1,gr,fgco2,1919,0.611795,PgC yr-1,historical,emissions,pangeo,CMIP6
GFDL-ESM4,esm-hist,r1i1p1f1,gr,fgco2,1920,0.725164,PgC yr-1,historical,emissions,pangeo,CMIP6
GFDL-ESM4,esm-hist,r1i1p1f1,gr,fgco2,1921,0.806564,PgC yr-1,historical,emissions,pangeo,CMIP6
GFDL-ESM4,esm-hist,r1i1p1f1,gr,fgco2,1922,1.13019,PgC yr-1,historical,emissions,pangeo,CMIP6
GFDL-ESM4,esm-hist,r1i1p1f1,gr,fgco2,1923,1.29207,PgC yr-1,historical,emissions,pangeo,CMIP6
GFDL-ESM4,esm-hist,r1i1p1f1,gr,fgco2,1924,0.972356,PgC yr-1,historical,emissions,pangeo,CMIP6
GFDL-ESM4,esm-hist,r1i1p1f1,gr,fgco2,1925,0.829047,PgC yr-1,historical,emissions,pangeo,CMIP6
GFDL-ESM4,esm-hist,r1i1p1f1,gr,fgco2,1926,0.934997,PgC yr-1,historical,emissions,pangeo,CMIP6
GFDL-ESM4,esm-hist,r1i1p1f1,gr,fgco2,1927,0.894915,PgC yr-1,historical,emissions,pangeo,CMIP6
GFDL-ESM4,esm-hist,r1i1p1f1,gr,fgco2,1928,0.871661,PgC yr-1,historical,emissions,pangeo,CMIP6
GFDL-ESM4,esm-hist,r1i1p1f1,gr,fgco2,1929,0.629357,PgC yr-1,historical,emissions,pangeo,CMIP6
GFDL-ESM4,esm-hist,r1i1p1f1,gr,fgco2,1930,0.625214,PgC yr-1,historical,emissions,pangeo,CMIP6
GFDL-ESM4,esm-hist,r1i1p1f1,gr,fgco2,1931,0.577379,PgC yr-1,historical,emissions,pangeo,CMIP6
GFDL-ESM4,esm-hist,r1i1p1f1,gr,fgco2,1932,1.01083,PgC yr-1,historical,emissions,pangeo,CMIP6
GFDL-ESM4,esm-hist,r1i1p1f1,gr,fgco2,1933,0.930785,PgC yr-1,historical,emissions,pangeo,CMIP6
GFDL-ESM4,esm-hist,r1i1p1f1,gr,fgco2,1934,0.984005,PgC yr-1,historical,emissions,pangeo,CMIP6
GFDL-ESM4,esm-hist,r1i1p1f1,gr,fgco2,1935,0.845855,PgC yr-1,historical,emissions,pangeo,CMIP6
GFDL-ESM4,esm-hist,r1i1p1f1,gr,fgco2,1936,0.632663,PgC yr-1,historical,emissions,pangeo,CMIP6
GFDL-ESM4,esm-hist,r1i1p1f1,gr,fgco2,1937,0.774077,PgC yr-1,historical,emissions,pangeo,CMIP6
GFDL-ESM4,esm-hist,r1i1p1f1,gr,fgco2,1938,1.04894,PgC yr-1,historical,emissions,pangeo,CMIP6
GFDL-ESM4,esm-hist,r1i1p1f1,gr,fgco2,1939,1.03619,PgC yr-1,historical,emissions,pangeo,CMIP6
GFDL-ESM4,esm-hist,r1i1p1f1,gr,fgco2,1940,0.810381,PgC yr-1,historical,emissions,pangeo,CMIP6
GFDL-ESM4,esm-hist,r1i1p1f1,gr,fgco2,1941,0.807642,PgC yr-1,historical,emissions,pangeo,CMIP6
GFDL-ESM4,esm-hist,r1i1p1f1,gr,fgco2,1942,1.16507,PgC yr-1,historical,emissions,pangeo,CMIP6
GFDL-ESM4,esm-hist,r1i1p1f1,gr,fgco2,1943,1.01988,PgC yr-1,historical,emissions,pangeo,CMIP6
GFDL-ESM4,esm-hist,r1i1p1f1,gr,fgco2,1944,1.10095,PgC yr-1,historical,emissions,pangeo,CMIP6
GFDL-ESM4,esm-hist,r1i1p1f1,gr,fgco2,1945,1.00453,PgC yr-1,historical,emissions,pangeo,CMIP6
GFDL-ESM4,esm-hist,r1i1p1f1,gr,fgco2,1946,0.951954,PgC yr-1,historical,emissions,pangeo,CMIP6
GFDL-ESM4,esm-hist,r1i1p1f1,gr,fgco2,1947,0.987433,PgC yr-1,historical,emissions,pangeo,CMIP6
GFDL-ESM4,esm-hist,r1i1p1f1,gr,fgco2,1948,0.972444,PgC yr-1,historical,emissions,pangeo,CMIP6
GFDL-ESM4,esm-hist,r1i1p1f1,gr,fgco2,1949,0.950126,PgC yr-1,historical,emissions,pangeo,CMIP6
GFDL-ESM4,esm-hist,r1i1p1f1,gr,fgco2,1950,0.903835,PgC yr-1,historical,emissions,pangeo,CMIP6
GFDL-ESM4,esm-hist,r1i1p1f1,gr,fgco2,1951,1.08545,PgC yr-1,historical,emissions,pangeo,CMIP6
GFDL-ESM4,esm-hist,r1i1p1f1,gr,fgco2,1952,1.27071,PgC yr-1,historical,emissions,pangeo,CMIP6
GFDL-ESM4,esm-hist,r1i1p1f1,gr,fgco2,1953,0.959972,PgC yr-1,historical,emissions,pangeo,CMIP6
GFDL-ESM4,esm-hist,r1i1p1f1,gr,fgco2,1954,0.710113,PgC yr-1,historical,emissions,pangeo,CMIP6
GFDL-ESM4,esm-hist,r1i1p1f1,gr,fgco2,1955,1.01995,PgC yr-1,historical,emissions,pangeo,CMIP6
GFDL-ESM4,esm-hist,r1i1p1f1,gr,fgco2,1956,1.47987,PgC yr-1,historical,emissions,pangeo,CMIP6
GFDL-ESM4,esm-hist,r1i1p1f1,gr,fgco2,1957,1.66597,PgC yr-1,historical,emissions,pangeo,CMIP6
GFDL-ESM4,esm-hist,r1i1p1f1,gr,fgco2,1958,1.64564,PgC yr-1,historical,emissions,pangeo,CMIP6
GFDL-ESM4,esm-hist,r1i1p1f1,gr,fgco2,1959,1.48618,PgC yr-1,historical,emissions,pangeo,CMIP6
GFDL-ESM4,esm-hist,r1i1p1f1,gr,fgco2,1960,1.41316,PgC yr-1,historical,emissions,pangeo,CMIP6
GFDL-ESM4,esm-hist,r1i1p1f1,gr,fgco2,1961,1.25603,PgC yr-1,historical,emissions,pangeo,CMIP6
GFDL-ESM4,esm-hist,r1i1p1f1,gr,fgco2,1962,1.39181,PgC yr-1,historical,emissions,pangeo,CMIP6
GFDL-ESM4,esm-hist,r1i1p1f1,gr,fgco2,1963,1.65253,PgC yr-1,historical,emissions,pangeo,CMIP6
GFDL-ESM4,esm-hist,r1i1p1f1,gr,fgco2,1964,1.52663,PgC yr-1,historical,emissions,pangeo,CMIP6
GFDL-ESM4,esm-hist,r1i1p1f1,gr,fgco2,1965,1.55421,PgC yr-1,historical,emissions,pangeo,CMIP6
GFDL-ESM4,esm-hist,r1i1p1f1,gr,fgco2,1966,1.34373,PgC yr-1,historical,emissions,pangeo,CMIP6
GFDL-ESM4,esm-hist,r1i1p1f1,gr,fgco2,1967,1.7608,PgC yr-1,historical,emissions,pangeo,CMIP6
GFDL-ESM4,esm-hist,r1i1p1f1,gr,fgco2,1968,1.64827,PgC yr-1,historical,emissions,pangeo,CMIP6
GFDL-ESM4,esm-hist,r1i1p1f1,gr,fgco2,1969,1.64634,PgC yr-1,historical,emissions,pangeo,CMIP6
GFDL-ESM4,esm-hist,r1i1p1f1,gr,fgco2,1970,1.36712,PgC yr-1,historical,emissions,pangeo,CMIP6
GFDL-ESM4,esm-hist,r1i1p1f1,gr,fgco2,1971,1.59478,PgC yr-1,historical,emissions,pangeo,CMIP6
GFDL-ESM4,esm-hist,r1i1p1f1,gr,fgco2,1972,2.02755,PgC yr-1,historical,emissions,pangeo,CMIP6
GFDL-ESM4,esm-hist,r1i1p1f1,gr,fgco2,1973,1.88361,PgC yr-1,historical,emissions,pangeo,CMIP6
GFDL-ESM4,esm-hist,r1i1p1f1,gr,fgco2,1974,1.45792,PgC yr-1,historical,emissions,pangeo,CMIP6
GFDL-ESM4,esm-hist,r1i1p1f1,gr,fgco2,1975,1.37247,PgC yr-1,historical,emissions,pangeo,CMIP6
GFDL-ESM4,esm-hist,r1i1p1f1,gr,fgco2,1976,2.02219,PgC yr-1,historical,emissions,pangeo,CMIP6
GFDL-ESM4,esm-hist,r1i1p1f1,gr,fgco2,1977,2.12723,PgC yr-1,historical,emissions,pangeo,CMIP6
GFDL-ESM4,esm-hist,r1i1p1f1,gr,fgco2,1978,1.93264,PgC yr-1,historical,emissions,pangeo,CMIP6
GFDL-ESM4,esm-hist,r1i1p1f1,gr,fgco2,1979,1.77264,PgC yr-1,historical,emissions,pangeo,CMIP6
GFDL-ESM4,esm-hist,r1i1p1f1,gr,fgco2,1980,2.33967,PgC yr-1,historical,emissions,pangeo,CMIP6
GFDL-ESM4,esm-hist,r1i1p1f1,gr,fgco2,1981,2.28301,PgC yr-1,historical,emissions,pangeo,CMIP6
GFDL-ESM4,esm-hist,r1i1p1f1,gr,fgco2,1982,2.12121,PgC yr-1,historical,emissions,pangeo,CMIP6
GFDL-ESM4,esm-hist,r1i1p1f1,gr,fgco2,1983,1.93649,PgC yr-1,historical,emissions,pangeo,CMIP6
GFDL-ESM4,esm-hist,r1i1p1f1,gr,fgco2,1984,1.95629,PgC yr-1,historical,emissions,pangeo,CMIP6
GFDL-ESM4,esm-hist,r1i1p1f1,gr,fgco2,1985,2.08191,PgC yr-1,historical,emissions,pangeo,CMIP6
GFDL-ESM4,esm-hist,r1i1p1f1,gr,fgco2,1986,2.01638,PgC yr-1,historical,emissions,pangeo,CMIP6
GFDL-ESM4,esm-hist,r1i1p1f1,gr,fgco2,1987,2.03792,PgC yr-1,historical,emissions,pangeo,CMIP6
GFDL-ESM4,esm-hist,r1i1p1f1,gr,fgco2,1988,2.1053,PgC yr-1,historical,emissions,pangeo,CMIP6
GFDL-ESM4,esm-hist,r1i1p1f1,gr,fgco2,1989,2.43554,PgC yr-1,historical,emissions,pangeo,CMIP6
GFDL-ESM4,esm-hist,r1i1p1f1,gr,fgco2,1990,2.66561,PgC yr-1,historical,emissions,pangeo,CMIP6
GFDL-ESM4,esm-hist,r1i1p1f1,gr,fgco2,1991,2.5044,PgC yr-1,historical,emissions,pangeo,CMIP6
GFDL-ESM4,esm-hist,r1i1p1f1,gr,fgco2,1992,2.43617,PgC yr-1,historical,emissions,pangeo,CMIP6
GFDL-ESM4,esm-hist,r1i1p1f1,gr,fgco2,1993,2.19606,PgC yr-1,historical,emissions,pangeo,CMIP6
GFDL-ESM4,esm-hist,r1i1p1f1,gr,fgco2,1994,2.42593,PgC yr-1,historical,emissions,pangeo,CMIP6
GFDL-ESM4,esm-hist,r1i1p1f1,gr,fgco2,1995,2.43291,PgC yr-1,historical,emissions,pangeo,CMIP6
GFDL-ESM4,esm-hist,r1i1p1f1,gr,fgco2,1996,2.48608,PgC yr-1,historical,emissions,pangeo,CMIP6
GFDL-ESM4,esm-hist,r1i1p1f1,gr,fgco2,1997,2.46279,PgC yr-1,historical,emissions,pangeo,CMIP6
GFDL-ESM4,esm-hist,r1i1p1f1,gr,fgco2,1998,2.5527,PgC yr-1,historical,emissions,pangeo,CMIP6
GFDL-ESM4,esm-hist,r1i1p1f1,gr,fgco2,1999,2.5019,PgC yr-1,historical,emissions,pangeo,CMIP6
GFDL-ESM4,esm-hist,r1i1p1f1,gr,fgco2,2000,2.2336,PgC yr-1,historical,emissions,pangeo,CMIP6
GFDL-ESM4,esm-hist,r1i1p1f1,gr,fgco2,2001,2.30716,PgC yr-1,historical,emissions,pangeo,CMIP6
GFDL-ESM4,esm-hist,r1i1p1f1,gr,fgco2,2002,2.51159,PgC yr-1,historical,emissions,pangeo,CMIP6
GFDL-ESM4,esm-hist,r1i1p1f1,gr,fgco2,2003,2.5771,PgC yr-1,historical,emissions,pangeo,CMIP6
GFDL-ESM4,esm-hist,r1i1p1f1,gr,fgco2,2004,2.34074,PgC yr-1,historical,emissions,pangeo,CMIP6
GFDL-ESM4,esm-hist,r1i1p1f1,gr,fgco2,2005,2.47079,PgC yr-1,historical,emissions,pangeo,CMIP6
GFDL-ESM4,esm-hist,r1i1p1f1,gr,fgco2,2006,2.67261,PgC yr-1,historical,emissions,pangeo,CMIP6
GFDL-ESM4,esm-hist,r1i1p1f1,gr,fgco2,2007,2.72264,PgC yr-1,historical,emissions,pangeo,CMIP6
GFDL-ESM4,esm-hist,r1i1p1f1,gr,fgco2,2008,2.70266,PgC yr-1,historical,emissions,pangeo,CMIP6
GFDL-ESM4,esm-hist,r1i1p1f1,gr,fgco2,2009,2.99904,PgC yr-1,historical,emissions,pangeo,CMIP6
GFDL-ESM4,esm-hist,r1i1p1f1,gr,fgco2,2010,3.10814,PgC yr-1,historical,emissions,pangeo,CMIP6
GFDL-ESM4,esm-hist,r1i1p1f1,gr,fgco2,2011,3.02073,PgC yr-1,historical,emissions,pangeo,CMIP6
GFDL-ESM4,esm-hist,r1i1p1f1,gr,fgco2,2012,2.91336,PgC yr-1,historical,emissions,pangeo,CMIP6
GFDL-ESM4,esm-hist,r1i1p1f1,gr,fgco2,2013,3.20585,PgC yr-1,historical,emissions,pangeo,CMIP6
GFDL-ESM4,esm-hist,r1i1p1f1,gr,fgco2,2014,3.22347,PgC yr-1,historical,emissions,pangeo,CMIP6
GISS-E2-1-G-CC,esm-hist,r1i1p1f1,gn,fgco2,1850,0.331687,PgC yr-1,historical,emissions,pangeo,CMIP6
GISS-E2-1-G-CC,esm-hist,r1i1p1f1,gn,fgco2,1851,0.299837,PgC yr-1,historical,emissions,pangeo,CMIP6
GISS-E2-1-G-CC,esm-hist,r1i1p1f1,gn,fgco2,1852,0.365162,PgC yr-1,historical,emissions,pangeo,CMIP6
GISS-E2-1-G-CC,esm-hist,r1i1p1f1,gn,fgco2,1853,0.0303988,PgC yr-1,historical,emissions,pangeo,CMIP6
GISS-E2-1-G-CC,esm-hist,r1i1p1f1,gn,fgco2,1854,0.361491,PgC yr-1,historical,emissions,pangeo,CMIP6
GISS-E2-1-G-CC,esm-hist,r1i1p1f1,gn,fgco2,1855,0.312786,PgC yr-1,historical,emissions,pangeo,CMIP6
GISS-E2-1-G-CC,esm-hist,r1i1p1f1,gn,fgco2,1856,-0.0308816,PgC yr-1,historical,emissions,pangeo,CMIP6
GISS-E2-1-G-CC,esm-hist,r1i1p1f1,gn,fgco2,1857,0.150962,PgC yr-1,historical,emissions,pangeo,CMIP6
GISS-E2-1-G-CC,esm-hist,r1i1p1f1,gn,fgco2,1858,0.303651,PgC yr-1,historical,emissions,pangeo,CMIP6
GISS-E2-1-G-CC,esm-hist,r1i1p1f1,gn,fgco2,1859,0.0491799,PgC yr-1,historical,emissions,pangeo,CMIP6
GISS-E2-1-G-CC,esm-hist,r1i1p1f1,gn,fgco2,1860,0.256675,PgC yr-1,historical,emissions,pangeo,CMIP6
GISS-E2-1-G-CC,esm-hist,r1i1p1f1,gn,fgco2,1861,-0.276981,PgC yr-1,historical,emissions,pangeo,CMIP6
GISS-E2-1-G-CC,esm-hist,r1i1p1f1,gn,fgco2,1862,-0.164968,PgC yr-1,historical,emissions,pangeo,CMIP6
GISS-E2-1-G-CC,esm-hist,r1i1p1f1,gn,fgco2,1863,0.19922,PgC yr-1,historical,emissions,pangeo,CMIP6
GISS-E2-1-G-CC,esm-hist,r1i1p1f1,gn,fgco2,1864,-0.0369893,PgC yr-1,historical,emissions,pangeo,CMIP6
GISS-E2-1-G-CC,esm-hist,r1i1p1f1,gn,fgco2,1865,-0.115681,PgC yr-1,historical,emissions,pangeo,CMIP6
GISS-E2-1-G-CC,esm-hist,r1i1p1f1,gn,fgco2,1866,-0.22177,PgC yr-1,historical,emissions,pangeo,CMIP6
GISS-E2-1-G-CC,esm-hist,r1i1p1f1,gn,fgco2,1867,0.21122,PgC yr-1,historical,emissions,pangeo,CMIP6
GISS-E2-1-G-CC,esm-hist,r1i1p1f1,gn,fgco2,1868,0.199671,PgC yr-1,historical,emissions,pangeo,CMIP6
GISS-E2-1-G-CC,esm-hist,r1i1p1f1,gn,fgco2,1869,-0.207762,PgC yr-1,historical,emissions,pangeo,CMIP6
GISS-E2-1-G-CC,esm-hist,r1i1p1f1,gn,fgco2,1870,0.141884,PgC yr-1,historical,emissions,pangeo,CMIP6
GISS-E2-1-G-CC,esm-hist,r1i1p1f1,gn,fgco2,1871,0.34526,PgC yr-1,historical,emissions,pangeo,CMIP6
GISS-E2-1-G-CC,esm-hist,r1i1p1f1,gn,fgco2,1872,0.421055,PgC yr-1,historical,emissions,pangeo,CMIP6
GISS-E2-1-G-CC,esm-hist,r1i1p1f1,gn,fgco2,1873,-0.10528,PgC yr-1,historical,emissions,pangeo,CMIP6
GISS-E2-1-G-CC,esm-hist,r1i1p1f1,gn,fgco2,1874,-0.181876,PgC yr-1,historical,emissions,pangeo,CMIP6
GISS-E2-1-G-CC,esm-hist,r1i1p1f1,gn,fgco2,1875,-0.135968,PgC yr-1,historical,emissions,pangeo,CMIP6
GISS-E2-1-G-CC,esm-hist,r1i1p1f1,gn,fgco2,1876,0.0716812,PgC yr-1,historical,emissions,pangeo,CMIP6
GISS-E2-1-G-CC,esm-hist,r1i1p1f1,gn,fgco2,1877,0.0287907,PgC yr-1,historical,emissions,pangeo,CMIP6
GISS-E2-1-G-CC,esm-hist,r1i1p1f1,gn,fgco2,1878,-0.264084,PgC yr-1,historical,emissions,pangeo,CMIP6
GISS-E2-1-G-CC,esm-hist,r1i1p1f1,gn,fgco2,1879,-0.19328,PgC yr-1,historical,emissions,pangeo,CMIP6
GISS-E2-1-G-CC,esm-hist,r1i1p1f1,gn,fgco2,1880,-0.0124416,PgC yr-1,historical,emissions,pangeo,CMIP6
GISS-E2-1-G-CC,esm-hist,r1i1p1f1,gn,fgco2,1881,0.144221,PgC yr-1,historical,emissions,pangeo,CMIP6
GISS-E2-1-G-CC,esm-hist,r1i1p1f1,gn,fgco2,1882,-0.266173,PgC yr-1,historical,emissions,pangeo,CMIP6
GISS-E2-1-G-CC,esm-hist,r1i1p1f1,gn,fgco2,1883,-0.313236,PgC yr-1,historical,emissions,pangeo,CMIP6
GISS-E2-1-G-CC,esm-hist,r1i1p1f1,gn,fgco2,1884,0.0846636,PgC yr-1,historical,emissions,pangeo,CMIP6
GISS-E2-1-G-CC,esm-hist,r1i1p1f1,gn,fgco2,1885,0.114854,PgC yr-1,historical,emissions,pangeo,CMIP6
GISS-E2-1-G-CC,esm-hist,r1i1p1f1,gn,fgco2,1886,-0.0316734,PgC yr-1,historical,emissions,pangeo,CMIP6
GISS-E2-1-G-CC,esm-hist,r1i1p1f1,gn,fgco2,1887,-0.39145,PgC yr-1,historical,emissions,pangeo,CMIP6
GISS-E2-1-G-CC,esm-hist,r1i1p1f1,gn,fgco2,1888,-0.194495,PgC yr-1,historical,emissions,pangeo,CMIP6
GISS-E2-1-G-CC,esm-hist,r1i1p1f1,gn,fgco2,1889,0.363284,PgC yr-1,historical,emissions,pangeo,CMIP6
GISS-E2-1-G-CC,esm-hist,r1i1p1f1,gn,fgco2,1890,0.155589,PgC yr-1,historical,emissions,pangeo,CMIP6
GISS-E2-1-G-CC,esm-hist,r1i1p1f1,gn,fgco2,1891,0.174657,PgC yr-1,historical,emissions,pangeo,CMIP6
GISS-E2-1-G-CC,esm-hist,r1i1p1f1,gn,fgco2,1892,-0.14826,PgC yr-1,historical,emissions,pangeo,CMIP6
GISS-E2-1-G-CC,esm-hist,r1i1p1f1,gn,fgco2,1893,-0.170674,PgC yr-1,historical,emissions,pangeo,CMIP6
GISS-E2-1-G-CC,esm-hist,r1i1p1f1,gn,fgco2,1894,-0.0122389,PgC yr-1,historical,emissions,pangeo,CMIP6
GISS-E2-1-G-CC,esm-hist,r1i1p1f1,gn,fgco2,1895,-0.10626,PgC yr-1,historical,emissions,pangeo,CMIP6
GISS-E2-1-G-CC,esm-hist,r1i1p1f1,gn,fgco2,1896,-0.183661,PgC yr-1,historical,emissions,pangeo,CMIP6
GISS-E2-1-G-CC,esm-hist,r1i1p1f1,gn,fgco2,1897,-0.0573566,PgC yr-1,historical,emissions,pangeo,CMIP6
GISS-E2-1-G-CC,esm-hist,r1i1p1f1,gn,fgco2,1898,0.209332,PgC yr-1,historical,emissions,pangeo,CMIP6
GISS-E2-1-G-CC,esm-hist,r1i1p1f1,gn,fgco2,1899,-0.0880219,PgC yr-1,historical,emissions,pangeo,CMIP6
GISS-E2-1-G-CC,esm-hist,r1i1p1f1,gn,fgco2,1900,-0.145051,PgC yr-1,historical,emissions,pangeo,CMIP6
GISS-E2-1-G-CC,esm-hist,r1i1p1f1,gn,fgco2,1901,0.30538,PgC yr-1,historical,emissions,pangeo,CMIP6
GISS-E2-1-G-CC,esm-hist,r1i1p1f1,gn,fgco2,1902,0.336657,PgC yr-1,historical,emissions,pangeo,CMIP6
GISS-E2-1-G-CC,esm-hist,r1i1p1f1,gn,fgco2,1903,0.46456,PgC yr-1,historical,emissions,pangeo,CMIP6
GISS-E2-1-G-CC,esm-hist,r1i1p1f1,gn,fgco2,1904,-0.145834,PgC yr-1,historical,emissions,pangeo,CMIP6
GISS-E2-1-G-CC,esm-hist,r1i1p1f1,gn,fgco2,1905,0.0222964,PgC yr-1,historical,emissions,pangeo,CMIP6
GISS-E2-1-G-CC,esm-hist,r1i1p1f1,gn,fgco2,1906,0.504998,PgC yr-1,historical,emissions,pangeo,CMIP6
GISS-E2-1-G-CC,esm-hist,r1i1p1f1,gn,fgco2,1907,0.314113,PgC yr-1,historical,emissions,pangeo,CMIP6
GISS-E2-1-G-CC,esm-hist,r1i1p1f1,gn,fgco2,1908,0.275653,PgC yr-1,historical,emissions,pangeo,CMIP6
GISS-E2-1-G-CC,esm-hist,r1i1p1f1,gn,fgco2,1909,0.249454,PgC yr-1,historical,emissions,pangeo,CMIP6
GISS-E2-1-G-CC,esm-hist,r1i1p1f1,gn,fgco2,1910,0.0482419,PgC yr-1,historical,emissions,pangeo,CMIP6
GISS-E2-1-G-CC,esm-hist,r1i1p1f1,gn,fgco2,1911,0.216119,PgC yr-1,historical,emissions,pangeo,CMIP6
GISS-E2-1-G-CC,esm-hist,r1i1p1f1,gn,fgco2,1912,0.380944,PgC yr-1,historical,emissions,pangeo,CMIP6
GISS-E2-1-G-CC,esm-hist,r1i1p1f1,gn,fgco2,1913,0.334101,PgC yr-1,historical,emissions,pangeo,CMIP6
GISS-E2-1-G-CC,esm-hist,r1i1p1f1,gn,fgco2,1914,0.233464,PgC yr-1,historical,emissions,pangeo,CMIP6
GISS-E2-1-G-CC,esm-hist,r1i1p1f1,gn,fgco2,1915,0.237863,PgC yr-1,historical,emissions,pangeo,CMIP6
GISS-E2-1-G-CC,esm-hist,r1i1p1f1,gn,fgco2,1916,0.391805,PgC yr-1,historical,emissions,pangeo,CMIP6
GISS-E2-1-G-CC,esm-hist,r1i1p1f1,gn,fgco2,1917,0.111062,PgC yr-1,historical,emissions,pangeo,CMIP6
GISS-E2-1-G-CC,esm-hist,r1i1p1f1,gn,fgco2,1918,0.418312,PgC yr-1,historical,emissions,pangeo,CMIP6
GISS-E2-1-G-CC,esm-hist,r1i1p1f1,gn,fgco2,1919,0.552541,PgC yr-1,historical,emissions,pangeo,CMIP6
GISS-E2-1-G-CC,esm-hist,r1i1p1f1,gn,fgco2,1920,0.281592,PgC yr-1,historical,emissions,pangeo,CMIP6
GISS-E2-1-G-CC,esm-hist,r1i1p1f1,gn,fgco2,1921,0.321112,PgC yr-1,historical,emissions,pangeo,CMIP6
GISS-E2-1-G-CC,esm-hist,r1i1p1f1,gn,fgco2,1922,0.231554,PgC yr-1,historical,emissions,pangeo,CMIP6
GISS-E2-1-G-CC,esm-hist,r1i1p1f1,gn,fgco2,1923,0.825923,PgC yr-1,historical,emissions,pangeo,CMIP6
GISS-E2-1-G-CC,esm-hist,r1i1p1f1,gn,fgco2,1924,0.45414,PgC yr-1,historical,emissions,pangeo,CMIP6
GISS-E2-1-G-CC,esm-hist,r1i1p1f1,gn,fgco2,1925,0.262678,PgC yr-1,historical,emissions,pangeo,CMIP6
GISS-E2-1-G-CC,esm-hist,r1i1p1f1,gn,fgco2,1926,0.288095,PgC yr-1,historical,emissions,pangeo,CMIP6
GISS-E2-1-G-CC,esm-hist,r1i1p1f1,gn,fgco2,1927,0.835742,PgC yr-1,historical,emissions,pangeo,CMIP6
GISS-E2-1-G-CC,esm-hist,r1i1p1f1,gn,fgco2,1928,0.563847,PgC yr-1,historical,emissions,pangeo,CMIP6
GISS-E2-1-G-CC,esm-hist,r1i1p1f1,gn,fgco2,1929,0.337483,PgC yr-1,historical,emissions,pangeo,CMIP6
GISS-E2-1-G-CC,esm-hist,r1i1p1f1,gn,fgco2,1930,0.809006,PgC yr-1,historical,emissions,pangeo,CMIP6
GISS-E2-1-G-CC,esm-hist,r1i1p1f1,gn,fgco2,1931,0.619439,PgC yr-1,historical,emissions,pangeo,CMIP6
GISS-E2-1-G-CC,esm-hist,r1i1p1f1,gn,fgco2,1932,0.182466,PgC yr-1,historical,emissions,pangeo,CMIP6
GISS-E2-1-G-CC,esm-hist,r1i1p1f1,gn,fgco2,1933,0.257392,PgC yr-1,historical,emissions,pangeo,CMIP6
GISS-E2-1-G-CC,esm-hist,r1i1p1f1,gn,fgco2,1934,0.669106,PgC yr-1,historical,emissions,pangeo,CMIP6
GISS-E2-1-G-CC,esm-hist,r1i1p1f1,gn,fgco2,1935,0.644354,PgC yr-1,historical,emissions,pangeo,CMIP6
GISS-E2-1-G-CC,esm-hist,r1i1p1f1,gn,fgco2,1936,0.342851,PgC yr-1,historical,emissions,pangeo,CMIP6
GISS-E2-1-G-CC,esm-hist,r1i1p1f1,gn,fgco2,1937,0.351927,PgC yr-1,historical,emissions,pangeo,CMIP6
GISS-E2-1-G-CC,esm-hist,r1i1p1f1,gn,fgco2,1938,0.592276,PgC yr-1,historical,emissions,pangeo,CMIP6
GISS-E2-1-G-CC,esm-hist,r1i1p1f1,gn,fgco2,1939,0.647491,PgC yr-1,historical,emissions,pangeo,CMIP6
GISS-E2-1-G-CC,esm-hist,r1i1p1f1,gn,fgco2,1940,0.602776,PgC yr-1,historical,emissions,pangeo,CMIP6
GISS-E2-1-G-CC,esm-hist,r1i1p1f1,gn,fgco2,1941,0.406844,PgC yr-1,historical,emissions,pangeo,CMIP6
GISS-E2-1-G-CC,esm-hist,r1i1p1f1,gn,fgco2,1942,0.56068,PgC yr-1,historical,emissions,pangeo,CMIP6
GISS-E2-1-G-CC,esm-hist,r1i1p1f1,gn,fgco2,1943,0.773662,PgC yr-1,historical,emissions,pangeo,CMIP6
GISS-E2-1-G-CC,esm-hist,r1i1p1f1,gn,fgco2,1944,0.586331,PgC yr-1,historical,emissions,pangeo,CMIP6
GISS-E2-1-G-CC,esm-hist,r1i1p1f1,gn,fgco2,1945,0.238197,PgC yr-1,historical,emissions,pangeo,CMIP6
GISS-E2-1-G-CC,esm-hist,r1i1p1f1,gn,fgco2,1946,0.8977,PgC yr-1,historical,emissions,pangeo,CMIP6
GISS-E2-1-G-CC,esm-hist,r1i1p1f1,gn,fgco2,1947,0.780988,PgC yr-1,historical,emissions,pangeo,CMIP6
GISS-E2-1-G-CC,esm-hist,r1i1p1f1,gn,fgco2,1948,0.453137,PgC yr-1,historical,emissions,pangeo,CMIP6
GISS-E2-1-G-CC,esm-hist,r1i1p1f1,gn,fgco2,1949,0.24683,PgC yr-1,historical,emissions,pangeo,CMIP6
GISS-E2-1-G-CC,esm-hist,r1i1p1f1,gn,fgco2,1950,0.376567,PgC yr-1,historical,emissions,pangeo,CMIP6
GISS-E2-1-G-CC,esm-hist,r1i1p1f1,gn,fgco2,1951,0.938977,PgC yr-1,historical,emissions,pangeo,CMIP6
GISS-E2-1-G-CC,esm-hist,r1i1p1f1,gn,fgco2,1952,0.842574,PgC yr-1,historical,emissions,pangeo,CMIP6
GISS-E2-1-G-CC,esm-hist,r1i1p1f1,gn,fgco2,1953,1.08382,PgC yr-1,historical,emissions,pangeo,CMIP6
GISS-E2-1-G-CC,esm-hist,r1i1p1f1,gn,fgco2,1954,0.807587,PgC yr-1,historical,emissions,pangeo,CMIP6
GISS-E2-1-G-CC,esm-hist,r1i1p1f1,gn,fgco2,1955,1.19136,PgC yr-1,historical,emissions,pangeo,CMIP6
GISS-E2-1-G-CC,esm-hist,r1i1p1f1,gn,fgco2,1956,1.26169,PgC yr-1,historical,emissions,pangeo,CMIP6
GISS-E2-1-G-CC,esm-hist,r1i1p1f1,gn,fgco2,1957,1.28997,PgC yr-1,historical,emissions,pangeo,CMIP6
GISS-E2-1-G-CC,esm-hist,r1i1p1f1,gn,fgco2,1958,1.1819,PgC yr-1,historical,emissions,pangeo,CMIP6
GISS-E2-1-G-CC,esm-hist,r1i1p1f1,gn,fgco2,1959,1.55812,PgC yr-1,historical,emissions,pangeo,CMIP6
GISS-E2-1-G-CC,esm-hist,r1i1p1f1,gn,fgco2,1960,1.21902,PgC yr-1,historical,emissions,pangeo,CMIP6
GISS-E2-1-G-CC,esm-hist,r1i1p1f1,gn,fgco2,1961,1.15251,PgC yr-1,historical,emissions,pangeo,CMIP6
GISS-E2-1-G-CC,esm-hist,r1i1p1f1,gn,fgco2,1962,1.57396,PgC yr-1,historical,emissions,pangeo,CMIP6
GISS-E2-1-G-CC,esm-hist,r1i1p1f1,gn,fgco2,1963,1.321,PgC yr-1,historical,emissions,pangeo,CMIP6
GISS-E2-1-G-CC,esm-hist,r1i1p1f1,gn,fgco2,1964,1.07155,PgC yr-1,historical,emissions,pangeo,CMIP6
GISS-E2-1-G-CC,esm-hist,r1i1p1f1,gn,fgco2,1965,0.822162,PgC yr-1,historical,emissions,pangeo,CMIP6
GISS-E2-1-G-CC,esm-hist,r1i1p1f1,gn,fgco2,1966,1.439,PgC yr-1,historical,emissions,pangeo,CMIP6
GISS-E2-1-G-CC,esm-hist,r1i1p1f1,gn,fgco2,1967,1.4454,PgC yr-1,historical,emissions,pangeo,CMIP6
GISS-E2-1-G-CC,esm-hist,r1i1p1f1,gn,fgco2,1968,1.13329,PgC yr-1,historical,emissions,pangeo,CMIP6
GISS-E2-1-G-CC,esm-hist,r1i1p1f1,gn,fgco2,1969,1.11873,PgC yr-1,historical,emissions,pangeo,CMIP6
GISS-E2-1-G-CC,esm-hist,r1i1p1f1,gn,fgco2,1970,1.24026,PgC yr-1,historical,emissions,pangeo,CMIP6
GISS-E2-1-G-CC,esm-hist,r1i1p1f1,gn,fgco2,1971,1.50818,PgC yr-1,historical,emissions,pangeo,CMIP6
GISS-E2-1-G-CC,esm-hist,r1i1p1f1,gn,fgco2,1972,1.30678,PgC yr-1,historical,emissions,pangeo,CMIP6
GISS-E2-1-G-CC,esm-hist,r1i1p1f1,gn,fgco2,1973,1.23282,PgC yr-1,historical,emissions,pangeo,CMIP6
GISS-E2-1-G-CC,esm-hist,r1i1p1f1,gn,fgco2,1974,1.56926,PgC yr-1,historical,emissions,pangeo,CMIP6
GISS-E2-1-G-CC,esm-hist,r1i1p1f1,gn,fgco2,1975,1.55246,PgC yr-1,historical,emissions,pangeo,CMIP6
GISS-E2-1-G-CC,esm-hist,r1i1p1f1,gn,fgco2,1976,1.18792,PgC yr-1,historical,emissions,pangeo,CMIP6
GISS-E2-1-G-CC,esm-hist,r1i1p1f1,gn,fgco2,1977,1.26383,PgC yr-1,historical,emissions,pangeo,CMIP6
GISS-E2-1-G-CC,esm-hist,r1i1p1f1,gn,fgco2,1978,1.75348,PgC yr-1,historical,emissions,pangeo,CMIP6
GISS-E2-1-G-CC,esm-hist,r1i1p1f1,gn,fgco2,1979,1.66711,PgC yr-1,historical,emissions,pangeo,CMIP6
GISS-E2-1-G-CC,esm-hist,r1i1p1f1,gn,fgco2,1980,1.32686,PgC yr-1,historical,emissions,pangeo,CMIP6
GISS-E2-1-G-CC,esm-hist,r1i1p1f1,gn,fgco2,1981,1.46209,PgC yr-1,historical,emissions,pangeo,CMIP6
GISS-E2-1-G-CC,esm-hist,r1i1p1f1,gn,fgco2,1982,1.69988,PgC yr-1,historical,emissions,pangeo,CMIP6
GISS-E2-1-G-CC,esm-hist,r1i1p1f1,gn,fgco2,1983,1.93421,PgC yr-1,historical,emissions,pangeo,CMIP6
GISS-E2-1-G-CC,esm-hist,r1i1p1f1,gn,fgco2,1984,1.61278,PgC yr-1,historical,emissions,pangeo,CMIP6
GISS-E2-1-G-CC,esm-hist,r1i1p1f1,gn,fgco2,1985,1.94728,PgC yr-1,historical,emissions,pangeo,CMIP6
GISS-E2-1-G-CC,esm-hist,r1i1p1f1,gn,fgco2,1986,1.51307,PgC yr-1,historical,emissions,pangeo,CMIP6
GISS-E2-1-G-CC,esm-hist,r1i1p1f1,gn,fgco2,1987,1.89155,PgC yr-1,historical,emissions,pangeo,CMIP6
GISS-E2-1-G-CC,esm-hist,r1i1p1f1,gn,fgco2,1988,1.97824,PgC yr-1,historical,emissions,pangeo,CMIP6
GISS-E2-1-G-CC,esm-hist,r1i1p1f1,gn,fgco2,1989,2.06261,PgC yr-1,historical,emissions,pangeo,CMIP6
GISS-E2-1-G-CC,esm-hist,r1i1p1f1,gn,fgco2,1990,1.58419,PgC yr-1,historical,emissions,pangeo,CMIP6
GISS-E2-1-G-CC,esm-hist,r1i1p1f1,gn,fgco2,1991,1.88494,PgC yr-1,historical,emissions,pangeo,CMIP6
GISS-E2-1-G-CC,esm-hist,r1i1p1f1,gn,fgco2,1992,2.29793,PgC yr-1,historical,emissions,pangeo,CMIP6
GISS-E2-1-G-CC,esm-hist,r1i1p1f1,gn,fgco2,1993,1.82737,PgC yr-1,historical,emissions,pangeo,CMIP6
GISS-E2-1-G-CC,esm-hist,r1i1p1f1,gn,fgco2,1994,1.70813,PgC yr-1,historical,emissions,pangeo,CMIP6
GISS-E2-1-G-CC,esm-hist,r1i1p1f1,gn,fgco2,1995,1.9132,PgC yr-1,historical,emissions,pangeo,CMIP6
GISS-E2-1-G-CC,esm-hist,r1i1p1f1,gn,fgco2,1996,2.19566,PgC yr-1,historical,emissions,pangeo,CMIP6
GISS-E2-1-G-CC,esm-hist,r1i1p1f1,gn,fgco2,1997,1.91895,PgC yr-1,historical,emissions,pangeo,CMIP6
GISS-E2-1-G-CC,esm-hist,r1i1p1f1,gn,fgco2,1998,1.91645,PgC yr-1,historical,emissions,pangeo,CMIP6
GISS-E2-1-G-CC,esm-hist,r1i1p1f1,gn,fgco2,1999,2.11204,PgC yr-1,historical,emissions,pangeo,CMIP6
GISS-E2-1-G-CC,esm-hist,r1i1p1f1,gn,fgco2,2000,1.72178,PgC yr-1,historical,emissions,pangeo,CMIP6
GISS-E2-1-G-CC,esm-hist,r1i1p1f1,gn,fgco2,2001,1.92001,PgC yr-1,historical,emissions,pangeo,CMIP6
GISS-E2-1-G-CC,esm-hist,r1i1p1f1,gn,fgco2,2002,2.35129,PgC yr-1,historical,emissions,pangeo,CMIP6
GISS-E2-1-G-CC,esm-hist,r1i1p1f1,gn,fgco2,2003,2.24911,PgC yr-1,historical,emissions,pangeo,CMIP6
GISS-E2-1-G-CC,esm-hist,r1i1p1f1,gn,fgco2,2004,2.07561,PgC yr-1,historical,emissions,pangeo,CMIP6
GISS-E2-1-G-CC,esm-hist,r1i1p1f1,gn,fgco2,2005,2.02871,PgC yr-1,historical,emissions,pangeo,CMIP6
GISS-E2-1-G-CC,esm-hist,r1i1p1f1,gn,fgco2,2006,2.4752,PgC yr-1,historical,emissions,pangeo,CMIP6
GISS-E2-1-G-CC,esm-hist,r1i1p1f1,gn,fgco2,2007,2.62591,PgC yr-1,historical,emissions,pangeo,CMIP6
GISS-E2-1-G-CC,esm-hist,r1i1p1f1,gn,fgco2,2008,2.92871,PgC yr-1,historical,emissions,pangeo,CMIP6
GISS-E2-1-G-CC,esm-hist,r1i1p1f1,gn,fgco2,2009,2.38846,PgC yr-1,historical,emissions,pangeo,CMIP6
GISS-E2-1-G-CC,esm-hist,r1i1p1f1,gn,fgco2,2010,2.10633,PgC yr-1,historical,emissions,pangeo,CMIP6
GISS-E2-1-G-CC,esm-hist,r1i1p1f1,gn,fgco2,2011,2.22479,PgC yr-1,historical,emissions,pangeo,CMIP6
GISS-E2-1-G-CC,esm-hist,r1i1p1f1,gn,fgco2,2012,2.59784,PgC yr-1,historical,emissions,pangeo,CMIP6
GISS-E2-1-G-CC,esm-hist,r1i1p1f1,gn,fgco2,2013,2.46618,PgC yr-1,historical,emissions,pangeo,CMIP6
GISS-E2-1-G-CC,esm-hist,r1i1p1f1,gn,fgco2,2014,2.54205,PgC yr-1,historical,emissions,pangeo,CMIP6
MIROC-ES2L,esm-hist,r1i1p1f2,gn,fgco2,1850,0.149709,PgC yr-1,historical,emissions,pangeo,CMIP6
MIROC-ES2L,esm-hist,r1i1p1f2,gn,fgco2,1851,0.172826,PgC yr-1,historical,emissions,pangeo,CMIP6
MIROC-ES2L,esm-hist,r1i1p1f2,gn,fgco2,1852,0.304843,PgC yr-1,historical,emissions,pangeo,CMIP6
MIROC-ES2L,esm-hist,r1i1p1f2,gn,fgco2,1853,0.242719,PgC yr-1,historical,emissions,pangeo,CMIP6
MIROC-ES2L,esm-hist,r1i1p1f2,gn,fgco2,1854,0.348913,PgC yr-1,historical,emissions,pangeo,CMIP6
MIROC-ES2L,esm-hist,r1i1p1f2,gn,fgco2,1855,0.425352,PgC yr-1,historical,emissions,pangeo,CMIP6
MIROC-ES2L,esm-hist,r1i1p1f2,gn,fgco2,1856,0.489715,PgC yr-1,historical,emissions,pangeo,CMIP6
MIROC-ES2L,esm-hist,r1i1p1f2,gn,fgco2,1857,0.329568,PgC yr-1,historical,emissions,pangeo,CMIP6
MIROC-ES2L,esm-hist,r1i1p1f2,gn,fgco2,1858,0.335187,PgC yr-1,historical,emissions,pangeo,CMIP6
MIROC-ES2L,esm-hist,r1i1p1f2,gn,fgco2,1859,0.295235,PgC yr-1,historical,emissions,pangeo,CMIP6
MIROC-ES2L,esm-hist,r1i1p1f2,gn,fgco2,1860,0.343017,PgC yr-1,historical,emissions,pangeo,CMIP6
MIROC-ES2L,esm-hist,r1i1p1f2,gn,fgco2,1861,0.374454,PgC yr-1,historical,emissions,pangeo,CMIP6
MIROC-ES2L,esm-hist,r1i1p1f2,gn,fgco2,1862,0.459037,PgC yr-1,historical,emissions,pangeo,CMIP6
MIROC-ES2L,esm-hist,r1i1p1f2,gn,fgco2,1863,0.509944,PgC yr-1,historical,emissions,pangeo,CMIP6
MIROC-ES2L,esm-hist,r1i1p1f2,gn,fgco2,1864,0.456873,PgC yr-1,historical,emissions,pangeo,CMIP6
MIROC-ES2L,esm-hist,r1i1p1f2,gn,fgco2,1865,0.364464,PgC yr-1,historical,emissions,pangeo,CMIP6
MIROC-ES2L,esm-hist,r1i1p1f2,gn,fgco2,1866,0.418864,PgC yr-1,historical,emissions,pangeo,CMIP6
MIROC-ES2L,esm-hist,r1i1p1f2,gn,fgco2,1867,0.370936,PgC yr-1,historical,emissions,pangeo,CMIP6
MIROC-ES2L,esm-hist,r1i1p1f2,gn,fgco2,1868,0.440913,PgC yr-1,historical,emissions,pangeo,CMIP6
MIROC-ES2L,esm-hist,r1i1p1f2,gn,fgco2,1869,0.381842,PgC yr-1,historical,emissions,pangeo,CMIP6
MIROC-ES2L,esm-hist,r1i1p1f2,gn,fgco2,1870,0.535147,PgC yr-1,historical,emissions,pangeo,CMIP6
MIROC-ES2L,esm-hist,r1i1p1f2,gn,fgco2,1871,0.417684,PgC yr-1,historical,emissions,pangeo,CMIP6
MIROC-ES2L,esm-hist,r1i1p1f2,gn,fgco2,1872,0.411392,PgC yr-1,historical,emissions,pangeo,CMIP6
MIROC-ES2L,esm-hist,r1i1p1f2,gn,fgco2,1873,0.418633,PgC yr-1,historical,emissions,pangeo,CMIP6
MIROC-ES2L,esm-hist,r1i1p1f2,gn,fgco2,1874,0.328422,PgC yr-1,historical,emissions,pangeo,CMIP6
MIROC-ES2L,esm-hist,r1i1p1f2,gn,fgco2,1875,0.412859,PgC yr-1,historical,emissions,pangeo,CMIP6
MIROC-ES2L,esm-hist,r1i1p1f2,gn,fgco2,1876,0.450904,PgC yr-1,historical,emissions,pangeo,CMIP6
MIROC-ES2L,esm-hist,r1i1p1f2,gn,fgco2,1877,0.373714,PgC yr-1,historical,emissions,pangeo,CMIP6
MIROC-ES2L,esm-hist,r1i1p1f2,gn,fgco2,1878,0.377382,PgC yr-1,historical,emissions,pangeo,CMIP6
MIROC-ES2L,esm-hist,r1i1p1f2,gn,fgco2,1879,0.469546,PgC yr-1,historical,emissions,pangeo,CMIP6
MIROC-ES2L,esm-hist,r1i1p1f2,gn,fgco2,1880,0.512386,PgC yr-1,historical,emissions,pangeo,CMIP6
MIROC-ES2L,esm-hist,r1i1p1f2,gn,fgco2,1881,0.469424,PgC yr-1,historical,emissions,pangeo,CMIP6
MIROC-ES2L,esm-hist,r1i1p1f2,gn,fgco2,1882,0.341589,PgC yr-1,historical,emissions,pangeo,CMIP6
MIROC-ES2L,esm-hist,r1i1p1f2,gn,fgco2,1883,0.448937,PgC yr-1,historical,emissions,pangeo,CMIP6
MIROC-ES2L,esm-hist,r1i1p1f2,gn,fgco2,1884,0.494688,PgC yr-1,historical,emissions,pangeo,CMIP6
MIROC-ES2L,esm-hist,r1i1p1f2,gn,fgco2,1885,0.296827,PgC yr-1,historical,emissions,pangeo,CMIP6
MIROC-ES2L,esm-hist,r1i1p1f2,gn,fgco2,1886,0.243071,PgC yr-1,historical,emissions,pangeo,CMIP6
MIROC-ES2L,esm-hist,r1i1p1f2,gn,fgco2,1887,0.197197,PgC yr-1,historical,emissions,pangeo,CMIP6
MIROC-ES2L,esm-hist,r1i1p1f2,gn,fgco2,1888,0.177676,PgC yr-1,historical,emissions,pangeo,CMIP6
MIROC-ES2L,esm-hist,r1i1p1f2,gn,fgco2,1889,0.277523,PgC yr-1,historical,emissions,pangeo,CMIP6
MIROC-ES2L,esm-hist,r1i1p1f2,gn,fgco2,1890,0.328161,PgC yr-1,historical,emissions,pangeo,CMIP6
MIROC-ES2L,esm-hist,r1i1p1f2,gn,fgco2,1891,0.39838,PgC yr-1,historical,emissions,pangeo,CMIP6
MIROC-ES2L,esm-hist,r1i1p1f2,gn,fgco2,1892,0.276114,PgC yr-1,historical,emissions,pangeo,CMIP6
MIROC-ES2L,esm-hist,r1i1p1f2,gn,fgco2,1893,0.378397,PgC yr-1,historical,emissions,pangeo,CMIP6
MIROC-ES2L,esm-hist,r1i1p1f2,gn,fgco2,1894,0.478749,PgC yr-1,historical,emissions,pangeo,CMIP6
MIROC-ES2L,esm-hist,r1i1p1f2,gn,fgco2,1895,0.386165,PgC yr-1,historical,emissions,pangeo,CMIP6
MIROC-ES2L,esm-hist,r1i1p1f2,gn,fgco2,1896,0.427925,PgC yr-1,historical,emissions,pangeo,CMIP6
MIROC-ES2L,esm-hist,r1i1p1f2,gn,fgco2,1897,0.415678,PgC yr-1,historical,emissions,pangeo,CMIP6
MIROC-ES2L,esm-hist,r1i1p1f2,gn,fgco2,1898,0.565896,PgC yr-1,historical,emissions,pangeo,CMIP6
MIROC-ES2L,esm-hist,r1i1p1f2,gn,fgco2,1899,0.522366,PgC yr-1,historical,emissions,pangeo,CMIP6
MIROC-ES2L,esm-hist,r1i1p1f2,gn,fgco2,1900,0.553112,PgC yr-1,historical,emissions,pangeo,CMIP6
MIROC-ES2L,esm-hist,r1i1p1f2,gn,fgco2,1901,0.501383,PgC yr-1,historical,emissions,pangeo,CMIP6
MIROC-ES2L,esm-hist,r1i1p1f2,gn,fgco2,1902,0.469251,PgC yr-1,historical,emissions,pangeo,CMIP6
MIROC-ES2L,esm-hist,r1i1p1f2,gn,fgco2,1903,0.60898,PgC yr-1,historical,emissions,pangeo,CMIP6
MIROC-ES2L,esm-hist,r1i1p1f2,gn,fgco2,1904,0.408908,PgC yr-1,historical,emissions,pangeo,CMIP6
MIROC-ES2L,esm-hist,r1i1p1f2,gn,fgco2,1905,0.384475,PgC yr-1,historical,emissions,pangeo,CMIP6
MIROC-ES2L,esm-hist,r1i1p1f2,gn,fgco2,1906,0.320292,PgC yr-1,historical,emissions,pangeo,CMIP6
MIROC-ES2L,esm-hist,r1i1p1f2,gn,fgco2,1907,0.538871,PgC yr-1,historical,emissions,pangeo,CMIP6
MIROC-ES2L,esm-hist,r1i1p1f2,gn,fgco2,1908,0.678637,PgC yr-1,historical,emissions,pangeo,CMIP6
MIROC-ES2L,esm-hist,r1i1p1f2,gn,fgco2,1909,0.819632,PgC yr-1,historical,emissions,pangeo,CMIP6
MIROC-ES2L,esm-hist,r1i1p1f2,gn,fgco2,1910,0.66435,PgC yr-1,historical,emissions,pangeo,CMIP6
MIROC-ES2L,esm-hist,r1i1p1f2,gn,fgco2,1911,0.633828,PgC yr-1,historical,emissions,pangeo,CMIP6
MIROC-ES2L,esm-hist,r1i1p1f2,gn,fgco2,1912,0.681937,PgC yr-1,historical,emissions,pangeo,CMIP6
MIROC-ES2L,esm-hist,r1i1p1f2,gn,fgco2,1913,0.564018,PgC yr-1,historical,emissions,pangeo,CMIP6
MIROC-ES2L,esm-hist,r1i1p1f2,gn,fgco2,1914,0.582893,PgC yr-1,historical,emissions,pangeo,CMIP6
MIROC-ES2L,esm-hist,r1i1p1f2,gn,fgco2,1915,0.636763,PgC yr-1,historical,emissions,pangeo,CMIP6
MIROC-ES2L,esm-hist,r1i1p1f2,gn,fgco2,1916,0.607949,PgC yr-1,historical,emissions,pangeo,CMIP6
MIROC-ES2L,esm-hist,r1i1p1f2,gn,fgco2,1917,0.682485,PgC yr-1,historical,emissions,pangeo,CMIP6
MIROC-ES2L,esm-hist,r1i1p1f2,gn,fgco2,1918,0.767145,PgC yr-1,historical,emissions,pangeo,CMIP6
MIROC-ES2L,esm-hist,r1i1p1f2,gn,fgco2,1919,0.649639,PgC yr-1,historical,emissions,pangeo,CMIP6
MIROC-ES2L,esm-hist,r1i1p1f2,gn,fgco2,1920,0.611145,PgC yr-1,historical,emissions,pangeo,CMIP6
MIROC-ES2L,esm-hist,r1i1p1f2,gn,fgco2,1921,0.578901,PgC yr-1,historical,emissions,pangeo,CMIP6
MIROC-ES2L,esm-hist,r1i1p1f2,gn,fgco2,1922,0.514035,PgC yr-1,historical,emissions,pangeo,CMIP6
MIROC-ES2L,esm-hist,r1i1p1f2,gn,fgco2,1923,0.633537,PgC yr-1,historical,emissions,pangeo,CMIP6
MIROC-ES2L,esm-hist,r1i1p1f2,gn,fgco2,1924,0.721592,PgC yr-1,historical,emissions,pangeo,CMIP6
MIROC-ES2L,esm-hist,r1i1p1f2,gn,fgco2,1925,0.685898,PgC yr-1,historical,emissions,pangeo,CMIP6
MIROC-ES2L,esm-hist,r1i1p1f2,gn,fgco2,1926,0.603372,PgC yr-1,historical,emissions,pangeo,CMIP6
MIROC-ES2L,esm-hist,r1i1p1f2,gn,fgco2,1927,0.644679,PgC yr-1,historical,emissions,pangeo,CMIP6
MIROC-ES2L,esm-hist,r1i1p1f2,gn,fgco2,1928,0.519721,PgC yr-1,historical,emissions,pangeo,CMIP6
MIROC-ES2L,esm-hist,r1i1p1f2,gn,fgco2,1929,0.544829,PgC yr-1,historical,emissions,pangeo,CMIP6
MIROC-ES2L,esm-hist,r1i1p1f2,gn,fgco2,1930,0.608714,PgC yr-1,historical,emissions,pangeo,CMIP6
MIROC-ES2L,esm-hist,r1i1p1f2,gn,fgco2,1931,0.661588,PgC yr-1,historical,emissions,pangeo,CMIP6
MIROC-ES2L,esm-hist,r1i1p1f2,gn,fgco2,1932,0.805946,PgC yr-1,historical,emissions,pangeo,CMIP6
MIROC-ES2L,esm-hist,r1i1p1f2,gn,fgco2,1933,0.865165,PgC yr-1,historical,emissions,pangeo,CMIP6
MIROC-ES2L,esm-hist,r1i1p1f2,gn,fgco2,1934,0.792031,PgC yr-1,historical,emissions,pangeo,CMIP6
MIROC-ES2L,esm-hist,r1i1p1f2,gn,fgco2,1935,0.857957,PgC yr-1,historical,emissions,pangeo,CMIP6
MIROC-ES2L,esm-hist,r1i1p1f2,gn,fgco2,1936,0.929507,PgC yr-1,historical,emissions,pangeo,CMIP6
MIROC-ES2L,esm-hist,r1i1p1f2,gn,fgco2,1937,0.920104,PgC yr-1,historical,emissions,pangeo,CMIP6
MIROC-ES2L,esm-hist,r1i1p1f2,gn,fgco2,1938,0.866184,PgC yr-1,historical,emissions,pangeo,CMIP6
MIROC-ES2L,esm-hist,r1i1p1f2,gn,fgco2,1939,1.00261,PgC yr-1,historical,emissions,pangeo,CMIP6
MIROC-ES2L,esm-hist,r1i1p1f2,gn,fgco2,1940,1.00548,PgC yr-1,historical,emissions,pangeo,CMIP6
MIROC-ES2L,esm-hist,r1i1p1f2,gn,fgco2,1941,1.07719,PgC yr-1,historical,emissions,pangeo,CMIP6
MIROC-ES2L,esm-hist,r1i1p1f2,gn,fgco2,1942,1.08898,PgC yr-1,historical,emissions,pangeo,CMIP6
MIROC-ES2L,esm-hist,r1i1p1f2,gn,fgco2,1943,1.02849,PgC yr-1,historical,emissions,pangeo,CMIP6
MIROC-ES2L,esm-hist,r1i1p1f2,gn,fgco2,1944,0.880654,PgC yr-1,historical,emissions,pangeo,CMIP6
MIROC-ES2L,esm-hist,r1i1p1f2,gn,fgco2,1945,0.860272,PgC yr-1,historical,emissions,pangeo,CMIP6
MIROC-ES2L,esm-hist,r1i1p1f2,gn,fgco2,1946,0.742823,PgC yr-1,historical,emissions,pangeo,CMIP6
MIROC-ES2L,esm-hist,r1i1p1f2,gn,fgco2,1947,0.69561,PgC yr-1,historical,emissions,pangeo,CMIP6
MIROC-ES2L,esm-hist,r1i1p1f2,gn,fgco2,1948,0.729938,PgC yr-1,historical,emissions,pangeo,CMIP6
MIROC-ES2L,esm-hist,r1i1p1f2,gn,fgco2,1949,0.91479,PgC yr-1,historical,emissions,pangeo,CMIP6
MIROC-ES2L,esm-hist,r1i1p1f2,gn,fgco2,1950,1.01284,PgC yr-1,historical,emissions,pangeo,CMIP6
MIROC-ES2L,esm-hist,r1i1p1f2,gn,fgco2,1951,1.04455,PgC yr-1,historical,emissions,pangeo,CMIP6
MIROC-ES2L,esm-hist,r1i1p1f2,gn,fgco2,1952,1.11729,PgC yr-1,historical,emissions,pangeo,CMIP6
MIROC-ES2L,esm-hist,r1i1p1f2,gn,fgco2,1953,0.923941,PgC yr-1,historical,emissions,pangeo,CMIP6
MIROC-ES2L,esm-hist,r1i1p1f2,gn,fgco2,1954,0.941781,PgC yr-1,historical,emissions,pangeo,CMIP6
MIROC-ES2L,esm-hist,r1i1p1f2,gn,fgco2,1955,0.97567,PgC yr-1,historical,emissions,pangeo,CMIP6
MIROC-ES2L,esm-hist,r1i1p1f2,gn,fgco2,1956,0.964895,PgC yr-1,historical,emissions,pangeo,CMIP6
MIROC-ES2L,esm-hist,r1i1p1f2,gn,fgco2,1957,1.05784,PgC yr-1,historical,emissions,pangeo,CMIP6
MIROC-ES2L,esm-hist,r1i1p1f2,gn,fgco2,1958,1.17432,PgC yr-1,historical,emissions,pangeo,CMIP6
MIROC-ES2L,esm-hist,r1i1p1f2,gn,fgco2,1959,1.19325,PgC yr-1,historical,emissions,pangeo,CMIP6
MIROC-ES2L,esm-hist,r1i1p1f2,gn,fgco2,1960,1.16148,PgC yr-1,historical,emissions,pangeo,CMIP6
MIROC-ES2L,esm-hist,r1i1p1f2,gn,fgco2,1961,1.18178,PgC yr-1,historical,emissions,pangeo,CMIP6
MIROC-ES2L,esm-hist,r1i1p1f2,gn,fgco2,1962,1.2423,PgC yr-1,historical,emissions,pangeo,CMIP6
MIROC-ES2L,esm-hist,r1i1p1f2,gn,fgco2,1963,1.28701,PgC yr-1,historical,emissions,pangeo,CMIP6
MIROC-ES2L,esm-hist,r1i1p1f2,gn,fgco2,1964,1.31759,PgC yr-1,historical,emissions,pangeo,CMIP6
MIROC-ES2L,esm-hist,r1i1p1f2,gn,fgco2,1965,1.0449,PgC yr-1,historical,emissions,pangeo,CMIP6
MIROC-ES2L,esm-hist,r1i1p1f2,gn,fgco2,1966,1.02754,PgC yr-1,historical,emissions,pangeo,CMIP6
MIROC-ES2L,esm-hist,r1i1p1f2,gn,fgco2,1967,1.12931,PgC yr-1,historical,emissions,pangeo,CMIP6
MIROC-ES2L,esm-hist,r1i1p1f2,gn,fgco2,1968,1.07173,PgC yr-1,historical,emissions,pangeo,CMIP6
MIROC-ES2L,esm-hist,r1i1p1f2,gn,fgco2,1969,1.01589,PgC yr-1,historical,emissions,pangeo,CMIP6
MIROC-ES2L,esm-hist,r1i1p1f2,gn,fgco2,1970,1.03494,PgC yr-1,historical,emissions,pangeo,CMIP6
MIROC-ES2L,esm-hist,r1i1p1f2,gn,fgco2,1971,1.23918,PgC yr-1,historical,emissions,pangeo,CMIP6
MIROC-ES2L,esm-hist,r1i1p1f2,gn,fgco2,1972,1.30621,PgC yr-1,historical,emissions,pangeo,CMIP6
MIROC-ES2L,esm-hist,r1i1p1f2,gn,fgco2,1973,1.31854,PgC yr-1,historical,emissions,pangeo,CMIP6
MIROC-ES2L,esm-hist,r1i1p1f2,gn,fgco2,1974,1.18305,PgC yr-1,historical,emissions,pangeo,CMIP6
MIROC-ES2L,esm-hist,r1i1p1f2,gn,fgco2,1975,1.29432,PgC yr-1,historical,emissions,pangeo,CMIP6
MIROC-ES2L,esm-hist,r1i1p1f2,gn,fgco2,1976,1.26919,PgC yr-1,historical,emissions,pangeo,CMIP6
MIROC-ES2L,esm-hist,r1i1p1f2,gn,fgco2,1977,1.30413,PgC yr-1,historical,emissions,pangeo,CMIP6
MIROC-ES2L,esm-hist,r1i1p1f2,gn,fgco2,1978,1.42263,PgC yr-1,historical,emissions,pangeo,CMIP6
MIROC-ES2L,esm-hist,r1i1p1f2,gn,fgco2,1979,1.4902,PgC yr-1,historical,emissions,pangeo,CMIP6
MIROC-ES2L,esm-hist,r1i1p1f2,gn,fgco2,1980,1.49968,PgC yr-1,historical,emissions,pangeo,CMIP6
MIROC-ES2L,esm-hist,r1i1p1f2,gn,fgco2,1981,1.52805,PgC yr-1,historical,emissions,pangeo,CMIP6
MIROC-ES2L,esm-hist,r1i1p1f2,gn,fgco2,1982,1.67737,PgC yr-1,historical,emissions,pangeo,CMIP6
MIROC-ES2L,esm-hist,r1i1p1f2,gn,fgco2,1983,1.70716,PgC yr-1,historical,emissions,pangeo,CMIP6
MIROC-ES2L,esm-hist,r1i1p1f2,gn,fgco2,1984,1.57208,PgC yr-1,historical,emissions,pangeo,CMIP6
MIROC-ES2L,esm-hist,r1i1p1f2,gn,fgco2,1985,1.51256,PgC yr-1,historical,emissions,pangeo,CMIP6
MIROC-ES2L,esm-hist,r1i1p1f2,gn,fgco2,1986,1.51868,PgC yr-1,historical,emissions,pangeo,CMIP6
MIROC-ES2L,esm-hist,r1i1p1f2,gn,fgco2,1987,1.72055,PgC yr-1,historical,emissions,pangeo,CMIP6
MIROC-ES2L,esm-hist,r1i1p1f2,gn,fgco2,1988,1.7473,PgC yr-1,historical,emissions,pangeo,CMIP6
MIROC-ES2L,esm-hist,r1i1p1f2,gn,fgco2,1989,1.6777,PgC yr-1,historical,emissions,pangeo,CMIP6
MIROC-ES2L,esm-hist,r1i1p1f2,gn,fgco2,1990,1.68171,PgC yr-1,historical,emissions,pangeo,CMIP6
MIROC-ES2L,esm-hist,r1i1p1f2,gn,fgco2,1991,1.90114,PgC yr-1,historical,emissions,pangeo,CMIP6
MIROC-ES2L,esm-hist,r1i1p1f2,gn,fgco2,1992,2.05143,PgC yr-1,historical,emissions,pangeo,CMIP6
MIROC-ES2L,esm-hist,r1i1p1f2,gn,fgco2,1993,1.89378,PgC yr-1,historical,emissions,pangeo,CMIP6
MIROC-ES2L,esm-hist,r1i1p1f2,gn,fgco2,1994,1.77429,PgC yr-1,historical,emissions,pangeo,CMIP6
MIROC-ES2L,esm-hist,r1i1p1f2,gn,fgco2,1995,1.61448,PgC yr-1,historical,emissions,pangeo,CMIP6
MIROC-ES2L,esm-hist,r1i1p1f2,gn,fgco2,1996,1.7581,PgC yr-1,historical,emissions,pangeo,CMIP6
MIROC-ES2L,esm-hist,r1i1p1f2,gn,fgco2,1997,1.71958,PgC yr-1,historical,emissions,pangeo,CMIP6
MIROC-ES2L,esm-hist,r1i1p1f2,gn,fgco2,1998,1.74999,PgC yr-1,historical,emissions,pangeo,CMIP6
MIROC-ES2L,esm-hist,r1i1p1f2,gn,fgco2,1999,1.87837,PgC yr-1,historical,emissions,pangeo,CMIP6
MIROC-ES2L,esm-hist,r1i1p1f2,gn,fgco2,2000,1.90417,PgC yr-1,historical,emissions,pangeo,CMIP6
MIROC-ES2L,esm-hist,r1i1p1f2,gn,fgco2,2001,2.03738,PgC yr-1,historical,emissions,pangeo,CMIP6
MIROC-ES2L,esm-hist,r1i1p1f2,gn,fgco2,2002,2.08684,PgC yr-1,historical,emissions,pangeo,CMIP6
MIROC-ES2L,esm-hist,r1i1p1f2,gn,fgco2,2003,2.17147,PgC yr-1,historical,emissions,pangeo,CMIP6
MIROC-ES2L,esm-hist,r1i1p1f2,gn,fgco2,2004,2.16871,PgC yr-1,historical,emissions,pangeo,CMIP6
MIROC-ES2L,esm-hist,r1i1p1f2,gn,fgco2,2005,2.22326,PgC yr-1,historical,emissions,pangeo,CMIP6
MIROC-ES2L,esm-hist,r1i1p1f2,gn,fgco2,2006,2.20152,PgC yr-1,historical,emissions,pangeo,CMIP6
MIROC-ES2L,esm-hist,r1i1p1f2,gn,fgco2,2007,2.32595,PgC yr-1,historical,emissions,pangeo,CMIP6
MIROC-ES2L,esm-hist,r1i1p1f2,gn,fgco2,2008,2.45626,PgC yr-1,historical,emissions,pangeo,CMIP6
MIROC-ES2L,esm-hist,r1i1p1f2,gn,fgco2,2009,2.48926,PgC yr-1,historical,emissions,pangeo,CMIP6
MIROC-ES2L,esm-hist,r1i1p1f2,gn,fgco2,2010,2.22487,PgC yr-1,historical,emissions,pangeo,CMIP6
MIROC-ES2L,esm-hist,r1i1p1f2,gn,fgco2,2011,2.34128,PgC yr-1,historical,emissions,pangeo,CMIP6
MIROC-ES2L,esm-hist,r1i1p1f2,gn,fgco2,2012,2.38953,PgC yr-1,historical,emissions,pangeo,CMIP6
MIROC-ES2L,esm-hist,r1i1p1f2,gn,fgco2,2013,2.49376,PgC yr-1,historical,emissions,pangeo,CMIP6
MIROC-ES2L,esm-hist,r1i1p1f2,gn,fgco2,2014,2.40791,PgC yr-1,historical,emissions,pangeo,CMIP6
MIROC-ES2L,esm-ssp585,r1i1p1f2,gn,fgco2,2015,2.34833,PgC yr-1,ssp585,emissions,pangeo,CMIP6
MIROC-ES2L,esm-ssp585,r1i1p1f2,gn,fgco2,2016,2.55296,PgC yr-1,ssp585,emissions,pangeo,CMIP6
MIROC-ES2L,esm-ssp585,r1i1p1f2,gn,fgco2,2017,2.75065,PgC yr-1,ssp585,emissions,pangeo,CMIP6
MIROC-ES2L,esm-ssp585,r1i1p1f2,gn,fgco2,2018,2.76993,PgC yr-1,ssp585,emissions,pangeo,CMIP6
MIROC-ES2L,esm-ssp585,r1i1p1f2,gn,fgco2,2019,2.60637,PgC yr-1,ssp585,emissions,pangeo,CMIP6
MIROC-ES2L,esm-ssp585,r1i1p1f2,gn,fgco2,2020,2.69206,PgC yr-1,ssp585,emissions,pangeo,CMIP6
MIROC-ES2L,esm-ssp585,r1i1p1f2,gn,fgco2,2021,2.73075,PgC yr-1,ssp585,emissions,pangeo,CMIP6
MIROC-ES2L,esm-ssp585,r1i1p1f2,gn,fgco2,2022,2.88333,PgC yr-1,ssp585,emissions,pangeo,CMIP6
MIROC-ES2L,esm-ssp585,r1i1p1f2,gn,fgco2,2023,3.06019,PgC yr-1,ssp585,emissions,pangeo,CMIP6
MIROC-ES2L,esm-ssp585,r1i1p1f2,gn,fgco2,2024,3.10001,PgC yr-1,ssp585,emissions,pangeo,CMIP6
MIROC-ES2L,esm-ssp585,r1i1p1f2,gn,fgco2,2025,3.11045,PgC yr-1,ssp585,emissions,pangeo,CMIP6
MIROC-ES2L,esm-ssp585,r1i1p1f2,gn,fgco2,2026,3.15674,PgC yr-1,ssp585,emissions,pangeo,CMIP6
MIROC-ES2L,esm-ssp585,r1i1p1f2,gn,fgco2,2027,3.39215,PgC yr-1,ssp585,emissions,pangeo,CMIP6
MIROC-ES2L,esm-ssp585,r1i1p1f2,gn,fgco2,2028,3.27611,PgC yr-1,ssp585,emissions,pangeo,CMIP6
MIROC-ES2L,esm-ssp585,r1i1p1f2,gn,fgco2,2029,3.28763,PgC yr-1,ssp585,emissions,pangeo,CMIP6
MIROC-ES2L,esm-ssp585,r1i1p1f2,gn,fgco2,2030,3.40348,PgC yr-1,ssp585,emissions,pangeo,CMIP6
MIROC-ES2L,esm-ssp585,r1i1p1f2,gn,fgco2,2031,3.28647,PgC yr-1,ssp585,emissions,pangeo,CMIP6
MIROC-ES2L,esm-ssp585,r1i1p1f2,gn,fgco2,2032,3.38522,PgC yr-1,ssp585,emissions,pangeo,CMIP6
MIROC-ES2L,esm-ssp585,r1i1p1f2,gn,fgco2,2033,3.39236,PgC yr-1,ssp585,emissions,pangeo,CMIP6
MIROC-ES2L,esm-ssp585,r1i1p1f2,gn,fgco2,2034,3.60614,PgC yr-1,ssp585,emissions,pangeo,CMIP6
MIROC-ES2L,esm-ssp585,r1i1p1f2,gn,fgco2,2035,3.7781,PgC yr-1,ssp585,emissions,pangeo,CMIP6
MIROC-ES2L,esm-ssp585,r1i1p1f2,gn,fgco2,2036,3.87465,PgC yr-1,ssp585,emissions,pangeo,CMIP6
MIROC-ES2L,esm-ssp585,r1i1p1f2,gn,fgco2,2037,3.73798,PgC yr-1,ssp585,emissions,pangeo,CMIP6
MIROC-ES2L,esm-ssp585,r1i1p1f2,gn,fgco2,2038,3.73273,PgC yr-1,ssp585,emissions,pangeo,CMIP6
MIROC-ES2L,esm-ssp585,r1i1p1f2,gn,fgco2,2039,3.74631,PgC yr-1,ssp585,emissions,pangeo,CMIP6
MIROC-ES2L,esm-ssp585,r1i1p1f2,gn,fgco2,2040,3.92481,PgC yr-1,ssp585,emissions,pangeo,CMIP6
MIROC-ES2L,esm-ssp585,r1i1p1f2,gn,fgco2,2041,3.93604,PgC yr-1,ssp585,emissions,pangeo,CMIP6
MIROC-ES2L,esm-ssp585,r1i1p1f2,gn,fgco2,2042,3.86936,PgC yr-1,ssp585,emissions,pangeo,CMIP6
MIROC-ES2L,esm-ssp585,r1i1p1f2,gn,fgco2,2043,3.98705,PgC yr-1,ssp585,emissions,pangeo,CMIP6
MIROC-ES2L,esm-ssp585,r1i1p1f2,gn,fgco2,2044,4.2494,PgC yr-1,ssp585,emissions,pangeo,CMIP6
MIROC-ES2L,esm-ssp585,r1i1p1f2,gn,fgco2,2045,4.34635,PgC yr-1,ssp585,emissions,pangeo,CMIP6
MIROC-ES2L,esm-ssp585,r1i1p1f2,gn,fgco2,2046,4.35738,PgC yr-1,ssp585,emissions,pangeo,CMIP6
MIROC-ES2L,esm-ssp585,r1i1p1f2,gn,fgco2,2047,4.40668,PgC yr-1,ssp585,emissions,pangeo,CMIP6
MIROC-ES2L,esm-ssp585,r1i1p1f2,gn,fgco2,2048,4.51173,PgC yr-1,ssp585,emissions,pangeo,CMIP6
MIROC-ES2L,esm-ssp585,r1i1p1f2,gn,fgco2,2049,4.61418,PgC yr-1,ssp585,emissions,pangeo,CMIP6
MIROC-ES2L,esm-ssp585,r1i1p1f2,gn,fgco2,2050,4.57177,PgC yr-1,ssp585,emissions,pangeo,CMIP6
MIROC-ES2L,esm-ssp585,r1i1p1f2,gn,fgco2,2051,4.75159,PgC yr-1,ssp585,emissions,pangeo,CMIP6
MIROC-ES2L,esm-ssp585,r1i1p1f2,gn,fgco2,2052,4.79203,PgC yr-1,ssp585,emissions,pangeo,CMIP6
MIROC-ES2L,esm-ssp585,r1i1p1f2,gn,fgco2,2053,4.90108,PgC yr-1,ssp585,emissions,pangeo,CMIP6
MIROC-ES2L,esm-ssp585,r1i1p1f2,gn,fgco2,2054,4.61448,PgC yr-1,ssp585,emissions,pangeo,CMIP6
MIROC-ES2L,esm-ssp585,r1i1p1f2,gn,fgco2,2055,4.71498,PgC yr-1,ssp585,emissions,pangeo,CMIP6
MIROC-ES2L,esm-ssp585,r1i1p1f2,gn,fgco2,2056,4.91281,PgC yr-1,ssp585,emissions,pangeo,CMIP6
MIROC-ES2L,esm-ssp585,r1i1p1f2,gn,fgco2,2057,5.17139,PgC yr-1,ssp585,emissions,pangeo,CMIP6
MIROC-ES2L,esm-ssp585,r1i1p1f2,gn,fgco2,2058,5.27754,PgC yr-1,ssp585,emissions,pangeo,CMIP6
MIROC-ES2L,esm-ssp585,r1i1p1f2,gn,fgco2,2059,5.08138,PgC yr-1,ssp585,emissions,pangeo,CMIP6
MIROC-ES2L,esm-ssp585,r1i1p1f2,gn,fgco2,2060,5.14848,PgC yr-1,ssp585,emissions,pangeo,CMIP6
MIROC-ES2L,esm-ssp585,r1i1p1f2,gn,fgco2,2061,5.4925,PgC yr-1,ssp585,emissions,pangeo,CMIP6
MIROC-ES2L,esm-ssp585,r1i1p1f2,gn,fgco2,2062,5.50024,PgC yr-1,ssp585,emissions,pangeo,CMIP6
MIROC-ES2L,esm-ssp585,r1i1p1f2,gn,fgco2,2063,5.16994,PgC yr-1,ssp585,emissions,pangeo,CMIP6
MIROC-ES2L,esm-ssp585,r1i1p1f2,gn,fgco2,2064,5.23873,PgC yr-1,ssp585,emissions,pangeo,CMIP6
MIROC-ES2L,esm-ssp585,r1i1p1f2,gn,fgco2,2065,5.32949,PgC yr-1,ssp585,emissions,pangeo,CMIP6
MIROC-ES2L,esm-ssp585,r1i1p1f2,gn,fgco2,2066,5.45759,PgC yr-1,ssp585,emissions,pangeo,CMIP6
MIROC-ES2L,esm-ssp585,r1i1p1f2,gn,fgco2,2067,5.31632,PgC yr-1,ssp585,emissions,pangeo,CMIP6
MIROC-ES2L,esm-ssp585,r1i1p1f2,gn,fgco2,2068,5.37439,PgC yr-1,ssp585,emissions,pangeo,CMIP6
MIROC-ES2L,esm-ssp585,r1i1p1f2,gn,fgco2,2069,5.41512,PgC yr-1,ssp585,emissions,pangeo,CMIP6
MIROC-ES2L,esm-ssp585,r1i1p1f2,gn,fgco2,2070,5.46782,PgC yr-1,ssp585,emissions,pangeo,CMIP6
MIROC-ES2L,esm-ssp585,r1i1p1f2,gn,fgco2,2071,5.43078,PgC yr-1,ssp585,emissions,pangeo,CMIP6
MIROC-ES2L,esm-ssp585,r1i1p1f2,gn,fgco2,2072,5.43834,PgC yr-1,ssp585,emissions,pangeo,CMIP6
MIROC-ES2L,esm-ssp585,r1i1p1f2,gn,fgco2,2073,5.43327,PgC yr-1,ssp585,emissions,pangeo,CMIP6
MIROC-ES2L,esm-ssp585,r1i1p1f2,gn,fgco2,2074,5.70709,PgC yr-1,ssp585,emissions,pangeo,CMIP6
MIROC-ES2L,esm-ssp585,r1i1p1f2,gn,fgco2,2075,5.9206,PgC yr-1,ssp585,emissions,pangeo,CMIP6
MIROC-ES2L,esm-ssp585,r1i1p1f2,gn,fgco2,2076,5.65193,PgC yr-1,ssp585,emissions,pangeo,CMIP6
MIROC-ES2L,esm-ssp585,r1i1p1f2,gn,fgco2,2077,5.62073,PgC yr-1,ssp585,emissions,pangeo,CMIP6
MIROC-ES2L,esm-ssp585,r1i1p1f2,gn,fgco2,2078,5.56082,PgC yr-1,ssp585,emissions,pangeo,CMIP6
MIROC-ES2L,esm-ssp585,r1i1p1f2,gn,fgco2,2079,5.93104,PgC yr-1,ssp585,emissions,pangeo,CMIP6
MIROC-ES2L,esm-ssp585,r1i1p1f2,gn,fgco2,2080,5.76016,PgC yr-1,ssp585,emissions,pangeo,CMIP6
MIROC-ES2L,esm-ssp585,r1i1p1f2,gn,fgco2,2081,5.74304,PgC yr-1,ssp585,emissions,pangeo,CMIP6
MIROC-ES2L,esm-ssp585,r1i1p1f2,gn,fgco2,2082,5.67783,PgC yr-1,ssp585,emissions,pangeo,CMIP6
MIROC-ES2L,esm-ssp585,r1i1p1f2,gn,fgco2,2083,5.79549,PgC yr-1,ssp585,emissions,pangeo,CMIP6
MIROC-ES2L,esm-ssp585,r1i1p1f2,gn,fgco2,2084,5.69593,PgC yr-1,ssp585,emissions,pangeo,CMIP6
MIROC-ES2L,esm-ssp585,r1i1p1f2,gn,fgco2,2085,5.67407,PgC yr-1,ssp585,emissions,pangeo,CMIP6
MIROC-ES2L,esm-ssp585,r1i1p1f2,gn,fgco2,2086,5.5768,PgC yr-1,ssp585,emissions,pangeo,CMIP6
MIROC-ES2L,esm-ssp585,r1i1p1f2,gn,fgco2,2087,5.48757,PgC yr-1,ssp585,emissions,pangeo,CMIP6
MIROC-ES2L,esm-ssp585,r1i1p1f2,gn,fgco2,2088,5.94972,PgC yr-1,ssp585,emissions,pangeo,CMIP6
MIROC-ES2L,esm-ssp585,r1i1p1f2,gn,fgco2,2089,5.64576,PgC yr-1,ssp585,emissions,pangeo,CMIP6
MIROC-ES2L,esm-ssp585,r1i1p1f2,gn,fgco2,2090,5.54028,PgC yr-1,ssp585,emissions,pangeo,CMIP6
MIROC-ES2L,esm-ssp585,r1i1p1f2,gn,fgco2,2091,5.58164,PgC yr-1,ssp585,emissions,pangeo,CMIP6
MIROC-ES2L,esm-ssp585,r1i1p1f2,gn,fgco2,2092,5.83714,PgC yr-1,ssp585,emissions,pangeo,CMIP6
MIROC-ES2L,esm-ssp585,r1i1p1f2,gn,fgco2,2093,5.55961,PgC yr-1,ssp585,emissions,pangeo,CMIP6
MIROC-ES2L,esm-ssp585,r1i1p1f2,gn,fgco2,2094,5.59179,PgC yr-1,ssp585,emissions,pangeo,CMIP6
MIROC-ES2L,esm-ssp585,r1i1p1f2,gn,fgco2,2095,5.56257,PgC yr-1,ssp585,emissions,pangeo,CMIP6
MIROC-ES2L,esm-ssp585,r1i1p1f2,gn,fgco2,2096,5.75423,PgC yr-1,ssp585,emissions,pangeo,CMIP6
MIROC-ES2L,esm-ssp585,r1i1p1f2,gn,fgco2,2097,5.86463,PgC yr-1,ssp585,emissions,pangeo,CMIP6
MIROC-ES2L,esm-ssp585,r1i1p1f2,gn,fgco2,2098,5.57957,PgC yr-1,ssp585,emissions,pangeo,CMIP6
MIROC-ES2L,esm-ssp585,r1i1p1f2,gn,fgco2,2099,5.14704,PgC yr-1,ssp585,emissions,pangeo,CMIP6
MIROC-ES2L,esm-ssp585,r1i1p1f2,gn,fgco2,2100,5.15936,PgC yr-1,ssp585,emissions,pangeo,CMIP6
MPI-ESM1-2-LR,esm-hist,r1i1p1f1,gn,fgco2,1850,-0.0991107,PgC yr-1,historical,emissions,pangeo,CMIP6
MPI-ESM1-2-LR,esm-hist,r1i1p1f1,gn,fgco2,1851,-0.158258,PgC yr-1,historical,emissions,pangeo,CMIP6
MPI-ESM1-2-LR,esm-hist,r1i1p1f1,gn,fgco2,1852,-0.101895,PgC yr-1,historical,emissions,pangeo,CMIP6
MPI-ESM1-2-LR,esm-hist,r1i1p1f1,gn,fgco2,1853,0.104814,PgC yr-1,historical,emissions,pangeo,CMIP6
MPI-ESM1-2-LR,esm-hist,r1i1p1f1,gn,fgco2,1854,0.359579,PgC yr-1,historical,emissions,pangeo,CMIP6
MPI-ESM1-2-LR,esm-hist,r1i1p1f1,gn,fgco2,1855,0.165968,PgC yr-1,historical,emissions,pangeo,CMIP6
MPI-ESM1-2-LR,esm-hist,r1i1p1f1,gn,fgco2,1856,0.401361,PgC yr-1,historical,emissions,pangeo,CMIP6
MPI-ESM1-2-LR,esm-hist,r1i1p1f1,gn,fgco2,1857,0.261872,PgC yr-1,historical,emissions,pangeo,CMIP6
MPI-ESM1-2-LR,esm-hist,r1i1p1f1,gn,fgco2,1858,0.241149,PgC yr-1,historical,emissions,pangeo,CMIP6
MPI-ESM1-2-LR,esm-hist,r1i1p1f1,gn,fgco2,1859,0.137391,PgC yr-1,historical,emissions,pangeo,CMIP6
MPI-ESM1-2-LR,esm-hist,r1i1p1f1,gn,fgco2,1860,0.10088,PgC yr-1,historical,emissions,pangeo,CMIP6
MPI-ESM1-2-LR,esm-hist,r1i1p1f1,gn,fgco2,1861,0.229349,PgC yr-1,historical,emissions,pangeo,CMIP6
MPI-ESM1-2-LR,esm-hist,r1i1p1f1,gn,fgco2,1862,0.294829,PgC yr-1,historical,emissions,pangeo,CMIP6
MPI-ESM1-2-LR,esm-hist,r1i1p1f1,gn,fgco2,1863,0.329592,PgC yr-1,historical,emissions,pangeo,CMIP6
MPI-ESM1-2-LR,esm-hist,r1i1p1f1,gn,fgco2,1864,0.354396,PgC yr-1,historical,emissions,pangeo,CMIP6
MPI-ESM1-2-LR,esm-hist,r1i1p1f1,gn,fgco2,1865,0.257827,PgC yr-1,historical,emissions,pangeo,CMIP6
MPI-ESM1-2-LR,esm-hist,r1i1p1f1,gn,fgco2,1866,0.0993097,PgC yr-1,historical,emissions,pangeo,CMIP6
MPI-ESM1-2-LR,esm-hist,r1i1p1f1,gn,fgco2,1867,0.0261731,PgC yr-1,historical,emissions,pangeo,CMIP6
MPI-ESM1-2-LR,esm-hist,r1i1p1f1,gn,fgco2,1868,0.0445636,PgC yr-1,historical,emissions,pangeo,CMIP6
MPI-ESM1-2-LR,esm-hist,r1i1p1f1,gn,fgco2,1869,0.0286162,PgC yr-1,historical,emissions,pangeo,CMIP6
MPI-ESM1-2-LR,esm-hist,r1i1p1f1,gn,fgco2,1870,0.193475,PgC yr-1,historical,emissions,pangeo,CMIP6
MPI-ESM1-2-LR,esm-hist,r1i1p1f1,gn,fgco2,1871,0.30062,PgC yr-1,historical,emissions,pangeo,CMIP6
MPI-ESM1-2-LR,esm-hist,r1i1p1f1,gn,fgco2,1872,0.209254,PgC yr-1,historical,emissions,pangeo,CMIP6
MPI-ESM1-2-LR,esm-hist,r1i1p1f1,gn,fgco2,1873,0.137863,PgC yr-1,historical,emissions,pangeo,CMIP6
MPI-ESM1-2-LR,esm-hist,r1i1p1f1,gn,fgco2,1874,0.114507,PgC yr-1,historical,emissions,pangeo,CMIP6
MPI-ESM1-2-LR,esm-hist,r1i1p1f1,gn,fgco2,1875,0.196606,PgC yr-1,historical,emissions,pangeo,CMIP6
MPI-ESM1-2-LR,esm-hist,r1i1p1f1,gn,fgco2,1876,0.270033,PgC yr-1,historical,emissions,pangeo,CMIP6
MPI-ESM1-2-LR,esm-hist,r1i1p1f1,gn,fgco2,1877,0.258787,PgC yr-1,historical,emissions,pangeo,CMIP6
MPI-ESM1-2-LR,esm-hist,r1i1p1f1,gn,fgco2,1878,0.358486,PgC yr-1,historical,emissions,pangeo,CMIP6
MPI-ESM1-2-LR,esm-hist,r1i1p1f1,gn,fgco2,1879,0.345054,PgC yr-1,historical,emissions,pangeo,CMIP6
MPI-ESM1-2-LR,esm-hist,r1i1p1f1,gn,fgco2,1880,0.332512,PgC yr-1,historical,emissions,pangeo,CMIP6
MPI-ESM1-2-LR,esm-hist,r1i1p1f1,gn,fgco2,1881,0.345792,PgC yr-1,historical,emissions,pangeo,CMIP6
MPI-ESM1-2-LR,esm-hist,r1i1p1f1,gn,fgco2,1882,0.303357,PgC yr-1,historical,emissions,pangeo,CMIP6
MPI-ESM1-2-LR,esm-hist,r1i1p1f1,gn,fgco2,1883,0.475315,PgC yr-1,historical,emissions,pangeo,CMIP6
MPI-ESM1-2-LR,esm-hist,r1i1p1f1,gn,fgco2,1884,0.582125,PgC yr-1,historical,emissions,pangeo,CMIP6
MPI-ESM1-2-LR,esm-hist,r1i1p1f1,gn,fgco2,1885,0.438106,PgC yr-1,historical,emissions,pangeo,CMIP6
MPI-ESM1-2-LR,esm-hist,r1i1p1f1,gn,fgco2,1886,0.275816,PgC yr-1,historical,emissions,pangeo,CMIP6
MPI-ESM1-2-LR,esm-hist,r1i1p1f1,gn,fgco2,1887,0.19803,PgC yr-1,historical,emissions,pangeo,CMIP6
MPI-ESM1-2-LR,esm-hist,r1i1p1f1,gn,fgco2,1888,0.17516,PgC yr-1,historical,emissions,pangeo,CMIP6
MPI-ESM1-2-LR,esm-hist,r1i1p1f1,gn,fgco2,1889,0.27964,PgC yr-1,historical,emissions,pangeo,CMIP6
MPI-ESM1-2-LR,esm-hist,r1i1p1f1,gn,fgco2,1890,0.328675,PgC yr-1,historical,emissions,pangeo,CMIP6
MPI-ESM1-2-LR,esm-hist,r1i1p1f1,gn,fgco2,1891,0.146419,PgC yr-1,historical,emissions,pangeo,CMIP6
MPI-ESM1-2-LR,esm-hist,r1i1p1f1,gn,fgco2,1892,0.334375,PgC yr-1,historical,emissions,pangeo,CMIP6
MPI-ESM1-2-LR,esm-hist,r1i1p1f1,gn,fgco2,1893,0.517994,PgC yr-1,historical,emissions,pangeo,CMIP6
MPI-ESM1-2-LR,esm-hist,r1i1p1f1,gn,fgco2,1894,0.388966,PgC yr-1,historical,emissions,pangeo,CMIP6
MPI-ESM1-2-LR,esm-hist,r1i1p1f1,gn,fgco2,1895,0.433249,PgC yr-1,historical,emissions,pangeo,CMIP6
MPI-ESM1-2-LR,esm-hist,r1i1p1f1,gn,fgco2,1896,0.239024,PgC yr-1,historical,emissions,pangeo,CMIP6
MPI-ESM1-2-LR,esm-hist,r1i1p1f1,gn,fgco2,1897,0.323968,PgC yr-1,historical,emissions,pangeo,CMIP6
MPI-ESM1-2-LR,esm-hist,r1i1p1f1,gn,fgco2,1898,0.176485,PgC yr-1,historical,emissions,pangeo,CMIP6
MPI-ESM1-2-LR,esm-hist,r1i1p1f1,gn,fgco2,1899,0.320626,PgC yr-1,historical,emissions,pangeo,CMIP6
MPI-ESM1-2-LR,esm-hist,r1i1p1f1,gn,fgco2,1900,0.264292,PgC yr-1,historical,emissions,pangeo,CMIP6
MPI-ESM1-2-LR,esm-hist,r1i1p1f1,gn,fgco2,1901,0.471814,PgC yr-1,historical,emissions,pangeo,CMIP6
MPI-ESM1-2-LR,esm-hist,r1i1p1f1,gn,fgco2,1902,0.386376,PgC yr-1,historical,emissions,pangeo,CMIP6
MPI-ESM1-2-LR,esm-hist,r1i1p1f1,gn,fgco2,1903,0.500907,PgC yr-1,historical,emissions,pangeo,CMIP6
MPI-ESM1-2-LR,esm-hist,r1i1p1f1,gn,fgco2,1904,0.456912,PgC yr-1,historical,emissions,pangeo,CMIP6
MPI-ESM1-2-LR,esm-hist,r1i1p1f1,gn,fgco2,1905,0.366706,PgC yr-1,historical,emissions,pangeo,CMIP6
MPI-ESM1-2-LR,esm-hist,r1i1p1f1,gn,fgco2,1906,0.348223,PgC yr-1,historical,emissions,pangeo,CMIP6
MPI-ESM1-2-LR,esm-hist,r1i1p1f1,gn,fgco2,1907,0.362121,PgC yr-1,historical,emissions,pangeo,CMIP6
MPI-ESM1-2-LR,esm-hist,r1i1p1f1,gn,fgco2,1908,0.235123,PgC yr-1,historical,emissions,pangeo,CMIP6
MPI-ESM1-2-LR,esm-hist,r1i1p1f1,gn,fgco2,1909,0.237622,PgC yr-1,historical,emissions,pangeo,CMIP6
MPI-ESM1-2-LR,esm-hist,r1i1p1f1,gn,fgco2,1910,0.385921,PgC yr-1,historical,emissions,pangeo,CMIP6
MPI-ESM1-2-LR,esm-hist,r1i1p1f1,gn,fgco2,1911,0.509381,PgC yr-1,historical,emissions,pangeo,CMIP6
MPI-ESM1-2-LR,esm-hist,r1i1p1f1,gn,fgco2,1912,0.46282,PgC yr-1,historical,emissions,pangeo,CMIP6
MPI-ESM1-2-LR,esm-hist,r1i1p1f1,gn,fgco2,1913,0.569486,PgC yr-1,historical,emissions,pangeo,CMIP6
MPI-ESM1-2-LR,esm-hist,r1i1p1f1,gn,fgco2,1914,0.653802,PgC yr-1,historical,emissions,pangeo,CMIP6
MPI-ESM1-2-LR,esm-hist,r1i1p1f1,gn,fgco2,1915,0.740209,PgC yr-1,historical,emissions,pangeo,CMIP6
MPI-ESM1-2-LR,esm-hist,r1i1p1f1,gn,fgco2,1916,0.659748,PgC yr-1,historical,emissions,pangeo,CMIP6
MPI-ESM1-2-LR,esm-hist,r1i1p1f1,gn,fgco2,1917,0.712406,PgC yr-1,historical,emissions,pangeo,CMIP6
MPI-ESM1-2-LR,esm-hist,r1i1p1f1,gn,fgco2,1918,0.392127,PgC yr-1,historical,emissions,pangeo,CMIP6
MPI-ESM1-2-LR,esm-hist,r1i1p1f1,gn,fgco2,1919,0.521963,PgC yr-1,historical,emissions,pangeo,CMIP6
MPI-ESM1-2-LR,esm-hist,r1i1p1f1,gn,fgco2,1920,0.618228,PgC yr-1,historical,emissions,pangeo,CMIP6
MPI-ESM1-2-LR,esm-hist,r1i1p1f1,gn,fgco2,1921,0.470076,PgC yr-1,historical,emissions,pangeo,CMIP6
MPI-ESM1-2-LR,esm-hist,r1i1p1f1,gn,fgco2,1922,0.574015,PgC yr-1,historical,emissions,pangeo,CMIP6
MPI-ESM1-2-LR,esm-hist,r1i1p1f1,gn,fgco2,1923,0.467622,PgC yr-1,historical,emissions,pangeo,CMIP6
MPI-ESM1-2-LR,esm-hist,r1i1p1f1,gn,fgco2,1924,0.582173,PgC yr-1,historical,emissions,pangeo,CMIP6
MPI-ESM1-2-LR,esm-hist,r1i1p1f1,gn,fgco2,1925,0.655973,PgC yr-1,historical,emissions,pangeo,CMIP6
MPI-ESM1-2-LR,esm-hist,r1i1p1f1,gn,fgco2,1926,0.524801,PgC yr-1,historical,emissions,pangeo,CMIP6
MPI-ESM1-2-LR,esm-hist,r1i1p1f1,gn,fgco2,1927,0.376096,PgC yr-1,historical,emissions,pangeo,CMIP6
MPI-ESM1-2-LR,esm-hist,r1i1p1f1,gn,fgco2,1928,0.395695,PgC yr-1,historical,emissions,pangeo,CMIP6
MPI-ESM1-2-LR,esm-hist,r1i1p1f1,gn,fgco2,1929,0.533295,PgC yr-1,historical,emissions,pangeo,CMIP6
MPI-ESM1-2-LR,esm-hist,r1i1p1f1,gn,fgco2,1930,0.778408,PgC yr-1,historical,emissions,pangeo,CMIP6
MPI-ESM1-2-LR,esm-hist,r1i1p1f1,gn,fgco2,1931,0.808912,PgC yr-1,historical,emissions,pangeo,CMIP6
MPI-ESM1-2-LR,esm-hist,r1i1p1f1,gn,fgco2,1932,0.742363,PgC yr-1,historical,emissions,pangeo,CMIP6
MPI-ESM1-2-LR,esm-hist,r1i1p1f1,gn,fgco2,1933,0.663241,PgC yr-1,historical,emissions,pangeo,CMIP6
MPI-ESM1-2-LR,esm-hist,r1i1p1f1,gn,fgco2,1934,0.592436,PgC yr-1,historical,emissions,pangeo,CMIP6
MPI-ESM1-2-LR,esm-hist,r1i1p1f1,gn,fgco2,1935,0.499825,PgC yr-1,historical,emissions,pangeo,CMIP6
MPI-ESM1-2-LR,esm-hist,r1i1p1f1,gn,fgco2,1936,0.541105,PgC yr-1,historical,emissions,pangeo,CMIP6
MPI-ESM1-2-LR,esm-hist,r1i1p1f1,gn,fgco2,1937,0.728909,PgC yr-1,historical,emissions,pangeo,CMIP6
MPI-ESM1-2-LR,esm-hist,r1i1p1f1,gn,fgco2,1938,0.832284,PgC yr-1,historical,emissions,pangeo,CMIP6
MPI-ESM1-2-LR,esm-hist,r1i1p1f1,gn,fgco2,1939,0.763553,PgC yr-1,historical,emissions,pangeo,CMIP6
MPI-ESM1-2-LR,esm-hist,r1i1p1f1,gn,fgco2,1940,0.793776,PgC yr-1,historical,emissions,pangeo,CMIP6
MPI-ESM1-2-LR,esm-hist,r1i1p1f1,gn,fgco2,1941,0.654615,PgC yr-1,historical,emissions,pangeo,CMIP6
MPI-ESM1-2-LR,esm-hist,r1i1p1f1,gn,fgco2,1942,0.666078,PgC yr-1,historical,emissions,pangeo,CMIP6
MPI-ESM1-2-LR,esm-hist,r1i1p1f1,gn,fgco2,1943,0.55423,PgC yr-1,historical,emissions,pangeo,CMIP6
MPI-ESM1-2-LR,esm-hist,r1i1p1f1,gn,fgco2,1944,0.557047,PgC yr-1,historical,emissions,pangeo,CMIP6
MPI-ESM1-2-LR,esm-hist,r1i1p1f1,gn,fgco2,1945,0.773746,PgC yr-1,historical,emissions,pangeo,CMIP6
MPI-ESM1-2-LR,esm-hist,r1i1p1f1,gn,fgco2,1946,0.729659,PgC yr-1,historical,emissions,pangeo,CMIP6
MPI-ESM1-2-LR,esm-hist,r1i1p1f1,gn,fgco2,1947,1.02392,PgC yr-1,historical,emissions,pangeo,CMIP6
MPI-ESM1-2-LR,esm-hist,r1i1p1f1,gn,fgco2,1948,0.849214,PgC yr-1,historical,emissions,pangeo,CMIP6
MPI-ESM1-2-LR,esm-hist,r1i1p1f1,gn,fgco2,1949,0.728937,PgC yr-1,historical,emissions,pangeo,CMIP6
MPI-ESM1-2-LR,esm-hist,r1i1p1f1,gn,fgco2,1950,0.869703,PgC yr-1,historical,emissions,pangeo,CMIP6
MPI-ESM1-2-LR,esm-hist,r1i1p1f1,gn,fgco2,1951,0.846078,PgC yr-1,historical,emissions,pangeo,CMIP6
MPI-ESM1-2-LR,esm-hist,r1i1p1f1,gn,fgco2,1952,1.05395,PgC yr-1,historical,emissions,pangeo,CMIP6
MPI-ESM1-2-LR,esm-hist,r1i1p1f1,gn,fgco2,1953,1.00322,PgC yr-1,historical,emissions,pangeo,CMIP6
MPI-ESM1-2-LR,esm-hist,r1i1p1f1,gn,fgco2,1954,0.732935,PgC yr-1,historical,emissions,pangeo,CMIP6
MPI-ESM1-2-LR,esm-hist,r1i1p1f1,gn,fgco2,1955,0.697856,PgC yr-1,historical,emissions,pangeo,CMIP6
MPI-ESM1-2-LR,esm-hist,r1i1p1f1,gn,fgco2,1956,0.892304,PgC yr-1,historical,emissions,pangeo,CMIP6
MPI-ESM1-2-LR,esm-hist,r1i1p1f1,gn,fgco2,1957,0.902831,PgC yr-1,historical,emissions,pangeo,CMIP6
MPI-ESM1-2-LR,esm-hist,r1i1p1f1,gn,fgco2,1958,0.745261,PgC yr-1,historical,emissions,pangeo,CMIP6
MPI-ESM1-2-LR,esm-hist,r1i1p1f1,gn,fgco2,1959,0.90197,PgC yr-1,historical,emissions,pangeo,CMIP6
MPI-ESM1-2-LR,esm-hist,r1i1p1f1,gn,fgco2,1960,0.915336,PgC yr-1,historical,emissions,pangeo,CMIP6
MPI-ESM1-2-LR,esm-hist,r1i1p1f1,gn,fgco2,1961,1.07665,PgC yr-1,historical,emissions,pangeo,CMIP6
MPI-ESM1-2-LR,esm-hist,r1i1p1f1,gn,fgco2,1962,1.03678,PgC yr-1,historical,emissions,pangeo,CMIP6
MPI-ESM1-2-LR,esm-hist,r1i1p1f1,gn,fgco2,1963,1.18295,PgC yr-1,historical,emissions,pangeo,CMIP6
MPI-ESM1-2-LR,esm-hist,r1i1p1f1,gn,fgco2,1964,1.31151,PgC yr-1,historical,emissions,pangeo,CMIP6
MPI-ESM1-2-LR,esm-hist,r1i1p1f1,gn,fgco2,1965,1.48233,PgC yr-1,historical,emissions,pangeo,CMIP6
MPI-ESM1-2-LR,esm-hist,r1i1p1f1,gn,fgco2,1966,1.3119,PgC yr-1,historical,emissions,pangeo,CMIP6
MPI-ESM1-2-LR,esm-hist,r1i1p1f1,gn,fgco2,1967,1.21511,PgC yr-1,historical,emissions,pangeo,CMIP6
MPI-ESM1-2-LR,esm-hist,r1i1p1f1,gn,fgco2,1968,1.4679,PgC yr-1,historical,emissions,pangeo,CMIP6
MPI-ESM1-2-LR,esm-hist,r1i1p1f1,gn,fgco2,1969,1.31957,PgC yr-1,historical,emissions,pangeo,CMIP6
MPI-ESM1-2-LR,esm-hist,r1i1p1f1,gn,fgco2,1970,1.58337,PgC yr-1,historical,emissions,pangeo,CMIP6
MPI-ESM1-2-LR,esm-hist,r1i1p1f1,gn,fgco2,1971,1.25264,PgC yr-1,historical,emissions,pangeo,CMIP6
MPI-ESM1-2-LR,esm-hist,r1i1p1f1,gn,fgco2,1972,1.3614,PgC yr-1,historical,emissions,pangeo,CMIP6
MPI-ESM1-2-LR,esm-hist,r1i1p1f1,gn,fgco2,1973,1.40047,PgC yr-1,historical,emissions,pangeo,CMIP6
MPI-ESM1-2-LR,esm-hist,r1i1p1f1,gn,fgco2,1974,1.38375,PgC yr-1,historical,emissions,pangeo,CMIP6
MPI-ESM1-2-LR,esm-hist,r1i1p1f1,gn,fgco2,1975,1.41702,PgC yr-1,historical,emissions,pangeo,CMIP6
MPI-ESM1-2-LR,esm-hist,r1i1p1f1,gn,fgco2,1976,1.66741,PgC yr-1,historical,emissions,pangeo,CMIP6
MPI-ESM1-2-LR,esm-hist,r1i1p1f1,gn,fgco2,1977,1.58476,PgC yr-1,historical,emissions,pangeo,CMIP6
MPI-ESM1-2-LR,esm-hist,r1i1p1f1,gn,fgco2,1978,1.75416,PgC yr-1,historical,emissions,pangeo,CMIP6
MPI-ESM1-2-LR,esm-hist,r1i1p1f1,gn,fgco2,1979,1.50429,PgC yr-1,historical,emissions,pangeo,CMIP6
MPI-ESM1-2-LR,esm-hist,r1i1p1f1,gn,fgco2,1980,1.57698,PgC yr-1,historical,emissions,pangeo,CMIP6
MPI-ESM1-2-LR,esm-hist,r1i1p1f1,gn,fgco2,1981,1.65943,PgC yr-1,historical,emissions,pangeo,CMIP6
MPI-ESM1-2-LR,esm-hist,r1i1p1f1,gn,fgco2,1982,1.7045,PgC yr-1,historical,emissions,pangeo,CMIP6
MPI-ESM1-2-LR,esm-hist,r1i1p1f1,gn,fgco2,1983,1.96807,PgC yr-1,historical,emissions,pangeo,CMIP6
MPI-ESM1-2-LR,esm-hist,r1i1p1f1,gn,fgco2,1984,1.98702,PgC yr-1,historical,emissions,pangeo,CMIP6
MPI-ESM1-2-LR,esm-hist,r1i1p1f1,gn,fgco2,1985,1.70064,PgC yr-1,historical,emissions,pangeo,CMIP6
MPI-ESM1-2-LR,esm-hist,r1i1p1f1,gn,fgco2,1986,1.79028,PgC yr-1,historical,emissions,pangeo,CMIP6
MPI-ESM1-2-LR,esm-hist,r1i1p1f1,gn,fgco2,1987,1.72147,PgC yr-1,historical,emissions,pangeo,CMIP6
MPI-ESM1-2-LR,esm-hist,r1i1p1f1,gn,fgco2,1988,1.92609,PgC yr-1,historical,emissions,pangeo,CMIP6
MPI-ESM1-2-LR,esm-hist,r1i1p1f1,gn,fgco2,1989,1.87775,PgC yr-1,historical,emissions,pangeo,CMIP6
MPI-ESM1-2-LR,esm-hist,r1i1p1f1,gn,fgco2,1990,1.78573,PgC yr-1,historical,emissions,pangeo,CMIP6
MPI-ESM1-2-LR,esm-hist,r1i1p1f1,gn,fgco2,1991,1.86885,PgC yr-1,historical,emissions,pangeo,CMIP6
MPI-ESM1-2-LR,esm-hist,r1i1p1f1,gn,fgco2,1992,2.17546,PgC yr-1,historical,emissions,pangeo,CMIP6
MPI-ESM1-2-LR,esm-hist,r1i1p1f1,gn,fgco2,1993,2.25118,PgC yr-1,historical,emissions,pangeo,CMIP6
MPI-ESM1-2-LR,esm-hist,r1i1p1f1,gn,fgco2,1994,2.1041,PgC yr-1,historical,emissions,pangeo,CMIP6
MPI-ESM1-2-LR,esm-hist,r1i1p1f1,gn,fgco2,1995,1.77459,PgC yr-1,historical,emissions,pangeo,CMIP6
MPI-ESM1-2-LR,esm-hist,r1i1p1f1,gn,fgco2,1996,1.87738,PgC yr-1,historical,emissions,pangeo,CMIP6
MPI-ESM1-2-LR,esm-hist,r1i1p1f1,gn,fgco2,1997,2.1512,PgC yr-1,historical,emissions,pangeo,CMIP6
MPI-ESM1-2-LR,esm-hist,r1i1p1f1,gn,fgco2,1998,1.97487,PgC yr-1,historical,emissions,pangeo,CMIP6
MPI-ESM1-2-LR,esm-hist,r1i1p1f1,gn,fgco2,1999,1.9947,PgC yr-1,historical,emissions,pangeo,CMIP6
MPI-ESM1-2-LR,esm-hist,r1i1p1f1,gn,fgco2,2000,2.00252,PgC yr-1,historical,emissions,pangeo,CMIP6
MPI-ESM1-2-LR,esm-hist,r1i1p1f1,gn,fgco2,2001,2.23886,PgC yr-1,historical,emissions,pangeo,CMIP6
MPI-ESM1-2-LR,esm-hist,r1i1p1f1,gn,fgco2,2002,2.17048,PgC yr-1,historical,emissions,pangeo,CMIP6
MPI-ESM1-2-LR,esm-hist,r1i1p1f1,gn,fgco2,2003,2.28859,PgC yr-1,historical,emissions,pangeo,CMIP6
MPI-ESM1-2-LR,esm-hist,r1i1p1f1,gn,fgco2,2004,2.39201,PgC yr-1,historical,emissions,pangeo,CMIP6
MPI-ESM1-2-LR,esm-hist,r1i1p1f1,gn,fgco2,2005,2.12597,PgC yr-1,historical,emissions,pangeo,CMIP6
MPI-ESM1-2-LR,esm-hist,r1i1p1f1,gn,fgco2,2006,2.15245,PgC yr-1,historical,emissions,pangeo,CMIP6
MPI-ESM1-2-LR,esm-hist,r1i1p1f1,gn,fgco2,2007,2.18985,PgC yr-1,historical,emissions,pangeo,CMIP6
MPI-ESM1-2-LR,esm-hist,r1i1p1f1,gn,fgco2,2008,2.47352,PgC yr-1,historical,emissions,pangeo,CMIP6
MPI-ESM1-2-LR,esm-hist,r1i1p1f1,gn,fgco2,2009,2.41654,PgC yr-1,historical,emissions,pangeo,CMIP6
MPI-ESM1-2-LR,esm-hist,r1i1p1f1,gn,fgco2,2010,2.34198,PgC yr-1,historical,emissions,pangeo,CMIP6
MPI-ESM1-2-LR,esm-hist,r1i1p1f1,gn,fgco2,2011,2.46301,PgC yr-1,historical,emissions,pangeo,CMIP6
MPI-ESM1-2-LR,esm-hist,r1i1p1f1,gn,fgco2,2012,2.59163,PgC yr-1,historical,emissions,pangeo,CMIP6
MPI-ESM1-2-LR,esm-hist,r1i1p1f1,gn,fgco2,2013,2.68344,PgC yr-1,historical,emissions,pangeo,CMIP6
MPI-ESM1-2-LR,esm-hist,r1i1p1f1,gn,fgco2,2014,2.66154,PgC yr-1,historical,emissions,pangeo,CMIP6
MPI-ESM1-2-LR,esm-ssp585,r1i1p1f1,gn,fgco2,2015,2.64764,PgC yr-1,ssp585,emissions,pangeo,CMIP6
MPI-ESM1-2-LR,esm-ssp585,r1i1p1f1,gn,fgco2,2016,2.90391,PgC yr-1,ssp585,emissions,pangeo,CMIP6
MPI-ESM1-2-LR,esm-ssp585,r1i1p1f1,gn,fgco2,2017,2.88058,PgC yr-1,ssp585,emissions,pangeo,CMIP6
MPI-ESM1-2-LR,esm-ssp585,r1i1p1f1,gn,fgco2,2018,2.71353,PgC yr-1,ssp585,emissions,pangeo,CMIP6
MPI-ESM1-2-LR,esm-ssp585,r1i1p1f1,gn,fgco2,2019,2.75667,PgC yr-1,ssp585,emissions,pangeo,CMIP6
MPI-ESM1-2-LR,esm-ssp585,r1i1p1f1,gn,fgco2,2020,2.84159,PgC yr-1,ssp585,emissions,pangeo,CMIP6
MPI-ESM1-2-LR,esm-ssp585,r1i1p1f1,gn,fgco2,2021,2.9833,PgC yr-1,ssp585,emissions,pangeo,CMIP6
MPI-ESM1-2-LR,esm-ssp585,r1i1p1f1,gn,fgco2,2022,3.10144,PgC yr-1,ssp585,emissions,pangeo,CMIP6
MPI-ESM1-2-LR,esm-ssp585,r1i1p1f1,gn,fgco2,2023,2.92637,PgC yr-1,ssp585,emissions,pangeo,CMIP6
MPI-ESM1-2-LR,esm-ssp585,r1i1p1f1,gn,fgco2,2024,3.09436,PgC yr-1,ssp585,emissions,pangeo,CMIP6
MPI-ESM1-2-LR,esm-ssp585,r1i1p1f1,gn,fgco2,2025,3.20688,PgC yr-1,ssp585,emissions,pangeo,CMIP6
MPI-ESM1-2-LR,esm-ssp585,r1i1p1f1,gn,fgco2,2026,2.99906,PgC yr-1,ssp585,emissions,pangeo,CMIP6
MPI-ESM1-2-LR,esm-ssp585,r1i1p1f1,gn,fgco2,2027,3.2108,PgC yr-1,ssp585,emissions,pangeo,CMIP6
MPI-ESM1-2-LR,esm-ssp585,r1i1p1f1,gn,fgco2,2028,3.3681,PgC yr-1,ssp585,emissions,pangeo,CMIP6
MPI-ESM1-2-LR,esm-ssp585,r1i1p1f1,gn,fgco2,2029,3.50906,PgC yr-1,ssp585,emissions,pangeo,CMIP6
MPI-ESM1-2-LR,esm-ssp585,r1i1p1f1,gn,fgco2,2030,3.3998,PgC yr-1,ssp585,emissions,pangeo,CMIP6
MPI-ESM1-2-LR,esm-ssp585,r1i1p1f1,gn,fgco2,2031,3.52455,PgC yr-1,ssp585,emissions,pangeo,CMIP6
MPI-ESM1-2-LR,esm-ssp585,r1i1p1f1,gn,fgco2,2032,3.6226,PgC yr-1,ssp585,emissions,pangeo,CMIP6
MPI-ESM1-2-LR,esm-ssp585,r1i1p1f1,gn,fgco2,2033,3.53308,PgC yr-1,ssp585,emissions,pangeo,CMIP6
MPI-ESM1-2-LR,esm-ssp585,r1i1p1f1,gn,fgco2,2034,3.54736,PgC yr-1,ssp585,emissions,pangeo,CMIP6
MPI-ESM1-2-LR,esm-ssp585,r1i1p1f1,gn,fgco2,2035,3.61645,PgC yr-1,ssp585,emissions,pangeo,CMIP6
MPI-ESM1-2-LR,esm-ssp585,r1i1p1f1,gn,fgco2,2036,3.67754,PgC yr-1,ssp585,emissions,pangeo,CMIP6
MPI-ESM1-2-LR,esm-ssp585,r1i1p1f1,gn,fgco2,2037,3.65547,PgC yr-1,ssp585,emissions,pangeo,CMIP6
MPI-ESM1-2-LR,esm-ssp585,r1i1p1f1,gn,fgco2,2038,3.96958,PgC yr-1,ssp585,emissions,pangeo,CMIP6
MPI-ESM1-2-LR,esm-ssp585,r1i1p1f1,gn,fgco2,2039,3.82644,PgC yr-1,ssp585,emissions,pangeo,CMIP6
MPI-ESM1-2-LR,esm-ssp585,r1i1p1f1,gn,fgco2,2040,3.88336,PgC yr-1,ssp585,emissions,pangeo,CMIP6
MPI-ESM1-2-LR,esm-ssp585,r1i1p1f1,gn,fgco2,2041,3.83839,PgC yr-1,ssp585,emissions,pangeo,CMIP6
MPI-ESM1-2-LR,esm-ssp585,r1i1p1f1,gn,fgco2,2042,4.08101,PgC yr-1,ssp585,emissions,pangeo,CMIP6
MPI-ESM1-2-LR,esm-ssp585,r1i1p1f1,gn,fgco2,2043,4.14992,PgC yr-1,ssp585,emissions,pangeo,CMIP6
MPI-ESM1-2-LR,esm-ssp585,r1i1p1f1,gn,fgco2,2044,4.43734,PgC yr-1,ssp585,emissions,pangeo,CMIP6
MPI-ESM1-2-LR,esm-ssp585,r1i1p1f1,gn,fgco2,2045,4.24702,PgC yr-1,ssp585,emissions,pangeo,CMIP6
MPI-ESM1-2-LR,esm-ssp585,r1i1p1f1,gn,fgco2,2046,4.34961,PgC yr-1,ssp585,emissions,pangeo,CMIP6
MPI-ESM1-2-LR,esm-ssp585,r1i1p1f1,gn,fgco2,2047,4.41695,PgC yr-1,ssp585,emissions,pangeo,CMIP6
MPI-ESM1-2-LR,esm-ssp585,r1i1p1f1,gn,fgco2,2048,4.46895,PgC yr-1,ssp585,emissions,pangeo,CMIP6
MPI-ESM1-2-LR,esm-ssp585,r1i1p1f1,gn,fgco2,2049,4.48443,PgC yr-1,ssp585,emissions,pangeo,CMIP6
MPI-ESM1-2-LR,esm-ssp585,r1i1p1f1,gn,fgco2,2050,4.46344,PgC yr-1,ssp585,emissions,pangeo,CMIP6
MPI-ESM1-2-LR,esm-ssp585,r1i1p1f1,gn,fgco2,2051,4.67133,PgC yr-1,ssp585,emissions,pangeo,CMIP6
MPI-ESM1-2-LR,esm-ssp585,r1i1p1f1,gn,fgco2,2052,4.92078,PgC yr-1,ssp585,emissions,pangeo,CMIP6
MPI-ESM1-2-LR,esm-ssp585,r1i1p1f1,gn,fgco2,2053,4.70764,PgC yr-1,ssp585,emissions,pangeo,CMIP6
MPI-ESM1-2-LR,esm-ssp585,r1i1p1f1,gn,fgco2,2054,4.75967,PgC yr-1,ssp585,emissions,pangeo,CMIP6
MPI-ESM1-2-LR,esm-ssp585,r1i1p1f1,gn,fgco2,2055,4.91027,PgC yr-1,ssp585,emissions,pangeo,CMIP6
MPI-ESM1-2-LR,esm-ssp585,r1i1p1f1,gn,fgco2,2056,4.746,PgC yr-1,ssp585,emissions,pangeo,CMIP6
MPI-ESM1-2-LR,esm-ssp585,r1i1p1f1,gn,fgco2,2057,5.03996,PgC yr-1,ssp585,emissions,pangeo,CMIP6
MPI-ESM1-2-LR,esm-ssp585,r1i1p1f1,gn,fgco2,2058,4.98944,PgC yr-1,ssp585,emissions,pangeo,CMIP6
MPI-ESM1-2-LR,esm-ssp585,r1i1p1f1,gn,fgco2,2059,5.23666,PgC yr-1,ssp585,emissions,pangeo,CMIP6
MPI-ESM1-2-LR,esm-ssp585,r1i1p1f1,gn,fgco2,2060,5.27645,PgC yr-1,ssp585,emissions,pangeo,CMIP6
MPI-ESM1-2-LR,esm-ssp585,r1i1p1f1,gn,fgco2,2061,5.0035,PgC yr-1,ssp585,emissions,pangeo,CMIP6
MPI-ESM1-2-LR,esm-ssp585,r1i1p1f1,gn,fgco2,2062,5.02592,PgC yr-1,ssp585,emissions,pangeo,CMIP6
MPI-ESM1-2-LR,esm-ssp585,r1i1p1f1,gn,fgco2,2063,5.25482,PgC yr-1,ssp585,emissions,pangeo,CMIP6
MPI-ESM1-2-LR,esm-ssp585,r1i1p1f1,gn,fgco2,2064,5.36128,PgC yr-1,ssp585,emissions,pangeo,CMIP6
MPI-ESM1-2-LR,esm-ssp585,r1i1p1f1,gn,fgco2,2065,5.39129,PgC yr-1,ssp585,emissions,pangeo,CMIP6
MPI-ESM1-2-LR,esm-ssp585,r1i1p1f1,gn,fgco2,2066,5.49279,PgC yr-1,ssp585,emissions,pangeo,CMIP6
MPI-ESM1-2-LR,esm-ssp585,r1i1p1f1,gn,fgco2,2067,5.45817,PgC yr-1,ssp585,emissions,pangeo,CMIP6
MPI-ESM1-2-LR,esm-ssp585,r1i1p1f1,gn,fgco2,2068,5.65958,PgC yr-1,ssp585,emissions,pangeo,CMIP6
MPI-ESM1-2-LR,esm-ssp585,r1i1p1f1,gn,fgco2,2069,5.63821,PgC yr-1,ssp585,emissions,pangeo,CMIP6
MPI-ESM1-2-LR,esm-ssp585,r1i1p1f1,gn,fgco2,2070,5.68569,PgC yr-1,ssp585,emissions,pangeo,CMIP6
MPI-ESM1-2-LR,esm-ssp585,r1i1p1f1,gn,fgco2,2071,5.53196,PgC yr-1,ssp585,emissions,pangeo,CMIP6
MPI-ESM1-2-LR,esm-ssp585,r1i1p1f1,gn,fgco2,2072,5.55863,PgC yr-1,ssp585,emissions,pangeo,CMIP6
MPI-ESM1-2-LR,esm-ssp585,r1i1p1f1,gn,fgco2,2073,5.64322,PgC yr-1,ssp585,emissions,pangeo,CMIP6
MPI-ESM1-2-LR,esm-ssp585,r1i1p1f1,gn,fgco2,2074,5.66136,PgC yr-1,ssp585,emissions,pangeo,CMIP6
MPI-ESM1-2-LR,esm-ssp585,r1i1p1f1,gn,fgco2,2075,5.61458,PgC yr-1,ssp585,emissions,pangeo,CMIP6
MPI-ESM1-2-LR,esm-ssp585,r1i1p1f1,gn,fgco2,2076,5.51542,PgC yr-1,ssp585,emissions,pangeo,CMIP6
MPI-ESM1-2-LR,esm-ssp585,r1i1p1f1,gn,fgco2,2077,5.5288,PgC yr-1,ssp585,emissions,pangeo,CMIP6
MPI-ESM1-2-LR,esm-ssp585,r1i1p1f1,gn,fgco2,2078,6.02616,PgC yr-1,ssp585,emissions,pangeo,CMIP6
MPI-ESM1-2-LR,esm-ssp585,r1i1p1f1,gn,fgco2,2079,5.77787,PgC yr-1,ssp585,emissions,pangeo,CMIP6
MPI-ESM1-2-LR,esm-ssp585,r1i1p1f1,gn,fgco2,2080,5.89916,PgC yr-1,ssp585,emissions,pangeo,CMIP6
MPI-ESM1-2-LR,esm-ssp585,r1i1p1f1,gn,fgco2,2081,6.04089,PgC yr-1,ssp585,emissions,pangeo,CMIP6
MPI-ESM1-2-LR,esm-ssp585,r1i1p1f1,gn,fgco2,2082,5.97488,PgC yr-1,ssp585,emissions,pangeo,CMIP6
MPI-ESM1-2-LR,esm-ssp585,r1i1p1f1,gn,fgco2,2083,5.69859,PgC yr-1,ssp585,emissions,pangeo,CMIP6
MPI-ESM1-2-LR,esm-ssp585,r1i1p1f1,gn,fgco2,2084,5.684,PgC yr-1,ssp585,emissions,pangeo,CMIP6
MPI-ESM1-2-LR,esm-ssp585,r1i1p1f1,gn,fgco2,2085,5.95457,PgC yr-1,ssp585,emissions,pangeo,CMIP6
MPI-ESM1-2-LR,esm-ssp585,r1i1p1f1,gn,fgco2,2086,5.7511,PgC yr-1,ssp585,emissions,pangeo,CMIP6
MPI-ESM1-2-LR,esm-ssp585,r1i1p1f1,gn,fgco2,2087,5.69041,PgC yr-1,ssp585,emissions,pangeo,CMIP6
MPI-ESM1-2-LR,esm-ssp585,r1i1p1f1,gn,fgco2,2088,5.82007,PgC yr-1,ssp585,emissions,pangeo,CMIP6
MPI-ESM1-2-LR,esm-ssp585,r1i1p1f1,gn,fgco2,2089,5.90462,PgC yr-1,ssp585,emissions,pangeo,CMIP6
MPI-ESM1-2-LR,esm-ssp585,r1i1p1f1,gn,fgco2,2090,5.68663,PgC yr-1,ssp585,emissions,pangeo,CMIP6
MPI-ESM1-2-LR,esm-ssp585,r1i1p1f1,gn,fgco2,2091,5.59828,PgC yr-1,ssp585,emissions,pangeo,CMIP6
MPI-ESM1-2-LR,esm-ssp585,r1i1p1f1,gn,fgco2,2092,5.6165,PgC yr-1,ssp585,emissions,pangeo,CMIP6
MPI-ESM1-2-LR,esm-ssp585,r1i1p1f1,gn,fgco2,2093,5.83713,PgC yr-1,ssp585,emissions,pangeo,CMIP6
MPI-ESM1-2-LR,esm-ssp585,r1i1p1f1,gn,fgco2,2094,5.9512,PgC yr-1,ssp585,emissions,pangeo,CMIP6
MPI-ESM1-2-LR,esm-ssp585,r1i1p1f1,gn,fgco2,2095,5.67902,PgC yr-1,ssp585,emissions,pangeo,CMIP6
MPI-ESM1-2-LR,esm-ssp585,r1i1p1f1,gn,fgco2,2096,5.86628,PgC yr-1,ssp585,emissions,pangeo,CMIP6
MPI-ESM1-2-LR,esm-ssp585,r1i1p1f1,gn,fgco2,2097,5.55927,PgC yr-1,ssp585,emissions,pangeo,CMIP6
MPI-ESM1-2-LR,esm-ssp585,r1i1p1f1,gn,fgco2,2098,5.60062,PgC yr-1,ssp585,emissions,pangeo,CMIP6
MPI-ESM1-2-LR,esm-ssp585,r1i1p1f1,gn,fgco2,2099,5.95628,PgC yr-1,ssp585,emissions,pangeo,CMIP6
NorESM2-LM,esm-hist,r1i1p1f1,gn,fgco2,1850,0.0053197,PgC yr-1,historical,emissions,pangeo,CMIP6
NorESM2-LM,esm-hist,r1i1p1f1,gn,fgco2,1851,0.0572961,PgC yr-1,historical,emissions,pangeo,CMIP6
NorESM2-LM,esm-hist,r1i1p1f1,gn,fgco2,1852,0.153399,PgC yr-1,historical,emissions,pangeo,CMIP6
NorESM2-LM,esm-hist,r1i1p1f1,gn,fgco2,1853,0.142461,PgC yr-1,historical,emissions,pangeo,CMIP6
NorESM2-LM,esm-hist,r1i1p1f1,gn,fgco2,1854,0.0681166,PgC yr-1,historical,emissions,pangeo,CMIP6
NorESM2-LM,esm-hist,r1i1p1f1,gn,fgco2,1855,0.223351,PgC yr-1,historical,emissions,pangeo,CMIP6
NorESM2-LM,esm-hist,r1i1p1f1,gn,fgco2,1856,0.223312,PgC yr-1,historical,emissions,pangeo,CMIP6
NorESM2-LM,esm-hist,r1i1p1f1,gn,fgco2,1857,0.245206,PgC yr-1,historical,emissions,pangeo,CMIP6
NorESM2-LM,esm-hist,r1i1p1f1,gn,fgco2,1858,0.317007,PgC yr-1,historical,emissions,pangeo,CMIP6
NorESM2-LM,esm-hist,r1i1p1f1,gn,fgco2,1859,0.279334,PgC yr-1,historical,emissions,pangeo,CMIP6
NorESM2-LM,esm-hist,r1i1p1f1,gn,fgco2,1860,0.263001,PgC yr-1,historical,emissions,pangeo,CMIP6
NorESM2-LM,esm-hist,r1i1p1f1,gn,fgco2,1861,0.286161,PgC yr-1,historical,emissions,pangeo,CMIP6
NorESM2-LM,esm-hist,r1i1p1f1,gn,fgco2,1862,0.261513,PgC yr-1,historical,emissions,pangeo,CMIP6
NorESM2-LM,esm-hist,r1i1p1f1,gn,fgco2,1863,0.260622,PgC yr-1,historical,emissions,pangeo,CMIP6
NorESM2-LM,esm-hist,r1i1p1f1,gn,fgco2,1864,0.325293,PgC yr-1,historical,emissions,pangeo,CMIP6
NorESM2-LM,esm-hist,r1i1p1f1,gn,fgco2,1865,0.270428,PgC yr-1,historical,emissions,pangeo,CMIP6
NorESM2-LM,esm-hist,r1i1p1f1,gn,fgco2,1866,0.21892,PgC yr-1,historical,emissions,pangeo,CMIP6
NorESM2-LM,esm-hist,r1i1p1f1,gn,fgco2,1867,0.165819,PgC yr-1,historical,emissions,pangeo,CMIP6
NorESM2-LM,esm-hist,r1i1p1f1,gn,fgco2,1868,0.1819,PgC yr-1,historical,emissions,pangeo,CMIP6
NorESM2-LM,esm-hist,r1i1p1f1,gn,fgco2,1869,0.247963,PgC yr-1,historical,emissions,pangeo,CMIP6
NorESM2-LM,esm-hist,r1i1p1f1,gn,fgco2,1870,0.197274,PgC yr-1,historical,emissions,pangeo,CMIP6
NorESM2-LM,esm-hist,r1i1p1f1,gn,fgco2,1871,0.209292,PgC yr-1,historical,emissions,pangeo,CMIP6
NorESM2-LM,esm-hist,r1i1p1f1,gn,fgco2,1872,0.260645,PgC yr-1,historical,emissions,pangeo,CMIP6
NorESM2-LM,esm-hist,r1i1p1f1,gn,fgco2,1873,0.328393,PgC yr-1,historical,emissions,pangeo,CMIP6
NorESM2-LM,esm-hist,r1i1p1f1,gn,fgco2,1874,0.461982,PgC yr-1,historical,emissions,pangeo,CMIP6
NorESM2-LM,esm-hist,r1i1p1f1,gn,fgco2,1875,0.315276,PgC yr-1,historical,emissions,pangeo,CMIP6
NorESM2-LM,esm-hist,r1i1p1f1,gn,fgco2,1876,0.285352,PgC yr-1,historical,emissions,pangeo,CMIP6
NorESM2-LM,esm-hist,r1i1p1f1,gn,fgco2,1877,0.386134,PgC yr-1,historical,emissions,pangeo,CMIP6
NorESM2-LM,esm-hist,r1i1p1f1,gn,fgco2,1878,0.27348,PgC yr-1,historical,emissions,pangeo,CMIP6
NorESM2-LM,esm-hist,r1i1p1f1,gn,fgco2,1879,0.303469,PgC yr-1,historical,emissions,pangeo,CMIP6
NorESM2-LM,esm-hist,r1i1p1f1,gn,fgco2,1880,0.361286,PgC yr-1,historical,emissions,pangeo,CMIP6
NorESM2-LM,esm-hist,r1i1p1f1,gn,fgco2,1881,0.225028,PgC yr-1,historical,emissions,pangeo,CMIP6
NorESM2-LM,esm-hist,r1i1p1f1,gn,fgco2,1882,0.319813,PgC yr-1,historical,emissions,pangeo,CMIP6
NorESM2-LM,esm-hist,r1i1p1f1,gn,fgco2,1883,0.450325,PgC yr-1,historical,emissions,pangeo,CMIP6
NorESM2-LM,esm-hist,r1i1p1f1,gn,fgco2,1884,0.608536,PgC yr-1,historical,emissions,pangeo,CMIP6
NorESM2-LM,esm-hist,r1i1p1f1,gn,fgco2,1885,0.443329,PgC yr-1,historical,emissions,pangeo,CMIP6
NorESM2-LM,esm-hist,r1i1p1f1,gn,fgco2,1886,0.358338,PgC yr-1,historical,emissions,pangeo,CMIP6
NorESM2-LM,esm-hist,r1i1p1f1,gn,fgco2,1887,0.396663,PgC yr-1,historical,emissions,pangeo,CMIP6
NorESM2-LM,esm-hist,r1i1p1f1,gn,fgco2,1888,0.388003,PgC yr-1,historical,emissions,pangeo,CMIP6
NorESM2-LM,esm-hist,r1i1p1f1,gn,fgco2,1889,0.347193,PgC yr-1,historical,emissions,pangeo,CMIP6
NorESM2-LM,esm-hist,r1i1p1f1,gn,fgco2,1890,0.39231,PgC yr-1,historical,emissions,pangeo,CMIP6
NorESM2-LM,esm-hist,r1i1p1f1,gn,fgco2,1891,0.374547,PgC yr-1,historical,emissions,pangeo,CMIP6
NorESM2-LM,esm-hist,r1i1p1f1,gn,fgco2,1892,0.367763,PgC yr-1,historical,emissions,pangeo,CMIP6
NorESM2-LM,esm-hist,r1i1p1f1,gn,fgco2,1893,0.360221,PgC yr-1,historical,emissions,pangeo,CMIP6
NorESM2-LM,esm-hist,r1i1p1f1,gn,fgco2,1894,0.431023,PgC yr-1,historical,emissions,pangeo,CMIP6
NorESM2-LM,esm-hist,r1i1p1f1,gn,fgco2,1895,0.512628,PgC yr-1,historical,emissions,pangeo,CMIP6
NorESM2-LM,esm-hist,r1i1p1f1,gn,fgco2,1896,0.575739,PgC yr-1,historical,emissions,pangeo,CMIP6
NorESM2-LM,esm-hist,r1i1p1f1,gn,fgco2,1897,0.491109,PgC yr-1,historical,emissions,pangeo,CMIP6
NorESM2-LM,esm-hist,r1i1p1f1,gn,fgco2,1898,0.398153,PgC yr-1,historical,emissions,pangeo,CMIP6
NorESM2-LM,esm-hist,r1i1p1f1,gn,fgco2,1899,0.442842,PgC yr-1,historical,emissions,pangeo,CMIP6
NorESM2-LM,esm-hist,r1i1p1f1,gn,fgco2,1900,0.385456,PgC yr-1,historical,emissions,pangeo,CMIP6
NorESM2-LM,esm-hist,r1i1p1f1,gn,fgco2,1901,0.482995,PgC yr-1,historical,emissions,pangeo,CMIP6
NorESM2-LM,esm-hist,r1i1p1f1,gn,fgco2,1902,0.633501,PgC yr-1,historical,emissions,pangeo,CMIP6
NorESM2-LM,esm-hist,r1i1p1f1,gn,fgco2,1903,0.505383,PgC yr-1,historical,emissions,pangeo,CMIP6
NorESM2-LM,esm-hist,r1i1p1f1,gn,fgco2,1904,0.559234,PgC yr-1,historical,emissions,pangeo,CMIP6
NorESM2-LM,esm-hist,r1i1p1f1,gn,fgco2,1905,0.576284,PgC yr-1,historical,emissions,pangeo,CMIP6
NorESM2-LM,esm-hist,r1i1p1f1,gn,fgco2,1906,0.542878,PgC yr-1,historical,emissions,pangeo,CMIP6
NorESM2-LM,esm-hist,r1i1p1f1,gn,fgco2,1907,0.520896,PgC yr-1,historical,emissions,pangeo,CMIP6
NorESM2-LM,esm-hist,r1i1p1f1,gn,fgco2,1908,0.625102,PgC yr-1,historical,emissions,pangeo,CMIP6
NorESM2-LM,esm-hist,r1i1p1f1,gn,fgco2,1909,0.546114,PgC yr-1,historical,emissions,pangeo,CMIP6
NorESM2-LM,esm-hist,r1i1p1f1,gn,fgco2,1910,0.533017,PgC yr-1,historical,emissions,pangeo,CMIP6
NorESM2-LM,esm-hist,r1i1p1f1,gn,fgco2,1911,0.50208,PgC yr-1,historical,emissions,pangeo,CMIP6
NorESM2-LM,esm-hist,r1i1p1f1,gn,fgco2,1912,0.515421,PgC yr-1,historical,emissions,pangeo,CMIP6
NorESM2-LM,esm-hist,r1i1p1f1,gn,fgco2,1913,0.543301,PgC yr-1,historical,emissions,pangeo,CMIP6
NorESM2-LM,esm-hist,r1i1p1f1,gn,fgco2,1914,0.583186,PgC yr-1,historical,emissions,pangeo,CMIP6
NorESM2-LM,esm-hist,r1i1p1f1,gn,fgco2,1915,0.576528,PgC yr-1,historical,emissions,pangeo,CMIP6
NorESM2-LM,esm-hist,r1i1p1f1,gn,fgco2,1916,0.508456,PgC yr-1,historical,emissions,pangeo,CMIP6
NorESM2-LM,esm-hist,r1i1p1f1,gn,fgco2,1917,0.661599,PgC yr-1,historical,emissions,pangeo,CMIP6
NorESM2-LM,esm-hist,r1i1p1f1,gn,fgco2,1918,0.660778,PgC yr-1,historical,emissions,pangeo,CMIP6
NorESM2-LM,esm-hist,r1i1p1f1,gn,fgco2,1919,0.664894,PgC yr-1,historical,emissions,pangeo,CMIP6
NorESM2-LM,esm-hist,r1i1p1f1,gn,fgco2,1920,0.615843,PgC yr-1,historical,emissions,pangeo,CMIP6
NorESM2-LM,esm-hist,r1i1p1f1,gn,fgco2,1921,0.655224,PgC yr-1,historical,emissions,pangeo,CMIP6
NorESM2-LM,esm-hist,r1i1p1f1,gn,fgco2,1922,0.637601,PgC yr-1,historical,emissions,pangeo,CMIP6
NorESM2-LM,esm-hist,r1i1p1f1,gn,fgco2,1923,0.596319,PgC yr-1,historical,emissions,pangeo,CMIP6
NorESM2-LM,esm-hist,r1i1p1f1,gn,fgco2,1924,0.594185,PgC yr-1,historical,emissions,pangeo,CMIP6
NorESM2-LM,esm-hist,r1i1p1f1,gn,fgco2,1925,0.704275,PgC yr-1,historical,emissions,pangeo,CMIP6
NorESM2-LM,esm-hist,r1i1p1f1,gn,fgco2,1926,0.704123,PgC yr-1,historical,emissions,pangeo,CMIP6
NorESM2-LM,esm-hist,r1i1p1f1,gn,fgco2,1927,0.738274,PgC yr-1,historical,emissions,pangeo,CMIP6
NorESM2-LM,esm-hist,r1i1p1f1,gn,fgco2,1928,0.744409,PgC yr-1,historical,emissions,pangeo,CMIP6
NorESM2-LM,esm-hist,r1i1p1f1,gn,fgco2,1929,0.744317,PgC yr-1,historical,emissions,pangeo,CMIP6
NorESM2-LM,esm-hist,r1i1p1f1,gn,fgco2,1930,0.788823,PgC yr-1,historical,emissions,pangeo,CMIP6
NorESM2-LM,esm-hist,r1i1p1f1,gn,fgco2,1931,0.812094,PgC yr-1,historical,emissions,pangeo,CMIP6
NorESM2-LM,esm-hist,r1i1p1f1,gn,fgco2,1932,0.732158,PgC yr-1,historical,emissions,pangeo,CMIP6
NorESM2-LM,esm-hist,r1i1p1f1,gn,fgco2,1933,0.764359,PgC yr-1,historical,emissions,pangeo,CMIP6
NorESM2-LM,esm-hist,r1i1p1f1,gn,fgco2,1934,0.827586,PgC yr-1,historical,emissions,pangeo,CMIP6
NorESM2-LM,esm-hist,r1i1p1f1,gn,fgco2,1935,0.937555,PgC yr-1,historical,emissions,pangeo,CMIP6
NorESM2-LM,esm-hist,r1i1p1f1,gn,fgco2,1936,0.690837,PgC yr-1,historical,emissions,pangeo,CMIP6
NorESM2-LM,esm-hist,r1i1p1f1,gn,fgco2,1937,0.775698,PgC yr-1,historical,emissions,pangeo,CMIP6
NorESM2-LM,esm-hist,r1i1p1f1,gn,fgco2,1938,0.854597,PgC yr-1,historical,emissions,pangeo,CMIP6
NorESM2-LM,esm-hist,r1i1p1f1,gn,fgco2,1939,0.857785,PgC yr-1,historical,emissions,pangeo,CMIP6
NorESM2-LM,esm-hist,r1i1p1f1,gn,fgco2,1940,0.772394,PgC yr-1,historical,emissions,pangeo,CMIP6
NorESM2-LM,esm-hist,r1i1p1f1,gn,fgco2,1941,0.846293,PgC yr-1,historical,emissions,pangeo,CMIP6
NorESM2-LM,esm-hist,r1i1p1f1,gn,fgco2,1942,0.931122,PgC yr-1,historical,emissions,pangeo,CMIP6
NorESM2-LM,esm-hist,r1i1p1f1,gn,fgco2,1943,0.933892,PgC yr-1,historical,emissions,pangeo,CMIP6
NorESM2-LM,esm-hist,r1i1p1f1,gn,fgco2,1944,0.901177,PgC yr-1,historical,emissions,pangeo,CMIP6
NorESM2-LM,esm-hist,r1i1p1f1,gn,fgco2,1945,0.848225,PgC yr-1,historical,emissions,pangeo,CMIP6
NorESM2-LM,esm-hist,r1i1p1f1,gn,fgco2,1946,0.975473,PgC yr-1,historical,emissions,pangeo,CMIP6
NorESM2-LM,esm-hist,r1i1p1f1,gn,fgco2,1947,0.877375,PgC yr-1,historical,emissions,pangeo,CMIP6
NorESM2-LM,esm-hist,r1i1p1f1,gn,fgco2,1948,0.942085,PgC yr-1,historical,emissions,pangeo,CMIP6
NorESM2-LM,esm-hist,r1i1p1f1,gn,fgco2,1949,1.01948,PgC yr-1,historical,emissions,pangeo,CMIP6
NorESM2-LM,esm-hist,r1i1p1f1,gn,fgco2,1950,0.908667,PgC yr-1,historical,emissions,pangeo,CMIP6
NorESM2-LM,esm-hist,r1i1p1f1,gn,fgco2,1951,1.00185,PgC yr-1,historical,emissions,pangeo,CMIP6
NorESM2-LM,esm-hist,r1i1p1f1,gn,fgco2,1952,0.932648,PgC yr-1,historical,emissions,pangeo,CMIP6
NorESM2-LM,esm-hist,r1i1p1f1,gn,fgco2,1953,1.0751,PgC yr-1,historical,emissions,pangeo,CMIP6
NorESM2-LM,esm-hist,r1i1p1f1,gn,fgco2,1954,0.989125,PgC yr-1,historical,emissions,pangeo,CMIP6
NorESM2-LM,esm-hist,r1i1p1f1,gn,fgco2,1955,1.03313,PgC yr-1,historical,emissions,pangeo,CMIP6
NorESM2-LM,esm-hist,r1i1p1f1,gn,fgco2,1956,1.13046,PgC yr-1,historical,emissions,pangeo,CMIP6
NorESM2-LM,esm-hist,r1i1p1f1,gn,fgco2,1957,1.07074,PgC yr-1,historical,emissions,pangeo,CMIP6
NorESM2-LM,esm-hist,r1i1p1f1,gn,fgco2,1958,1.11535,PgC yr-1,historical,emissions,pangeo,CMIP6
NorESM2-LM,esm-hist,r1i1p1f1,gn,fgco2,1959,1.19564,PgC yr-1,historical,emissions,pangeo,CMIP6
NorESM2-LM,esm-hist,r1i1p1f1,gn,fgco2,1960,1.13379,PgC yr-1,historical,emissions,pangeo,CMIP6
NorESM2-LM,esm-hist,r1i1p1f1,gn,fgco2,1961,1.15235,PgC yr-1,historical,emissions,pangeo,CMIP6
NorESM2-LM,esm-hist,r1i1p1f1,gn,fgco2,1962,1.30429,PgC yr-1,historical,emissions,pangeo,CMIP6
NorESM2-LM,esm-hist,r1i1p1f1,gn,fgco2,1963,1.30151,PgC yr-1,historical,emissions,pangeo,CMIP6
NorESM2-LM,esm-hist,r1i1p1f1,gn,fgco2,1964,1.40356,PgC yr-1,historical,emissions,pangeo,CMIP6
NorESM2-LM,esm-hist,r1i1p1f1,gn,fgco2,1965,1.52487,PgC yr-1,historical,emissions,pangeo,CMIP6
NorESM2-LM,esm-hist,r1i1p1f1,gn,fgco2,1966,1.52376,PgC yr-1,historical,emissions,pangeo,CMIP6
NorESM2-LM,esm-hist,r1i1p1f1,gn,fgco2,1967,1.39783,PgC yr-1,historical,emissions,pangeo,CMIP6
NorESM2-LM,esm-hist,r1i1p1f1,gn,fgco2,1968,1.50683,PgC yr-1,historical,emissions,pangeo,CMIP6
NorESM2-LM,esm-hist,r1i1p1f1,gn,fgco2,1969,1.66481,PgC yr-1,historical,emissions,pangeo,CMIP6
NorESM2-LM,esm-hist,r1i1p1f1,gn,fgco2,1970,1.42579,PgC yr-1,historical,emissions,pangeo,CMIP6
NorESM2-LM,esm-hist,r1i1p1f1,gn,fgco2,1971,1.50853,PgC yr-1,historical,emissions,pangeo,CMIP6
NorESM2-LM,esm-hist,r1i1p1f1,gn,fgco2,1972,1.58977,PgC yr-1,historical,emissions,pangeo,CMIP6
NorESM2-LM,esm-hist,r1i1p1f1,gn,fgco2,1973,1.54823,PgC yr-1,historical,emissions,pangeo,CMIP6
NorESM2-LM,esm-hist,r1i1p1f1,gn,fgco2,1974,1.51675,PgC yr-1,historical,emissions,pangeo,CMIP6
NorESM2-LM,esm-hist,r1i1p1f1,gn,fgco2,1975,1.70421,PgC yr-1,historical,emissions,pangeo,CMIP6
NorESM2-LM,esm-hist,r1i1p1f1,gn,fgco2,1976,1.76656,PgC yr-1,historical,emissions,pangeo,CMIP6
NorESM2-LM,esm-hist,r1i1p1f1,gn,fgco2,1977,1.65838,PgC yr-1,historical,emissions,pangeo,CMIP6
NorESM2-LM,esm-hist,r1i1p1f1,gn,fgco2,1978,1.58949,PgC yr-1,historical,emissions,pangeo,CMIP6
NorESM2-LM,esm-hist,r1i1p1f1,gn,fgco2,1979,1.73927,PgC yr-1,historical,emissions,pangeo,CMIP6
NorESM2-LM,esm-hist,r1i1p1f1,gn,fgco2,1980,1.77413,PgC yr-1,historical,emissions,pangeo,CMIP6
NorESM2-LM,esm-hist,r1i1p1f1,gn,fgco2,1981,1.77084,PgC yr-1,historical,emissions,pangeo,CMIP6
NorESM2-LM,esm-hist,r1i1p1f1,gn,fgco2,1982,1.82594,PgC yr-1,historical,emissions,pangeo,CMIP6
NorESM2-LM,esm-hist,r1i1p1f1,gn,fgco2,1983,1.8593,PgC yr-1,historical,emissions,pangeo,CMIP6
NorESM2-LM,esm-hist,r1i1p1f1,gn,fgco2,1984,1.98047,PgC yr-1,historical,emissions,pangeo,CMIP6
NorESM2-LM,esm-hist,r1i1p1f1,gn,fgco2,1985,2.05678,PgC yr-1,historical,emissions,pangeo,CMIP6
NorESM2-LM,esm-hist,r1i1p1f1,gn,fgco2,1986,2.04493,PgC yr-1,historical,emissions,pangeo,CMIP6
NorESM2-LM,esm-hist,r1i1p1f1,gn,fgco2,1987,1.90263,PgC yr-1,historical,emissions,pangeo,CMIP6
NorESM2-LM,esm-hist,r1i1p1f1,gn,fgco2,1988,1.95161,PgC yr-1,historical,emissions,pangeo,CMIP6
NorESM2-LM,esm-hist,r1i1p1f1,gn,fgco2,1989,1.97884,PgC yr-1,historical,emissions,pangeo,CMIP6
NorESM2-LM,esm-hist,r1i1p1f1,gn,fgco2,1990,1.9204,PgC yr-1,historical,emissions,pangeo,CMIP6
NorESM2-LM,esm-hist,r1i1p1f1,gn,fgco2,1991,1.96818,PgC yr-1,historical,emissions,pangeo,CMIP6
NorESM2-LM,esm-hist,r1i1p1f1,gn,fgco2,1992,2.20645,PgC yr-1,historical,emissions,pangeo,CMIP6
NorESM2-LM,esm-hist,r1i1p1f1,gn,fgco2,1993,2.15691,PgC yr-1,historical,emissions,pangeo,CMIP6
NorESM2-LM,esm-hist,r1i1p1f1,gn,fgco2,1994,2.05852,PgC yr-1,historical,emissions,pangeo,CMIP6
NorESM2-LM,esm-hist,r1i1p1f1,gn,fgco2,1995,2.01224,PgC yr-1,historical,emissions,pangeo,CMIP6
NorESM2-LM,esm-hist,r1i1p1f1,gn,fgco2,1996,2.24913,PgC yr-1,historical,emissions,pangeo,CMIP6
NorESM2-LM,esm-hist,r1i1p1f1,gn,fgco2,1997,2.18698,PgC yr-1,historical,emissions,pangeo,CMIP6
NorESM2-LM,esm-hist,r1i1p1f1,gn,fgco2,1998,2.15383,PgC yr-1,historical,emissions,pangeo,CMIP6
NorESM2-LM,esm-hist,r1i1p1f1,gn,fgco2,1999,2.1266,PgC yr-1,historical,emissions,pangeo,CMIP6
NorESM2-LM,esm-hist,r1i1p1f1,gn,fgco2,2000,2.1685,PgC yr-1,historical,emissions,pangeo,CMIP6
NorESM2-LM,esm-hist,r1i1p1f1,gn,fgco2,2001,2.11615,PgC yr-1,historical,emissions,pangeo,CMIP6
NorESM2-LM,esm-hist,r1i1p1f1,gn,fgco2,2002,2.3583,PgC yr-1,historical,emissions,pangeo,CMIP6
NorESM2-LM,esm-hist,r1i1p1f1,gn,fgco2,2003,2.39184,PgC yr-1,historical,emissions,pangeo,CMIP6
NorESM2-LM,esm-hist,r1i1p1f1,gn,fgco2,2004,2.23358,PgC yr-1,historical,emissions,pangeo,CMIP6
NorESM2-LM,esm-hist,r1i1p1f1,gn,fgco2,2005,2.30394,PgC yr-1,historical,emissions,pangeo,CMIP6
NorESM2-LM,esm-hist,r1i1p1f1,gn,fgco2,2006,2.27923,PgC yr-1,historical,emissions,pangeo,CMIP6
NorESM2-LM,esm-hist,r1i1p1f1,gn,fgco2,2007,2.40799,PgC yr-1,historical,emissions,pangeo,CMIP6
NorESM2-LM,esm-hist,r1i1p1f1,gn,fgco2,2008,2.32945,PgC yr-1,historical,emissions,pangeo,CMIP6
NorESM2-LM,esm-hist,r1i1p1f1,gn,fgco2,2009,2.3621,PgC yr-1,historical,emissions,pangeo,CMIP6
NorESM2-LM,esm-hist,r1i1p1f1,gn,fgco2,2010,2.40013,PgC yr-1,historical,emissions,pangeo,CMIP6
NorESM2-LM,esm-hist,r1i1p1f1,gn,fgco2,2011,2.64942,PgC yr-1,historical,emissions,pangeo,CMIP6
NorESM2-LM,esm-hist,r1i1p1f1,gn,fgco2,2012,2.67074,PgC yr-1,historical,emissions,pangeo,CMIP6
NorESM2-LM,esm-hist,r1i1p1f1,gn,fgco2,2013,2.74232,PgC yr-1,historical,emissions,pangeo,CMIP6
NorESM2-LM,esm-hist,r1i1p1f1,gn,fgco2,2014,2.75087,PgC yr-1,historical,emissions,pangeo,CMIP6
NorESM2-LM,esm-ssp585,r1i1p1f1,gn,fgco2,2015,2.73041,PgC yr-1,ssp585,emissions,pangeo,CMIP6
NorESM2-LM,esm-ssp585,r1i1p1f1,gn,fgco2,2016,2.82415,PgC yr-1,ssp585,emissions,pangeo,CMIP6
NorESM2-LM,esm-ssp585,r1i1p1f1,gn,fgco2,2017,2.75104,PgC yr-1,ssp585,emissions,pangeo,CMIP6
NorESM2-LM,esm-ssp585,r1i1p1f1,gn,fgco2,2018,2.83932,PgC yr-1,ssp585,emissions,pangeo,CMIP6
NorESM2-LM,esm-ssp585,r1i1p1f1,gn,fgco2,2019,2.90038,PgC yr-1,ssp585,emissions,pangeo,CMIP6
NorESM2-LM,esm-ssp585,r1i1p1f1,gn,fgco2,2020,2.94201,PgC yr-1,ssp585,emissions,pangeo,CMIP6
NorESM2-LM,esm-ssp585,r1i1p1f1,gn,fgco2,2021,3.00538,PgC yr-1,ssp585,emissions,pangeo,CMIP6
NorESM2-LM,esm-ssp585,r1i1p1f1,gn,fgco2,2022,3.1753,PgC yr-1,ssp585,emissions,pangeo,CMIP6
NorESM2-LM,esm-ssp585,r1i1p1f1,gn,fgco2,2023,3.21709,PgC yr-1,ssp585,emissions,pangeo,CMIP6
NorESM2-LM,esm-ssp585,r1i1p1f1,gn,fgco2,2024,3.38939,PgC yr-1,ssp585,emissions,pangeo,CMIP6
NorESM2-LM,esm-ssp585,r1i1p1f1,gn,fgco2,2025,3.27286,PgC yr-1,ssp585,emissions,pangeo,CMIP6
NorESM2-LM,esm-ssp585,r1i1p1f1,gn,fgco2,2026,3.27681,PgC yr-1,ssp585,emissions,pangeo,CMIP6
NorESM2-LM,esm-ssp585,r1i1p1f1,gn,fgco2,2027,3.46218,PgC yr-1,ssp585,emissions,pangeo,CMIP6
NorESM2-LM,esm-ssp585,r1i1p1f1,gn,fgco2,2028,3.57593,PgC yr-1,ssp585,emissions,pangeo,CMIP6
NorESM2-LM,esm-ssp585,r1i1p1f1,gn,fgco2,2029,3.64781,PgC yr-1,ssp585,emissions,pangeo,CMIP6
NorESM2-LM,esm-ssp585,r1i1p1f1,gn,fgco2,2030,3.7321,PgC yr-1,ssp585,emissions,pangeo,CMIP6
NorESM2-LM,esm-ssp585,r1i1p1f1,gn,fgco2,2031,3.75895,PgC yr-1,ssp585,emissions,pangeo,CMIP6
NorESM2-LM,esm-ssp585,r1i1p1f1,gn,fgco2,2032,3.6741,PgC yr-1,ssp585,emissions,pangeo,CMIP6
NorESM2-LM,esm-ssp585,r1i1p1f1,gn,fgco2,2033,3.62592,PgC yr-1,ssp585,emissions,pangeo,CMIP6
NorESM2-LM,esm-ssp585,r1i1p1f1,gn,fgco2,2034,3.62249,PgC yr-1,ssp585,emissions,pangeo,CMIP6
NorESM2-LM,esm-ssp585,r1i1p1f1,gn,fgco2,2035,3.91619,PgC yr-1,ssp585,emissions,pangeo,CMIP6
NorESM2-LM,esm-ssp585,r1i1p1f1,gn,fgco2,2036,3.90722,PgC yr-1,ssp585,emissions,pangeo,CMIP6
NorESM2-LM,esm-ssp585,r1i1p1f1,gn,fgco2,2037,3.91842,PgC yr-1,ssp585,emissions,pangeo,CMIP6
NorESM2-LM,esm-ssp585,r1i1p1f1,gn,fgco2,2038,3.79147,PgC yr-1,ssp585,emissions,pangeo,CMIP6
NorESM2-LM,esm-ssp585,r1i1p1f1,gn,fgco2,2039,3.958,PgC yr-1,ssp585,emissions,pangeo,CMIP6
NorESM2-LM,esm-ssp585,r1i1p1f1,gn,fgco2,2040,4.1133,PgC yr-1,ssp585,emissions,pangeo,CMIP6
NorESM2-LM,esm-ssp585,r1i1p1f1,gn,fgco2,2041,4.19726,PgC yr-1,ssp585,emissions,pangeo,CMIP6
NorESM2-LM,esm-ssp585,r1i1p1f1,gn,fgco2,2042,4.27268,PgC yr-1,ssp585,emissions,pangeo,CMIP6
NorESM2-LM,esm-ssp585,r1i1p1f1,gn,fgco2,2043,4.32091,PgC yr-1,ssp585,emissions,pangeo,CMIP6
NorESM2-LM,esm-ssp585,r1i1p1f1,gn,fgco2,2044,4.27158,PgC yr-1,ssp585,emissions,pangeo,CMIP6
NorESM2-LM,esm-ssp585,r1i1p1f1,gn,fgco2,2045,4.32953,PgC yr-1,ssp585,emissions,pangeo,CMIP6
NorESM2-LM,esm-ssp585,r1i1p1f1,gn,fgco2,2046,4.42243,PgC yr-1,ssp585,emissions,pangeo,CMIP6
NorESM2-LM,esm-ssp585,r1i1p1f1,gn,fgco2,2047,4.43377,PgC yr-1,ssp585,emissions,pangeo,CMIP6
NorESM2-LM,esm-ssp585,r1i1p1f1,gn,fgco2,2048,4.55169,PgC yr-1,ssp585,emissions,pangeo,CMIP6
NorESM2-LM,esm-ssp585,r1i1p1f1,gn,fgco2,2049,4.62799,PgC yr-1,ssp585,emissions,pangeo,CMIP6
NorESM2-LM,esm-ssp585,r1i1p1f1,gn,fgco2,2050,4.56397,PgC yr-1,ssp585,emissions,pangeo,CMIP6
NorESM2-LM,esm-ssp585,r1i1p1f1,gn,fgco2,2051,4.78058,PgC yr-1,ssp585,emissions,pangeo,CMIP6
NorESM2-LM,esm-ssp585,r1i1p1f1,gn,fgco2,2052,4.70039,PgC yr-1,ssp585,emissions,pangeo,CMIP6
NorESM2-LM,esm-ssp585,r1i1p1f1,gn,fgco2,2053,4.64797,PgC yr-1,ssp585,emissions,pangeo,CMIP6
NorESM2-LM,esm-ssp585,r1i1p1f1,gn,fgco2,2054,4.86145,PgC yr-1,ssp585,emissions,pangeo,CMIP6
NorESM2-LM,esm-ssp585,r1i1p1f1,gn,fgco2,2055,4.97072,PgC yr-1,ssp585,emissions,pangeo,CMIP6
NorESM2-LM,esm-ssp585,r1i1p1f1,gn,fgco2,2056,4.98779,PgC yr-1,ssp585,emissions,pangeo,CMIP6
NorESM2-LM,esm-ssp585,r1i1p1f1,gn,fgco2,2057,5.03457,PgC yr-1,ssp585,emissions,pangeo,CMIP6
NorESM2-LM,esm-ssp585,r1i1p1f1,gn,fgco2,2058,5.03809,PgC yr-1,ssp585,emissions,pangeo,CMIP6
NorESM2-LM,esm-ssp585,r1i1p1f1,gn,fgco2,2059,5.17467,PgC yr-1,ssp585,emissions,pangeo,CMIP6
NorESM2-LM,esm-ssp585,r1i1p1f1,gn,fgco2,2060,5.19383,PgC yr-1,ssp585,emissions,pangeo,CMIP6
NorESM2-LM,esm-ssp585,r1i1p1f1,gn,fgco2,2061,5.13882,PgC yr-1,ssp585,emissions,pangeo,CMIP6
NorESM2-LM,esm-ssp585,r1i1p1f1,gn,fgco2,2062,5.3008,PgC yr-1,ssp585,emissions,pangeo,CMIP6
NorESM2-LM,esm-ssp585,r1i1p1f1,gn,fgco2,2063,5.53767,PgC yr-1,ssp585,emissions,pangeo,CMIP6
NorESM2-LM,esm-ssp585,r1i1p1f1,gn,fgco2,2064,5.36376,PgC yr-1,ssp585,emissions,pangeo,CMIP6
NorESM2-LM,esm-ssp585,r1i1p1f1,gn,fgco2,2065,5.35801,PgC yr-1,ssp585,emissions,pangeo,CMIP6
NorESM2-LM,esm-ssp585,r1i1p1f1,gn,fgco2,2066,5.45499,PgC yr-1,ssp585,emissions,pangeo,CMIP6
NorESM2-LM,esm-ssp585,r1i1p1f1,gn,fgco2,2067,5.61725,PgC yr-1,ssp585,emissions,pangeo,CMIP6
NorESM2-LM,esm-ssp585,r1i1p1f1,gn,fgco2,2068,5.72221,PgC yr-1,ssp585,emissions,pangeo,CMIP6
NorESM2-LM,esm-ssp585,r1i1p1f1,gn,fgco2,2069,5.48294,PgC yr-1,ssp585,emissions,pangeo,CMIP6
NorESM2-LM,esm-ssp585,r1i1p1f1,gn,fgco2,2070,5.69612,PgC yr-1,ssp585,emissions,pangeo,CMIP6
NorESM2-LM,esm-ssp585,r1i1p1f1,gn,fgco2,2071,5.88066,PgC yr-1,ssp585,emissions,pangeo,CMIP6
NorESM2-LM,esm-ssp585,r1i1p1f1,gn,fgco2,2072,5.72849,PgC yr-1,ssp585,emissions,pangeo,CMIP6
NorESM2-LM,esm-ssp585,r1i1p1f1,gn,fgco2,2073,5.87425,PgC yr-1,ssp585,emissions,pangeo,CMIP6
NorESM2-LM,esm-ssp585,r1i1p1f1,gn,fgco2,2074,5.8808,PgC yr-1,ssp585,emissions,pangeo,CMIP6
NorESM2-LM,esm-ssp585,r1i1p1f1,gn,fgco2,2075,5.77935,PgC yr-1,ssp585,emissions,pangeo,CMIP6
NorESM2-LM,esm-ssp585,r1i1p1f1,gn,fgco2,2076,5.77118,PgC yr-1,ssp585,emissions,pangeo,CMIP6
NorESM2-LM,esm-ssp585,r1i1p1f1,gn,fgco2,2077,5.69237,PgC yr-1,ssp585,emissions,pangeo,CMIP6
NorESM2-LM,esm-ssp585,r1i1p1f1,gn,fgco2,2078,5.91425,PgC yr-1,ssp585,emissions,pangeo,CMIP6
NorESM2-LM,esm-ssp585,r1i1p1f1,gn,fgco2,2079,5.90878,PgC yr-1,ssp585,emissions,pangeo,CMIP6
NorESM2-LM,esm-ssp585,r1i1p1f1,gn,fgco2,2080,5.7221,PgC yr-1,ssp585,emissions,pangeo,CMIP6
NorESM2-LM,esm-ssp585,r1i1p1f1,gn,fgco2,2081,5.7006,PgC yr-1,ssp585,emissions,pangeo,CMIP6
NorESM2-LM,esm-ssp585,r1i1p1f1,gn,fgco2,2082,5.77441,PgC yr-1,ssp585,emissions,pangeo,CMIP6
NorESM2-LM,esm-ssp585,r1i1p1f1,gn,fgco2,2083,5.74644,PgC yr-1,ssp585,emissions,pangeo,CMIP6
NorESM2-LM,esm-ssp585,r1i1p1f1,gn,fgco2,2084,5.73105,PgC yr-1,ssp585,emissions,pangeo,CMIP6
NorESM2-LM,esm-ssp585,r1i1p1f1,gn,fgco2,2085,5.78384,PgC yr-1,ssp585,emissions,pangeo,CMIP6
NorESM2-LM,esm-ssp585,r1i1p1f1,gn,fgco2,2086,5.68097,PgC yr-1,ssp585,emissions,pangeo,CMIP6
NorESM2-LM,esm-ssp585,r1i1p1f1,gn,fgco2,2087,5.53136,PgC yr-1,ssp585,emissions,pangeo,CMIP6
NorESM2-LM,esm-ssp585,r1i1p1f1,gn,fgco2,2088,5.72746,PgC yr-1,ssp585,emissions,pangeo,CMIP6
NorESM2-LM,esm-ssp585,r1i1p1f1,gn,fgco2,2089,5.77,PgC yr-1,ssp585,emissions,pangeo,CMIP6
NorESM2-LM,esm-ssp585,r1i1p1f1,gn,fgco2,2090,5.69221,PgC yr-1,ssp585,emissions,pangeo,CMIP6
NorESM2-LM,esm-ssp585,r1i1p1f1,gn,fgco2,2091,5.91403,PgC yr-1,ssp585,emissions,pangeo,CMIP6
NorESM2-LM,esm-ssp585,r1i1p1f1,gn,fgco2,2092,5.77397,PgC yr-1,ssp585,emissions,pangeo,CMIP6
NorESM2-LM,esm-ssp585,r1i1p1f1,gn,fgco2,2093,5.70133,PgC yr-1,ssp585,emissions,pangeo,CMIP6
NorESM2-LM,esm-ssp585,r1i1p1f1,gn,fgco2,2094,5.70393,PgC yr-1,ssp585,emissions,pangeo,CMIP6
NorESM2-LM,esm-ssp585,r1i1p1f1,gn,fgco2,2095,5.59788,PgC yr-1,ssp585,emissions,pangeo,CMIP6
NorESM2-LM,esm-ssp585,r1i1p1f1,gn,fgco2,2096,5.62871,PgC yr-1,ssp585,emissions,pangeo,CMIP6
NorESM2-LM,esm-ssp585,r1i1p1f1,gn,fgco2,2097,5.52378,PgC yr-1,ssp585,emissions,pangeo,CMIP6
NorESM2-LM,esm-ssp585,r1i1p1f1,gn,fgco2,2098,5.53185,PgC yr-1,ssp585,emissions,pangeo,CMIP6
NorESM2-LM,esm-ssp585,r1i1p1f1,gn,fgco2,2099,5.5409,PgC yr-1,ssp585,emissions,pangeo,CMIP6
NorESM2-LM,esm-ssp585,r1i1p1f1,gn,fgco2,2100,5.32986,PgC yr-1,ssp585,emissions,pangeo,CMIP6
UKESM1-0-LL,esm-ssp585,r1i1p1f2,gn,fgco2,2015,2.75467,PgC yr-1,ssp585,emissions,pangeo,CMIP6
UKESM1-0-LL,esm-ssp585,r1i1p1f2,gn,fgco2,2016,2.72882,PgC yr-1,ssp585,emissions,pangeo,CMIP6
UKESM1-0-LL,esm-ssp585,r1i1p1f2,gn,fgco2,2017,2.79324,PgC yr-1,ssp585,emissions,pangeo,CMIP6
UKESM1-0-LL,esm-ssp585,r1i1p1f2,gn,fgco2,2018,2.62606,PgC yr-1,ssp585,emissions,pangeo,CMIP6
UKESM1-0-LL,esm-ssp585,r1i1p1f2,gn,fgco2,2019,2.79652,PgC yr-1,ssp585,emissions,pangeo,CMIP6
UKESM1-0-LL,esm-ssp585,r1i1p1f2,gn,fgco2,2020,2.90086,PgC yr-1,ssp585,emissions,pangeo,CMIP6
UKESM1-0-LL,esm-ssp585,r1i1p1f2,gn,fgco2,2021,2.88674,PgC yr-1,ssp585,emissions,pangeo,CMIP6
UKESM1-0-LL,esm-ssp585,r1i1p1f2,gn,fgco2,2022,2.88224,PgC yr-1,ssp585,emissions,pangeo,CMIP6
UKESM1-0-LL,esm-ssp585,r1i1p1f2,gn,fgco2,2023,2.95202,PgC yr-1,ssp585,emissions,pangeo,CMIP6
UKESM1-0-LL,esm-ssp585,r1i1p1f2,gn,fgco2,2024,3.20056,PgC yr-1,ssp585,emissions,pangeo,CMIP6
UKESM1-0-LL,esm-ssp585,r1i1p1f2,gn,fgco2,2025,3.08589,PgC yr-1,ssp585,emissions,pangeo,CMIP6
UKESM1-0-LL,esm-ssp585,r1i1p1f2,gn,fgco2,2026,3.16736,PgC yr-1,ssp585,emissions,pangeo,CMIP6
UKESM1-0-LL,esm-ssp585,r1i1p1f2,gn,fgco2,2027,3.25326,PgC yr-1,ssp585,emissions,pangeo,CMIP6
UKESM1-0-LL,esm-ssp585,r1i1p1f2,gn,fgco2,2028,3.341,PgC yr-1,ssp585,emissions,pangeo,CMIP6
UKESM1-0-LL,esm-ssp585,r1i1p1f2,gn,fgco2,2029,3.38233,PgC yr-1,ssp585,emissions,pangeo,CMIP6
UKESM1-0-LL,esm-ssp585,r1i1p1f2,gn,fgco2,2030,3.41454,PgC yr-1,ssp585,emissions,pangeo,CMIP6
UKESM1-0-LL,esm-ssp585,r1i1p1f2,gn,fgco2,2031,3.26087,PgC yr-1,ssp585,emissions,pangeo,CMIP6
UKESM1-0-LL,esm-ssp585,r1i1p1f2,gn,fgco2,2032,3.35004,PgC yr-1,ssp585,emissions,pangeo,CMIP6
UKESM1-0-LL,esm-ssp585,r1i1p1f2,gn,fgco2,2033,3.45056,PgC yr-1,ssp585,emissions,pangeo,CMIP6
UKESM1-0-LL,esm-ssp585,r1i1p1f2,gn,fgco2,2034,3.52132,PgC yr-1,ssp585,emissions,pangeo,CMIP6
UKESM1-0-LL,esm-ssp585,r1i1p1f2,gn,fgco2,2035,3.5618,PgC yr-1,ssp585,emissions,pangeo,CMIP6
UKESM1-0-LL,esm-ssp585,r1i1p1f2,gn,fgco2,2036,3.86708,PgC yr-1,ssp585,emissions,pangeo,CMIP6
UKESM1-0-LL,esm-ssp585,r1i1p1f2,gn,fgco2,2037,3.81679,PgC yr-1,ssp585,emissions,pangeo,CMIP6
UKESM1-0-LL,esm-ssp585,r1i1p1f2,gn,fgco2,2038,4.01612,PgC yr-1,ssp585,emissions,pangeo,CMIP6
UKESM1-0-LL,esm-ssp585,r1i1p1f2,gn,fgco2,2039,4.24346,PgC yr-1,ssp585,emissions,pangeo,CMIP6
UKESM1-0-LL,esm-ssp585,r1i1p1f2,gn,fgco2,2040,4.0302,PgC yr-1,ssp585,emissions,pangeo,CMIP6
UKESM1-0-LL,esm-ssp585,r1i1p1f2,gn,fgco2,2041,4.04146,PgC yr-1,ssp585,emissions,pangeo,CMIP6
UKESM1-0-LL,esm-ssp585,r1i1p1f2,gn,fgco2,2042,4.20814,PgC yr-1,ssp585,emissions,pangeo,CMIP6
UKESM1-0-LL,esm-ssp585,r1i1p1f2,gn,fgco2,2043,4.46545,PgC yr-1,ssp585,emissions,pangeo,CMIP6
UKESM1-0-LL,esm-ssp585,r1i1p1f2,gn,fgco2,2044,4.30819,PgC yr-1,ssp585,emissions,pangeo,CMIP6
UKESM1-0-LL,esm-ssp585,r1i1p1f2,gn,fgco2,2045,4.24505,PgC yr-1,ssp585,emissions,pangeo,CMIP6
UKESM1-0-LL,esm-ssp585,r1i1p1f2,gn,fgco2,2046,4.28535,PgC yr-1,ssp585,emissions,pangeo,CMIP6
UKESM1-0-LL,esm-ssp585,r1i1p1f2,gn,fgco2,2047,4.35278,PgC yr-1,ssp585,emissions,pangeo,CMIP6
UKESM1-0-LL,esm-ssp585,r1i1p1f2,gn,fgco2,2048,4.48188,PgC yr-1,ssp585,emissions,pangeo,CMIP6
UKESM1-0-LL,esm-ssp585,r1i1p1f2,gn,fgco2,2049,4.52921,PgC yr-1,ssp585,emissions,pangeo,CMIP6
UKESM1-0-LL,esm-ssp585,r1i1p1f2,gn,fgco2,2050,4.41935,PgC yr-1,ssp585,emissions,pangeo,CMIP6
UKESM1-0-LL,esm-ssp585,r1i1p1f2,gn,fgco2,2051,4.57598,PgC yr-1,ssp585,emissions,pangeo,CMIP6
UKESM1-0-LL,esm-ssp585,r1i1p1f2,gn,fgco2,2052,4.71486,PgC yr-1,ssp585,emissions,pangeo,CMIP6
UKESM1-0-LL,esm-ssp585,r1i1p1f2,gn,fgco2,2053,4.77015,PgC yr-1,ssp585,emissions,pangeo,CMIP6
UKESM1-0-LL,esm-ssp585,r1i1p1f2,gn,fgco2,2054,4.69835,PgC yr-1,ssp585,emissions,pangeo,CMIP6
UKESM1-0-LL,esm-ssp585,r1i1p1f2,gn,fgco2,2055,4.86759,PgC yr-1,ssp585,emissions,pangeo,CMIP6
UKESM1-0-LL,esm-ssp585,r1i1p1f2,gn,fgco2,2056,4.82138,PgC yr-1,ssp585,emissions,pangeo,CMIP6
UKESM1-0-LL,esm-ssp585,r1i1p1f2,gn,fgco2,2057,4.92355,PgC yr-1,ssp585,emissions,pangeo,CMIP6
UKESM1-0-LL,esm-ssp585,r1i1p1f2,gn,fgco2,2058,4.8295,PgC yr-1,ssp585,emissions,pangeo,CMIP6
UKESM1-0-LL,esm-ssp585,r1i1p1f2,gn,fgco2,2059,4.95088,PgC yr-1,ssp585,emissions,pangeo,CMIP6
UKESM1-0-LL,esm-ssp585,r1i1p1f2,gn,fgco2,2060,4.98087,PgC yr-1,ssp585,emissions,pangeo,CMIP6
UKESM1-0-LL,esm-ssp585,r1i1p1f2,gn,fgco2,2061,5.01345,PgC yr-1,ssp585,emissions,pangeo,CMIP6
UKESM1-0-LL,esm-ssp585,r1i1p1f2,gn,fgco2,2062,5.31298,PgC yr-1,ssp585,emissions,pangeo,CMIP6
UKESM1-0-LL,esm-ssp585,r1i1p1f2,gn,fgco2,2063,5.05449,PgC yr-1,ssp585,emissions,pangeo,CMIP6
UKESM1-0-LL,esm-ssp585,r1i1p1f2,gn,fgco2,2064,5.08665,PgC yr-1,ssp585,emissions,pangeo,CMIP6
UKESM1-0-LL,esm-ssp585,r1i1p1f2,gn,fgco2,2065,5.20977,PgC yr-1,ssp585,emissions,pangeo,CMIP6
UKESM1-0-LL,esm-ssp585,r1i1p1f2,gn,fgco2,2066,5.30769,PgC yr-1,ssp585,emissions,pangeo,CMIP6
UKESM1-0-LL,esm-ssp585,r1i1p1f2,gn,fgco2,2067,5.28027,PgC yr-1,ssp585,emissions,pangeo,CMIP6
UKESM1-0-LL,esm-ssp585,r1i1p1f2,gn,fgco2,2068,5.42093,PgC yr-1,ssp585,emissions,pangeo,CMIP6
UKESM1-0-LL,esm-ssp585,r1i1p1f2,gn,fgco2,2069,5.31835,PgC yr-1,ssp585,emissions,pangeo,CMIP6
UKESM1-0-LL,esm-ssp585,r1i1p1f2,gn,fgco2,2070,5.3137,PgC yr-1,ssp585,emissions,pangeo,CMIP6
UKESM1-0-LL,esm-ssp585,r1i1p1f2,gn,fgco2,2071,5.65013,PgC yr-1,ssp585,emissions,pangeo,CMIP6
UKESM1-0-LL,esm-ssp585,r1i1p1f2,gn,fgco2,2072,5.67247,PgC yr-1,ssp585,emissions,pangeo,CMIP6
UKESM1-0-LL,esm-ssp585,r1i1p1f2,gn,fgco2,2073,5.62942,PgC yr-1,ssp585,emissions,pangeo,CMIP6
UKESM1-0-LL,esm-ssp585,r1i1p1f2,gn,fgco2,2074,5.51434,PgC yr-1,ssp585,emissions,pangeo,CMIP6
UKESM1-0-LL,esm-ssp585,r1i1p1f2,gn,fgco2,2075,5.65741,PgC yr-1,ssp585,emissions,pangeo,CMIP6
UKESM1-0-LL,esm-ssp585,r1i1p1f2,gn,fgco2,2076,5.59977,PgC yr-1,ssp585,emissions,pangeo,CMIP6
UKESM1-0-LL,esm-ssp585,r1i1p1f2,gn,fgco2,2077,5.50785,PgC yr-1,ssp585,emissions,pangeo,CMIP6
UKESM1-0-LL,esm-ssp585,r1i1p1f2,gn,fgco2,2078,5.51231,PgC yr-1,ssp585,emissions,pangeo,CMIP6
UKESM1-0-LL,esm-ssp585,r1i1p1f2,gn,fgco2,2079,5.42901,PgC yr-1,ssp585,emissions,pangeo,CMIP6
UKESM1-0-LL,esm-ssp585,r1i1p1f2,gn,fgco2,2080,5.67082,PgC yr-1,ssp585,emissions,pangeo,CMIP6
UKESM1-0-LL,esm-ssp585,r1i1p1f2,gn,fgco2,2081,5.48074,PgC yr-1,ssp585,emissions,pangeo,CMIP6
UKESM1-0-LL,esm-ssp585,r1i1p1f2,gn,fgco2,2082,5.50114,PgC yr-1,ssp585,emissions,pangeo,CMIP6
UKESM1-0-LL,esm-ssp585,r1i1p1f2,gn,fgco2,2083,5.53878,PgC yr-1,ssp585,emissions,pangeo,CMIP6
UKESM1-0-LL,esm-ssp585,r1i1p1f2,gn,fgco2,2084,5.34333,PgC yr-1,ssp585,emissions,pangeo,CMIP6
UKESM1-0-LL,esm-ssp585,r1i1p1f2,gn,fgco2,2085,5.51423,PgC yr-1,ssp585,emissions,pangeo,CMIP6
UKESM1-0-LL,esm-ssp585,r1i1p1f2,gn,fgco2,2086,5.50783,PgC yr-1,ssp585,emissions,pangeo,CMIP6
UKESM1-0-LL,esm-ssp585,r1i1p1f2,gn,fgco2,2087,5.48098,PgC yr-1,ssp585,emissions,pangeo,CMIP6
UKESM1-0-LL,esm-ssp585,r1i1p1f2,gn,fgco2,2088,5.40064,PgC yr-1,ssp585,emissions,pangeo,CMIP6
UKESM1-0-LL,esm-ssp585,r1i1p1f2,gn,fgco2,2089,5.41857,PgC yr-1,ssp585,emissions,pangeo,CMIP6
UKESM1-0-LL,esm-ssp585,r1i1p1f2,gn,fgco2,2090,5.22089,PgC yr-1,ssp585,emissions,pangeo,CMIP6
UKESM1-0-LL,esm-ssp585,r1i1p1f2,gn,fgco2,2091,5.26492,PgC yr-1,ssp585,emissions,pangeo,CMIP6
UKESM1-0-LL,esm-ssp585,r1i1p1f2,gn,fgco2,2092,5.42889,PgC yr-1,ssp585,emissions,pangeo,CMIP6
UKESM1-0-LL,esm-ssp585,r1i1p1f2,gn,fgco2,2093,5.30776,PgC yr-1,ssp585,emissions,pangeo,CMIP6
UKESM1-0-LL,esm-ssp585,r1i1p1f2,gn,fgco2,2094,5.36841,PgC yr-1,ssp585,emissions,pangeo,CMIP6
UKESM1-0-LL,esm-ssp585,r1i1p1f2,gn,fgco2,2095,5.26906,PgC yr-1,ssp585,emissions,pangeo,CMIP6
UKESM1-0-LL,esm-ssp585,r1i1p1f2,gn,fgco2,2096,5.26405,PgC yr-1,ssp585,emissions,pangeo,CMIP6
UKESM1-0-LL,esm-ssp585,r1i1p1f2,gn,fgco2,2097,5.19453,PgC yr-1,ssp585,emissions,pangeo,CMIP6
UKESM1-0-LL,esm-ssp585,r1i1p1f2,gn,fgco2,2098,5.23145,PgC yr-1,ssp585,emissions,pangeo,CMIP6
UKESM1-0-LL,esm-ssp585,r1i1p1f2,gn,fgco2,2099,5.09135,PgC yr-1,ssp585,emissions,pangeo,CMIP6
UKESM1-0-LL,esm-ssp585,r1i1p1f2,gn,fgco2,2100,5.01724,PgC yr-1,ssp585,emissions,pangeo,CMIP6
