source_id,experiment_id,variant_label,grid_label,variable_id,year,value,units,family,driving,source,mip_era
ACCESS-ESM1-5,esm-hist,r1i1p1f1,gn,tas,1850,287.817,K,historical,emissions,pangeo,CMIP6
ACCESS-ESM1-5,esm-hist,r1i1p1f1,gn,tas,1851,287.912,K,historical,emissions,pangeo,CMIP6
ACCESS-ESM1-5,esm-hist,r1i1p1f1,gn,tas,1852,287.888,K,historical,emissions,pangeo,CMIP6
ACCESS-ESM1-5,esm-hist,r1i1p1f1,gn,tas,1853,287.664,K,historical,emissions,pangeo,CMIP6
ACCESS-ESM1-5,esm-hist,r1i1p1f1,gn,tas,1854,287.633,K,historical,emissions,pangeo,CMIP6
ACCESS-ESM1-5,esm-hist,r1i1p1f1,gn,tas,1855,287.748,K,historical,emissions,pangeo,CMIP6
ACCESS-ESM1-5,esm-hist,r1i1p1f1,gn,tas,1856,287.61,K,historical,emissions,pangeo,CMIP6
ACCESS-ESM1-5,esm-hist,r1i1p1f1,gn,tas,1857,287.711,K,historical,emissions,pangeo,CMIP6
ACCESS-ESM1-5,esm-hist,r1i1p1f1,gn,tas,1858,287.81,K,historical,emissions,pangeo,CMIP6
ACCESS-ESM1-5,esm-hist,r1i1p1f1,gn,tas,1859,287.674,K,historical,emissions,pangeo,CMIP6
ACCESS-ESM1-5,esm-hist,r1i1p1f1,gn,tas,1860,287.662,K,historical,emissions,pangeo,CMIP6
ACCESS-ESM1-5,esm-hist,r1i1p1f1,gn,tas,1861,287.743,K,historical,emissions,pangeo,CMIP6
ACCESS-ESM1-5,esm-hist,r1i1p1f1,gn,tas,1862,287.742,K,historical,emissions,pangeo,CMIP6
ACCESS-ESM1-5,esm-hist,r1i1p1f1,gn,tas,1863,287.817,K,historical,emissions,pangeo,CMIP6
ACCESS-ESM1-5,esm-hist,r1i1p1f1,gn,tas,1864,287.804,K,historical,emissions,pangeo,CMIP6
ACCESS-ESM1-5,esm-hist,r1i1p1f1,gn,tas,1865,287.782,K,historical,emissions,pangeo,CMIP6
ACCESS-ESM1-5,esm-hist,r1i1p1f1,gn,tas,1866,287.724,K,historical,emissions,pangeo,CMIP6
ACCESS-ESM1-5,esm-hist,r1i1p1f1,gn,tas,1867,287.739,K,historical,emissions,pangeo,CMIP6
ACCESS-ESM1-5,esm-hist,r1i1p1f1,gn,tas,1868,287.813,K,historical,emissions,pangeo,CMIP6
ACCESS-ESM1-5,esm-hist,r1i1p1f1,gn,tas,1869,287.853,K,historical,emissions,pangeo,CMIP6
ACCESS-ESM1-5,esm-hist,r1i1p1f1,gn,tas,1870,287.858,K,historical,emissions,pangeo,CMIP6
ACCESS-ESM1-5,esm-hist,r1i1p1f1,gn,tas,1871,287.763,K,historical,emissions,pangeo,CMIP6
ACCESS-ESM1-5,esm-hist,r1i1p1f1,gn,tas,1872,287.91,K,historical,emissions,pangeo,CMIP6
ACCESS-ESM1-5,esm-hist,r1i1p1f1,gn,tas,1873,287.796,K,historical,emissions,pangeo,CMIP6
ACCESS-ESM1-5,esm-hist,r1i1p1f1,gn,tas,1874,287.673,K,historical,emissions,pangeo,CMIP6
ACCESS-ESM1-5,esm-hist,r1i1p1f1,gn,tas,1875,287.656,K,historical,emissions,pangeo,CMIP6
ACCESS-ESM1-5,esm-hist,r1i1p1f1,gn,tas,1876,287.772,K,historical,emissions,pangeo,CMIP6
ACCESS-ESM1-5,esm-hist,r1i1p1f1,gn,tas,1877,287.881,K,historical,emissions,pangeo,CMIP6
ACCESS-ESM1-5,esm-hist,r1i1p1f1,gn,tas,1878,287.862,K,historical,emissions,pangeo,CMIP6
ACCESS-ESM1-5,esm-hist,r1i1p1f1,gn,tas,1879,287.9,K,historical,emissions,pangeo,CMIP6
ACCESS-ESM1-5,esm-hist,r1i1p1f1,gn,tas,1880,287.904,K,historical,emissions,pangeo,CMIP6
ACCESS-ESM1-5,esm-hist,r1i1p1f1,gn,tas,1881,287.864,K,historical,emissions,pangeo,CMIP6
ACCESS-ESM1-5,esm-hist,r1i1p1f1,gn,tas,1882,287.771,K,historical,emissions,pangeo,CMIP6
ACCESS-ESM1-5,esm-hist,r1i1p1f1,gn,tas,1883,287.638,K,historical,emissions,pangeo,CMIP6
ACCESS-ESM1-5,esm-hist,r1i1p1f1,gn,tas,1884,287.435,K,historical,emissions,pangeo,CMIP6
ACCESS-ESM1-5,esm-hist,r1i1p1f1,gn,tas,1885,287.501,K,historical,emissions,pangeo,CMIP6
ACCESS-ESM1-5,esm-hist,r1i1p1f1,gn,tas,1886,287.605,K,historical,emissions,pangeo,CMIP6
ACCESS-ESM1-5,esm-hist,r1i1p1f1,gn,tas,1887,287.644,K,historical,emissions,pangeo,CMIP6
ACCESS-ESM1-5,esm-hist,r1i1p1f1,gn,tas,1888,287.58,K,historical,emissions,pangeo,CMIP6
ACCESS-ESM1-5,esm-hist,r1i1p1f1,gn,tas,1889,287.485,K,historical,emissions,pangeo,CMIP6
ACCESS-ESM1-5,esm-hist,r1i1p1f1,gn,tas,1890,287.648,K,historical,emissions,pangeo,CMIP6
ACCESS-ESM1-5,esm-hist,r1i1p1f1,gn,tas,1891,287.559,K,historical,emissions,pangeo,CMIP6
ACCESS-ESM1-5,esm-hist,r1i1p1f1,gn,tas,1892,287.492,K,historical,emissions,pangeo,CMIP6
ACCESS-ESM1-5,esm-hist,r1i1p1f1,gn,tas,1893,287.399,K,historical,emissions,pangeo,CMIP6
ACCESS-ESM1-5,esm-hist,r1i1p1f1,gn,tas,1894,287.473,K,historical,emissions,pangeo,CMIP6
ACCESS-ESM1-5,esm-hist,r1i1p1f1,gn,tas,1895,287.637,K,historical,emissions,pangeo,CMIP6
ACCESS-ESM1-5,esm-hist,r1i1p1f1,gn,tas,1896,287.549,K,historical,emissions,pangeo,CMIP6
ACCESS-ESM1-5,esm-hist,r1i1p1f1,gn,tas,1897,287.684,K,historical,emissions,pangeo,CMIP6
ACCESS-ESM1-5,esm-hist,r1i1p1f1,gn,tas,1898,287.839,K,historical,emissions,pangeo,CMIP6
ACCESS-ESM1-5,esm-hist,r1i1p1f1,gn,tas,1899,287.837,K,historical,emissions,pangeo,CMIP6
ACCESS-ESM1-5,esm-hist,r1i1p1f1,gn,tas,1900,287.756,K,historical,emissions,pangeo,CMIP6
ACCESS-ESM1-5,esm-hist,r1i1p1f1,gn,tas,1901,287.734,K,historical,emissions,pangeo,CMIP6
ACCESS-ESM1-5,esm-hist,r1i1p1f1,gn,tas,1902,287.666,K,historical,emissions,pangeo,CMIP6
ACCESS-ESM1-5,esm-hist,r1i1p1f1,gn,tas,1903,287.53,K,historical,emissions,pangeo,CMIP6
ACCESS-ESM1-5,esm-hist,r1i1p1f1,gn,tas,1904,287.465,K,historical,emissions,pangeo,CMIP6
ACCESS-ESM1-5,esm-hist,r1i1p1f1,gn,tas,1905,287.536,K,historical,emissions,pangeo,CMIP6
ACCESS-ESM1-5,esm-hist,r1i1p1f1,gn,tas,1906,287.794,K,historical,emissions,pangeo,CMIP6
ACCESS-ESM1-5,esm-hist,r1i1p1f1,gn,tas,1907,287.596,K,historical,emissions,pangeo,CMIP6
ACCESS-ESM1-5,esm-hist,r1i1p1f1,gn,tas,1908,287.726,K,historical,emissions,pangeo,CMIP6
ACCESS-ESM1-5,esm-hist,r1i1p1f1,gn,tas,1909,287.672,K,historical,emissions,pangeo,CMIP6
ACCESS-ESM1-5,esm-hist,r1i1p1f1,gn,tas,1910,287.645,K,historical,emissions,pangeo,CMIP6
ACCESS-ESM1-5,esm-hist,r1i1p1f1,gn,tas,1911,287.598,K,historical,emissions,pangeo,CMIP6
ACCESS-ESM1-5,esm-hist,r1i1p1f1,gn,tas,1912,287.672,K,historical,emissions,pangeo,CMIP6
ACCESS-ESM1-5,esm-hist,r1i1p1f1,gn,tas,1913,287.62,K,historical,emissions,pangeo,CMIP6
ACCESS-ESM1-5,esm-hist,r1i1p1f1,gn,tas,1914,287.604,K,historical,emissions,pangeo,CMIP6
ACCESS-ESM1-5,esm-hist,r1i1p1f1,gn,tas,1915,287.467,K,historical,emissions,pangeo,CMIP6
ACCESS-ESM1-5,esm-hist,r1i1p1f1,gn,tas,1916,287.488,K,historical,emissions,pangeo,CMIP6
ACCESS-ESM1-5,esm-hist,r1i1p1f1,gn,tas,1917,287.529,K,historical,emissions,pangeo,CMIP6
ACCESS-ESM1-5,esm-hist,r1i1p1f1,gn,tas,1918,287.67,K,historical,emissions,pangeo,CMIP6
ACCESS-ESM1-5,esm-hist,r1i1p1f1,gn,tas,1919,287.808,K,historical,emissions,pangeo,CMIP6
ACCESS-ESM1-5,esm-hist,r1i1p1f1,gn,tas,1920,287.662,K,historical,emissions,pangeo,CMIP6
ACCESS-ESM1-5,esm-hist,r1i1p1f1,gn,tas,1921,287.617,K,historical,emissions,pangeo,CMIP6
ACCESS-ESM1-5,esm-hist,r1i1p1f1,gn,tas,1922,287.688,K,historical,emissions,pangeo,CMIP6
ACCESS-ESM1-5,esm-hist,r1i1p1f1,gn,tas,1923,287.64,K,historical,emissions,pangeo,CMIP6
ACCESS-ESM1-5,esm-hist,r1i1p1f1,gn,tas,1924,287.652,K,historical,emissions,pangeo,CMIP6
ACCESS-ESM1-5,esm-hist,r1i1p1f1,gn,tas,1925,287.676,K,historical,emissions,pangeo,CMIP6
ACCESS-ESM1-5,esm-hist,r1i1p1f1,gn,tas,1926,287.61,K,historical,emissions,pangeo,CMIP6
ACCESS-ESM1-5,esm-hist,r1i1p1f1,gn,tas,1927,287.533,K,historical,emissions,pangeo,CMIP6
ACCESS-ESM1-5,esm-hist,r1i1p1f1,gn,tas,1928,287.589,K,historical,emissions,pangeo,CMIP6
ACCESS-ESM1-5,esm-hist,r1i1p1f1,gn,tas,1929,287.579,K,historical,emissions,pangeo,CMIP6
ACCESS-ESM1-5,esm-hist,r1i1p1f1,gn,tas,1930,287.644,K,historical,emissions,pangeo,CMIP6
ACCESS-ESM1-5,esm-hist,r1i1p1f1,gn,tas,1931,287.637,K,historical,emissions,pangeo,CMIP6
ACCESS-ESM1-5,esm-hist,r1i1p1f1,gn,tas,1932,287.511,K,historical,emissions,pangeo,CMIP6
ACCESS-ESM1-5,esm-hist,r1i1p1f1,gn,tas,1933,287.619,K,historical,emissions,pangeo,CMIP6
ACCESS-ESM1-5,esm-hist,r1i1p1f1,gn,tas,1934,287.761,K,historical,emissions,pangeo,CMIP6
ACCESS-ESM1-5,esm-hist,r1i1p1f1,gn,tas,1935,287.724,K,historical,emissions,pangeo,CMIP6
ACCESS-ESM1-5,esm-hist,r1i1p1f1,gn,tas,1936,287.784,K,historical,emissions,pangeo,CMIP6
ACCESS-ESM1-5,esm-hist,r1i1p1f1,gn,tas,1937,287.863,K,historical,emissions,pangeo,CMIP6
ACCESS-ESM1-5,esm-hist,r1i1p1f1,gn,tas,1938,287.86,K,historical,emissions,pangeo,CMIP6
ACCESS-ESM1-5,esm-hist,r1i1p1f1,gn,tas,1939,287.813,K,historical,emissions,pangeo,CMIP6
ACCESS-ESM1-5,esm-hist,r1i1p1f1,gn,tas,1940,287.907,K,historical,emissions,pangeo,CMIP6
ACCESS-ESM1-5,esm-hist,r1i1p1f1,gn,tas,1941,287.788,K,historical,emissions,pangeo,CMIP6
ACCESS-ESM1-5,esm-hist,r1i1p1f1,gn,tas,1942,287.653,K,historical,emissions,pangeo,CMIP6
ACCESS-ESM1-5,esm-hist,r1i1p1f1,gn,tas,1943,287.771,K,historical,emissions,pangeo,CMIP6
ACCESS-ESM1-5,esm-hist,r1i1p1f1,gn,tas,1944,287.772,K,historical,emissions,pangeo,CMIP6
ACCESS-ESM1-5,esm-hist,r1i1p1f1,gn,tas,1945,287.804,K,historical,emissions,pangeo,CMIP6
ACCESS-ESM1-5,esm-hist,r1i1p1f1,gn,tas,1946,287.752,K,historical,emissions,pangeo,CMIP6
ACCESS-ESM1-5,esm-hist,r1i1p1f1,gn,tas,1947,287.618,K,historical,emissions,pangeo,CMIP6
ACCESS-ESM1-5,esm-hist,r1i1p1f1,gn,tas,1948,287.641,K,historical,emissions,pangeo,CMIP6
ACCESS-ESM1-5,esm-hist,r1i1p1f1,gn,tas,1949,287.793,K,historical,emissions,pangeo,CMIP6
ACCESS-ESM1-5,esm-hist,r1i1p1f1,gn,tas,1950,287.712,K,historical,emissions,pangeo,CMIP6
ACCESS-ESM1-5,esm-hist,r1i1p1f1,gn,tas,1951,287.7,K,historical,emissions,pangeo,CMIP6
ACCESS-ESM1-5,esm-hist,r1i1p1f1,gn,tas,1952,287.775,K,historical,emissions,pangeo,CMIP6
ACCESS-ESM1-5,esm-hist,r1i1p1f1,gn,tas,1953,287.784,K,historical,emissions,pangeo,CMIP6
ACCESS-ESM1-5,esm-hist,r1i1p1f1,gn,tas,1954,287.687,K,historical,emissions,pangeo,CMIP6
ACCESS-ESM1-5,esm-hist,r1i1p1f1,gn,tas,1955,287.794,K,historical,emissions,pangeo,CMIP6
ACCESS-ESM1-5,esm-hist,r1i1p1f1,gn,tas,1956,287.83,K,historical,emissions,pangeo,CMIP6
ACCESS-ESM1-5,esm-hist,r1i1p1f1,gn,tas,1957,287.769,K,historical,emissions,pangeo,CMIP6
ACCESS-ESM1-5,esm-hist,r1i1p1f1,gn,tas,1958,287.801,K,historical,emissions,pangeo,CMIP6
ACCESS-ESM1-5,esm-hist,r1i1p1f1,gn,tas,1959,287.625,K,historical,emissions,pangeo,CMIP6
ACCESS-ESM1-5,esm-hist,r1i1p1f1,gn,tas,1960,287.785,K,historical,emissions,pangeo,CMIP6
ACCESS-ESM1-5,esm-hist,r1i1p1f1,gn,tas,1961,287.877,K,historical,emissions,pangeo,CMIP6
ACCESS-ESM1-5,esm-hist,r1i1p1f1,gn,tas,1962,287.735,K,historical,emissions,pangeo,CMIP6
ACCESS-ESM1-5,esm-hist,r1i1p1f1,gn,tas,1963,287.619,K,historical,emissions,pangeo,CMIP6
ACCESS-ESM1-5,esm-hist,r1i1p1f1,gn,tas,1964,287.46,K,historical,emissions,pangeo,CMIP6
ACCESS-ESM1-5,esm-hist,r1i1p1f1,gn,tas,1965,287.527,K,historical,emissions,pangeo,CMIP6
ACCESS-ESM1-5,esm-hist,r1i1p1f1,gn,tas,1966,287.712,K,historical,emissions,pangeo,CMIP6
ACCESS-ESM1-5,esm-hist,r1i1p1f1,gn,tas,1967,287.602,K,historical,emissions,pangeo,CMIP6
ACCESS-ESM1-5,esm-hist,r1i1p1f1,gn,tas,1968,287.644,K,historical,emissions,pangeo,CMIP6
ACCESS-ESM1-5,esm-hist,r1i1p1f1,gn,tas,1969,287.686,K,historical,emissions,pangeo,CMIP6
ACCESS-ESM1-5,esm-hist,r1i1p1f1,gn,tas,1970,287.524,K,historical,emissions,pangeo,CMIP6
ACCESS-ESM1-5,esm-hist,r1i1p1f1,gn,tas,1971,287.585,K,historical,emissions,pangeo,CMIP6
ACCESS-ESM1-5,esm-hist,r1i1p1f1,gn,tas,1972,287.584,K,historical,emissions,pangeo,CMIP6
ACCESS-ESM1-5,esm-hist,r1i1p1f1,gn,tas,1973,287.696,K,historical,emissions,pangeo,CMIP6
ACCESS-ESM1-5,esm-hist,r1i1p1f1,gn,tas,1974,287.591,K,historical,emissions,pangeo,CMIP6
ACCESS-ESM1-5,esm-hist,r1i1p1f1,gn,tas,1975,287.562,K,historical,emissions,pangeo,CMIP6
ACCESS-ESM1-5,esm-hist,r1i1p1f1,gn,tas,1976,287.653,K,historical,emissions,pangeo,CMIP6
ACCESS-ESM1-5,esm-hist,r1i1p1f1,gn,tas,1977,287.774,K,historical,emissions,pangeo,CMIP6
ACCESS-ESM1-5,esm-hist,r1i1p1f1,gn,tas,1978,287.777,K,historical,emissions,pangeo,CMIP6
ACCESS-ESM1-5,esm-hist,r1i1p1f1,gn,tas,1979,287.862,K,historical,emissions,pangeo,CMIP6
ACCESS-ESM1-5,esm-hist,r1i1p1f1,gn,tas,1980,287.822,K,historical,emissions,pangeo,CMIP6
ACCESS-ESM1-5,esm-hist,r1i1p1f1,gn,tas,1981,287.832,K,historical,emissions,pangeo,CMIP6
ACCESS-ESM1-5,esm-hist,r1i1p1f1,gn,tas,1982,287.723,K,historical,emissions,pangeo,CMIP6
ACCESS-ESM1-5,esm-hist,r1i1p1f1,gn,tas,1983,287.738,K,historical,emissions,pangeo,CMIP6
ACCESS-ESM1-5,esm-hist,r1i1p1f1,gn,tas,1984,287.796,K,historical,emissions,pangeo,CMIP6
ACCESS-ESM1-5,esm-hist,r1i1p1f1,gn,tas,1985,287.66,K,historical,emissions,pangeo,CMIP6
ACCESS-ESM1-5,esm-hist,r1i1p1f1,gn,tas,1986,287.476,K,historical,emissions,pangeo,CMIP6
ACCESS-ESM1-5,esm-hist,r1i1p1f1,gn,tas,1987,287.586,K,historical,emissions,pangeo,CMIP6
ACCESS-ESM1-5,esm-hist,r1i1p1f1,gn,tas,1988,287.535,K,historical,emissions,pangeo,CMIP6
ACCESS-ESM1-5,esm-hist,r1i1p1f1,gn,tas,1989,287.687,K,historical,emissions,pangeo,CMIP6
ACCESS-ESM1-5,esm-hist,r1i1p1f1,gn,tas,1990,287.88,K,historical,emissions,pangeo,CMIP6
ACCESS-ESM1-5,esm-hist,r1i1p1f1,gn,tas,1991,287.783,K,historical,emissions,pangeo,CMIP6
ACCESS-ESM1-5,esm-hist,r1i1p1f1,gn,tas,1992,287.649,K,historical,emissions,pangeo,CMIP6
ACCESS-ESM1-5,esm-hist,r1i1p1f1,gn,tas,1993,287.768,K,historical,emissions,pangeo,CMIP6
ACCESS-ESM1-5,esm-hist,r1i1p1f1,gn,tas,1994,287.725,K,historical,emissions,pangeo,CMIP6
ACCESS-ESM1-5,esm-hist,r1i1p1f1,gn,tas,1995,287.812,K,historical,emissions,pangeo,CMIP6
ACCESS-ESM1-5,esm-hist,r1i1p1f1,gn,tas,1996,287.838,K,historical,emissions,pangeo,CMIP6
ACCESS-ESM1-5,esm-hist,r1i1p1f1,gn,tas,1997,287.86,K,historical,emissions,pangeo,CMIP6
ACCESS-ESM1-5,esm-hist,r1i1p1f1,gn,tas,1998,287.99,K,historical,emissions,pangeo,CMIP6
ACCESS-ESM1-5,esm-hist,r1i1p1f1,gn,tas,1999,288.137,K,historical,emissions,pangeo,CMIP6
ACCESS-ESM1-5,esm-hist,r1i1p1f1,gn,tas,2000,288.134,K,historical,emissions,pangeo,CMIP6
ACCESS-ESM1-5,esm-hist,r1i1p1f1,gn,tas,2001,288.239,K,historical,emissions,pangeo,CMIP6
ACCESS-ESM1-5,esm-hist,r1i1p1f1,gn,tas,2002,288.26,K,historical,emissions,pangeo,CMIP6
ACCESS-ESM1-5,esm-hist,r1i1p1f1,gn,tas,2003,288.202,K,historical,emissions,pangeo,CMIP6
ACCESS-ESM1-5,esm-hist,r1i1p1f1,gn,tas,2004,288.163,K,historical,emissions,pangeo,CMIP6
ACCESS-ESM1-5,esm-hist,r1i1p1f1,gn,tas,2005,288.216,K,historical,emissions,pangeo,CMIP6
ACCESS-ESM1-5,esm-hist,r1i1p1f1,gn,tas,2006,288.246,K,historical,emissions,pangeo,CMIP6
ACCESS-ESM1-5,esm-hist,r1i1p1f1,gn,tas,2007,288.267,K,historical,emissions,pangeo,CMIP6
ACCESS-ESM1-5,esm-hist,r1i1p1f1,gn,tas,2008,288.212,K,historical,emissions,pangeo,CMIP6
ACCESS-ESM1-5,esm-hist,r1i1p1f1,gn,tas,2009,288.252,K,historical,emissions,pangeo,CMIP6
ACCESS-ESM1-5,esm-hist,r1i1p1f1,gn,tas,2010,288.28,K,historical,emissions,pangeo,CMIP6
ACCESS-ESM1-5,esm-hist,r1i1p1f1,gn,tas,2011,288.384,K,historical,emissions,pangeo,CMIP6
ACCESS-ESM1-5,esm-hist,r1i1p1f1,gn,tas,2012,288.453,K,historical,emissions,pangeo,CMIP6
ACCESS-ESM1-5,esm-hist,r1i1p1f1,gn,tas,2013,288.378,K,historical,emissions,pangeo,CMIP6
ACCESS-ESM1-5,esm-hist,r1i1p1f1,gn,tas,2014,288.608,K,historical,emissions,pangeo,CMIP6
BCC-CSM2-MR,esm-hist,r1i1p1f1,gn,tas,1850,287.632,K,historical,emissions,pangeo,CMIP6
BCC-CSM2-MR,esm-hist,r1i1p1f1,gn,tas,1851,287.594,K,historical,emissions,pangeo,CMIP6
BCC-CSM2-MR,esm-hist,r1i1p1f1,gn,tas,1852,287.699,K,historical,emissions,pangeo,CMIP6
BCC-CSM2-MR,esm-hist,r1i1p1f1,gn,tas,1853,287.779,K,historical,emissions,pangeo,CMIP6
BCC-CSM2-MR,esm-hist,r1i1p1f1,gn,tas,1854,287.768,K,historical,emissions,pangeo,CMIP6
BCC-CSM2-MR,esm-hist,r1i1p1f1,gn,tas,1855,287.748,K,historical,emissions,pangeo,CMIP6
BCC-CSM2-MR,esm-hist,r1i1p1f1,gn,tas,1856,287.708,K,historical,emissions,pangeo,CMIP6
BCC-CSM2-MR,esm-hist,r1i1p1f1,gn,tas,1857,287.686,K,historical,emissions,pangeo,CMIP6
BCC-CSM2-MR,esm-hist,r1i1p1f1,gn,tas,1858,288.034,K,historical,emissions,pangeo,CMIP6
BCC-CSM2-MR,esm-hist,r1i1p1f1,gn,tas,1859,287.981,K,historical,emissions,pangeo,CMIP6
BCC-CSM2-MR,esm-hist,r1i1p1f1,gn,tas,1860,287.845,K,historical,emissions,pangeo,CMIP6
BCC-CSM2-MR,esm-hist,r1i1p1f1,gn,tas,1861,287.901,K,historical,emissions,pangeo,CMIP6
BCC-CSM2-MR,esm-hist,r1i1p1f1,gn,tas,1862,287.923,K,historical,emissions,pangeo,CMIP6
BCC-CSM2-MR,esm-hist,r1i1p1f1,gn,tas,1863,287.99,K,historical,emissions,pangeo,CMIP6
BCC-CSM2-MR,esm-hist,r1i1p1f1,gn,tas,1864,287.994,K,historical,emissions,pangeo,CMIP6
BCC-CSM2-MR,esm-hist,r1i1p1f1,gn,tas,1865,287.925,K,historical,emissions,pangeo,CMIP6
BCC-CSM2-MR,esm-hist,r1i1p1f1,gn,tas,1866,287.911,K,historical,emissions,pangeo,CMIP6
BCC-CSM2-MR,esm-hist,r1i1p1f1,gn,tas,1867,287.933,K,historical,emissions,pangeo,CMIP6
BCC-CSM2-MR,esm-hist,r1i1p1f1,gn,tas,1868,287.919,K,historical,emissions,pangeo,CMIP6
BCC-CSM2-MR,esm-hist,r1i1p1f1,gn,tas,1869,287.808,K,historical,emissions,pangeo,CMIP6
BCC-CSM2-MR,esm-hist,r1i1p1f1,gn,tas,1870,287.926,K,historical,emissions,pangeo,CMIP6
BCC-CSM2-MR,esm-hist,r1i1p1f1,gn,tas,1871,287.882,K,historical,emissions,pangeo,CMIP6
BCC-CSM2-MR,esm-hist,r1i1p1f1,gn,tas,1872,287.849,K,historical,emissions,pangeo,CMIP6
BCC-CSM2-MR,esm-hist,r1i1p1f1,gn,tas,1873,287.986,K,historical,emissions,pangeo,CMIP6
BCC-CSM2-MR,esm-hist,r1i1p1f1,gn,tas,1874,287.917,K,historical,emissions,pangeo,CMIP6
BCC-CSM2-MR,esm-hist,r1i1p1f1,gn,tas,1875,288.046,K,historical,emissions,pangeo,CMIP6
BCC-CSM2-MR,esm-hist,r1i1p1f1,gn,tas,1876,287.995,K,historical,emissions,pangeo,CMIP6
BCC-CSM2-MR,esm-hist,r1i1p1f1,gn,tas,1877,287.822,K,historical,emissions,pangeo,CMIP6
BCC-CSM2-MR,esm-hist,r1i1p1f1,gn,tas,1878,287.895,K,historical,emissions,pangeo,CMIP6
BCC-CSM2-MR,esm-hist,r1i1p1f1,gn,tas,1879,287.792,K,historical,emissions,pangeo,CMIP6
BCC-CSM2-MR,esm-hist,r1i1p1f1,gn,tas,1880,287.949,K,historical,emissions,pangeo,CMIP6
BCC-CSM2-MR,esm-hist,r1i1p1f1,gn,tas,1881,287.94,K,historical,emissions,pangeo,CMIP6
BCC-CSM2-MR,esm-hist,r1i1p1f1,gn,tas,1882,287.97,K,historical,emissions,pangeo,CMIP6
BCC-CSM2-MR,esm-hist,r1i1p1f1,gn,tas,1883,287.844,K,historical,emissions,pangeo,CMIP6
BCC-CSM2-MR,esm-hist,r1i1p1f1,gn,tas,1884,287.397,K,historical,emissions,pangeo,CMIP6
BCC-CSM2-MR,esm-hist,r1i1p1f1,gn,tas,1885,287.491,K,historical,emissions,pangeo,CMIP6
BCC-CSM2-MR,esm-hist,r1i1p1f1,gn,tas,1886,287.484,K,historical,emissions,pangeo,CMIP6
BCC-CSM2-MR,esm-hist,r1i1p1f1,gn,tas,1887,287.706,K,historical,emissions,pangeo,CMIP6
BCC-CSM2-MR,esm-hist,r1i1p1f1,gn,tas,1888,287.769,K,historical,emissions,pangeo,CMIP6
BCC-CSM2-MR,esm-hist,r1i1p1f1,gn,tas,1889,287.642,K,historical,emissions,pangeo,CMIP6
BCC-CSM2-MR,esm-hist,r1i1p1f1,gn,tas,1890,287.616,K,historical,emissions,pangeo,CMIP6
BCC-CSM2-MR,esm-hist,r1i1p1f1,gn,tas,1891,287.542,K,historical,emissions,pangeo,CMIP6
BCC-CSM2-MR,esm-hist,r1i1p1f1,gn,tas,1892,287.532,K,historical,emissions,pangeo,CMIP6
BCC-CSM2-MR,esm-hist,r1i1p1f1,gn,tas,1893,287.764,K,historical,emissions,pangeo,CMIP6
BCC-CSM2-MR,esm-hist,r1i1p1f1,gn,tas,1894,287.752,K,historical,emissions,pangeo,CMIP6
BCC-CSM2-MR,esm-hist,r1i1p1f1,gn,tas,1895,287.808,K,historical,emissions,pangeo,CMIP6
BCC-CSM2-MR,esm-hist,r1i1p1f1,gn,tas,1896,287.795,K,historical,emissions,pangeo,CMIP6
BCC-CSM2-MR,esm-hist,r1i1p1f1,gn,tas,1897,287.784,K,historical,emissions,pangeo,CMIP6
BCC-CSM2-MR,esm-hist,r1i1p1f1,gn,tas,1898,287.777,K,historical,emissions,pangeo,CMIP6
BCC-CSM2-MR,esm-hist,r1i1p1f1,gn,tas,1899,287.872,K,historical,emissions,pangeo,CMIP6
BCC-CSM2-MR,esm-hist,r1i1p1f1,gn,tas,1900,287.773,K,historical,emissions,pangeo,CMIP6
BCC-CSM2-MR,esm-hist,r1i1p1f1,gn,tas,1901,287.765,K,historical,emissions,pangeo,CMIP6
BCC-CSM2-MR,esm-hist,r1i1p1f1,gn,tas,1902,287.631,K,historical,emissions,pangeo,CMIP6
BCC-CSM2-MR,esm-hist,r1i1p1f1,gn,tas,1903,287.47,K,historical,emissions,pangeo,CMIP6
BCC-CSM2-MR,esm-hist,r1i1p1f1,gn,tas,1904,287.52,K,historical,emissions,pangeo,CMIP6
BCC-CSM2-MR,esm-hist,r1i1p1f1,gn,tas,1905,287.547,K,historical,emissions,pangeo,CMIP6
BCC-CSM2-MR,esm-hist,r1i1p1f1,gn,tas,1906,287.549,K,historical,emissions,pangeo,CMIP6
BCC-CSM2-MR,esm-hist,r1i1p1f1,gn,tas,1907,287.55,K,historical,emissions,pangeo,CMIP6
BCC-CSM2-MR,esm-hist,r1i1p1f1,gn,tas,1908,287.588,K,historical,emissions,pangeo,CMIP6
BCC-CSM2-MR,esm-hist,r1i1p1f1,gn,tas,1909,287.63,K,historical,emissions,pangeo,CMIP6
BCC-CSM2-MR,esm-hist,r1i1p1f1,gn,tas,1910,287.532,K,historical,emissions,pangeo,CMIP6
BCC-CSM2-MR,esm-hist,r1i1p1f1,gn,tas,1911,287.575,K,historical,emissions,pangeo,CMIP6
BCC-CSM2-MR,esm-hist,r1i1p1f1,gn,tas,1912,287.58,K,historical,emissions,pangeo,CMIP6
BCC-CSM2-MR,esm-hist,r1i1p1f1,gn,tas,1913,287.628,K,historical,emissions,pangeo,CMIP6
BCC-CSM2-MR,esm-hist,r1i1p1f1,gn,tas,1914,287.626,K,historical,emissions,pangeo,CMIP6
BCC-CSM2-MR,esm-hist,r1i1p1f1,gn,tas,1915,287.65,K,historical,emissions,pangeo,CMIP6
BCC-CSM2-MR,esm-hist,r1i1p1f1,gn,tas,1916,287.574,K,historical,emissions,pangeo,CMIP6
BCC-CSM2-MR,esm-hist,r1i1p1f1,gn,tas,1917,287.54,K,historical,emissions,pangeo,CMIP6
BCC-CSM2-MR,esm-hist,r1i1p1f1,gn,tas,1918,287.639,K,historical,emissions,pangeo,CMIP6
BCC-CSM2-MR,esm-hist,r1i1p1f1,gn,tas,1919,287.729,K,historical,emissions,pangeo,CMIP6
BCC-CSM2-MR,esm-hist,r1i1p1f1,gn,tas,1920,287.764,K,historical,emissions,pangeo,CMIP6
BCC-CSM2-MR,esm-hist,r1i1p1f1,gn,tas,1921,287.708,K,historical,emissions,pangeo,CMIP6
BCC-CSM2-MR,esm-hist,r1i1p1f1,gn,tas,1922,287.74,K,historical,emissions,pangeo,CMIP6
BCC-CSM2-MR,esm-hist,r1i1p1f1,gn,tas,1923,287.718,K,historical,emissions,pangeo,CMIP6
BCC-CSM2-MR,esm-hist,r1i1p1f1,gn,tas,1924,287.934,K,historical,emissions,pangeo,CMIP6
BCC-CSM2-MR,esm-hist,r1i1p1f1,gn,tas,1925,287.922,K,historical,emissions,pangeo,CMIP6
BCC-CSM2-MR,esm-hist,r1i1p1f1,gn,tas,1926,287.925,K,historical,emissions,pangeo,CMIP6
BCC-CSM2-MR,esm-hist,r1i1p1f1,gn,tas,1927,287.902,K,historical,emissions,pangeo,CMIP6
BCC-CSM2-MR,esm-hist,r1i1p1f1,gn,tas,1928,287.955,K,historical,emissions,pangeo,CMIP6
BCC-CSM2-MR,esm-hist,r1i1p1f1,gn,tas,1929,287.874,K,historical,emissions,pangeo,CMIP6
BCC-CSM2-MR,esm-hist,r1i1p1f1,gn,tas,1930,287.922,K,historical,emissions,pangeo,CMIP6
BCC-CSM2-MR,esm-hist,r1i1p1f1,gn,tas,1931,287.99,K,historical,emissions,pangeo,CMIP6
BCC-CSM2-MR,esm-hist,r1i1p1f1,gn,tas,1932,288.083,K,historical,emissions,pangeo,CMIP6
BCC-CSM2-MR,esm-hist,r1i1p1f1,gn,tas,1933,287.984,K,historical,emissions,pangeo,CMIP6
BCC-CSM2-MR,esm-hist,r1i1p1f1,gn,tas,1934,287.989,K,historical,emissions,pangeo,CMIP6
BCC-CSM2-MR,esm-hist,r1i1p1f1,gn,tas,1935,288.103,K,historical,emissions,pangeo,CMIP6
BCC-CSM2-MR,esm-hist,r1i1p1f1,gn,tas,1936,288.25,K,historical,emissions,pangeo,CMIP6
BCC-CSM2-MR,esm-hist,r1i1p1f1,gn,tas,1937,288.114,K,historical,emissions,pangeo,CMIP6
BCC-CSM2-MR,esm-hist,r1i1p1f1,gn,tas,1938,288.144,K,historical,emissions,pangeo,CMIP6
BCC-CSM2-MR,esm-hist,r1i1p1f1,gn,tas,1939,288.123,K,historical,emissions,pangeo,CMIP6
BCC-CSM2-MR,esm-hist,r1i1p1f1,gn,tas,1940,287.964,K,historical,emissions,pangeo,CMIP6
BCC-CSM2-MR,esm-hist,r1i1p1f1,gn,tas,1941,288.045,K,historical,emissions,pangeo,CMIP6
BCC-CSM2-MR,esm-hist,r1i1p1f1,gn,tas,1942,288.026,K,historical,emissions,pangeo,CMIP6
BCC-CSM2-MR,esm-hist,r1i1p1f1,gn,tas,1943,288.077,K,historical,emissions,pangeo,CMIP6
BCC-CSM2-MR,esm-hist,r1i1p1f1,gn,tas,1944,288.078,K,historical,emissions,pangeo,CMIP6
BCC-CSM2-MR,esm-hist,r1i1p1f1,gn,tas,1945,288.003,K,historical,emissions,pangeo,CMIP6
BCC-CSM2-MR,esm-hist,r1i1p1f1,gn,tas,1946,288.132,K,historical,emissions,pangeo,CMIP6
BCC-CSM2-MR,esm-hist,r1i1p1f1,gn,tas,1947,288.112,K,historical,emissions,pangeo,CMIP6
BCC-CSM2-MR,esm-hist,r1i1p1f1,gn,tas,1948,288.185,K,historical,emissions,pangeo,CMIP6
BCC-CSM2-MR,esm-hist,r1i1p1f1,gn,tas,1949,288.093,K,historical,emissions,pangeo,CMIP6
BCC-CSM2-MR,esm-hist,r1i1p1f1,gn,tas,1950,288.118,K,historical,emissions,pangeo,CMIP6
BCC-CSM2-MR,esm-hist,r1i1p1f1,gn,tas,1951,288.213,K,historical,emissions,pangeo,CMIP6
BCC-CSM2-MR,esm-hist,r1i1p1f1,gn,tas,1952,288.138,K,historical,emissions,pangeo,CMIP6
BCC-CSM2-MR,esm-hist,r1i1p1f1,gn,tas,1953,288.303,K,historical,emissions,pangeo,CMIP6
BCC-CSM2-MR,esm-hist,r1i1p1f1,gn,tas,1954,288.227,K,historical,emissions,pangeo,CMIP6
BCC-CSM2-MR,esm-hist,r1i1p1f1,gn,tas,1955,288.178,K,historical,emissions,pangeo,CMIP6
BCC-CSM2-MR,esm-hist,r1i1p1f1,gn,tas,1956,288.245,K,historical,emissions,pangeo,CMIP6
BCC-CSM2-MR,esm-hist,r1i1p1f1,gn,tas,1957,288.212,K,historical,emissions,pangeo,CMIP6
BCC-CSM2-MR,esm-hist,r1i1p1f1,gn,tas,1958,288.245,K,historical,emissions,pangeo,CMIP6
BCC-CSM2-MR,esm-hist,r1i1p1f1,gn,tas,1959,288.254,K,historical,emissions,pangeo,CMIP6
BCC-CSM2-MR,esm-hist,r1i1p1f1,gn,tas,1960,288.095,K,historical,emissions,pangeo,CMIP6
BCC-CSM2-MR,esm-hist,r1i1p1f1,gn,tas,1961,288.07,K,historical,emissions,pangeo,CMIP6
BCC-CSM2-MR,esm-hist,r1i1p1f1,gn,tas,1962,288.05,K,historical,emissions,pangeo,CMIP6
BCC-CSM2-MR,esm-hist,r1i1p1f1,gn,tas,1963,288.094,K,historical,emissions,pangeo,CMIP6
BCC-CSM2-MR,esm-hist,r1i1p1f1,gn,tas,1964,287.789,K,historical,emissions,pangeo,CMIP6
BCC-CSM2-MR,esm-hist,r1i1p1f1,gn,tas,1965,287.771,K,historical,emissions,pangeo,CMIP6
BCC-CSM2-MR,esm-hist,r1i1p1f1,gn,tas,1966,287.917,K,historical,emissions,pangeo,CMIP6
BCC-CSM2-MR,esm-hist,r1i1p1f1,gn,tas,1967,287.849,K,historical,emissions,pangeo,CMIP6
BCC-CSM2-MR,esm-hist,r1i1p1f1,gn,tas,1968,287.952,K,historical,emissions,pangeo,CMIP6
BCC-CSM2-MR,esm-hist,r1i1p1f1,gn,tas,1969,287.967,K,historical,emissions,pangeo,CMIP6
BCC-CSM2-MR,esm-hist,r1i1p1f1,gn,tas,1970,287.926,K,historical,emissions,pangeo,CMIP6
BCC-CSM2-MR,esm-hist,r1i1p1f1,gn,tas,1971,287.867,K,historical,emissions,pangeo,CMIP6
BCC-CSM2-MR,esm-hist,r1i1p1f1,gn,tas,1972,287.774,K,historical,emissions,pangeo,CMIP6
BCC-CSM2-MR,esm-hist,r1i1p1f1,gn,tas,1973,287.754,K,historical,emissions,pangeo,CMIP6
BCC-CSM2-MR,esm-hist,r1i1p1f1,gn,tas,1974,287.925,K,historical,emissions,pangeo,CMIP6
BCC-CSM2-MR,esm-hist,r1i1p1f1,gn,tas,1975,287.982,K,historical,emissions,pangeo,CMIP6
BCC-CSM2-MR,esm-hist,r1i1p1f1,gn,tas,1976,287.977,K,historical,emissions,pangeo,CMIP6
BCC-CSM2-MR,esm-hist,r1i1p1f1,gn,tas,1977,288.084,K,historical,emissions,pangeo,CMIP6
BCC-CSM2-MR,esm-hist,r1i1p1f1,gn,tas,1978,287.998,K,historical,emissions,pangeo,CMIP6
BCC-CSM2-MR,esm-hist,r1i1p1f1,gn,tas,1979,287.963,K,historical,emissions,pangeo,CMIP6
BCC-CSM2-MR,esm-hist,r1i1p1f1,gn,tas,1980,288.161,K,historical,emissions,pangeo,CMIP6
BCC-CSM2-MR,esm-hist,r1i1p1f1,gn,tas,1981,288.146,K,historical,emissions,pangeo,CMIP6
BCC-CSM2-MR,esm-hist,r1i1p1f1,gn,tas,1982,288.203,K,historical,emissions,pangeo,CMIP6
BCC-CSM2-MR,esm-hist,r1i1p1f1,gn,tas,1983,288.181,K,historical,emissions,pangeo,CMIP6
BCC-CSM2-MR,esm-hist,r1i1p1f1,gn,tas,1984,288.173,K,historical,emissions,pangeo,CMIP6
BCC-CSM2-MR,esm-hist,r1i1p1f1,gn,tas,1985,288.144,K,historical,emissions,pangeo,CMIP6
BCC-CSM2-MR,esm-hist,r1i1p1f1,gn,tas,1986,288.242,K,historical,emissions,pangeo,CMIP6
BCC-CSM2-MR,esm-hist,r1i1p1f1,gn,tas,1987,288.223,K,historical,emissions,pangeo,CMIP6
BCC-CSM2-MR,esm-hist,r1i1p1f1,gn,tas,1988,288.307,K,historical,emissions,pangeo,CMIP6
BCC-CSM2-MR,esm-hist,r1i1p1f1,gn,tas,1989,288.304,K,historical,emissions,pangeo,CMIP6
BCC-CSM2-MR,esm-hist,r1i1p1f1,gn,tas,1990,288.466,K,historical,emissions,pangeo,CMIP6
BCC-CSM2-MR,esm-hist,r1i1p1f1,gn,tas,1991,288.312,K,historical,emissions,pangeo,CMIP6
BCC-CSM2-MR,esm-hist,r1i1p1f1,gn,tas,1992,288.098,K,historical,emissions,pangeo,CMIP6
BCC-CSM2-MR,esm-hist,r1i1p1f1,gn,tas,1993,288.149,K,historical,emissions,pangeo,CMIP6
BCC-CSM2-MR,esm-hist,r1i1p1f1,gn,tas,1994,288.306,K,historical,emissions,pangeo,CMIP6
BCC-CSM2-MR,esm-hist,r1i1p1f1,gn,tas,1995,288.458,K,historical,emissions,pangeo,CMIP6
BCC-CSM2-MR,esm-hist,r1i1p1f1,gn,tas,1996,288.482,K,historical,emissions,pangeo,CMIP6
BCC-CSM2-MR,esm-hist,r1i1p1f1,gn,tas,1997,288.446,K,historical,emissions,pangeo,CMIP6
BCC-CSM2-MR,esm-hist,r1i1p1f1,gn,tas,1998,288.455,K,historical,emissions,pangeo,CMIP6
BCC-CSM2-MR,esm-hist,r1i1p1f1,gn,tas,1999,288.546,K,historical,emissions,pangeo,CMIP6
BCC-CSM2-MR,esm-hist,r1i1p1f1,gn,tas,2000,288.561,K,historical,emissions,pangeo,CMIP6
BCC-CSM2-MR,esm-hist,r1i1p1f1,gn,tas,2001,288.572,K,historical,emissions,pangeo,CMIP6
BCC-CSM2-MR,esm-hist,r1i1p1f1,gn,tas,2002,288.673,K,historical,emissions,pangeo,CMIP6
BCC-CSM2-MR,esm-hist,r1i1p1f1,gn,tas,2003,288.616,K,historical,emissions,pangeo,CMIP6
BCC-CSM2-MR,esm-hist,r1i1p1f1,gn,tas,2004,288.509,K,historical,emissions,pangeo,CMIP6
BCC-CSM2-MR,esm-hist,r1i1p1f1,gn,tas,2005,288.634,K,historical,emissions,pangeo,CMIP6
BCC-CSM2-MR,esm-hist,r1i1p1f1,gn,tas,2006,288.718,K,historical,emissions,pangeo,CMIP6
BCC-CSM2-MR,esm-hist,r1i1p1f1,gn,tas,2007,288.615,K,historical,emissions,pangeo,CMIP6
BCC-CSM2-MR,esm-hist,r1i1p1f1,gn,tas,2008,288.708,K,historical,emissions,pangeo,CMIP6
BCC-CSM2-MR,esm-hist,r1i1p1f1,gn,tas,2009,288.657,K,historical,emissions,pangeo,CMIP6
BCC-CSM2-MR,esm-hist,r1i1p1f1,gn,tas,2010,288.738,K,historical,emissions,pangeo,CMIP6
BCC-CSM2-MR,esm-hist,r1i1p1f1,gn,tas,2011,288.835,K,historical,emissions,pangeo,CMIP6
BCC-CSM2-MR,esm-hist,r1i1p1f1,gn,tas,2012,288.897,K,historical,emissions,pangeo,CMIP6
BCC-CSM2-MR,esm-hist,r1i1p1f1,gn,tas,2013,288.756,K,historical,emissions,pangeo,CMIP6
BCC-CSM2-MR,esm-hist,r1i1p1f1,gn,tas,2014,289.021,K,historical,emissions,pangeo,CMIP6
BCC-CSM2-MR,esm-ssp585,r1i1p1f1,gn,tas,2015,288.894,K,ssp585,emissions,pangeo,CMIP6
BCC-CSM2-MR,esm-ssp585,r1i1p1f1,gn,tas,2016,288.89,K,ssp585,emissions,pangeo,CMIP6
BCC-CSM2-MR,esm-ssp585,r1i1p1f1,gn,tas,2017,288.938,K,ssp585,emissions,pangeo,CMIP6
BCC-CSM2-MR,esm-ssp585,r1i1p1f1,gn,tas,2018,289.014,K,ssp585,emissions,pangeo,CMIP6
BCC-CSM2-MR,esm-ssp585,r1i1p1f1,gn,tas,2019,289.019,K,ssp585,emissions,pangeo,CMIP6
BCC-CSM2-MR,esm-ssp585,r1i1p1f1,gn,tas,2020,289.037,K,ssp585,emissions,pangeo,CMIP6
BCC-CSM2-MR,esm-ssp585,r1i1p1f1,gn,tas,2021,289.051,K,ssp585,emissions,pangeo,CMIP6
BCC-CSM2-MR,esm-ssp585,r1i1p1f1,gn,tas,2022,289.144,K,ssp585,emissions,pangeo,CMIP6
BCC-CSM2-MR,esm-ssp585,r1i1p1f1,gn,tas,2023,289.056,K,ssp585,emissions,pangeo,CMIP6
BCC-CSM2-MR,esm-ssp585,r1i1p1f1,gn,tas,2024,288.975,K,ssp585,emissions,pangeo,CMIP6
BCC-CSM2-MR,esm-ssp585,r1i1p1f1,gn,tas,2025,289.055,K,ssp585,emissions,pangeo,CMIP6
BCC-CSM2-MR,esm-ssp585,r1i1p1f1,gn,tas,2026,289.153,K,ssp585,emissions,pangeo,CMIP6
BCC-CSM2-MR,esm-ssp585,r1i1p1f1,gn,tas,2027,289.148,K,ssp585,emissions,pangeo,CMIP6
BCC-CSM2-MR,esm-ssp585,r1i1p1f1,gn,tas,2028,289.125,K,ssp585,emissions,pangeo,CMIP6
BCC-CSM2-MR,esm-ssp585,r1i1p1f1,gn,tas,2029,289.026,K,ssp585,emissions,pangeo,CMIP6
BCC-CSM2-MR,esm-ssp585,r1i1p1f1,gn,tas,2030,288.872,K,ssp585,emissions,pangeo,CMIP6
BCC-CSM2-MR,esm-ssp585,r1i1p1f1,gn,tas,2031,289.039,K,ssp585,emissions,pangeo,CMIP6
BCC-CSM2-MR,esm-ssp585,r1i1p1f1,gn,tas,2032,289.077,K,ssp585,emissions,pangeo,CMIP6
BCC-CSM2-MR,esm-ssp585,r1i1p1f1,gn,tas,2033,289.029,K,ssp585,emissions,pangeo,CMIP6
BCC-CSM2-MR,esm-ssp585,r1i1p1f1,gn,tas,2034,289.072,K,ssp585,emissions,pangeo,CMIP6
BCC-CSM2-MR,esm-ssp585,r1i1p1f1,gn,tas,2035,289.18,K,ssp585,emissions,pangeo,CMIP6
BCC-CSM2-MR,esm-ssp585,r1i1p1f1,gn,tas,2036,289.059,K,ssp585,emissions,pangeo,CMIP6
BCC-CSM2-MR,esm-ssp585,r1i1p1f1,gn,tas,2037,289.015,K,ssp585,emissions,pangeo,CMIP6
BCC-CSM2-MR,esm-ssp585,r1i1p1f1,gn,tas,2038,289.274,K,ssp585,emissions,pangeo,CMIP6
BCC-CSM2-MR,esm-ssp585,r1i1p1f1,gn,tas,2039,289.293,K,ssp585,emissions,pangeo,CMIP6
BCC-CSM2-MR,esm-ssp585,r1i1p1f1,gn,tas,2040,289.305,K,ssp585,emissions,pangeo,CMIP6
BCC-CSM2-MR,esm-ssp585,r1i1p1f1,gn,tas,2041,289.435,K,ssp585,emissions,pangeo,CMIP6
BCC-CSM2-MR,esm-ssp585,r1i1p1f1,gn,tas,2042,289.429,K,ssp585,emissions,pangeo,CMIP6
BCC-CSM2-MR,esm-ssp585,r1i1p1f1,gn,tas,2043,289.533,K,ssp585,emissions,pangeo,CMIP6
BCC-CSM2-MR,esm-ssp585,r1i1p1f1,gn,tas,2044,289.574,K,ssp585,emissions,pangeo,CMIP6
BCC-CSM2-MR,esm-ssp585,r1i1p1f1,gn,tas,2045,289.509,K,ssp585,emissions,pangeo,CMIP6
BCC-CSM2-MR,esm-ssp585,r1i1p1f1,gn,tas,2046,289.5,K,ssp585,emissions,pangeo,CMIP6
BCC-CSM2-MR,esm-ssp585,r1i1p1f1,gn,tas,2047,289.685,K,ssp585,emissions,pangeo,CMIP6
BCC-CSM2-MR,esm-ssp585,r1i1p1f1,gn,tas,2048,289.791,K,ssp585,emissions,pangeo,CMIP6
BCC-CSM2-MR,esm-ssp585,r1i1p1f1,gn,tas,2049,289.685,K,ssp585,emissions,pangeo,CMIP6
BCC-CSM2-MR,esm-ssp585,r1i1p1f1,gn,tas,2050,289.618,K,ssp585,emissions,pangeo,CMIP6
BCC-CSM2-MR,esm-ssp585,r1i1p1f1,gn,tas,2051,289.73,K,ssp585,emissions,pangeo,CMIP6
BCC-CSM2-MR,esm-ssp585,r1i1p1f1,gn,tas,2052,289.756,K,ssp585,emissions,pangeo,CMIP6
BCC-CSM2-MR,esm-ssp585,r1i1p1f1,gn,tas,2053,289.778,K,ssp585,emissions,pangeo,CMIP6
BCC-CSM2-MR,esm-ssp585,r1i1p1f1,gn,tas,2054,289.819,K,ssp585,emissions,pangeo,CMIP6
BCC-CSM2-MR,esm-ssp585,r1i1p1f1,gn,tas,2055,289.863,K,ssp585,emissions,pangeo,CMIP6
BCC-CSM2-MR,esm-ssp585,r1i1p1f1,gn,tas,2056,290.066,K,ssp585,emissions,pangeo,CMIP6
BCC-CSM2-MR,esm-ssp585,r1i1p1f1,gn,tas,2057,290.046,K,ssp585,emissions,pangeo,CMIP6
BCC-CSM2-MR,esm-ssp585,r1i1p1f1,gn,tas,2058,289.999,K,ssp585,emissions,pangeo,CMIP6
BCC-CSM2-MR,esm-ssp585,r1i1p1f1,gn,tas,2059,289.895,K,ssp585,emissions,pangeo,CMIP6
BCC-CSM2-MR,esm-ssp585,r1i1p1f1,gn,tas,2060,290.084,K,ssp585,emissions,pangeo,CMIP6
BCC-CSM2-MR,esm-ssp585,r1i1p1f1,gn,tas,2061,290.161,K,ssp585,emissions,pangeo,CMIP6
BCC-CSM2-MR,esm-ssp585,r1i1p1f1,gn,tas,2062,290.237,K,ssp585,emissions,pangeo,CMIP6
BCC-CSM2-MR,esm-ssp585,r1i1p1f1,gn,tas,2063,290.288,K,ssp585,emissions,pangeo,CMIP6
BCC-CSM2-MR,esm-ssp585,r1i1p1f1,gn,tas,2064,290.19,K,ssp585,emissions,pangeo,CMIP6
BCC-CSM2-MR,esm-ssp585,r1i1p1f1,gn,tas,2065,290.409,K,ssp585,emissions,pangeo,CMIP6
BCC-CSM2-MR,esm-ssp585,r1i1p1f1,gn,tas,2066,290.338,K,ssp585,emissions,pangeo,CMIP6
BCC-CSM2-MR,esm-ssp585,r1i1p1f1,gn,tas,2067,290.415,K,ssp585,emissions,pangeo,CMIP6
BCC-CSM2-MR,esm-ssp585,r1i1p1f1,gn,tas,2068,290.537,K,ssp585,emissions,pangeo,CMIP6
BCC-CSM2-MR,esm-ssp585,r1i1p1f1,gn,tas,2069,290.589,K,ssp585,emissions,pangeo,CMIP6
BCC-CSM2-MR,esm-ssp585,r1i1p1f1,gn,tas,2070,290.459,K,ssp585,emissions,pangeo,CMIP6
BCC-CSM2-MR,esm-ssp585,r1i1p1f1,gn,tas,2071,290.419,K,ssp585,emissions,pangeo,CMIP6
BCC-CSM2-MR,esm-ssp585,r1i1p1f1,gn,tas,2072,290.544,K,ssp585,emissions,pangeo,CMIP6
BCC-CSM2-MR,esm-ssp585,r1i1p1f1,gn,tas,2073,290.474,K,ssp585,emissions,pangeo,CMIP6
BCC-CSM2-MR,esm-ssp585,r1i1p1f1,gn,tas,2074,290.544,K,ssp585,emissions,pangeo,CMIP6
BCC-CSM2-MR,esm-ssp585,r1i1p1f1,gn,tas,2075,290.595,K,ssp585,emissions,pangeo,CMIP6
BCC-CSM2-MR,esm-ssp585,r1i1p1f1,gn,tas,2076,290.613,K,ssp585,emissions,pangeo,CMIP6
BCC-CSM2-MR,esm-ssp585,r1i1p1f1,gn,tas,2077,290.644,K,ssp585,emissions,pangeo,CMIP6
BCC-CSM2-MR,esm-ssp585,r1i1p1f1,gn,tas,2078,290.823,K,ssp585,emissions,pangeo,CMIP6
BCC-CSM2-MR,esm-ssp585,r1i1p1f1,gn,tas,2079,290.822,K,ssp585,emissions,pangeo,CMIP6
BCC-CSM2-MR,esm-ssp585,r1i1p1f1,gn,tas,2080,290.861,K,ssp585,emissions,pangeo,CMIP6
BCC-CSM2-MR,esm-ssp585,r1i1p1f1,gn,tas,2081,290.973,K,ssp585,emissions,pangeo,CMIP6
BCC-CSM2-MR,esm-ssp585,r1i1p1f1,gn,tas,2082,291.099,K,ssp585,emissions,pangeo,CMIP6
BCC-CSM2-MR,esm-ssp585,r1i1p1f1,gn,tas,2083,291.142,K,ssp585,emissions,pangeo,CMIP6
BCC-CSM2-MR,esm-ssp585,r1i1p1f1,gn,tas,2084,291.05,K,ssp585,emissions,pangeo,CMIP6
BCC-CSM2-MR,esm-ssp585,r1i1p1f1,gn,tas,2085,291.044,K,ssp585,emissions,pangeo,CMIP6
BCC-CSM2-MR,esm-ssp585,r1i1p1f1,gn,tas,2086,291.194,K,ssp585,emissions,pangeo,CMIP6
BCC-CSM2-MR,esm-ssp585,r1i1p1f1,gn,tas,2087,291.303,K,ssp585,emissions,pangeo,CMIP6
BCC-CSM2-MR,esm-ssp585,r1i1p1f1,gn,tas,2088,291.354,K,ssp585,emissions,pangeo,CMIP6
BCC-CSM2-MR,esm-ssp585,r1i1p1f1,gn,tas,2089,291.272,K,ssp585,emissions,pangeo,CMIP6
BCC-CSM2-MR,esm-ssp585,r1i1p1f1,gn,tas,2090,291.344,K,ssp585,emissions,pangeo,CMIP6
BCC-CSM2-MR,esm-ssp585,r1i1p1f1,gn,tas,2091,291.381,K,ssp585,emissions,pangeo,CMIP6
BCC-CSM2-MR,esm-ssp585,r1i1p1f1,gn,tas,2092,291.311,K,ssp585,emissions,pangeo,CMIP6
BCC-CSM2-MR,esm-ssp585,r1i1p1f1,gn,tas,2093,291.495,K,ssp585,emissions,pangeo,CMIP6
BCC-CSM2-MR,esm-ssp585,r1i1p1f1,gn,tas,2094,291.445,K,ssp585,emissions,pangeo,CMIP6
BCC-CSM2-MR,esm-ssp585,r1i1p1f1,gn,tas,2095,291.48,K,ssp585,emissions,pangeo,CMIP6
BCC-CSM2-MR,esm-ssp585,r1i1p1f1,gn,tas,2096,291.428,K,ssp585,emissions,pangeo,CMIP6
BCC-CSM2-MR,esm-ssp585,r1i1p1f1,gn,tas,2097,291.497,K,ssp585,emissions,pangeo,CMIP6
BCC-CSM2-MR,esm-ssp585,r1i1p1f1,gn,tas,2098,291.411,K,ssp585,emissions,pangeo,CMIP6
BCC-CSM2-MR,esm-ssp585,r1i1p1f1,gn,tas,2099,291.541,K,ssp585,emissions,pangeo,CMIP6
BCC-CSM2-MR,esm-ssp585,r1i1p1f1,gn,tas,2100,291.644,K,ssp585,emissions,pangeo,CMIP6
CESM2,esm-hist,r1i1p1f1,gn,tas,1850,287.322,K,historical,emissions,pangeo,CMIP6
CESM2,esm-hist,r1i1p1f1,gn,tas,1851,287.301,K,historical,emissions,pangeo,CMIP6
CESM2,esm-hist,r1i1p1f1,gn,tas,1852,287.119,K,historical,emissions,pangeo,CMIP6
CESM2,esm-hist,r1i1p1f1,gn,tas,1853,287.146,K,historical,emissions,pangeo,CMIP6
CESM2,esm-hist,r1i1p1f1,gn,tas,1854,287.261,K,historical,emissions,pangeo,CMIP6
CESM2,esm-hist,r1i1p1f1,gn,tas,1855,287.075,K,historical,emissions,pangeo,CMIP6
CESM2,esm-hist,r1i1p1f1,gn,tas,1856,287.105,K,historical,emissions,pangeo,CMIP6
CESM2,esm-hist,r1i1p1f1,gn,tas,1857,287.024,K,historical,emissions,pangeo,CMIP6
CESM2,esm-hist,r1i1p1f1,gn,tas,1858,287.211,K,historical,emissions,pangeo,CMIP6
CESM2,esm-hist,r1i1p1f1,gn,tas,1859,287.408,K,historical,emissions,pangeo,CMIP6
CESM2,esm-hist,r1i1p1f1,gn,tas,1860,287.358,K,historical,emissions,pangeo,CMIP6
CESM2,esm-hist,r1i1p1f1,gn,tas,1861,287.014,K,historical,emissions,pangeo,CMIP6
CESM2,esm-hist,r1i1p1f1,gn,tas,1862,286.961,K,historical,emissions,pangeo,CMIP6
CESM2,esm-hist,r1i1p1f1,gn,tas,1863,287.047,K,historical,emissions,pangeo,CMIP6
CESM2,esm-hist,r1i1p1f1,gn,tas,1864,287.099,K,historical,emissions,pangeo,CMIP6
CESM2,esm-hist,r1i1p1f1,gn,tas,1865,287.297,K,historical,emissions,pangeo,CMIP6
CESM2,esm-hist,r1i1p1f1,gn,tas,1866,287.182,K,historical,emissions,pangeo,CMIP6
CESM2,esm-hist,r1i1p1f1,gn,tas,1867,287.273,K,historical,emissions,pangeo,CMIP6
CESM2,esm-hist,r1i1p1f1,gn,tas,1868,287.391,K,historical,emissions,pangeo,CMIP6
CESM2,esm-hist,r1i1p1f1,gn,tas,1869,287.274,K,historical,emissions,pangeo,CMIP6
CESM2,esm-hist,r1i1p1f1,gn,tas,1870,287.261,K,historical,emissions,pangeo,CMIP6
CESM2,esm-hist,r1i1p1f1,gn,tas,1871,287.417,K,historical,emissions,pangeo,CMIP6
CESM2,esm-hist,r1i1p1f1,gn,tas,1872,287.207,K,historical,emissions,pangeo,CMIP6
CESM2,esm-hist,r1i1p1f1,gn,tas,1873,287.236,K,historical,emissions,pangeo,CMIP6
CESM2,esm-hist,r1i1p1f1,gn,tas,1874,287.501,K,historical,emissions,pangeo,CMIP6
CESM2,esm-hist,r1i1p1f1,gn,tas,1875,287.444,K,historical,emissions,pangeo,CMIP6
CESM2,esm-hist,r1i1p1f1,gn,tas,1876,287.412,K,historical,emissions,pangeo,CMIP6
CESM2,esm-hist,r1i1p1f1,gn,tas,1877,287.378,K,historical,emissions,pangeo,CMIP6
CESM2,esm-hist,r1i1p1f1,gn,tas,1878,287.239,K,historical,emissions,pangeo,CMIP6
CESM2,esm-hist,r1i1p1f1,gn,tas,1879,287.443,K,historical,emissions,pangeo,CMIP6
CESM2,esm-hist,r1i1p1f1,gn,tas,1880,287.503,K,historical,emissions,pangeo,CMIP6
CESM2,esm-hist,r1i1p1f1,gn,tas,1881,287.48,K,historical,emissions,pangeo,CMIP6
CESM2,esm-hist,r1i1p1f1,gn,tas,1882,287.37,K,historical,emissions,pangeo,CMIP6
CESM2,esm-hist,r1i1p1f1,gn,tas,1883,287.325,K,historical,emissions,pangeo,CMIP6
CESM2,esm-hist,r1i1p1f1,gn,tas,1884,287.154,K,historical,emissions,pangeo,CMIP6
CESM2,esm-hist,r1i1p1f1,gn,tas,1885,287.043,K,historical,emissions,pangeo,CMIP6
CESM2,esm-hist,r1i1p1f1,gn,tas,1886,287.042,K,historical,emissions,pangeo,CMIP6
CESM2,esm-hist,r1i1p1f1,gn,tas,1887,287.105,K,historical,emissions,pangeo,CMIP6
CESM2,esm-hist,r1i1p1f1,gn,tas,1888,287.121,K,historical,emissions,pangeo,CMIP6
CESM2,esm-hist,r1i1p1f1,gn,tas,1889,287.231,K,historical,emissions,pangeo,CMIP6
CESM2,esm-hist,r1i1p1f1,gn,tas,1890,287.415,K,historical,emissions,pangeo,CMIP6
CESM2,esm-hist,r1i1p1f1,gn,tas,1891,287.314,K,historical,emissions,pangeo,CMIP6
CESM2,esm-hist,r1i1p1f1,gn,tas,1892,287.315,K,historical,emissions,pangeo,CMIP6
CESM2,esm-hist,r1i1p1f1,gn,tas,1893,287.289,K,historical,emissions,pangeo,CMIP6
CESM2,esm-hist,r1i1p1f1,gn,tas,1894,287.157,K,historical,emissions,pangeo,CMIP6
CESM2,esm-hist,r1i1p1f1,gn,tas,1895,287.223,K,historical,emissions,pangeo,CMIP6
CESM2,esm-hist,r1i1p1f1,gn,tas,1896,287.401,K,historical,emissions,pangeo,CMIP6
CESM2,esm-hist,r1i1p1f1,gn,tas,1897,287.241,K,historical,emissions,pangeo,CMIP6
CESM2,esm-hist,r1i1p1f1,gn,tas,1898,287.447,K,historical,emissions,pangeo,CMIP6
CESM2,esm-hist,r1i1p1f1,gn,tas,1899,287.404,K,historical,emissions,pangeo,CMIP6
CESM2,esm-hist,r1i1p1f1,gn,tas,1900,287.164,K,historical,emissions,pangeo,CMIP6
CESM2,esm-hist,r1i1p1f1,gn,tas,1901,287.257,K,historical,emissions,pangeo,CMIP6
CESM2,esm-hist,r1i1p1f1,gn,tas,1902,287.364,K,historical,emissions,pangeo,CMIP6
CESM2,esm-hist,r1i1p1f1,gn,tas,1903,287.276,K,historical,emissions,pangeo,CMIP6
CESM2,esm-hist,r1i1p1f1,gn,tas,1904,287.197,K,historical,emissions,pangeo,CMIP6
CESM2,esm-hist,r1i1p1f1,gn,tas,1905,287.374,K,historical,emissions,pangeo,CMIP6
CESM2,esm-hist,r1i1p1f1,gn,tas,1906,287.318,K,historical,emissions,pangeo,CMIP6
CESM2,esm-hist,r1i1p1f1,gn,tas,1907,287.168,K,historical,emissions,pangeo,CMIP6
CESM2,esm-hist,r1i1p1f1,gn,tas,1908,287.1,K,historical,emissions,pangeo,CMIP6
CESM2,esm-hist,r1i1p1f1,gn,tas,1909,287.039,K,historical,emissions,pangeo,CMIP6
CESM2,esm-hist,r1i1p1f1,gn,tas,1910,287.08,K,historical,emissions,pangeo,CMIP6
CESM2,esm-hist,r1i1p1f1,gn,tas,1911,287.077,K,historical,emissions,pangeo,CMIP6
CESM2,esm-hist,r1i1p1f1,gn,tas,1912,286.938,K,historical,emissions,pangeo,CMIP6
CESM2,esm-hist,r1i1p1f1,gn,tas,1913,287.035,K,historical,emissions,pangeo,CMIP6
CESM2,esm-hist,r1i1p1f1,gn,tas,1914,287.063,K,historical,emissions,pangeo,CMIP6
CESM2,esm-hist,r1i1p1f1,gn,tas,1915,287.131,K,historical,emissions,pangeo,CMIP6
CESM2,esm-hist,r1i1p1f1,gn,tas,1916,287.076,K,historical,emissions,pangeo,CMIP6
CESM2,esm-hist,r1i1p1f1,gn,tas,1917,287.02,K,historical,emissions,pangeo,CMIP6
CESM2,esm-hist,r1i1p1f1,gn,tas,1918,286.992,K,historical,emissions,pangeo,CMIP6
CESM2,esm-hist,r1i1p1f1,gn,tas,1919,287.089,K,historical,emissions,pangeo,CMIP6
CESM2,esm-hist,r1i1p1f1,gn,tas,1920,287.166,K,historical,emissions,pangeo,CMIP6
CESM2,esm-hist,r1i1p1f1,gn,tas,1921,287.174,K,historical,emissions,pangeo,CMIP6
CESM2,esm-hist,r1i1p1f1,gn,tas,1922,287.304,K,historical,emissions,pangeo,CMIP6
CESM2,esm-hist,r1i1p1f1,gn,tas,1923,287.395,K,historical,emissions,pangeo,CMIP6
CESM2,esm-hist,r1i1p1f1,gn,tas,1924,287.302,K,historical,emissions,pangeo,CMIP6
CESM2,esm-hist,r1i1p1f1,gn,tas,1925,287.346,K,historical,emissions,pangeo,CMIP6
CESM2,esm-hist,r1i1p1f1,gn,tas,1926,287.312,K,historical,emissions,pangeo,CMIP6
CESM2,esm-hist,r1i1p1f1,gn,tas,1927,287.441,K,historical,emissions,pangeo,CMIP6
CESM2,esm-hist,r1i1p1f1,gn,tas,1928,287.29,K,historical,emissions,pangeo,CMIP6
CESM2,esm-hist,r1i1p1f1,gn,tas,1929,287.396,K,historical,emissions,pangeo,CMIP6
CESM2,esm-hist,r1i1p1f1,gn,tas,1930,287.127,K,historical,emissions,pangeo,CMIP6
CESM2,esm-hist,r1i1p1f1,gn,tas,1931,287.319,K,historical,emissions,pangeo,CMIP6
CESM2,esm-hist,r1i1p1f1,gn,tas,1932,287.356,K,historical,emissions,pangeo,CMIP6
CESM2,esm-hist,r1i1p1f1,gn,tas,1933,287.232,K,historical,emissions,pangeo,CMIP6
CESM2,esm-hist,r1i1p1f1,gn,tas,1934,287.326,K,historical,emissions,pangeo,CMIP6
CESM2,esm-hist,r1i1p1f1,gn,tas,1935,287.308,K,historical,emissions,pangeo,CMIP6
CESM2,esm-hist,r1i1p1f1,gn,tas,1936,287.342,K,historical,emissions,pangeo,CMIP6
CESM2,esm-hist,r1i1p1f1,gn,tas,1937,287.307,K,historical,emissions,pangeo,CMIP6
CESM2,esm-hist,r1i1p1f1,gn,tas,1938,287.36,K,historical,emissions,pangeo,CMIP6
CESM2,esm-hist,r1i1p1f1,gn,tas,1939,287.503,K,historical,emissions,pangeo,CMIP6
CESM2,esm-hist,r1i1p1f1,gn,tas,1940,287.447,K,historical,emissions,pangeo,CMIP6
CESM2,esm-hist,r1i1p1f1,gn,tas,1941,287.315,K,historical,emissions,pangeo,CMIP6
CESM2,esm-hist,r1i1p1f1,gn,tas,1942,287.393,K,historical,emissions,pangeo,CMIP6
CESM2,esm-hist,r1i1p1f1,gn,tas,1943,287.15,K,historical,emissions,pangeo,CMIP6
CESM2,esm-hist,r1i1p1f1,gn,tas,1944,287.072,K,historical,emissions,pangeo,CMIP6
CESM2,esm-hist,r1i1p1f1,gn,tas,1945,287.128,K,historical,emissions,pangeo,CMIP6
CESM2,esm-hist,r1i1p1f1,gn,tas,1946,287.45,K,historical,emissions,pangeo,CMIP6
CESM2,esm-hist,r1i1p1f1,gn,tas,1947,287.388,K,historical,emissions,pangeo,CMIP6
CESM2,esm-hist,r1i1p1f1,gn,tas,1948,287.186,K,historical,emissions,pangeo,CMIP6
CESM2,esm-hist,r1i1p1f1,gn,tas,1949,287.304,K,historical,emissions,pangeo,CMIP6
CESM2,esm-hist,r1i1p1f1,gn,tas,1950,287.407,K,historical,emissions,pangeo,CMIP6
CESM2,esm-hist,r1i1p1f1,gn,tas,1951,287.495,K,historical,emissions,pangeo,CMIP6
CESM2,esm-hist,r1i1p1f1,gn,tas,1952,287.51,K,historical,emissions,pangeo,CMIP6
CESM2,esm-hist,r1i1p1f1,gn,tas,1953,287.396,K,historical,emissions,pangeo,CMIP6
CESM2,esm-hist,r1i1p1f1,gn,tas,1954,287.279,K,historical,emissions,pangeo,CMIP6
CESM2,esm-hist,r1i1p1f1,gn,tas,1955,287.426,K,historical,emissions,pangeo,CMIP6
CESM2,esm-hist,r1i1p1f1,gn,tas,1956,287.651,K,historical,emissions,pangeo,CMIP6
CESM2,esm-hist,r1i1p1f1,gn,tas,1957,287.697,K,historical,emissions,pangeo,CMIP6
CESM2,esm-hist,r1i1p1f1,gn,tas,1958,287.506,K,historical,emissions,pangeo,CMIP6
CESM2,esm-hist,r1i1p1f1,gn,tas,1959,287.689,K,historical,emissions,pangeo,CMIP6
CESM2,esm-hist,r1i1p1f1,gn,tas,1960,287.47,K,historical,emissions,pangeo,CMIP6
CESM2,esm-hist,r1i1p1f1,gn,tas,1961,287.23,K,historical,emissions,pangeo,CMIP6
CESM2,esm-hist,r1i1p1f1,gn,tas,1962,287.227,K,historical,emissions,pangeo,CMIP6
CESM2,esm-hist,r1i1p1f1,gn,tas,1963,287.353,K,historical,emissions,pangeo,CMIP6
CESM2,esm-hist,r1i1p1f1,gn,tas,1964,287.3,K,historical,emissions,pangeo,CMIP6
CESM2,esm-hist,r1i1p1f1,gn,tas,1965,287.272,K,historical,emissions,pangeo,CMIP6
CESM2,esm-hist,r1i1p1f1,gn,tas,1966,287.192,K,historical,emissions,pangeo,CMIP6
CESM2,esm-hist,r1i1p1f1,gn,tas,1967,287.252,K,historical,emissions,pangeo,CMIP6
CESM2,esm-hist,r1i1p1f1,gn,tas,1968,287.379,K,historical,emissions,pangeo,CMIP6
CESM2,esm-hist,r1i1p1f1,gn,tas,1969,287.506,K,historical,emissions,pangeo,CMIP6
CESM2,esm-hist,r1i1p1f1,gn,tas,1970,287.33,K,historical,emissions,pangeo,CMIP6
CESM2,esm-hist,r1i1p1f1,gn,tas,1971,287.381,K,historical,emissions,pangeo,CMIP6
CESM2,esm-hist,r1i1p1f1,gn,tas,1972,287.498,K,historical,emissions,pangeo,CMIP6
CESM2,esm-hist,r1i1p1f1,gn,tas,1973,287.633,K,historical,emissions,pangeo,CMIP6
CESM2,esm-hist,r1i1p1f1,gn,tas,1974,287.6,K,historical,emissions,pangeo,CMIP6
CESM2,esm-hist,r1i1p1f1,gn,tas,1975,287.63,K,historical,emissions,pangeo,CMIP6
CESM2,esm-hist,r1i1p1f1,gn,tas,1976,287.817,K,historical,emissions,pangeo,CMIP6
CESM2,esm-hist,r1i1p1f1,gn,tas,1977,287.632,K,historical,emissions,pangeo,CMIP6
CESM2,esm-hist,r1i1p1f1,gn,tas,1978,287.516,K,historical,emissions,pangeo,CMIP6
CESM2,esm-hist,r1i1p1f1,gn,tas,1979,287.619,K,historical,emissions,pangeo,CMIP6
CESM2,esm-hist,r1i1p1f1,gn,tas,1980,287.508,K,historical,emissions,pangeo,CMIP6
CESM2,esm-hist,r1i1p1f1,gn,tas,1981,287.454,K,historical,emissions,pangeo,CMIP6
CESM2,esm-hist,r1i1p1f1,gn,tas,1982,287.378,K,historical,emissions,pangeo,CMIP6
CESM2,esm-hist,r1i1p1f1,gn,tas,1983,287.427,K,historical,emissions,pangeo,CMIP6
CESM2,esm-hist,r1i1p1f1,gn,tas,1984,287.585,K,historical,emissions,pangeo,CMIP6
CESM2,esm-hist,r1i1p1f1,gn,tas,1985,287.772,K,historical,emissions,pangeo,CMIP6
CESM2,esm-hist,r1i1p1f1,gn,tas,1986,287.591,K,historical,emissions,pangeo,CMIP6
CESM2,esm-hist,r1i1p1f1,gn,tas,1987,287.65,K,historical,emissions,pangeo,CMIP6
CESM2,esm-hist,r1i1p1f1,gn,tas,1988,287.955,K,historical,emissions,pangeo,CMIP6
CESM2,esm-hist,r1i1p1f1,gn,tas,1989,287.989,K,historical,emissions,pangeo,CMIP6
CESM2,esm-hist,r1i1p1f1,gn,tas,1990,287.723,K,historical,emissions,pangeo,CMIP6
CESM2,esm-hist,r1i1p1f1,gn,tas,1991,287.724,K,historical,emissions,pangeo,CMIP6
CESM2,esm-hist,r1i1p1f1,gn,tas,1992,287.707,K,historical,emissions,pangeo,CMIP6
CESM2,esm-hist,r1i1p1f1,gn,tas,1993,287.672,K,historical,emissions,pangeo,CMIP6
CESM2,esm-hist,r1i1p1f1,gn,tas,1994,287.721,K,historical,emissions,pangeo,CMIP6
CESM2,esm-hist,r1i1p1f1,gn,tas,1995,287.825,K,historical,emissions,pangeo,CMIP6
CESM2,esm-hist,r1i1p1f1,gn,tas,1996,287.973,K,historical,emissions,pangeo,CMIP6
CESM2,esm-hist,r1i1p1f1,gn,tas,1997,287.994,K,historical,emissions,pangeo,CMIP6
CESM2,esm-hist,r1i1p1f1,gn,tas,1998,288.11,K,historical,emissions,pangeo,CMIP6
CESM2,esm-hist,r1i1p1f1,gn,tas,1999,288.189,K,historical,emissions,pangeo,CMIP6
CESM2,esm-hist,r1i1p1f1,gn,tas,2000,288.037,K,historical,emissions,pangeo,CMIP6
CESM2,esm-hist,r1i1p1f1,gn,tas,2001,288.241,K,historical,emissions,pangeo,CMIP6
CESM2,esm-hist,r1i1p1f1,gn,tas,2002,288.272,K,historical,emissions,pangeo,CMIP6
CESM2,esm-hist,r1i1p1f1,gn,tas,2003,288.241,K,historical,emissions,pangeo,CMIP6
CESM2,esm-hist,r1i1p1f1,gn,tas,2004,288.29,K,historical,emissions,pangeo,CMIP6
CESM2,esm-hist,r1i1p1f1,gn,tas,2005,288.297,K,historical,emissions,pangeo,CMIP6
CESM2,esm-hist,r1i1p1f1,gn,tas,2006,288.389,K,historical,emissions,pangeo,CMIP6
CESM2,esm-hist,r1i1p1f1,gn,tas,2007,288.53,K,historical,emissions,pangeo,CMIP6
CESM2,esm-hist,r1i1p1f1,gn,tas,2008,288.519,K,historical,emissions,pangeo,CMIP6
CESM2,esm-hist,r1i1p1f1,gn,tas,2009,288.506,K,historical,emissions,pangeo,CMIP6
CESM2,esm-hist,r1i1p1f1,gn,tas,2010,288.611,K,historical,emissions,pangeo,CMIP6
CESM2,esm-hist,r1i1p1f1,gn,tas,2011,288.531,K,historical,emissions,pangeo,CMIP6
CESM2,esm-hist,r1i1p1f1,gn,tas,2012,288.295,K,historical,emissions,pangeo,CMIP6
CESM2,esm-hist,r1i1p1f1,gn,tas,2013,288.367,K,historical,emissions,pangeo,CMIP6
CESM2,esm-hist,r1i1p1f1,gn,tas,2014,288.492,K,historical,emissions,pangeo,CMIP6
CNRM-ESM2-1,esm-hist,r1i1p1f2,gr,tas,1850,286.584,K,historical,emissions,pangeo,CMIP6
CNRM-ESM2-1,esm-hist,r1i1p1f2,gr,tas,1851,286.537,K,historical,emissions,pangeo,CMIP6
CNRM-ESM2-1,esm-hist,r1i1p1f2,gr,tas,1852,286.54,K,historical,emissions,pangeo,CMIP6
CNRM-ESM2-1,esm-hist,r1i1p1f2,gr,tas,1853,286.516,K,historical,emissions,pangeo,CMIP6
CNRM-ESM2-1,esm-hist,r1i1p1f2,gr,tas,1854,286.513,K,historical,emissions,pangeo,CMIP6
CNRM-ESM2-1,esm-hist,r1i1p1f2,gr,tas,1855,286.539,K,historical,emissions,pangeo,CMIP6
CNRM-ESM2-1,esm-hist,r1i1p1f2,gr,tas,1856,286.498,K,historical,emissions,pangeo,CMIP6
CNRM-ESM2-1,esm-hist,r1i1p1f2,gr,tas,1857,286.446,K,historical,emissions,pangeo,CMIP6
CNRM-ESM2-1,esm-hist,r1i1p1f2,gr,tas,1858,286.535,K,historical,emissions,pangeo,CMIP6
CNRM-ESM2-1,esm-hist,r1i1p1f2,gr,tas,1859,286.565,K,historical,emissions,pangeo,CMIP6
CNRM-ESM2-1,esm-hist,r1i1p1f2,gr,tas,1860,286.401,K,historical,emissions,pangeo,CMIP6
CNRM-ESM2-1,esm-hist,r1i1p1f2,gr,tas,1861,286.57,K,historical,emissions,pangeo,CMIP6
CNRM-ESM2-1,esm-hist,r1i1p1f2,gr,tas,1862,286.555,K,historical,emissions,pangeo,CMIP6
CNRM-ESM2-1,esm-hist,r1i1p1f2,gr,tas,1863,286.507,K,historical,emissions,pangeo,CMIP6
CNRM-ESM2-1,esm-hist,r1i1p1f2,gr,tas,1864,286.329,K,historical,emissions,pangeo,CMIP6
CNRM-ESM2-1,esm-hist,r1i1p1f2,gr,tas,1865,286.514,K,historical,emissions,pangeo,CMIP6
CNRM-ESM2-1,esm-hist,r1i1p1f2,gr,tas,1866,286.503,K,historical,emissions,pangeo,CMIP6
CNRM-ESM2-1,esm-hist,r1i1p1f2,gr,tas,1867,286.448,K,historical,emissions,pangeo,CMIP6
CNRM-ESM2-1,esm-hist,r1i1p1f2,gr,tas,1868,286.243,K,historical,emissions,pangeo,CMIP6
CNRM-ESM2-1,esm-hist,r1i1p1f2,gr,tas,1869,286.435,K,historical,emissions,pangeo,CMIP6
CNRM-ESM2-1,esm-hist,r1i1p1f2,gr,tas,1870,286.522,K,historical,emissions,pangeo,CMIP6
CNRM-ESM2-1,esm-hist,r1i1p1f2,gr,tas,1871,286.419,K,historical,emissions,pangeo,CMIP6
CNRM-ESM2-1,esm-hist,r1i1p1f2,gr,tas,1872,286.38,K,historical,emissions,pangeo,CMIP6
CNRM-ESM2-1,esm-hist,r1i1p1f2,gr,tas,1873,286.451,K,historical,emissions,pangeo,CMIP6
CNRM-ESM2-1,esm-hist,r1i1p1f2,gr,tas,1874,286.625,K,historical,emissions,pangeo,CMIP6
CNRM-ESM2-1,esm-hist,r1i1p1f2,gr,tas,1875,286.415,K,historical,emissions,pangeo,CMIP6
CNRM-ESM2-1,esm-hist,r1i1p1f2,gr,tas,1876,286.421,K,historical,emissions,pangeo,CMIP6
CNRM-ESM2-1,esm-hist,r1i1p1f2,gr,tas,1877,286.391,K,historical,emissions,pangeo,CMIP6
CNRM-ESM2-1,esm-hist,r1i1p1f2,gr,tas,1878,286.507,K,historical,emissions,pangeo,CMIP6
CNRM-ESM2-1,esm-hist,r1i1p1f2,gr,tas,1879,286.243,K,historical,emissions,pangeo,CMIP6
CNRM-ESM2-1,esm-hist,r1i1p1f2,gr,tas,1880,286.49,K,historical,emissions,pangeo,CMIP6
CNRM-ESM2-1,esm-hist,r1i1p1f2,gr,tas,1881,286.289,K,historical,emissions,pangeo,CMIP6
CNRM-ESM2-1,esm-hist,r1i1p1f2,gr,tas,1882,286.294,K,historical,emissions,pangeo,CMIP6
CNRM-ESM2-1,esm-hist,r1i1p1f2,gr,tas,1883,286.442,K,historical,emissions,pangeo,CMIP6
CNRM-ESM2-1,esm-hist,r1i1p1f2,gr,tas,1884,286.141,K,historical,emissions,pangeo,CMIP6
CNRM-ESM2-1,esm-hist,r1i1p1f2,gr,tas,1885,286.084,K,historical,emissions,pangeo,CMIP6
CNRM-ESM2-1,esm-hist,r1i1p1f2,gr,tas,1886,286.174,K,historical,emissions,pangeo,CMIP6
CNRM-ESM2-1,esm-hist,r1i1p1f2,gr,tas,1887,286.258,K,historical,emissions,pangeo,CMIP6
CNRM-ESM2-1,esm-hist,r1i1p1f2,gr,tas,1888,286.235,K,historical,emissions,pangeo,CMIP6
CNRM-ESM2-1,esm-hist,r1i1p1f2,gr,tas,1889,286.452,K,historical,emissions,pangeo,CMIP6
CNRM-ESM2-1,esm-hist,r1i1p1f2,gr,tas,1890,286.196,K,historical,emissions,pangeo,CMIP6
CNRM-ESM2-1,esm-hist,r1i1p1f2,gr,tas,1891,286.257,K,historical,emissions,pangeo,CMIP6
CNRM-ESM2-1,esm-hist,r1i1p1f2,gr,tas,1892,286.346,K,historical,emissions,pangeo,CMIP6
CNRM-ESM2-1,esm-hist,r1i1p1f2,gr,tas,1893,286.171,K,historical,emissions,pangeo,CMIP6
CNRM-ESM2-1,esm-hist,r1i1p1f2,gr,tas,1894,286.278,K,historical,emissions,pangeo,CMIP6
CNRM-ESM2-1,esm-hist,r1i1p1f2,gr,tas,1895,286.334,K,historical,emissions,pangeo,CMIP6
CNRM-ESM2-1,esm-hist,r1i1p1f2,gr,tas,1896,286.169,K,historical,emissions,pangeo,CMIP6
CNRM-ESM2-1,esm-hist,r1i1p1f2,gr,tas,1897,286.273,K,historical,emissions,pangeo,CMIP6
CNRM-ESM2-1,esm-hist,r1i1p1f2,gr,tas,1898,286.39,K,historical,emissions,pangeo,CMIP6
CNRM-ESM2-1,esm-hist,r1i1p1f2,gr,tas,1899,286.306,K,historical,emissions,pangeo,CMIP6
CNRM-ESM2-1,esm-hist,r1i1p1f2,gr,tas,1900,286.306,K,historical,emissions,pangeo,CMIP6
CNRM-ESM2-1,esm-hist,r1i1p1f2,gr,tas,1901,286.31,K,historical,emissions,pangeo,CMIP6
CNRM-ESM2-1,esm-hist,r1i1p1f2,gr,tas,1902,286.283,K,historical,emissions,pangeo,CMIP6
CNRM-ESM2-1,esm-hist,r1i1p1f2,gr,tas,1903,286.158,K,historical,emissions,pangeo,CMIP6
CNRM-ESM2-1,esm-hist,r1i1p1f2,gr,tas,1904,286.251,K,historical,emissions,pangeo,CMIP6
CNRM-ESM2-1,esm-hist,r1i1p1f2,gr,tas,1905,286.333,K,historical,emissions,pangeo,CMIP6
CNRM-ESM2-1,esm-hist,r1i1p1f2,gr,tas,1906,286.426,K,historical,emissions,pangeo,CMIP6
CNRM-ESM2-1,esm-hist,r1i1p1f2,gr,tas,1907,286.479,K,historical,emissions,pangeo,CMIP6
CNRM-ESM2-1,esm-hist,r1i1p1f2,gr,tas,1908,286.517,K,historical,emissions,pangeo,CMIP6
CNRM-ESM2-1,esm-hist,r1i1p1f2,gr,tas,1909,286.341,K,historical,emissions,pangeo,CMIP6
CNRM-ESM2-1,esm-hist,r1i1p1f2,gr,tas,1910,286.359,K,historical,emissions,pangeo,CMIP6
CNRM-ESM2-1,esm-hist,r1i1p1f2,gr,tas,1911,286.572,K,historical,emissions,pangeo,CMIP6
CNRM-ESM2-1,esm-hist,r1i1p1f2,gr,tas,1912,286.552,K,historical,emissions,pangeo,CMIP6
CNRM-ESM2-1,esm-hist,r1i1p1f2,gr,tas,1913,286.473,K,historical,emissions,pangeo,CMIP6
CNRM-ESM2-1,esm-hist,r1i1p1f2,gr,tas,1914,286.399,K,historical,emissions,pangeo,CMIP6
CNRM-ESM2-1,esm-hist,r1i1p1f2,gr,tas,1915,286.698,K,historical,emissions,pangeo,CMIP6
CNRM-ESM2-1,esm-hist,r1i1p1f2,gr,tas,1916,286.782,K,historical,emissions,pangeo,CMIP6
CNRM-ESM2-1,esm-hist,r1i1p1f2,gr,tas,1917,286.686,K,historical,emissions,pangeo,CMIP6
CNRM-ESM2-1,esm-hist,r1i1p1f2,gr,tas,1918,286.775,K,historical,emissions,pangeo,CMIP6
CNRM-ESM2-1,esm-hist,r1i1p1f2,gr,tas,1919,286.732,K,historical,emissions,pangeo,CMIP6
CNRM-ESM2-1,esm-hist,r1i1p1f2,gr,tas,1920,286.839,K,historical,emissions,pangeo,CMIP6
CNRM-ESM2-1,esm-hist,r1i1p1f2,gr,tas,1921,286.69,K,historical,emissions,pangeo,CMIP6
CNRM-ESM2-1,esm-hist,r1i1p1f2,gr,tas,1922,286.755,K,historical,emissions,pangeo,CMIP6
CNRM-ESM2-1,esm-hist,r1i1p1f2,gr,tas,1923,286.61,K,historical,emissions,pangeo,CMIP6
CNRM-ESM2-1,esm-hist,r1i1p1f2,gr,tas,1924,286.64,K,historical,emissions,pangeo,CMIP6
CNRM-ESM2-1,esm-hist,r1i1p1f2,gr,tas,1925,286.766,K,historical,emissions,pangeo,CMIP6
CNRM-ESM2-1,esm-hist,r1i1p1f2,gr,tas,1926,286.78,K,historical,emissions,pangeo,CMIP6
CNRM-ESM2-1,esm-hist,r1i1p1f2,gr,tas,1927,286.756,K,historical,emissions,pangeo,CMIP6
CNRM-ESM2-1,esm-hist,r1i1p1f2,gr,tas,1928,286.812,K,historical,emissions,pangeo,CMIP6
CNRM-ESM2-1,esm-hist,r1i1p1f2,gr,tas,1929,286.714,K,historical,emissions,pangeo,CMIP6
CNRM-ESM2-1,esm-hist,r1i1p1f2,gr,tas,1930,286.772,K,historical,emissions,pangeo,CMIP6
CNRM-ESM2-1,esm-hist,r1i1p1f2,gr,tas,1931,286.737,K,historical,emissions,pangeo,CMIP6
CNRM-ESM2-1,esm-hist,r1i1p1f2,gr,tas,1932,286.574,K,historical,emissions,pangeo,CMIP6
CNRM-ESM2-1,esm-hist,r1i1p1f2,gr,tas,1933,286.745,K,historical,emissions,pangeo,CMIP6
CNRM-ESM2-1,esm-hist,r1i1p1f2,gr,tas,1934,286.716,K,historical,emissions,pangeo,CMIP6
CNRM-ESM2-1,esm-hist,r1i1p1f2,gr,tas,1935,286.797,K,historical,emissions,pangeo,CMIP6
CNRM-ESM2-1,esm-hist,r1i1p1f2,gr,tas,1936,286.734,K,historical,emissions,pangeo,CMIP6
CNRM-ESM2-1,esm-hist,r1i1p1f2,gr,tas,1937,286.818,K,historical,emissions,pangeo,CMIP6
CNRM-ESM2-1,esm-hist,r1i1p1f2,gr,tas,1938,286.846,K,historical,emissions,pangeo,CMIP6
CNRM-ESM2-1,esm-hist,r1i1p1f2,gr,tas,1939,286.741,K,historical,emissions,pangeo,CMIP6
CNRM-ESM2-1,esm-hist,r1i1p1f2,gr,tas,1940,286.791,K,historical,emissions,pangeo,CMIP6
CNRM-ESM2-1,esm-hist,r1i1p1f2,gr,tas,1941,286.795,K,historical,emissions,pangeo,CMIP6
CNRM-ESM2-1,esm-hist,r1i1p1f2,gr,tas,1942,286.704,K,historical,emissions,pangeo,CMIP6
CNRM-ESM2-1,esm-hist,r1i1p1f2,gr,tas,1943,286.703,K,historical,emissions,pangeo,CMIP6
CNRM-ESM2-1,esm-hist,r1i1p1f2,gr,tas,1944,286.802,K,historical,emissions,pangeo,CMIP6
CNRM-ESM2-1,esm-hist,r1i1p1f2,gr,tas,1945,286.83,K,historical,emissions,pangeo,CMIP6
CNRM-ESM2-1,esm-hist,r1i1p1f2,gr,tas,1946,286.831,K,historical,emissions,pangeo,CMIP6
CNRM-ESM2-1,esm-hist,r1i1p1f2,gr,tas,1947,286.768,K,historical,emissions,pangeo,CMIP6
CNRM-ESM2-1,esm-hist,r1i1p1f2,gr,tas,1948,286.937,K,historical,emissions,pangeo,CMIP6
CNRM-ESM2-1,esm-hist,r1i1p1f2,gr,tas,1949,286.697,K,historical,emissions,pangeo,CMIP6
CNRM-ESM2-1,esm-hist,r1i1p1f2,gr,tas,1950,286.879,K,historical,emissions,pangeo,CMIP6
CNRM-ESM2-1,esm-hist,r1i1p1f2,gr,tas,1951,286.828,K,historical,emissions,pangeo,CMIP6
CNRM-ESM2-1,esm-hist,r1i1p1f2,gr,tas,1952,287.107,K,historical,emissions,pangeo,CMIP6
CNRM-ESM2-1,esm-hist,r1i1p1f2,gr,tas,1953,286.834,K,historical,emissions,pangeo,CMIP6
CNRM-ESM2-1,esm-hist,r1i1p1f2,gr,tas,1954,286.729,K,historical,emissions,pangeo,CMIP6
CNRM-ESM2-1,esm-hist,r1i1p1f2,gr,tas,1955,286.897,K,historical,emissions,pangeo,CMIP6
CNRM-ESM2-1,esm-hist,r1i1p1f2,gr,tas,1956,287.104,K,historical,emissions,pangeo,CMIP6
CNRM-ESM2-1,esm-hist,r1i1p1f2,gr,tas,1957,287.038,K,historical,emissions,pangeo,CMIP6
CNRM-ESM2-1,esm-hist,r1i1p1f2,gr,tas,1958,287.048,K,historical,emissions,pangeo,CMIP6
CNRM-ESM2-1,esm-hist,r1i1p1f2,gr,tas,1959,287.04,K,historical,emissions,pangeo,CMIP6
CNRM-ESM2-1,esm-hist,r1i1p1f2,gr,tas,1960,287.002,K,historical,emissions,pangeo,CMIP6
CNRM-ESM2-1,esm-hist,r1i1p1f2,gr,tas,1961,286.998,K,historical,emissions,pangeo,CMIP6
CNRM-ESM2-1,esm-hist,r1i1p1f2,gr,tas,1962,286.949,K,historical,emissions,pangeo,CMIP6
CNRM-ESM2-1,esm-hist,r1i1p1f2,gr,tas,1963,286.838,K,historical,emissions,pangeo,CMIP6
CNRM-ESM2-1,esm-hist,r1i1p1f2,gr,tas,1964,286.932,K,historical,emissions,pangeo,CMIP6
CNRM-ESM2-1,esm-hist,r1i1p1f2,gr,tas,1965,286.867,K,historical,emissions,pangeo,CMIP6
CNRM-ESM2-1,esm-hist,r1i1p1f2,gr,tas,1966,286.773,K,historical,emissions,pangeo,CMIP6
CNRM-ESM2-1,esm-hist,r1i1p1f2,gr,tas,1967,286.726,K,historical,emissions,pangeo,CMIP6
CNRM-ESM2-1,esm-hist,r1i1p1f2,gr,tas,1968,286.72,K,historical,emissions,pangeo,CMIP6
CNRM-ESM2-1,esm-hist,r1i1p1f2,gr,tas,1969,286.803,K,historical,emissions,pangeo,CMIP6
CNRM-ESM2-1,esm-hist,r1i1p1f2,gr,tas,1970,286.787,K,historical,emissions,pangeo,CMIP6
CNRM-ESM2-1,esm-hist,r1i1p1f2,gr,tas,1971,286.769,K,historical,emissions,pangeo,CMIP6
CNRM-ESM2-1,esm-hist,r1i1p1f2,gr,tas,1972,286.647,K,historical,emissions,pangeo,CMIP6
CNRM-ESM2-1,esm-hist,r1i1p1f2,gr,tas,1973,286.638,K,historical,emissions,pangeo,CMIP6
CNRM-ESM2-1,esm-hist,r1i1p1f2,gr,tas,1974,286.837,K,historical,emissions,pangeo,CMIP6
CNRM-ESM2-1,esm-hist,r1i1p1f2,gr,tas,1975,286.824,K,historical,emissions,pangeo,CMIP6
CNRM-ESM2-1,esm-hist,r1i1p1f2,gr,tas,1976,286.697,K,historical,emissions,pangeo,CMIP6
CNRM-ESM2-1,esm-hist,r1i1p1f2,gr,tas,1977,286.737,K,historical,emissions,pangeo,CMIP6
CNRM-ESM2-1,esm-hist,r1i1p1f2,gr,tas,1978,286.772,K,historical,emissions,pangeo,CMIP6
CNRM-ESM2-1,esm-hist,r1i1p1f2,gr,tas,1979,286.695,K,historical,emissions,pangeo,CMIP6
CNRM-ESM2-1,esm-hist,r1i1p1f2,gr,tas,1980,286.826,K,historical,emissions,pangeo,CMIP6
CNRM-ESM2-1,esm-hist,r1i1p1f2,gr,tas,1981,286.902,K,historical,emissions,pangeo,CMIP6
CNRM-ESM2-1,esm-hist,r1i1p1f2,gr,tas,1982,286.926,K,historical,emissions,pangeo,CMIP6
CNRM-ESM2-1,esm-hist,r1i1p1f2,gr,tas,1983,286.889,K,historical,emissions,pangeo,CMIP6
CNRM-ESM2-1,esm-hist,r1i1p1f2,gr,tas,1984,286.885,K,historical,emissions,pangeo,CMIP6
CNRM-ESM2-1,esm-hist,r1i1p1f2,gr,tas,1985,286.957,K,historical,emissions,pangeo,CMIP6
CNRM-ESM2-1,esm-hist,r1i1p1f2,gr,tas,1986,286.877,K,historical,emissions,pangeo,CMIP6
CNRM-ESM2-1,esm-hist,r1i1p1f2,gr,tas,1987,286.927,K,historical,emissions,pangeo,CMIP6
CNRM-ESM2-1,esm-hist,r1i1p1f2,gr,tas,1988,286.774,K,historical,emissions,pangeo,CMIP6
CNRM-ESM2-1,esm-hist,r1i1p1f2,gr,tas,1989,286.893,K,historical,emissions,pangeo,CMIP6
CNRM-ESM2-1,esm-hist,r1i1p1f2,gr,tas,1990,287.022,K,historical,emissions,pangeo,CMIP6
CNRM-ESM2-1,esm-hist,r1i1p1f2,gr,tas,1991,286.844,K,historical,emissions,pangeo,CMIP6
CNRM-ESM2-1,esm-hist,r1i1p1f2,gr,tas,1992,286.821,K,historical,emissions,pangeo,CMIP6
CNRM-ESM2-1,esm-hist,r1i1p1f2,gr,tas,1993,286.895,K,historical,emissions,pangeo,CMIP6
CNRM-ESM2-1,esm-hist,r1i1p1f2,gr,tas,1994,286.827,K,historical,emissions,pangeo,CMIP6
CNRM-ESM2-1,esm-hist,r1i1p1f2,gr,tas,1995,286.903,K,historical,emissions,pangeo,CMIP6
CNRM-ESM2-1,esm-hist,r1i1p1f2,gr,tas,1996,286.914,K,historical,emissions,pangeo,CMIP6
CNRM-ESM2-1,esm-hist,r1i1p1f2,gr,tas,1997,286.877,K,historical,emissions,pangeo,CMIP6
CNRM-ESM2-1,esm-hist,r1i1p1f2,gr,tas,1998,286.768,K,historical,emissions,pangeo,CMIP6
CNRM-ESM2-1,esm-hist,r1i1p1f2,gr,tas,1999,286.966,K,historical,emissions,pangeo,CMIP6
CNRM-ESM2-1,esm-hist,r1i1p1f2,gr,tas,2000,287.064,K,historical,emissions,pangeo,CMIP6
CNRM-ESM2-1,esm-hist,r1i1p1f2,gr,tas,2001,286.779,K,historical,emissions,pangeo,CMIP6
CNRM-ESM2-1,esm-hist,r1i1p1f2,gr,tas,2002,286.891,K,historical,emissions,pangeo,CMIP6
CNRM-ESM2-1,esm-hist,r1i1p1f2,gr,tas,2003,287.139,K,historical,emissions,pangeo,CMIP6
CNRM-ESM2-1,esm-hist,r1i1p1f2,gr,tas,2004,286.968,K,historical,emissions,pangeo,CMIP6
CNRM-ESM2-1,esm-hist,r1i1p1f2,gr,tas,2005,287.094,K,historical,emissions,pangeo,CMIP6
CNRM-ESM2-1,esm-hist,r1i1p1f2,gr,tas,2006,287.227,K,historical,emissions,pangeo,CMIP6
CNRM-ESM2-1,esm-hist,r1i1p1f2,gr,tas,2007,287.139,K,historical,emissions,pangeo,CMIP6
CNRM-ESM2-1,esm-hist,r1i1p1f2,gr,tas,2008,287.113,K,historical,emissions,pangeo,CMIP6
CNRM-ESM2-1,esm-hist,r1i1p1f2,gr,tas,2009,287.166,K,historical,emissions,pangeo,CMIP6
CNRM-ESM2-1,esm-hist,r1i1p1f2,gr,tas,2010,286.932,K,historical,emissions,pangeo,CMIP6
CNRM-ESM2-1,esm-hist,r1i1p1f2,gr,tas,2011,287.034,K,historical,emissions,pangeo,CMIP6
CNRM-ESM2-1,esm-hist,r1i1p1f2,gr,tas,2012,287.024,K,historical,emissions,pangeo,CMIP6
CNRM-ESM2-1,esm-hist,r1i1p1f2,gr,tas,2013,287.17,K,historical,emissions,pangeo,CMIP6
CNRM-ESM2-1,esm-hist,r1i1p1f2,gr,tas,2014,287.19,K,historical,emissions,pangeo,CMIP6
CNRM-ESM2-1,esm-ssp585,r1i1p1f3,gr,tas,2015,287.752,K,ssp585,emissions,pangeo,CMIP6
CNRM-ESM2-1,esm-ssp585,r1i1p1f3,gr,tas,2016,287.857,K,ssp585,emissions,pangeo,CMIP6
CNRM-ESM2-1,esm-ssp585,r1i1p1f3,gr,tas,2017,287.729,K,ssp585,emissions,pangeo,CMIP6
CNRM-ESM2-1,esm-ssp585,r1i1p1f3,gr,tas,2018,287.906,K,ssp585,emissions,pangeo,CMIP6
CNRM-ESM2-1,esm-ssp585,r1i1p1f3,gr,tas,2019,287.959,K,ssp585,emissions,pangeo,CMIP6
CNRM-ESM2-1,esm-ssp585,r1i1p1f3,gr,tas,2020,287.728,K,ssp585,emissions,pangeo,CMIP6
CNRM-ESM2-1,esm-ssp585,r1i1p1f3,gr,tas,2021,287.727,K,ssp585,emissions,pangeo,CMIP6
CNRM-ESM2-1,esm-ssp585,r1i1p1f3,gr,tas,2022,287.898,K,ssp585,emissions,pangeo,CMIP6
CNRM-ESM2-1,esm-ssp585,r1i1p1f3,gr,tas,2023,287.962,K,ssp585,emissions,pangeo,CMIP6
CNRM-ESM2-1,esm-ssp585,r1i1p1f3,gr,tas,2024,287.862,K,ssp585,emissions,pangeo,CMIP6
CNRM-ESM2-1,esm-ssp585,r1i1p1f3,gr,tas,2025,288.109,K,ssp585,emissions,pangeo,CMIP6
CNRM-ESM2-1,esm-ssp585,r1i1p1f3,gr,tas,2026,287.882,K,ssp585,emissions,pangeo,CMIP6
CNRM-ESM2-1,esm-ssp585,r1i1p1f3,gr,tas,2027,287.982,K,ssp585,emissions,pangeo,CMIP6
CNRM-ESM2-1,esm-ssp585,r1i1p1f3,gr,tas,2028,288.083,K,ssp585,emissions,pangeo,CMIP6
CNRM-ESM2-1,esm-ssp585,r1i1p1f3,gr,tas,2029,288.002,K,ssp585,emissions,pangeo,CMIP6
CNRM-ESM2-1,esm-ssp585,r1i1p1f3,gr,tas,2030,288.137,K,ssp585,emissions,pangeo,CMIP6
CNRM-ESM2-1,esm-ssp585,r1i1p1f3,gr,tas,2031,288.256,K,ssp585,emissions,pangeo,CMIP6
CNRM-ESM2-1,esm-ssp585,r1i1p1f3,gr,tas,2032,288.346,K,ssp585,emissions,pangeo,CMIP6
CNRM-ESM2-1,esm-ssp585,r1i1p1f3,gr,tas,2033,288.077,K,ssp585,emissions,pangeo,CMIP6
CNRM-ESM2-1,esm-ssp585,r1i1p1f3,gr,tas,2034,288.258,K,ssp585,emissions,pangeo,CMIP6
CNRM-ESM2-1,esm-ssp585,r1i1p1f3,gr,tas,2035,288.33,K,ssp585,emissions,pangeo,CMIP6
CNRM-ESM2-1,esm-ssp585,r1i1p1f3,gr,tas,2036,288.313,K,ssp585,emissions,pangeo,CMIP6
CNRM-ESM2-1,esm-ssp585,r1i1p1f3,gr,tas,2037,288.432,K,ssp585,emissions,pangeo,CMIP6
CNRM-ESM2-1,esm-ssp585,r1i1p1f3,gr,tas,2038,288.425,K,ssp585,emissions,pangeo,CMIP6
CNRM-ESM2-1,esm-ssp585,r1i1p1f3,gr,tas,2039,288.616,K,ssp585,emissions,pangeo,CMIP6
CNRM-ESM2-1,esm-ssp585,r1i1p1f3,gr,tas,2040,288.55,K,ssp585,emissions,pangeo,CMIP6
CNRM-ESM2-1,esm-ssp585,r1i1p1f3,gr,tas,2041,288.547,K,ssp585,emissions,pangeo,CMIP6
CNRM-ESM2-1,esm-ssp585,r1i1p1f3,gr,tas,2042,288.645,K,ssp585,emissions,pangeo,CMIP6
CNRM-ESM2-1,esm-ssp585,r1i1p1f3,gr,tas,2043,288.536,K,ssp585,emissions,pangeo,CMIP6
CNRM-ESM2-1,esm-ssp585,r1i1p1f3,gr,tas,2044,288.711,K,ssp585,emissions,pangeo,CMIP6
CNRM-ESM2-1,esm-ssp585,r1i1p1f3,gr,tas,2045,288.83,K,ssp585,emissions,pangeo,CMIP6
CNRM-ESM2-1,esm-ssp585,r1i1p1f3,gr,tas,2046,288.848,K,ssp585,emissions,pangeo,CMIP6
CNRM-ESM2-1,esm-ssp585,r1i1p1f3,gr,tas,2047,289.041,K,ssp585,emissions,pangeo,CMIP6
CNRM-ESM2-1,esm-ssp585,r1i1p1f3,gr,tas,2048,288.891,K,ssp585,emissions,pangeo,CMIP6
CNRM-ESM2-1,esm-ssp585,r1i1p1f3,gr,tas,2049,289.029,K,ssp585,emissions,pangeo,CMIP6
CNRM-ESM2-1,esm-ssp585,r1i1p1f3,gr,tas,2050,289.057,K,ssp585,emissions,pangeo,CMIP6
CNRM-ESM2-1,esm-ssp585,r1i1p1f3,gr,tas,2051,289.221,K,ssp585,emissions,pangeo,CMIP6
CNRM-ESM2-1,esm-ssp585,r1i1p1f3,gr,tas,2052,289.28,K,ssp585,emissions,pangeo,CMIP6
CNRM-ESM2-1,esm-ssp585,r1i1p1f3,gr,tas,2053,289.112,K,ssp585,emissions,pangeo,CMIP6
CNRM-ESM2-1,esm-ssp585,r1i1p1f3,gr,tas,2054,289.256,K,ssp585,emissions,pangeo,CMIP6
CNRM-ESM2-1,esm-ssp585,r1i1p1f3,gr,tas,2055,289.169,K,ssp585,emissions,pangeo,CMIP6
CNRM-ESM2-1,esm-ssp585,r1i1p1f3,gr,tas,2056,289.353,K,ssp585,emissions,pangeo,CMIP6
CNRM-ESM2-1,esm-ssp585,r1i1p1f3,gr,tas,2057,289.509,K,ssp585,emissions,pangeo,CMIP6
CNRM-ESM2-1,esm-ssp585,r1i1p1f3,gr,tas,2058,289.486,K,ssp585,emissions,pangeo,CMIP6
CNRM-ESM2-1,esm-ssp585,r1i1p1f3,gr,tas,2059,289.246,K,ssp585,emissions,pangeo,CMIP6
CNRM-ESM2-1,esm-ssp585,r1i1p1f3,gr,tas,2060,289.606,K,ssp585,emissions,pangeo,CMIP6
CNRM-ESM2-1,esm-ssp585,r1i1p1f3,gr,tas,2061,289.752,K,ssp585,emissions,pangeo,CMIP6
CNRM-ESM2-1,esm-ssp585,r1i1p1f3,gr,tas,2062,289.621,K,ssp585,emissions,pangeo,CMIP6
CNRM-ESM2-1,esm-ssp585,r1i1p1f3,gr,tas,2063,289.756,K,ssp585,emissions,pangeo,CMIP6
CNRM-ESM2-1,esm-ssp585,r1i1p1f3,gr,tas,2064,289.828,K,ssp585,emissions,pangeo,CMIP6
CNRM-ESM2-1,esm-ssp585,r1i1p1f3,gr,tas,2065,289.844,K,ssp585,emissions,pangeo,CMIP6
CNRM-ESM2-1,esm-ssp585,r1i1p1f3,gr,tas,2066,290.021,K,ssp585,emissions,pangeo,CMIP6
CNRM-ESM2-1,esm-ssp585,r1i1p1f3,gr,tas,2067,290.011,K,ssp585,emissions,pangeo,CMIP6
CNRM-ESM2-1,esm-ssp585,r1i1p1f3,gr,tas,2068,289.952,K,ssp585,emissions,pangeo,CMIP6
CNRM-ESM2-1,esm-ssp585,r1i1p1f3,gr,tas,2069,290.22,K,ssp585,emissions,pangeo,CMIP6
CNRM-ESM2-1,esm-ssp585,r1i1p1f3,gr,tas,2070,289.978,K,ssp585,emissions,pangeo,CMIP6
CNRM-ESM2-1,esm-ssp585,r1i1p1f3,gr,tas,2071,290.048,K,ssp585,emissions,pangeo,CMIP6
CNRM-ESM2-1,esm-ssp585,r1i1p1f3,gr,tas,2072,290.364,K,ssp585,emissions,pangeo,CMIP6
CNRM-ESM2-1,esm-ssp585,r1i1p1f3,gr,tas,2073,290.358,K,ssp585,emissions,pangeo,CMIP6
CNRM-ESM2-1,esm-ssp585,r1i1p1f3,gr,tas,2074,290.521,K,ssp585,emissions,pangeo,CMIP6
CNRM-ESM2-1,esm-ssp585,r1i1p1f3,gr,tas,2075,290.575,K,ssp585,emissions,pangeo,CMIP6
CNRM-ESM2-1,esm-ssp585,r1i1p1f3,gr,tas,2076,290.822,K,ssp585,emissions,pangeo,CMIP6
CNRM-ESM2-1,esm-ssp585,r1i1p1f3,gr,tas,2077,290.831,K,ssp585,emissions,pangeo,CMIP6
CNRM-ESM2-1,esm-ssp585,r1i1p1f3,gr,tas,2078,290.955,K,ssp585,emissions,pangeo,CMIP6
CNRM-ESM2-1,esm-ssp585,r1i1p1f3,gr,tas,2079,290.922,K,ssp585,emissions,pangeo,CMIP6
CNRM-ESM2-1,esm-ssp585,r1i1p1f3,gr,tas,2080,291.164,K,ssp585,emissions,pangeo,CMIP6
CNRM-ESM2-1,esm-ssp585,r1i1p1f3,gr,tas,2081,291.196,K,ssp585,emissions,pangeo,CMIP6
CNRM-ESM2-1,esm-ssp585,r1i1p1f3,gr,tas,2082,290.979,K,ssp585,emissions,pangeo,CMIP6
CNRM-ESM2-1,esm-ssp585,r1i1p1f3,gr,tas,2083,291.292,K,ssp585,emissions,pangeo,CMIP6
CNRM-ESM2-1,esm-ssp585,r1i1p1f3,gr,tas,2084,291.295,K,ssp585,emissions,pangeo,CMIP6
CNRM-ESM2-1,esm-ssp585,r1i1p1f3,gr,tas,2085,291.403,K,ssp585,emissions,pangeo,CMIP6
CNRM-ESM2-1,esm-ssp585,r1i1p1f3,gr,tas,2086,291.527,K,ssp585,emissions,pangeo,CMIP6
CNRM-ESM2-1,esm-ssp585,r1i1p1f3,gr,tas,2087,291.487,K,ssp585,emissions,pangeo,CMIP6
CNRM-ESM2-1,esm-ssp585,r1i1p1f3,gr,tas,2088,291.617,K,ssp585,emissions,pangeo,CMIP6
CNRM-ESM2-1,esm-ssp585,r1i1p1f3,gr,tas,2089,291.51,K,ssp585,emissions,pangeo,CMIP6
CNRM-ESM2-1,esm-ssp585,r1i1p1f3,gr,tas,2090,291.687,K,ssp585,emissions,pangeo,CMIP6
CNRM-ESM2-1,esm-ssp585,r1i1p1f3,gr,tas,2091,291.705,K,ssp585,emissions,pangeo,CMIP6
CNRM-ESM2-1,esm-ssp585,r1i1p1f3,gr,tas,2092,291.903,K,ssp585,emissions,pangeo,CMIP6
CNRM-ESM2-1,esm-ssp585,r1i1p1f3,gr,tas,2093,291.889,K,ssp585,emissions,pangeo,CMIP6
CNRM-ESM2-1,esm-ssp585,r1i1p1f3,gr,tas,2094,292.025,K,ssp585,emissions,pangeo,CMIP6
CNRM-ESM2-1,esm-ssp585,r1i1p1f3,gr,tas,2095,292.322,K,ssp585,emissions,pangeo,CMIP6
CNRM-ESM2-1,esm-ssp585,r1i1p1f3,gr,tas,2096,292.42,K,ssp585,emissions,pangeo,CMIP6
CNRM-ESM2-1,esm-ssp585,r1i1p1f3,gr,tas,2097,292.412,K,ssp585,emissions,pangeo,CMIP6
CNRM-ESM2-1,esm-ssp585,r1i1p1f3,gr,tas,2098,292.492,K,ssp585,emissions,pangeo,CMIP6
CNRM-ESM2-1,esm-ssp585,r1i1p1f3,gr,tas,2099,292.631,K,ssp585,emissions,pangeo,CMIP6
CNRM-ESM2-1,esm-ssp585,r1i1p1f3,gr,tas,2100,292.671,K,ssp585,emissions,pangeo,CMIP6
CanESM5,esm-hist,r1i1p1f1,gn,tas,1850,286.626,K,historical,emissions,pangeo,CMIP6
CanESM5,esm-hist,r1i1p1f1,gn,tas,1851,286.352,K,historical,emissions,pangeo,CMIP6
CanESM5,esm-hist,r1i1p1f1,gn,tas,1852,286.355,K,historical,emissions,pangeo,CMIP6
CanESM5,esm-hist,r1i1p1f1,gn,tas,1853,286.459,K,historical,emissions,pangeo,CMIP6
CanESM5,esm-hist,r1i1p1f1,gn,tas,1854,286.578,K,historical,emissions,pangeo,CMIP6
CanESM5,esm-hist,r1i1p1f1,gn,tas,1855,286.564,K,historical,emissions,pangeo,CMIP6
CanESM5,esm-hist,r1i1p1f1,gn,tas,1856,286.692,K,historical,emissions,pangeo,CMIP6
CanESM5,esm-hist,r1i1p1f1,gn,tas,1857,286.794,K,historical,emissions,pangeo,CMIP6
CanESM5,esm-hist,r1i1p1f1,gn,tas,1858,286.583,K,historical,emissions,pangeo,CMIP6
CanESM5,esm-hist,r1i1p1f1,gn,tas,1859,286.627,K,historical,emissions,pangeo,CMIP6
CanESM5,esm-hist,r1i1p1f1,gn,tas,1860,286.449,K,historical,emissions,pangeo,CMIP6
CanESM5,esm-hist,r1i1p1f1,gn,tas,1861,286.499,K,historical,emissions,pangeo,CMIP6
CanESM5,esm-hist,r1i1p1f1,gn,tas,1862,286.548,K,historical,emissions,pangeo,CMIP6
CanESM5,esm-hist,r1i1p1f1,gn,tas,1863,286.475,K,historical,emissions,pangeo,CMIP6
CanESM5,esm-hist,r1i1p1f1,gn,tas,1864,286.516,K,historical,emissions,pangeo,CMIP6
CanESM5,esm-hist,r1i1p1f1,gn,tas,1865,286.595,K,historical,emissions,pangeo,CMIP6
CanESM5,esm-hist,r1i1p1f1,gn,tas,1866,286.591,K,historical,emissions,pangeo,CMIP6
CanESM5,esm-hist,r1i1p1f1,gn,tas,1867,286.663,K,historical,emissions,pangeo,CMIP6
CanESM5,esm-hist,r1i1p1f1,gn,tas,1868,286.666,K,historical,emissions,pangeo,CMIP6
CanESM5,esm-hist,r1i1p1f1,gn,tas,1869,286.574,K,historical,emissions,pangeo,CMIP6
CanESM5,esm-hist,r1i1p1f1,gn,tas,1870,286.534,K,historical,emissions,pangeo,CMIP6
CanESM5,esm-hist,r1i1p1f1,gn,tas,1871,286.687,K,historical,emissions,pangeo,CMIP6
CanESM5,esm-hist,r1i1p1f1,gn,tas,1872,286.802,K,historical,emissions,pangeo,CMIP6
CanESM5,esm-hist,r1i1p1f1,gn,tas,1873,286.842,K,historical,emissions,pangeo,CMIP6
CanESM5,esm-hist,r1i1p1f1,gn,tas,1874,286.718,K,historical,emissions,pangeo,CMIP6
CanESM5,esm-hist,r1i1p1f1,gn,tas,1875,286.829,K,historical,emissions,pangeo,CMIP6
CanESM5,esm-hist,r1i1p1f1,gn,tas,1876,286.803,K,historical,emissions,pangeo,CMIP6
CanESM5,esm-hist,r1i1p1f1,gn,tas,1877,286.627,K,historical,emissions,pangeo,CMIP6
CanESM5,esm-hist,r1i1p1f1,gn,tas,1878,286.676,K,historical,emissions,pangeo,CMIP6
CanESM5,esm-hist,r1i1p1f1,gn,tas,1879,286.732,K,historical,emissions,pangeo,CMIP6
CanESM5,esm-hist,r1i1p1f1,gn,tas,1880,286.75,K,historical,emissions,pangeo,CMIP6
CanESM5,esm-hist,r1i1p1f1,gn,tas,1881,286.614,K,historical,emissions,pangeo,CMIP6
CanESM5,esm-hist,r1i1p1f1,gn,tas,1882,286.532,K,historical,emissions,pangeo,CMIP6
CanESM5,esm-hist,r1i1p1f1,gn,tas,1883,286.681,K,historical,emissions,pangeo,CMIP6
CanESM5,esm-hist,r1i1p1f1,gn,tas,1884,286.457,K,historical,emissions,pangeo,CMIP6
CanESM5,esm-hist,r1i1p1f1,gn,tas,1885,286.502,K,historical,emissions,pangeo,CMIP6
CanESM5,esm-hist,r1i1p1f1,gn,tas,1886,286.596,K,historical,emissions,pangeo,CMIP6
CanESM5,esm-hist,r1i1p1f1,gn,tas,1887,286.631,K,historical,emissions,pangeo,CMIP6
CanESM5,esm-hist,r1i1p1f1,gn,tas,1888,286.631,K,historical,emissions,pangeo,CMIP6
CanESM5,esm-hist,r1i1p1f1,gn,tas,1889,286.57,K,historical,emissions,pangeo,CMIP6
CanESM5,esm-hist,r1i1p1f1,gn,tas,1890,286.527,K,historical,emissions,pangeo,CMIP6
CanESM5,esm-hist,r1i1p1f1,gn,tas,1891,286.408,K,historical,emissions,pangeo,CMIP6
CanESM5,esm-hist,r1i1p1f1,gn,tas,1892,286.483,K,historical,emissions,pangeo,CMIP6
CanESM5,esm-hist,r1i1p1f1,gn,tas,1893,286.595,K,historical,emissions,pangeo,CMIP6
CanESM5,esm-hist,r1i1p1f1,gn,tas,1894,286.629,K,historical,emissions,pangeo,CMIP6
CanESM5,esm-hist,r1i1p1f1,gn,tas,1895,286.521,K,historical,emissions,pangeo,CMIP6
CanESM5,esm-hist,r1i1p1f1,gn,tas,1896,286.609,K,historical,emissions,pangeo,CMIP6
CanESM5,esm-hist,r1i1p1f1,gn,tas,1897,286.687,K,historical,emissions,pangeo,CMIP6
CanESM5,esm-hist,r1i1p1f1,gn,tas,1898,286.732,K,historical,emissions,pangeo,CMIP6
CanESM5,esm-hist,r1i1p1f1,gn,tas,1899,286.911,K,historical,emissions,pangeo,CMIP6
CanESM5,esm-hist,r1i1p1f1,gn,tas,1900,286.733,K,historical,emissions,pangeo,CMIP6
CanESM5,esm-hist,r1i1p1f1,gn,tas,1901,286.831,K,historical,emissions,pangeo,CMIP6
CanESM5,esm-hist,r1i1p1f1,gn,tas,1902,286.548,K,historical,emissions,pangeo,CMIP6
CanESM5,esm-hist,r1i1p1f1,gn,tas,1903,286.51,K,historical,emissions,pangeo,CMIP6
CanESM5,esm-hist,r1i1p1f1,gn,tas,1904,286.606,K,historical,emissions,pangeo,CMIP6
CanESM5,esm-hist,r1i1p1f1,gn,tas,1905,286.548,K,historical,emissions,pangeo,CMIP6
CanESM5,esm-hist,r1i1p1f1,gn,tas,1906,286.573,K,historical,emissions,pangeo,CMIP6
CanESM5,esm-hist,r1i1p1f1,gn,tas,1907,286.528,K,historical,emissions,pangeo,CMIP6
CanESM5,esm-hist,r1i1p1f1,gn,tas,1908,286.599,K,historical,emissions,pangeo,CMIP6
CanESM5,esm-hist,r1i1p1f1,gn,tas,1909,286.655,K,historical,emissions,pangeo,CMIP6
CanESM5,esm-hist,r1i1p1f1,gn,tas,1910,286.765,K,historical,emissions,pangeo,CMIP6
CanESM5,esm-hist,r1i1p1f1,gn,tas,1911,286.582,K,historical,emissions,pangeo,CMIP6
CanESM5,esm-hist,r1i1p1f1,gn,tas,1912,286.52,K,historical,emissions,pangeo,CMIP6
CanESM5,esm-hist,r1i1p1f1,gn,tas,1913,286.45,K,historical,emissions,pangeo,CMIP6
CanESM5,esm-hist,r1i1p1f1,gn,tas,1914,286.474,K,historical,emissions,pangeo,CMIP6
CanESM5,esm-hist,r1i1p1f1,gn,tas,1915,286.613,K,historical,emissions,pangeo,CMIP6
CanESM5,esm-hist,r1i1p1f1,gn,tas,1916,286.745,K,historical,emissions,pangeo,CMIP6
CanESM5,esm-hist,r1i1p1f1,gn,tas,1917,286.618,K,historical,emissions,pangeo,CMIP6
CanESM5,esm-hist,r1i1p1f1,gn,tas,1918,286.5,K,historical,emissions,pangeo,CMIP6
CanESM5,esm-hist,r1i1p1f1,gn,tas,1919,286.725,K,historical,emissions,pangeo,CMIP6
CanESM5,esm-hist,r1i1p1f1,gn,tas,1920,286.656,K,historical,emissions,pangeo,CMIP6
CanESM5,esm-hist,r1i1p1f1,gn,tas,1921,286.617,K,historical,emissions,pangeo,CMIP6
CanESM5,esm-hist,r1i1p1f1,gn,tas,1922,286.677,K,historical,emissions,pangeo,CMIP6
CanESM5,esm-hist,r1i1p1f1,gn,tas,1923,286.764,K,historical,emissions,pangeo,CMIP6
CanESM5,esm-hist,r1i1p1f1,gn,tas,1924,286.621,K,historical,emissions,pangeo,CMIP6
CanESM5,esm-hist,r1i1p1f1,gn,tas,1925,286.754,K,historical,emissions,pangeo,CMIP6
CanESM5,esm-hist,r1i1p1f1,gn,tas,1926,286.62,K,historical,emissions,pangeo,CMIP6
CanESM5,esm-hist,r1i1p1f1,gn,tas,1927,286.833,K,historical,emissions,pangeo,CMIP6
CanESM5,esm-hist,r1i1p1f1,gn,tas,1928,286.654,K,historical,emissions,pangeo,CMIP6
CanESM5,esm-hist,r1i1p1f1,gn,tas,1929,286.719,K,historical,emissions,pangeo,CMIP6
CanESM5,esm-hist,r1i1p1f1,gn,tas,1930,286.833,K,historical,emissions,pangeo,CMIP6
CanESM5,esm-hist,r1i1p1f1,gn,tas,1931,286.934,K,historical,emissions,pangeo,CMIP6
CanESM5,esm-hist,r1i1p1f1,gn,tas,1932,286.829,K,historical,emissions,pangeo,CMIP6
CanESM5,esm-hist,r1i1p1f1,gn,tas,1933,286.776,K,historical,emissions,pangeo,CMIP6
CanESM5,esm-hist,r1i1p1f1,gn,tas,1934,286.707,K,historical,emissions,pangeo,CMIP6
CanESM5,esm-hist,r1i1p1f1,gn,tas,1935,286.664,K,historical,emissions,pangeo,CMIP6
CanESM5,esm-hist,r1i1p1f1,gn,tas,1936,286.767,K,historical,emissions,pangeo,CMIP6
CanESM5,esm-hist,r1i1p1f1,gn,tas,1937,286.98,K,historical,emissions,pangeo,CMIP6
CanESM5,esm-hist,r1i1p1f1,gn,tas,1938,287.06,K,historical,emissions,pangeo,CMIP6
CanESM5,esm-hist,r1i1p1f1,gn,tas,1939,286.924,K,historical,emissions,pangeo,CMIP6
CanESM5,esm-hist,r1i1p1f1,gn,tas,1940,286.81,K,historical,emissions,pangeo,CMIP6
CanESM5,esm-hist,r1i1p1f1,gn,tas,1941,286.87,K,historical,emissions,pangeo,CMIP6
CanESM5,esm-hist,r1i1p1f1,gn,tas,1942,286.942,K,historical,emissions,pangeo,CMIP6
CanESM5,esm-hist,r1i1p1f1,gn,tas,1943,286.839,K,historical,emissions,pangeo,CMIP6
CanESM5,esm-hist,r1i1p1f1,gn,tas,1944,286.855,K,historical,emissions,pangeo,CMIP6
CanESM5,esm-hist,r1i1p1f1,gn,tas,1945,286.899,K,historical,emissions,pangeo,CMIP6
CanESM5,esm-hist,r1i1p1f1,gn,tas,1946,286.724,K,historical,emissions,pangeo,CMIP6
CanESM5,esm-hist,r1i1p1f1,gn,tas,1947,286.772,K,historical,emissions,pangeo,CMIP6
CanESM5,esm-hist,r1i1p1f1,gn,tas,1948,286.952,K,historical,emissions,pangeo,CMIP6
CanESM5,esm-hist,r1i1p1f1,gn,tas,1949,286.824,K,historical,emissions,pangeo,CMIP6
CanESM5,esm-hist,r1i1p1f1,gn,tas,1950,286.824,K,historical,emissions,pangeo,CMIP6
CanESM5,esm-hist,r1i1p1f1,gn,tas,1951,286.885,K,historical,emissions,pangeo,CMIP6
CanESM5,esm-hist,r1i1p1f1,gn,tas,1952,286.743,K,historical,emissions,pangeo,CMIP6
CanESM5,esm-hist,r1i1p1f1,gn,tas,1953,286.871,K,historical,emissions,pangeo,CMIP6
CanESM5,esm-hist,r1i1p1f1,gn,tas,1954,287.037,K,historical,emissions,pangeo,CMIP6
CanESM5,esm-hist,r1i1p1f1,gn,tas,1955,286.836,K,historical,emissions,pangeo,CMIP6
CanESM5,esm-hist,r1i1p1f1,gn,tas,1956,286.791,K,historical,emissions,pangeo,CMIP6
CanESM5,esm-hist,r1i1p1f1,gn,tas,1957,286.904,K,historical,emissions,pangeo,CMIP6
CanESM5,esm-hist,r1i1p1f1,gn,tas,1958,286.974,K,historical,emissions,pangeo,CMIP6
CanESM5,esm-hist,r1i1p1f1,gn,tas,1959,287.1,K,historical,emissions,pangeo,CMIP6
CanESM5,esm-hist,r1i1p1f1,gn,tas,1960,287.001,K,historical,emissions,pangeo,CMIP6
CanESM5,esm-hist,r1i1p1f1,gn,tas,1961,287.046,K,historical,emissions,pangeo,CMIP6
CanESM5,esm-hist,r1i1p1f1,gn,tas,1962,287.06,K,historical,emissions,pangeo,CMIP6
CanESM5,esm-hist,r1i1p1f1,gn,tas,1963,286.612,K,historical,emissions,pangeo,CMIP6
CanESM5,esm-hist,r1i1p1f1,gn,tas,1964,286.677,K,historical,emissions,pangeo,CMIP6
CanESM5,esm-hist,r1i1p1f1,gn,tas,1965,286.614,K,historical,emissions,pangeo,CMIP6
CanESM5,esm-hist,r1i1p1f1,gn,tas,1966,286.623,K,historical,emissions,pangeo,CMIP6
CanESM5,esm-hist,r1i1p1f1,gn,tas,1967,286.588,K,historical,emissions,pangeo,CMIP6
CanESM5,esm-hist,r1i1p1f1,gn,tas,1968,286.711,K,historical,emissions,pangeo,CMIP6
CanESM5,esm-hist,r1i1p1f1,gn,tas,1969,286.721,K,historical,emissions,pangeo,CMIP6
CanESM5,esm-hist,r1i1p1f1,gn,tas,1970,286.916,K,historical,emissions,pangeo,CMIP6
CanESM5,esm-hist,r1i1p1f1,gn,tas,1971,286.879,K,historical,emissions,pangeo,CMIP6
CanESM5,esm-hist,r1i1p1f1,gn,tas,1972,286.929,K,historical,emissions,pangeo,CMIP6
CanESM5,esm-hist,r1i1p1f1,gn,tas,1973,286.937,K,historical,emissions,pangeo,CMIP6
CanESM5,esm-hist,r1i1p1f1,gn,tas,1974,287.065,K,historical,emissions,pangeo,CMIP6
CanESM5,esm-hist,r1i1p1f1,gn,tas,1975,287.037,K,historical,emissions,pangeo,CMIP6
CanESM5,esm-hist,r1i1p1f1,gn,tas,1976,286.917,K,historical,emissions,pangeo,CMIP6
CanESM5,esm-hist,r1i1p1f1,gn,tas,1977,286.989,K,historical,emissions,pangeo,CMIP6
CanESM5,esm-hist,r1i1p1f1,gn,tas,1978,287.104,K,historical,emissions,pangeo,CMIP6
CanESM5,esm-hist,r1i1p1f1,gn,tas,1979,287.205,K,historical,emissions,pangeo,CMIP6
CanESM5,esm-hist,r1i1p1f1,gn,tas,1980,287.09,K,historical,emissions,pangeo,CMIP6
CanESM5,esm-hist,r1i1p1f1,gn,tas,1981,287.07,K,historical,emissions,pangeo,CMIP6
CanESM5,esm-hist,r1i1p1f1,gn,tas,1982,287.182,K,historical,emissions,pangeo,CMIP6
CanESM5,esm-hist,r1i1p1f1,gn,tas,1983,287.324,K,historical,emissions,pangeo,CMIP6
CanESM5,esm-hist,r1i1p1f1,gn,tas,1984,287.193,K,historical,emissions,pangeo,CMIP6
CanESM5,esm-hist,r1i1p1f1,gn,tas,1985,287.284,K,historical,emissions,pangeo,CMIP6
CanESM5,esm-hist,r1i1p1f1,gn,tas,1986,287.397,K,historical,emissions,pangeo,CMIP6
CanESM5,esm-hist,r1i1p1f1,gn,tas,1987,287.32,K,historical,emissions,pangeo,CMIP6
CanESM5,esm-hist,r1i1p1f1,gn,tas,1988,287.193,K,historical,emissions,pangeo,CMIP6
CanESM5,esm-hist,r1i1p1f1,gn,tas,1989,287.352,K,historical,emissions,pangeo,CMIP6
CanESM5,esm-hist,r1i1p1f1,gn,tas,1990,287.436,K,historical,emissions,pangeo,CMIP6
CanESM5,esm-hist,r1i1p1f1,gn,tas,1991,287.356,K,historical,emissions,pangeo,CMIP6
CanESM5,esm-hist,r1i1p1f1,gn,tas,1992,287.183,K,historical,emissions,pangeo,CMIP6
CanESM5,esm-hist,r1i1p1f1,gn,tas,1993,287.274,K,historical,emissions,pangeo,CMIP6
CanESM5,esm-hist,r1i1p1f1,gn,tas,1994,287.391,K,historical,emissions,pangeo,CMIP6
CanESM5,esm-hist,r1i1p1f1,gn,tas,1995,287.308,K,historical,emissions,pangeo,CMIP6
CanESM5,esm-hist,r1i1p1f1,gn,tas,1996,287.432,K,historical,emissions,pangeo,CMIP6
CanESM5,esm-hist,r1i1p1f1,gn,tas,1997,287.777,K,historical,emissions,pangeo,CMIP6
CanESM5,esm-hist,r1i1p1f1,gn,tas,1998,287.711,K,historical,emissions,pangeo,CMIP6
CanESM5,esm-hist,r1i1p1f1,gn,tas,1999,287.877,K,historical,emissions,pangeo,CMIP6
CanESM5,esm-hist,r1i1p1f1,gn,tas,2000,287.904,K,historical,emissions,pangeo,CMIP6
CanESM5,esm-hist,r1i1p1f1,gn,tas,2001,287.964,K,historical,emissions,pangeo,CMIP6
CanESM5,esm-hist,r1i1p1f1,gn,tas,2002,287.993,K,historical,emissions,pangeo,CMIP6
CanESM5,esm-hist,r1i1p1f1,gn,tas,2003,288.041,K,historical,emissions,pangeo,CMIP6
CanESM5,esm-hist,r1i1p1f1,gn,tas,2004,288.23,K,historical,emissions,pangeo,CMIP6
CanESM5,esm-hist,r1i1p1f1,gn,tas,2005,288.291,K,historical,emissions,pangeo,CMIP6
CanESM5,esm-hist,r1i1p1f1,gn,tas,2006,288.259,K,historical,emissions,pangeo,CMIP6
CanESM5,esm-hist,r1i1p1f1,gn,tas,2007,288.033,K,historical,emissions,pangeo,CMIP6
CanESM5,esm-hist,r1i1p1f1,gn,tas,2008,288.149,K,historical,emissions,pangeo,CMIP6
CanESM5,esm-hist,r1i1p1f1,gn,tas,2009,288.181,K,historical,emissions,pangeo,CMIP6
CanESM5,esm-hist,r1i1p1f1,gn,tas,2010,288.183,K,historical,emissions,pangeo,CMIP6
CanESM5,esm-hist,r1i1p1f1,gn,tas,2011,288.279,K,historical,emissions,pangeo,CMIP6
CanESM5,esm-hist,r1i1p1f1,gn,tas,2012,288.468,K,historical,emissions,pangeo,CMIP6
CanESM5,esm-hist,r1i1p1f1,gn,tas,2013,288.394,K,historical,emissions,pangeo,CMIP6
CanESM5,esm-hist,r1i1p1f1,gn,tas,2014,288.259,K,historical,emissions,pangeo,CMIP6
CanESM5-CanOE,esm-hist,r1i1p2f1,gn,tas,1850,286.598,K,historical,emissions,pangeo,CMIP6
CanESM5-CanOE,esm-hist,r1i1p2f1,gn,tas,1851,286.614,K,historical,emissions,pangeo,CMIP6
CanESM5-CanOE,esm-hist,r1i1p2f1,gn,tas,1852,286.633,K,historical,emissions,pangeo,CMIP6
CanESM5-CanOE,esm-hist,r1i1p2f1,gn,tas,1853,286.438,K,historical,emissions,pangeo,CMIP6
CanESM5-CanOE,esm-hist,r1i1p2f1,gn,tas,1854,286.272,K,historical,emissions,pangeo,CMIP6
CanESM5-CanOE,esm-hist,r1i1p2f1,gn,tas,1855,286.46,K,historical,emissions,pangeo,CMIP6
CanESM5-CanOE,esm-hist,r1i1p2f1,gn,tas,1856,286.652,K,historical,emissions,pangeo,CMIP6
CanESM5-CanOE,esm-hist,r1i1p2f1,gn,tas,1857,286.66,K,historical,emissions,pangeo,CMIP6
CanESM5-CanOE,esm-hist,r1i1p2f1,gn,tas,1858,286.623,K,historical,emissions,pangeo,CMIP6
CanESM5-CanOE,esm-hist,r1i1p2f1,gn,tas,1859,286.619,K,historical,emissions,pangeo,CMIP6
CanESM5-CanOE,esm-hist,r1i1p2f1,gn,tas,1860,286.69,K,historical,emissions,pangeo,CMIP6
CanESM5-CanOE,esm-hist,r1i1p2f1,gn,tas,1861,286.606,K,historical,emissions,pangeo,CMIP6
CanESM5-CanOE,esm-hist,r1i1p2f1,gn,tas,1862,286.498,K,historical,emissions,pangeo,CMIP6
CanESM5-CanOE,esm-hist,r1i1p2f1,gn,tas,1863,286.62,K,historical,emissions,pangeo,CMIP6
CanESM5-CanOE,esm-hist,r1i1p2f1,gn,tas,1864,286.513,K,historical,emissions,pangeo,CMIP6
CanESM5-CanOE,esm-hist,r1i1p2f1,gn,tas,1865,286.316,K,historical,emissions,pangeo,CMIP6
CanESM5-CanOE,esm-hist,r1i1p2f1,gn,tas,1866,286.22,K,historical,emissions,pangeo,CMIP6
CanESM5-CanOE,esm-hist,r1i1p2f1,gn,tas,1867,286.307,K,historical,emissions,pangeo,CMIP6
CanESM5-CanOE,esm-hist,r1i1p2f1,gn,tas,1868,286.254,K,historical,emissions,pangeo,CMIP6
CanESM5-CanOE,esm-hist,r1i1p2f1,gn,tas,1869,286.257,K,historical,emissions,pangeo,CMIP6
CanESM5-CanOE,esm-hist,r1i1p2f1,gn,tas,1870,286.416,K,historical,emissions,pangeo,CMIP6
CanESM5-CanOE,esm-hist,r1i1p2f1,gn,tas,1871,286.472,K,historical,emissions,pangeo,CMIP6
CanESM5-CanOE,esm-hist,r1i1p2f1,gn,tas,1872,286.521,K,historical,emissions,pangeo,CMIP6
CanESM5-CanOE,esm-hist,r1i1p2f1,gn,tas,1873,286.74,K,historical,emissions,pangeo,CMIP6
CanESM5-CanOE,esm-hist,r1i1p2f1,gn,tas,1874,286.568,K,historical,emissions,pangeo,CMIP6
CanESM5-CanOE,esm-hist,r1i1p2f1,gn,tas,1875,286.447,K,historical,emissions,pangeo,CMIP6
CanESM5-CanOE,esm-hist,r1i1p2f1,gn,tas,1876,286.531,K,historical,emissions,pangeo,CMIP6
CanESM5-CanOE,esm-hist,r1i1p2f1,gn,tas,1877,286.626,K,historical,emissions,pangeo,CMIP6
CanESM5-CanOE,esm-hist,r1i1p2f1,gn,tas,1878,286.595,K,historical,emissions,pangeo,CMIP6
CanESM5-CanOE,esm-hist,r1i1p2f1,gn,tas,1879,286.397,K,historical,emissions,pangeo,CMIP6
CanESM5-CanOE,esm-hist,r1i1p2f1,gn,tas,1880,286.499,K,historical,emissions,pangeo,CMIP6
CanESM5-CanOE,esm-hist,r1i1p2f1,gn,tas,1881,286.493,K,historical,emissions,pangeo,CMIP6
CanESM5-CanOE,esm-hist,r1i1p2f1,gn,tas,1882,286.684,K,historical,emissions,pangeo,CMIP6
CanESM5-CanOE,esm-hist,r1i1p2f1,gn,tas,1883,286.675,K,historical,emissions,pangeo,CMIP6
CanESM5-CanOE,esm-hist,r1i1p2f1,gn,tas,1884,286.171,K,historical,emissions,pangeo,CMIP6
CanESM5-CanOE,esm-hist,r1i1p2f1,gn,tas,1885,286.307,K,historical,emissions,pangeo,CMIP6
CanESM5-CanOE,esm-hist,r1i1p2f1,gn,tas,1886,286.239,K,historical,emissions,pangeo,CMIP6
CanESM5-CanOE,esm-hist,r1i1p2f1,gn,tas,1887,286.446,K,historical,emissions,pangeo,CMIP6
CanESM5-CanOE,esm-hist,r1i1p2f1,gn,tas,1888,286.595,K,historical,emissions,pangeo,CMIP6
CanESM5-CanOE,esm-hist,r1i1p2f1,gn,tas,1889,286.587,K,historical,emissions,pangeo,CMIP6
CanESM5-CanOE,esm-hist,r1i1p2f1,gn,tas,1890,286.547,K,historical,emissions,pangeo,CMIP6
CanESM5-CanOE,esm-hist,r1i1p2f1,gn,tas,1891,286.501,K,historical,emissions,pangeo,CMIP6
CanESM5-CanOE,esm-hist,r1i1p2f1,gn,tas,1892,286.516,K,historical,emissions,pangeo,CMIP6
CanESM5-CanOE,esm-hist,r1i1p2f1,gn,tas,1893,286.589,K,historical,emissions,pangeo,CMIP6
CanESM5-CanOE,esm-hist,r1i1p2f1,gn,tas,1894,286.604,K,historical,emissions,pangeo,CMIP6
CanESM5-CanOE,esm-hist,r1i1p2f1,gn,tas,1895,286.645,K,historical,emissions,pangeo,CMIP6
CanESM5-CanOE,esm-hist,r1i1p2f1,gn,tas,1896,286.507,K,historical,emissions,pangeo,CMIP6
CanESM5-CanOE,esm-hist,r1i1p2f1,gn,tas,1897,286.531,K,historical,emissions,pangeo,CMIP6
CanESM5-CanOE,esm-hist,r1i1p2f1,gn,tas,1898,286.413,K,historical,emissions,pangeo,CMIP6
CanESM5-CanOE,esm-hist,r1i1p2f1,gn,tas,1899,286.378,K,historical,emissions,pangeo,CMIP6
CanESM5-CanOE,esm-hist,r1i1p2f1,gn,tas,1900,286.391,K,historical,emissions,pangeo,CMIP6
CanESM5-CanOE,esm-hist,r1i1p2f1,gn,tas,1901,286.321,K,historical,emissions,pangeo,CMIP6
CanESM5-CanOE,esm-hist,r1i1p2f1,gn,tas,1902,286.497,K,historical,emissions,pangeo,CMIP6
CanESM5-CanOE,esm-hist,r1i1p2f1,gn,tas,1903,286.47,K,historical,emissions,pangeo,CMIP6
CanESM5-CanOE,esm-hist,r1i1p2f1,gn,tas,1904,286.418,K,historical,emissions,pangeo,CMIP6
CanESM5-CanOE,esm-hist,r1i1p2f1,gn,tas,1905,286.517,K,historical,emissions,pangeo,CMIP6
CanESM5-CanOE,esm-hist,r1i1p2f1,gn,tas,1906,286.448,K,historical,emissions,pangeo,CMIP6
CanESM5-CanOE,esm-hist,r1i1p2f1,gn,tas,1907,286.474,K,historical,emissions,pangeo,CMIP6
CanESM5-CanOE,esm-hist,r1i1p2f1,gn,tas,1908,286.602,K,historical,emissions,pangeo,CMIP6
CanESM5-CanOE,esm-hist,r1i1p2f1,gn,tas,1909,286.6,K,historical,emissions,pangeo,CMIP6
CanESM5-CanOE,esm-hist,r1i1p2f1,gn,tas,1910,286.514,K,historical,emissions,pangeo,CMIP6
CanESM5-CanOE,esm-hist,r1i1p2f1,gn,tas,1911,286.581,K,historical,emissions,pangeo,CMIP6
CanESM5-CanOE,esm-hist,r1i1p2f1,gn,tas,1912,286.357,K,historical,emissions,pangeo,CMIP6
CanESM5-CanOE,esm-hist,r1i1p2f1,gn,tas,1913,286.463,K,historical,emissions,pangeo,CMIP6
CanESM5-CanOE,esm-hist,r1i1p2f1,gn,tas,1914,286.492,K,historical,emissions,pangeo,CMIP6
CanESM5-CanOE,esm-hist,r1i1p2f1,gn,tas,1915,286.156,K,historical,emissions,pangeo,CMIP6
CanESM5-CanOE,esm-hist,r1i1p2f1,gn,tas,1916,286.309,K,historical,emissions,pangeo,CMIP6
CanESM5-CanOE,esm-hist,r1i1p2f1,gn,tas,1917,286.452,K,historical,emissions,pangeo,CMIP6
CanESM5-CanOE,esm-hist,r1i1p2f1,gn,tas,1918,286.559,K,historical,emissions,pangeo,CMIP6
CanESM5-CanOE,esm-hist,r1i1p2f1,gn,tas,1919,286.642,K,historical,emissions,pangeo,CMIP6
CanESM5-CanOE,esm-hist,r1i1p2f1,gn,tas,1920,286.818,K,historical,emissions,pangeo,CMIP6
CanESM5-CanOE,esm-hist,r1i1p2f1,gn,tas,1921,286.652,K,historical,emissions,pangeo,CMIP6
CanESM5-CanOE,esm-hist,r1i1p2f1,gn,tas,1922,286.669,K,historical,emissions,pangeo,CMIP6
CanESM5-CanOE,esm-hist,r1i1p2f1,gn,tas,1923,286.451,K,historical,emissions,pangeo,CMIP6
CanESM5-CanOE,esm-hist,r1i1p2f1,gn,tas,1924,286.455,K,historical,emissions,pangeo,CMIP6
CanESM5-CanOE,esm-hist,r1i1p2f1,gn,tas,1925,286.585,K,historical,emissions,pangeo,CMIP6
CanESM5-CanOE,esm-hist,r1i1p2f1,gn,tas,1926,286.641,K,historical,emissions,pangeo,CMIP6
CanESM5-CanOE,esm-hist,r1i1p2f1,gn,tas,1927,286.522,K,historical,emissions,pangeo,CMIP6
CanESM5-CanOE,esm-hist,r1i1p2f1,gn,tas,1928,286.623,K,historical,emissions,pangeo,CMIP6
CanESM5-CanOE,esm-hist,r1i1p2f1,gn,tas,1929,286.744,K,historical,emissions,pangeo,CMIP6
CanESM5-CanOE,esm-hist,r1i1p2f1,gn,tas,1930,286.498,K,historical,emissions,pangeo,CMIP6
CanESM5-CanOE,esm-hist,r1i1p2f1,gn,tas,1931,286.546,K,historical,emissions,pangeo,CMIP6
CanESM5-CanOE,esm-hist,r1i1p2f1,gn,tas,1932,286.602,K,historical,emissions,pangeo,CMIP6
CanESM5-CanOE,esm-hist,r1i1p2f1,gn,tas,1933,286.804,K,historical,emissions,pangeo,CMIP6
CanESM5-CanOE,esm-hist,r1i1p2f1,gn,tas,1934,286.807,K,historical,emissions,pangeo,CMIP6
CanESM5-CanOE,esm-hist,r1i1p2f1,gn,tas,1935,286.724,K,historical,emissions,pangeo,CMIP6
CanESM5-CanOE,esm-hist,r1i1p2f1,gn,tas,1936,286.69,K,historical,emissions,pangeo,CMIP6
CanESM5-CanOE,esm-hist,r1i1p2f1,gn,tas,1937,286.715,K,historical,emissions,pangeo,CMIP6
CanESM5-CanOE,esm-hist,r1i1p2f1,gn,tas,1938,286.547,K,historical,emissions,pangeo,CMIP6
CanESM5-CanOE,esm-hist,r1i1p2f1,gn,tas,1939,286.489,K,historical,emissions,pangeo,CMIP6
CanESM5-CanOE,esm-hist,r1i1p2f1,gn,tas,1940,286.712,K,historical,emissions,pangeo,CMIP6
CanESM5-CanOE,esm-hist,r1i1p2f1,gn,tas,1941,286.574,K,historical,emissions,pangeo,CMIP6
CanESM5-CanOE,esm-hist,r1i1p2f1,gn,tas,1942,286.643,K,historical,emissions,pangeo,CMIP6
CanESM5-CanOE,esm-hist,r1i1p2f1,gn,tas,1943,286.649,K,historical,emissions,pangeo,CMIP6
CanESM5-CanOE,esm-hist,r1i1p2f1,gn,tas,1944,286.595,K,historical,emissions,pangeo,CMIP6
CanESM5-CanOE,esm-hist,r1i1p2f1,gn,tas,1945,286.622,K,historical,emissions,pangeo,CMIP6
CanESM5-CanOE,esm-hist,r1i1p2f1,gn,tas,1946,286.616,K,historical,emissions,pangeo,CMIP6
CanESM5-CanOE,esm-hist,r1i1p2f1,gn,tas,1947,286.662,K,historical,emissions,pangeo,CMIP6
CanESM5-CanOE,esm-hist,r1i1p2f1,gn,tas,1948,286.793,K,historical,emissions,pangeo,CMIP6
CanESM5-CanOE,esm-hist,r1i1p2f1,gn,tas,1949,286.709,K,historical,emissions,pangeo,CMIP6
CanESM5-CanOE,esm-hist,r1i1p2f1,gn,tas,1950,286.675,K,historical,emissions,pangeo,CMIP6
CanESM5-CanOE,esm-hist,r1i1p2f1,gn,tas,1951,286.67,K,historical,emissions,pangeo,CMIP6
CanESM5-CanOE,esm-hist,r1i1p2f1,gn,tas,1952,286.715,K,historical,emissions,pangeo,CMIP6
CanESM5-CanOE,esm-hist,r1i1p2f1,gn,tas,1953,286.687,K,historical,emissions,pangeo,CMIP6
CanESM5-CanOE,esm-hist,r1i1p2f1,gn,tas,1954,286.533,K,historical,emissions,pangeo,CMIP6
CanESM5-CanOE,esm-hist,r1i1p2f1,gn,tas,1955,286.584,K,historical,emissions,pangeo,CMIP6
CanESM5-CanOE,esm-hist,r1i1p2f1,gn,tas,1956,286.702,K,historical,emissions,pangeo,CMIP6
CanESM5-CanOE,esm-hist,r1i1p2f1,gn,tas,1957,286.78,K,historical,emissions,pangeo,CMIP6
CanESM5-CanOE,esm-hist,r1i1p2f1,gn,tas,1958,286.76,K,historical,emissions,pangeo,CMIP6
CanESM5-CanOE,esm-hist,r1i1p2f1,gn,tas,1959,286.945,K,historical,emissions,pangeo,CMIP6
CanESM5-CanOE,esm-hist,r1i1p2f1,gn,tas,1960,287.044,K,historical,emissions,pangeo,CMIP6
CanESM5-CanOE,esm-hist,r1i1p2f1,gn,tas,1961,286.902,K,historical,emissions,pangeo,CMIP6
CanESM5-CanOE,esm-hist,r1i1p2f1,gn,tas,1962,286.812,K,historical,emissions,pangeo,CMIP6
CanESM5-CanOE,esm-hist,r1i1p2f1,gn,tas,1963,286.705,K,historical,emissions,pangeo,CMIP6
CanESM5-CanOE,esm-hist,r1i1p2f1,gn,tas,1964,286.589,K,historical,emissions,pangeo,CMIP6
CanESM5-CanOE,esm-hist,r1i1p2f1,gn,tas,1965,286.634,K,historical,emissions,pangeo,CMIP6
CanESM5-CanOE,esm-hist,r1i1p2f1,gn,tas,1966,286.556,K,historical,emissions,pangeo,CMIP6
CanESM5-CanOE,esm-hist,r1i1p2f1,gn,tas,1967,286.503,K,historical,emissions,pangeo,CMIP6
CanESM5-CanOE,esm-hist,r1i1p2f1,gn,tas,1968,286.525,K,historical,emissions,pangeo,CMIP6
CanESM5-CanOE,esm-hist,r1i1p2f1,gn,tas,1969,286.549,K,historical,emissions,pangeo,CMIP6
CanESM5-CanOE,esm-hist,r1i1p2f1,gn,tas,1970,286.655,K,historical,emissions,pangeo,CMIP6
CanESM5-CanOE,esm-hist,r1i1p2f1,gn,tas,1971,286.85,K,historical,emissions,pangeo,CMIP6
CanESM5-CanOE,esm-hist,r1i1p2f1,gn,tas,1972,286.751,K,historical,emissions,pangeo,CMIP6
CanESM5-CanOE,esm-hist,r1i1p2f1,gn,tas,1973,286.77,K,historical,emissions,pangeo,CMIP6
CanESM5-CanOE,esm-hist,r1i1p2f1,gn,tas,1974,286.663,K,historical,emissions,pangeo,CMIP6
CanESM5-CanOE,esm-hist,r1i1p2f1,gn,tas,1975,286.828,K,historical,emissions,pangeo,CMIP6
CanESM5-CanOE,esm-hist,r1i1p2f1,gn,tas,1976,286.784,K,historical,emissions,pangeo,CMIP6
CanESM5-CanOE,esm-hist,r1i1p2f1,gn,tas,1977,286.946,K,historical,emissions,pangeo,CMIP6
CanESM5-CanOE,esm-hist,r1i1p2f1,gn,tas,1978,286.898,K,historical,emissions,pangeo,CMIP6
CanESM5-CanOE,esm-hist,r1i1p2f1,gn,tas,1979,286.839,K,historical,emissions,pangeo,CMIP6
CanESM5-CanOE,esm-hist,r1i1p2f1,gn,tas,1980,287.027,K,historical,emissions,pangeo,CMIP6
CanESM5-CanOE,esm-hist,r1i1p2f1,gn,tas,1981,287.185,K,historical,emissions,pangeo,CMIP6
CanESM5-CanOE,esm-hist,r1i1p2f1,gn,tas,1982,287.288,K,historical,emissions,pangeo,CMIP6
CanESM5-CanOE,esm-hist,r1i1p2f1,gn,tas,1983,287.05,K,historical,emissions,pangeo,CMIP6
CanESM5-CanOE,esm-hist,r1i1p2f1,gn,tas,1984,286.982,K,historical,emissions,pangeo,CMIP6
CanESM5-CanOE,esm-hist,r1i1p2f1,gn,tas,1985,287.122,K,historical,emissions,pangeo,CMIP6
CanESM5-CanOE,esm-hist,r1i1p2f1,gn,tas,1986,287.259,K,historical,emissions,pangeo,CMIP6
CanESM5-CanOE,esm-hist,r1i1p2f1,gn,tas,1987,287.256,K,historical,emissions,pangeo,CMIP6
CanESM5-CanOE,esm-hist,r1i1p2f1,gn,tas,1988,287.294,K,historical,emissions,pangeo,CMIP6
CanESM5-CanOE,esm-hist,r1i1p2f1,gn,tas,1989,287.295,K,historical,emissions,pangeo,CMIP6
CanESM5-CanOE,esm-hist,r1i1p2f1,gn,tas,1990,287.494,K,historical,emissions,pangeo,CMIP6
CanESM5-CanOE,esm-hist,r1i1p2f1,gn,tas,1991,287.448,K,historical,emissions,pangeo,CMIP6
CanESM5-CanOE,esm-hist,r1i1p2f1,gn,tas,1992,287.222,K,historical,emissions,pangeo,CMIP6
CanESM5-CanOE,esm-hist,r1i1p2f1,gn,tas,1993,287.168,K,historical,emissions,pangeo,CMIP6
CanESM5-CanOE,esm-hist,r1i1p2f1,gn,tas,1994,287.172,K,historical,emissions,pangeo,CMIP6
CanESM5-CanOE,esm-hist,r1i1p2f1,gn,tas,1995,287.349,K,historical,emissions,pangeo,CMIP6
CanESM5-CanOE,esm-hist,r1i1p2f1,gn,tas,1996,287.453,K,historical,emissions,pangeo,CMIP6
CanESM5-CanOE,esm-hist,r1i1p2f1,gn,tas,1997,287.446,K,historical,emissions,pangeo,CMIP6
CanESM5-CanOE,esm-hist,r1i1p2f1,gn,tas,1998,287.604,K,historical,emissions,pangeo,CMIP6
CanESM5-CanOE,esm-hist,r1i1p2f1,gn,tas,1999,287.704,K,historical,emissions,pangeo,CMIP6
CanESM5-CanOE,esm-hist,r1i1p2f1,gn,tas,2000,287.822,K,historical,emissions,pangeo,CMIP6
CanESM5-CanOE,esm-hist,r1i1p2f1,gn,tas,2001,288.031,K,historical,emissions,pangeo,CMIP6
CanESM5-CanOE,esm-hist,r1i1p2f1,gn,tas,2002,288.015,K,historical,emissions,pangeo,CMIP6
CanESM5-CanOE,esm-hist,r1i1p2f1,gn,tas,2003,287.914,K,historical,emissions,pangeo,CMIP6
CanESM5-CanOE,esm-hist,r1i1p2f1,gn,tas,2004,287.736,K,historical,emissions,pangeo,CMIP6
CanESM5-CanOE,esm-hist,r1i1p2f1,gn,tas,2005,287.866,K,historical,emissions,pangeo,CMIP6
CanESM5-CanOE,esm-hist,r1i1p2f1,gn,tas,2006,287.943,K,historical,emissions,pangeo,CMIP6
CanESM5-CanOE,esm-hist,r1i1p2f1,gn,tas,2007,287.967,K,historical,emissions,pangeo,CMIP6
CanESM5-CanOE,esm-hist,r1i1p2f1,gn,tas,2008,287.984,K,historical,emissions,pangeo,CMIP6
CanESM5-CanOE,esm-hist,r1i1p2f1,gn,tas,2009,288.034,K,historical,emissions,pangeo,CMIP6
CanESM5-CanOE,esm-hist,r1i1p2f1,gn,tas,2010,288.206,K,historical,emissions,pangeo,CMIP6
CanESM5-CanOE,esm-hist,r1i1p2f1,gn,tas,2011,288.078,K,historical,emissions,pangeo,CMIP6
CanESM5-CanOE,esm-hist,r1i1p2f1,gn,tas,2012,288.188,K,historical,emissions,pangeo,CMIP6
CanESM5-CanOE,esm-hist,r1i1p2f1,gn,tas,2013,288.106,K,historical,emissions,pangeo,CMIP6
CanESM5-CanOE,esm-hist,r1i1p2f1,gn,tas,2014,288.153,K,historical,emissions,pangeo,CMIP6
CanESM5-CanOE,esm-ssp585,r1i1p2f1,gn,tas,2015,288.103,K,ssp585,emissions,pangeo,CMIP6
CanESM5-CanOE,esm-ssp585,r1i1p2f1,gn,tas,2016,288.353,K,ssp585,emissions,pangeo,CMIP6
CanESM5-CanOE,esm-ssp585,r1i1p2f1,gn,tas,2017,288.435,K,ssp585,emissions,pangeo,CMIP6
CanESM5-CanOE,esm-ssp585,r1i1p2f1,gn,tas,2018,288.487,K,ssp585,emissions,pangeo,CMIP6
CanESM5-CanOE,esm-ssp585,r1i1p2f1,gn,tas,2019,288.47,K,ssp585,emissions,pangeo,CMIP6
CanESM5-CanOE,esm-ssp585,r1i1p2f1,gn,tas,2020,288.612,K,ssp585,emissions,pangeo,CMIP6
CanESM5-CanOE,esm-ssp585,r1i1p2f1,gn,tas,2021,289.022,K,ssp585,emissions,pangeo,CMIP6
CanESM5-CanOE,esm-ssp585,r1i1p2f1,gn,tas,2022,288.863,K,ssp585,emissions,pangeo,CMIP6
CanESM5-CanOE,esm-ssp585,r1i1p2f1,gn,tas,2023,288.691,K,ssp585,emissions,pangeo,CMIP6
CanESM5-CanOE,esm-ssp585,r1i1p2f1,gn,tas,2024,288.667,K,ssp585,emissions,pangeo,CMIP6
CanESM5-CanOE,esm-ssp585,r1i1p2f1,gn,tas,2025,288.859,K,ssp585,emissions,pangeo,CMIP6
CanESM5-CanOE,esm-ssp585,r1i1p2f1,gn,tas,2026,288.984,K,ssp585,emissions,pangeo,CMIP6
CanESM5-CanOE,esm-ssp585,r1i1p2f1,gn,tas,2027,289.218,K,ssp585,emissions,pangeo,CMIP6
CanESM5-CanOE,esm-ssp585,r1i1p2f1,gn,tas,2028,289.403,K,ssp585,emissions,pangeo,CMIP6
CanESM5-CanOE,esm-ssp585,r1i1p2f1,gn,tas,2029,289.116,K,ssp585,emissions,pangeo,CMIP6
CanESM5-CanOE,esm-ssp585,r1i1p2f1,gn,tas,2030,289.088,K,ssp585,emissions,pangeo,CMIP6
CanESM5-CanOE,esm-ssp585,r1i1p2f1,gn,tas,2031,289.1,K,ssp585,emissions,pangeo,CMIP6
CanESM5-CanOE,esm-ssp585,r1i1p2f1,gn,tas,2032,289.049,K,ssp585,emissions,pangeo,CMIP6
CanESM5-CanOE,esm-ssp585,r1i1p2f1,gn,tas,2033,289.197,K,ssp585,emissions,pangeo,CMIP6
CanESM5-CanOE,esm-ssp585,r1i1p2f1,gn,tas,2034,289.485,K,ssp585,emissions,pangeo,CMIP6
CanESM5-CanOE,esm-ssp585,r1i1p2f1,gn,tas,2035,289.543,K,ssp585,emissions,pangeo,CMIP6
CanESM5-CanOE,esm-ssp585,r1i1p2f1,gn,tas,2036,289.429,K,ssp585,emissions,pangeo,CMIP6
CanESM5-CanOE,esm-ssp585,r1i1p2f1,gn,tas,2037,289.357,K,ssp585,emissions,pangeo,CMIP6
CanESM5-CanOE,esm-ssp585,r1i1p2f1,gn,tas,2038,289.54,K,ssp585,emissions,pangeo,CMIP6
CanESM5-CanOE,esm-ssp585,r1i1p2f1,gn,tas,2039,289.696,K,ssp585,emissions,pangeo,CMIP6
CanESM5-CanOE,esm-ssp585,r1i1p2f1,gn,tas,2040,289.518,K,ssp585,emissions,pangeo,CMIP6
CanESM5-CanOE,esm-ssp585,r1i1p2f1,gn,tas,2041,289.372,K,ssp585,emissions,pangeo,CMIP6
CanESM5-CanOE,esm-ssp585,r1i1p2f1,gn,tas,2042,289.513,K,ssp585,emissions,pangeo,CMIP6
CanESM5-CanOE,esm-ssp585,r1i1p2f1,gn,tas,2043,289.652,K,ssp585,emissions,pangeo,CMIP6
CanESM5-CanOE,esm-ssp585,r1i1p2f1,gn,tas,2044,289.754,K,ssp585,emissions,pangeo,CMIP6
CanESM5-CanOE,esm-ssp585,r1i1p2f1,gn,tas,2045,289.92,K,ssp585,emissions,pangeo,CMIP6
CanESM5-CanOE,esm-ssp585,r1i1p2f1,gn,tas,2046,289.967,K,ssp585,emissions,pangeo,CMIP6
CanESM5-CanOE,esm-ssp585,r1i1p2f1,gn,tas,2047,290.076,K,ssp585,emissions,pangeo,CMIP6
CanESM5-CanOE,esm-ssp585,r1i1p2f1,gn,tas,2048,290.128,K,ssp585,emissions,pangeo,CMIP6
CanESM5-CanOE,esm-ssp585,r1i1p2f1,gn,tas,2049,290.255,K,ssp585,emissions,pangeo,CMIP6
CanESM5-CanOE,esm-ssp585,r1i1p2f1,gn,tas,2050,290.41,K,ssp585,emissions,pangeo,CMIP6
CanESM5-CanOE,esm-ssp585,r1i1p2f1,gn,tas,2051,290.374,K,ssp585,emissions,pangeo,CMIP6
CanESM5-CanOE,esm-ssp585,r1i1p2f1,gn,tas,2052,290.486,K,ssp585,emissions,pangeo,CMIP6
CanESM5-CanOE,esm-ssp585,r1i1p2f1,gn,tas,2053,290.616,K,ssp585,emissions,pangeo,CMIP6
CanESM5-CanOE,esm-ssp585,r1i1p2f1,gn,tas,2054,290.565,K,ssp585,emissions,pangeo,CMIP6
CanESM5-CanOE,esm-ssp585,r1i1p2f1,gn,tas,2055,290.574,K,ssp585,emissions,pangeo,CMIP6
CanESM5-CanOE,esm-ssp585,r1i1p2f1,gn,tas,2056,290.625,K,ssp585,emissions,pangeo,CMIP6
CanESM5-CanOE,esm-ssp585,r1i1p2f1,gn,tas,2057,290.65,K,ssp585,emissions,pangeo,CMIP6
CanESM5-CanOE,esm-ssp585,r1i1p2f1,gn,tas,2058,290.807,K,ssp585,emissions,pangeo,CMIP6
CanESM5-CanOE,esm-ssp585,r1i1p2f1,gn,tas,2059,290.888,K,ssp585,emissions,pangeo,CMIP6
CanESM5-CanOE,esm-ssp585,r1i1p2f1,gn,tas,2060,291.121,K,ssp585,emissions,pangeo,CMIP6
CanESM5-CanOE,esm-ssp585,r1i1p2f1,gn,tas,2061,290.991,K,ssp585,emissions,pangeo,CMIP6
CanESM5-CanOE,esm-ssp585,r1i1p2f1,gn,tas,2062,291.266,K,ssp585,emissions,pangeo,CMIP6
CanESM5-CanOE,esm-ssp585,r1i1p2f1,gn,tas,2063,291.391,K,ssp585,emissions,pangeo,CMIP6
CanESM5-CanOE,esm-ssp585,r1i1p2f1,gn,tas,2064,291.26,K,ssp585,emissions,pangeo,CMIP6
CanESM5-CanOE,esm-ssp585,r1i1p2f1,gn,tas,2065,291.449,K,ssp585,emissions,pangeo,CMIP6
CanESM5-CanOE,esm-ssp585,r1i1p2f1,gn,tas,2066,291.606,K,ssp585,emissions,pangeo,CMIP6
CanESM5-CanOE,esm-ssp585,r1i1p2f1,gn,tas,2067,291.626,K,ssp585,emissions,pangeo,CMIP6
CanESM5-CanOE,esm-ssp585,r1i1p2f1,gn,tas,2068,291.585,K,ssp585,emissions,pangeo,CMIP6
CanESM5-CanOE,esm-ssp585,r1i1p2f1,gn,tas,2069,291.744,K,ssp585,emissions,pangeo,CMIP6
CanESM5-CanOE,esm-ssp585,r1i1p2f1,gn,tas,2070,291.798,K,ssp585,emissions,pangeo,CMIP6
CanESM5-CanOE,esm-ssp585,r1i1p2f1,gn,tas,2071,291.967,K,ssp585,emissions,pangeo,CMIP6
CanESM5-CanOE,esm-ssp585,r1i1p2f1,gn,tas,2072,292.106,K,ssp585,emissions,pangeo,CMIP6
CanESM5-CanOE,esm-ssp585,r1i1p2f1,gn,tas,2073,292.12,K,ssp585,emissions,pangeo,CMIP6
CanESM5-CanOE,esm-ssp585,r1i1p2f1,gn,tas,2074,291.91,K,ssp585,emissions,pangeo,CMIP6
CanESM5-CanOE,esm-ssp585,r1i1p2f1,gn,tas,2075,292.075,K,ssp585,emissions,pangeo,CMIP6
CanESM5-CanOE,esm-ssp585,r1i1p2f1,gn,tas,2076,292.242,K,ssp585,emissions,pangeo,CMIP6
CanESM5-CanOE,esm-ssp585,r1i1p2f1,gn,tas,2077,292.24,K,ssp585,emissions,pangeo,CMIP6
CanESM5-CanOE,esm-ssp585,r1i1p2f1,gn,tas,2078,292.393,K,ssp585,emissions,pangeo,CMIP6
CanESM5-CanOE,esm-ssp585,r1i1p2f1,gn,tas,2079,292.538,K,ssp585,emissions,pangeo,CMIP6
CanESM5-CanOE,esm-ssp585,r1i1p2f1,gn,tas,2080,292.402,K,ssp585,emissions,pangeo,CMIP6
CanESM5-CanOE,esm-ssp585,r1i1p2f1,gn,tas,2081,292.723,K,ssp585,emissions,pangeo,CMIP6
CanESM5-CanOE,esm-ssp585,r1i1p2f1,gn,tas,2082,292.751,K,ssp585,emissions,pangeo,CMIP6
CanESM5-CanOE,esm-ssp585,r1i1p2f1,gn,tas,2083,292.604,K,ssp585,emissions,pangeo,CMIP6
CanESM5-CanOE,esm-ssp585,r1i1p2f1,gn,tas,2084,292.637,K,ssp585,emissions,pangeo,CMIP6
CanESM5-CanOE,esm-ssp585,r1i1p2f1,gn,tas,2085,292.819,K,ssp585,emissions,pangeo,CMIP6
CanESM5-CanOE,esm-ssp585,r1i1p2f1,gn,tas,2086,293.033,K,ssp585,emissions,pangeo,CMIP6
CanESM5-CanOE,esm-ssp585,r1i1p2f1,gn,tas,2087,293.088,K,ssp585,emissions,pangeo,CMIP6
CanESM5-CanOE,esm-ssp585,r1i1p2f1,gn,tas,2088,293.065,K,ssp585,emissions,pangeo,CMIP6
CanESM5-CanOE,esm-ssp585,r1i1p2f1,gn,tas,2089,293.205,K,ssp585,emissions,pangeo,CMIP6
CanESM5-CanOE,esm-ssp585,r1i1p2f1,gn,tas,2090,293.295,K,ssp585,emissions,pangeo,CMIP6
CanESM5-CanOE,esm-ssp585,r1i1p2f1,gn,tas,2091,293.381,K,ssp585,emissions,pangeo,CMIP6
CanESM5-CanOE,esm-ssp585,r1i1p2f1,gn,tas,2092,293.369,K,ssp585,emissions,pangeo,CMIP6
CanESM5-CanOE,esm-ssp585,r1i1p2f1,gn,tas,2093,293.394,K,ssp585,emissions,pangeo,CMIP6
CanESM5-CanOE,esm-ssp585,r1i1p2f1,gn,tas,2094,293.513,K,ssp585,emissions,pangeo,CMIP6
CanESM5-CanOE,esm-ssp585,r1i1p2f1,gn,tas,2095,293.647,K,ssp585,emissions,pangeo,CMIP6
CanESM5-CanOE,esm-ssp585,r1i1p2f1,gn,tas,2096,293.659,K,ssp585,emissions,pangeo,CMIP6
CanESM5-CanOE,esm-ssp585,r1i1p2f1,gn,tas,2097,293.661,K,ssp585,emissions,pangeo,CMIP6
CanESM5-CanOE,esm-ssp585,r1i1p2f1,gn,tas,2098,293.586,K,ssp585,emissions,pangeo,CMIP6
CanESM5-CanOE,esm-ssp585,r1i1p2f1,gn,tas,2099,293.828,K,ssp585,emissions,pangeo,CMIP6
CanESM5-CanOE,esm-ssp585,r1i1p2f1,gn,tas,2100,293.951,K,ssp585,emissions,pangeo,CMIP6
GFDL-ESM4,esm-hist,r1i1p1f1,gr1,tas,1850,286.312,K,historical,emissions,pangeo,CMIP6
GFDL-ESM4,esm-hist,r1i1p1f1,gr1,tas,1851,286.285,K,historical,emissions,pangeo,CMIP6
GFDL-ESM4,esm-hist,r1i1p1f1,gr1,tas,1852,286.279,K,historical,emissions,pangeo,CMIP6
GFDL-ESM4,esm-hist,r1i1p1f1,gr1,tas,1853,286.307,K,historical,emissions,pangeo,CMIP6
GFDL-ESM4,esm-hist,r1i1p1f1,gr1,tas,1854,286.023,K,historical,emissions,pangeo,CMIP6
GFDL-ESM4,esm-hist,r1i1p1f1,gr1,tas,1855,286.248,K,historical,emissions,pangeo,CMIP6
GFDL-ESM4,esm-hist,r1i1p1f1,gr1,tas,1856,286.193,K,historical,emissions,pangeo,CMIP6
GFDL-ESM4,esm-hist,r1i1p1f1,gr1,tas,1857,286.196,K,historical,emissions,pangeo,CMIP6
GFDL-ESM4,esm-hist,r1i1p1f1,gr1,tas,1858,286.386,K,historical,emissions,pangeo,CMIP6
GFDL-ESM4,esm-hist,r1i1p1f1,gr1,tas,1859,286.17,K,historical,emissions,pangeo,CMIP6
GFDL-ESM4,esm-hist,r1i1p1f1,gr1,tas,1860,286.011,K,historical,emissions,pangeo,CMIP6
GFDL-ESM4,esm-hist,r1i1p1f1,gr1,tas,1861,285.962,K,historical,emissions,pangeo,CMIP6
GFDL-ESM4,esm-hist,r1i1p1f1,gr1,tas,1862,286.096,K,historical,emissions,pangeo,CMIP6
GFDL-ESM4,esm-hist,r1i1p1f1,gr1,tas,1863,286.117,K,historical,emissions,pangeo,CMIP6
GFDL-ESM4,esm-hist,r1i1p1f1,gr1,tas,1864,286.098,K,historical,emissions,pangeo,CMIP6
GFDL-ESM4,esm-hist,r1i1p1f1,gr1,tas,1865,286.055,K,historical,emissions,pangeo,CMIP6
GFDL-ESM4,esm-hist,r1i1p1f1,gr1,tas,1866,286.058,K,historical,emissions,pangeo,CMIP6
GFDL-ESM4,esm-hist,r1i1p1f1,gr1,tas,1867,286.074,K,historical,emissions,pangeo,CMIP6
GFDL-ESM4,esm-hist,r1i1p1f1,gr1,tas,1868,286.206,K,historical,emissions,pangeo,CMIP6
GFDL-ESM4,esm-hist,r1i1p1f1,gr1,tas,1869,286.034,K,historical,emissions,pangeo,CMIP6
GFDL-ESM4,esm-hist,r1i1p1f1,gr1,tas,1870,286.141,K,historical,emissions,pangeo,CMIP6
GFDL-ESM4,esm-hist,r1i1p1f1,gr1,tas,1871,286.298,K,historical,emissions,pangeo,CMIP6
GFDL-ESM4,esm-hist,r1i1p1f1,gr1,tas,1872,286.412,K,historical,emissions,pangeo,CMIP6
GFDL-ESM4,esm-hist,r1i1p1f1,gr1,tas,1873,286.159,K,historical,emissions,pangeo,CMIP6
GFDL-ESM4,esm-hist,r1i1p1f1,gr1,tas,1874,286.275,K,historical,emissions,pangeo,CMIP6
GFDL-ESM4,esm-hist,r1i1p1f1,gr1,tas,1875,286.365,K,historical,emissions,pangeo,CMIP6
GFDL-ESM4,esm-hist,r1i1p1f1,gr1,tas,1876,286.297,K,historical,emissions,pangeo,CMIP6
GFDL-ESM4,esm-hist,r1i1p1f1,gr1,tas,1877,286.276,K,historical,emissions,pangeo,CMIP6
GFDL-ESM4,esm-hist,r1i1p1f1,gr1,tas,1878,286.048,K,historical,emissions,pangeo,CMIP6
GFDL-ESM4,esm-hist,r1i1p1f1,gr1,tas,1879,286,K,historical,emissions,pangeo,CMIP6
GFDL-ESM4,esm-hist,r1i1p1f1,gr1,tas,1880,286.137,K,historical,emissions,pangeo,CMIP6
GFDL-ESM4,esm-hist,r1i1p1f1,gr1,tas,1881,286.248,K,historical,emissions,pangeo,CMIP6
GFDL-ESM4,esm-hist,r1i1p1f1,gr1,tas,1882,286.185,K,historical,emissions,pangeo,CMIP6
GFDL-ESM4,esm-hist,r1i1p1f1,gr1,tas,1883,286.126,K,historical,emissions,pangeo,CMIP6
GFDL-ESM4,esm-hist,r1i1p1f1,gr1,tas,1884,285.795,K,historical,emissions,pangeo,CMIP6
GFDL-ESM4,esm-hist,r1i1p1f1,gr1,tas,1885,285.984,K,historical,emissions,pangeo,CMIP6
GFDL-ESM4,esm-hist,r1i1p1f1,gr1,tas,1886,286.206,K,historical,emissions,pangeo,CMIP6
GFDL-ESM4,esm-hist,r1i1p1f1,gr1,tas,1887,286.368,K,historical,emissions,pangeo,CMIP6
GFDL-ESM4,esm-hist,r1i1p1f1,gr1,tas,1888,286.383,K,historical,emissions,pangeo,CMIP6
GFDL-ESM4,esm-hist,r1i1p1f1,gr1,tas,1889,286.044,K,historical,emissions,pangeo,CMIP6
GFDL-ESM4,esm-hist,r1i1p1f1,gr1,tas,1890,286.165,K,historical,emissions,pangeo,CMIP6
GFDL-ESM4,esm-hist,r1i1p1f1,gr1,tas,1891,286.252,K,historical,emissions,pangeo,CMIP6
GFDL-ESM4,esm-hist,r1i1p1f1,gr1,tas,1892,286.317,K,historical,emissions,pangeo,CMIP6
GFDL-ESM4,esm-hist,r1i1p1f1,gr1,tas,1893,286.286,K,historical,emissions,pangeo,CMIP6
GFDL-ESM4,esm-hist,r1i1p1f1,gr1,tas,1894,286.233,K,historical,emissions,pangeo,CMIP6
GFDL-ESM4,esm-hist,r1i1p1f1,gr1,tas,1895,286.273,K,historical,emissions,pangeo,CMIP6
GFDL-ESM4,esm-hist,r1i1p1f1,gr1,tas,1896,286.246,K,historical,emissions,pangeo,CMIP6
GFDL-ESM4,esm-hist,r1i1p1f1,gr1,tas,1897,286.244,K,historical,emissions,pangeo,CMIP6
GFDL-ESM4,esm-hist,r1i1p1f1,gr1,tas,1898,286.345,K,historical,emissions,pangeo,CMIP6
GFDL-ESM4,esm-hist,r1i1p1f1,gr1,tas,1899,286.503,K,historical,emissions,pangeo,CMIP6
GFDL-ESM4,esm-hist,r1i1p1f1,gr1,tas,1900,286.41,K,historical,emissions,pangeo,CMIP6
GFDL-ESM4,esm-hist,r1i1p1f1,gr1,tas,1901,286.367,K,historical,emissions,pangeo,CMIP6
GFDL-ESM4,esm-hist,r1i1p1f1,gr1,tas,1902,286.401,K,historical,emissions,pangeo,CMIP6
GFDL-ESM4,esm-hist,r1i1p1f1,gr1,tas,1903,286.127,K,historical,emissions,pangeo,CMIP6
GFDL-ESM4,esm-hist,r1i1p1f1,gr1,tas,1904,286.107,K,historical,emissions,pangeo,CMIP6
GFDL-ESM4,esm-hist,r1i1p1f1,gr1,tas,1905,286.115,K,historical,emissions,pangeo,CMIP6
GFDL-ESM4,esm-hist,r1i1p1f1,gr1,tas,1906,286.202,K,historical,emissions,pangeo,CMIP6
GFDL-ESM4,esm-hist,r1i1p1f1,gr1,tas,1907,286.3,K,historical,emissions,pangeo,CMIP6
GFDL-ESM4,esm-hist,r1i1p1f1,gr1,tas,1908,286.069,K,historical,emissions,pangeo,CMIP6
GFDL-ESM4,esm-hist,r1i1p1f1,gr1,tas,1909,286.198,K,historical,emissions,pangeo,CMIP6
GFDL-ESM4,esm-hist,r1i1p1f1,gr1,tas,1910,286.382,K,historical,emissions,pangeo,CMIP6
GFDL-ESM4,esm-hist,r1i1p1f1,gr1,tas,1911,286.442,K,historical,emissions,pangeo,CMIP6
GFDL-ESM4,esm-hist,r1i1p1f1,gr1,tas,1912,286.161,K,historical,emissions,pangeo,CMIP6
GFDL-ESM4,esm-hist,r1i1p1f1,gr1,tas,1913,286.154,K,historical,emissions,pangeo,CMIP6
GFDL-ESM4,esm-hist,r1i1p1f1,gr1,tas,1914,286.224,K,historical,emissions,pangeo,CMIP6
GFDL-ESM4,esm-hist,r1i1p1f1,gr1,tas,1915,286.381,K,historical,emissions,pangeo,CMIP6
GFDL-ESM4,esm-hist,r1i1p1f1,gr1,tas,1916,286.412,K,historical,emissions,pangeo,CMIP6
GFDL-ESM4,esm-hist,r1i1p1f1,gr1,tas,1917,286.272,K,historical,emissions,pangeo,CMIP6
GFDL-ESM4,esm-hist,r1i1p1f1,gr1,tas,1918,286.347,K,historical,emissions,pangeo,CMIP6
GFDL-ESM4,esm-hist,r1i1p1f1,gr1,tas,1919,286.42,K,historical,emissions,pangeo,CMIP6
GFDL-ESM4,esm-hist,r1i1p1f1,gr1,tas,1920,286.516,K,historical,emissions,pangeo,CMIP6
GFDL-ESM4,esm-hist,r1i1p1f1,gr1,tas,1921,286.564,K,historical,emissions,pangeo,CMIP6
GFDL-ESM4,esm-hist,r1i1p1f1,gr1,tas,1922,286.686,K,historical,emissions,pangeo,CMIP6
GFDL-ESM4,esm-hist,r1i1p1f1,gr1,tas,1923,286.538,K,historical,emissions,pangeo,CMIP6
GFDL-ESM4,esm-hist,r1i1p1f1,gr1,tas,1924,286.397,K,historical,emissions,pangeo,CMIP6
GFDL-ESM4,esm-hist,r1i1p1f1,gr1,tas,1925,286.409,K,historical,emissions,pangeo,CMIP6
GFDL-ESM4,esm-hist,r1i1p1f1,gr1,tas,1926,286.466,K,historical,emissions,pangeo,CMIP6
GFDL-ESM4,esm-hist,r1i1p1f1,gr1,tas,1927,286.443,K,historical,emissions,pangeo,CMIP6
GFDL-ESM4,esm-hist,r1i1p1f1,gr1,tas,1928,286.53,K,historical,emissions,pangeo,CMIP6
GFDL-ESM4,esm-hist,r1i1p1f1,gr1,tas,1929,286.326,K,historical,emissions,pangeo,CMIP6
GFDL-ESM4,esm-hist,r1i1p1f1,gr1,tas,1930,286.327,K,historical,emissions,pangeo,CMIP6
GFDL-ESM4,esm-hist,r1i1p1f1,gr1,tas,1931,286.396,K,historical,emissions,pangeo,CMIP6
GFDL-ESM4,esm-hist,r1i1p1f1,gr1,tas,1932,286.503,K,historical,emissions,pangeo,CMIP6
GFDL-ESM4,esm-hist,r1i1p1f1,gr1,tas,1933,286.567,K,historical,emissions,pangeo,CMIP6
GFDL-ESM4,esm-hist,r1i1p1f1,gr1,tas,1934,286.543,K,historical,emissions,pangeo,CMIP6
GFDL-ESM4,esm-hist,r1i1p1f1,gr1,tas,1935,286.446,K,historical,emissions,pangeo,CMIP6
GFDL-ESM4,esm-hist,r1i1p1f1,gr1,tas,1936,286.355,K,historical,emissions,pangeo,CMIP6
GFDL-ESM4,esm-hist,r1i1p1f1,gr1,tas,1937,286.515,K,historical,emissions,pangeo,CMIP6
GFDL-ESM4,esm-hist,r1i1p1f1,gr1,tas,1938,286.541,K,historical,emissions,pangeo,CMIP6
GFDL-ESM4,esm-hist,r1i1p1f1,gr1,tas,1939,286.569,K,historical,emissions,pangeo,CMIP6
GFDL-ESM4,esm-hist,r1i1p1f1,gr1,tas,1940,286.462,K,historical,emissions,pangeo,CMIP6
GFDL-ESM4,esm-hist,r1i1p1f1,gr1,tas,1941,286.614,K,historical,emissions,pangeo,CMIP6
GFDL-ESM4,esm-hist,r1i1p1f1,gr1,tas,1942,286.622,K,historical,emissions,pangeo,CMIP6
GFDL-ESM4,esm-hist,r1i1p1f1,gr1,tas,1943,286.504,K,historical,emissions,pangeo,CMIP6
GFDL-ESM4,esm-hist,r1i1p1f1,gr1,tas,1944,286.594,K,historical,emissions,pangeo,CMIP6
GFDL-ESM4,esm-hist,r1i1p1f1,gr1,tas,1945,286.554,K,historical,emissions,pangeo,CMIP6
GFDL-ESM4,esm-hist,r1i1p1f1,gr1,tas,1946,286.486,K,historical,emissions,pangeo,CMIP6
GFDL-ESM4,esm-hist,r1i1p1f1,gr1,tas,1947,286.561,K,historical,emissions,pangeo,CMIP6
GFDL-ESM4,esm-hist,r1i1p1f1,gr1,tas,1948,286.553,K,historical,emissions,pangeo,CMIP6
GFDL-ESM4,esm-hist,r1i1p1f1,gr1,tas,1949,286.449,K,historical,emissions,pangeo,CMIP6
GFDL-ESM4,esm-hist,r1i1p1f1,gr1,tas,1950,286.538,K,historical,emissions,pangeo,CMIP6
GFDL-ESM4,esm-hist,r1i1p1f1,gr1,tas,1951,286.601,K,historical,emissions,pangeo,CMIP6
GFDL-ESM4,esm-hist,r1i1p1f1,gr1,tas,1952,286.619,K,historical,emissions,pangeo,CMIP6
GFDL-ESM4,esm-hist,r1i1p1f1,gr1,tas,1953,286.494,K,historical,emissions,pangeo,CMIP6
GFDL-ESM4,esm-hist,r1i1p1f1,gr1,tas,1954,286.383,K,historical,emissions,pangeo,CMIP6
GFDL-ESM4,esm-hist,r1i1p1f1,gr1,tas,1955,286.505,K,historical,emissions,pangeo,CMIP6
GFDL-ESM4,esm-hist,r1i1p1f1,gr1,tas,1956,286.659,K,historical,emissions,pangeo,CMIP6
GFDL-ESM4,esm-hist,r1i1p1f1,gr1,tas,1957,286.767,K,historical,emissions,pangeo,CMIP6
GFDL-ESM4,esm-hist,r1i1p1f1,gr1,tas,1958,286.715,K,historical,emissions,pangeo,CMIP6
GFDL-ESM4,esm-hist,r1i1p1f1,gr1,tas,1959,286.695,K,historical,emissions,pangeo,CMIP6
GFDL-ESM4,esm-hist,r1i1p1f1,gr1,tas,1960,286.619,K,historical,emissions,pangeo,CMIP6
GFDL-ESM4,esm-hist,r1i1p1f1,gr1,tas,1961,286.544,K,historical,emissions,pangeo,CMIP6
GFDL-ESM4,esm-hist,r1i1p1f1,gr1,tas,1962,286.489,K,historical,emissions,pangeo,CMIP6
GFDL-ESM4,esm-hist,r1i1p1f1,gr1,tas,1963,286.423,K,historical,emissions,pangeo,CMIP6
GFDL-ESM4,esm-hist,r1i1p1f1,gr1,tas,1964,286.255,K,historical,emissions,pangeo,CMIP6
GFDL-ESM4,esm-hist,r1i1p1f1,gr1,tas,1965,286.148,K,historical,emissions,pangeo,CMIP6
GFDL-ESM4,esm-hist,r1i1p1f1,gr1,tas,1966,286.264,K,historical,emissions,pangeo,CMIP6
GFDL-ESM4,esm-hist,r1i1p1f1,gr1,tas,1967,286.471,K,historical,emissions,pangeo,CMIP6
GFDL-ESM4,esm-hist,r1i1p1f1,gr1,tas,1968,286.506,K,historical,emissions,pangeo,CMIP6
GFDL-ESM4,esm-hist,r1i1p1f1,gr1,tas,1969,286.318,K,historical,emissions,pangeo,CMIP6
GFDL-ESM4,esm-hist,r1i1p1f1,gr1,tas,1970,286.33,K,historical,emissions,pangeo,CMIP6
GFDL-ESM4,esm-hist,r1i1p1f1,gr1,tas,1971,286.454,K,historical,emissions,pangeo,CMIP6
GFDL-ESM4,esm-hist,r1i1p1f1,gr1,tas,1972,286.552,K,historical,emissions,pangeo,CMIP6
GFDL-ESM4,esm-hist,r1i1p1f1,gr1,tas,1973,286.451,K,historical,emissions,pangeo,CMIP6
GFDL-ESM4,esm-hist,r1i1p1f1,gr1,tas,1974,286.142,K,historical,emissions,pangeo,CMIP6
GFDL-ESM4,esm-hist,r1i1p1f1,gr1,tas,1975,286.411,K,historical,emissions,pangeo,CMIP6
GFDL-ESM4,esm-hist,r1i1p1f1,gr1,tas,1976,286.656,K,historical,emissions,pangeo,CMIP6
GFDL-ESM4,esm-hist,r1i1p1f1,gr1,tas,1977,286.551,K,historical,emissions,pangeo,CMIP6
GFDL-ESM4,esm-hist,r1i1p1f1,gr1,tas,1978,286.492,K,historical,emissions,pangeo,CMIP6
GFDL-ESM4,esm-hist,r1i1p1f1,gr1,tas,1979,286.644,K,historical,emissions,pangeo,CMIP6
GFDL-ESM4,esm-hist,r1i1p1f1,gr1,tas,1980,286.814,K,historical,emissions,pangeo,CMIP6
GFDL-ESM4,esm-hist,r1i1p1f1,gr1,tas,1981,286.827,K,historical,emissions,pangeo,CMIP6
GFDL-ESM4,esm-hist,r1i1p1f1,gr1,tas,1982,286.671,K,historical,emissions,pangeo,CMIP6
GFDL-ESM4,esm-hist,r1i1p1f1,gr1,tas,1983,286.549,K,historical,emissions,pangeo,CMIP6
GFDL-ESM4,esm-hist,r1i1p1f1,gr1,tas,1984,286.686,K,historical,emissions,pangeo,CMIP6
GFDL-ESM4,esm-hist,r1i1p1f1,gr1,tas,1985,286.65,K,historical,emissions,pangeo,CMIP6
GFDL-ESM4,esm-hist,r1i1p1f1,gr1,tas,1986,286.742,K,historical,emissions,pangeo,CMIP6
GFDL-ESM4,esm-hist,r1i1p1f1,gr1,tas,1987,286.709,K,historical,emissions,pangeo,CMIP6
GFDL-ESM4,esm-hist,r1i1p1f1,gr1,tas,1988,286.986,K,historical,emissions,pangeo,CMIP6
GFDL-ESM4,esm-hist,r1i1p1f1,gr1,tas,1989,287.186,K,historical,emissions,pangeo,CMIP6
GFDL-ESM4,esm-hist,r1i1p1f1,gr1,tas,1990,287.038,K,historical,emissions,pangeo,CMIP6
GFDL-ESM4,esm-hist,r1i1p1f1,gr1,tas,1991,286.918,K,historical,emissions,pangeo,CMIP6
GFDL-ESM4,esm-hist,r1i1p1f1,gr1,tas,1992,286.542,K,historical,emissions,pangeo,CMIP6
GFDL-ESM4,esm-hist,r1i1p1f1,gr1,tas,1993,286.707,K,historical,emissions,pangeo,CMIP6
GFDL-ESM4,esm-hist,r1i1p1f1,gr1,tas,1994,286.925,K,historical,emissions,pangeo,CMIP6
GFDL-ESM4,esm-hist,r1i1p1f1,gr1,tas,1995,287.004,K,historical,emissions,pangeo,CMIP6
GFDL-ESM4,esm-hist,r1i1p1f1,gr1,tas,1996,286.973,K,historical,emissions,pangeo,CMIP6
GFDL-ESM4,esm-hist,r1i1p1f1,gr1,tas,1997,287.057,K,historical,emissions,pangeo,CMIP6
GFDL-ESM4,esm-hist,r1i1p1f1,gr1,tas,1998,287.121,K,historical,emissions,pangeo,CMIP6
GFDL-ESM4,esm-hist,r1i1p1f1,gr1,tas,1999,287.117,K,historical,emissions,pangeo,CMIP6
GFDL-ESM4,esm-hist,r1i1p1f1,gr1,tas,2000,286.978,K,historical,emissions,pangeo,CMIP6
GFDL-ESM4,esm-hist,r1i1p1f1,gr1,tas,2001,287.141,K,historical,emissions,pangeo,CMIP6
GFDL-ESM4,esm-hist,r1i1p1f1,gr1,tas,2002,287.371,K,historical,emissions,pangeo,CMIP6
GFDL-ESM4,esm-hist,r1i1p1f1,gr1,tas,2003,287.108,K,historical,emissions,pangeo,CMIP6
GFDL-ESM4,esm-hist,r1i1p1f1,gr1,tas,2004,287.115,K,historical,emissions,pangeo,CMIP6
GFDL-ESM4,esm-hist,r1i1p1f1,gr1,tas,2005,287.216,K,historical,emissions,pangeo,CMIP6
GFDL-ESM4,esm-hist,r1i1p1f1,gr1,tas,2006,287.378,K,historical,emissions,pangeo,CMIP6
GFDL-ESM4,esm-hist,r1i1p1f1,gr1,tas,2007,287.345,K,historical,emissions,pangeo,CMIP6
GFDL-ESM4,esm-hist,r1i1p1f1,gr1,tas,2008,287.451,K,historical,emissions,pangeo,CMIP6
GFDL-ESM4,esm-hist,r1i1p1f1,gr1,tas,2009,287.626,K,historical,emissions,pangeo,CMIP6
GFDL-ESM4,esm-hist,r1i1p1f1,gr1,tas,2010,287.522,K,historical,emissions,pangeo,CMIP6
GFDL-ESM4,esm-hist,r1i1p1f1,gr1,tas,2011,287.517,K,historical,emissions,pangeo,CMIP6
GFDL-ESM4,esm-hist,r1i1p1f1,gr1,tas,2012,287.577,K,historical,emissions,pangeo,CMIP6
GFDL-ESM4,esm-hist,r1i1p1f1,gr1,tas,2013,287.707,K,historical,emissions,pangeo,CMIP6
GFDL-ESM4,esm-hist,r1i1p1f1,gr1,tas,2014,287.691,K,historical,emissions,pangeo,CMIP6
GFDL-ESM4,esm-ssp585,r1i1p1f1,gr1,tas,2015,287.745,K,ssp585,emissions,pangeo,CMIP6
GFDL-ESM4,esm-ssp585,r1i1p1f1,gr1,tas,2016,287.638,K,ssp585,emissions,pangeo,CMIP6
GFDL-ESM4,esm-ssp585,r1i1p1f1,gr1,tas,2017,287.741,K,ssp585,emissions,pangeo,CMIP6
GFDL-ESM4,esm-ssp585,r1i1p1f1,gr1,tas,2018,287.737,K,ssp585,emissions,pangeo,CMIP6
GFDL-ESM4,esm-ssp585,r1i1p1f1,gr1,tas,2019,287.843,K,ssp585,emissions,pangeo,CMIP6
GFDL-ESM4,esm-ssp585,r1i1p1f1,gr1,tas,2020,287.82,K,ssp585,emissions,pangeo,CMIP6
GFDL-ESM4,esm-ssp585,r1i1p1f1,gr1,tas,2021,287.908,K,ssp585,emissions,pangeo,CMIP6
GFDL-ESM4,esm-ssp585,r1i1p1f1,gr1,tas,2022,287.833,K,ssp585,emissions,pangeo,CMIP6
GFDL-ESM4,esm-ssp585,r1i1p1f1,gr1,tas,2023,287.728,K,ssp585,emissions,pangeo,CMIP6
GFDL-ESM4,esm-ssp585,r1i1p1f1,gr1,tas,2024,287.811,K,ssp585,emissions,pangeo,CMIP6
GFDL-ESM4,esm-ssp585,r1i1p1f1,gr1,tas,2025,287.852,K,ssp585,emissions,pangeo,CMIP6
GFDL-ESM4,esm-ssp585,r1i1p1f1,gr1,tas,2026,287.804,K,ssp585,emissions,pangeo,CMIP6
GFDL-ESM4,esm-ssp585,r1i1p1f1,gr1,tas,2027,287.852,K,ssp585,emissions,pangeo,CMIP6
GFDL-ESM4,esm-ssp585,r1i1p1f1,gr1,tas,2028,287.906,K,ssp585,emissions,pangeo,CMIP6
GFDL-ESM4,esm-ssp585,r1i1p1f1,gr1,tas,2029,287.873,K,ssp585,emissions,pangeo,CMIP6
GFDL-ESM4,esm-ssp585,r1i1p1f1,gr1,tas,2030,287.88,K,ssp585,emissions,pangeo,CMIP6
GFDL-ESM4,esm-ssp585,r1i1p1f1,gr1,tas,2031,287.92,K,ssp585,emissions,pangeo,CMIP6
GFDL-ESM4,esm-ssp585,r1i1p1f1,gr1,tas,2032,287.948,K,ssp585,emissions,pangeo,CMIP6
GFDL-ESM4,esm-ssp585,r1i1p1f1,gr1,tas,2033,287.868,K,ssp585,emissions,pangeo,CMIP6
GFDL-ESM4,esm-ssp585,r1i1p1f1,gr1,tas,2034,287.987,K,ssp585,emissions,pangeo,CMIP6
GFDL-ESM4,esm-ssp585,r1i1p1f1,gr1,tas,2035,288.066,K,ssp585,emissions,pangeo,CMIP6
GFDL-ESM4,esm-ssp585,r1i1p1f1,gr1,tas,2036,288.051,K,ssp585,emissions,pangeo,CMIP6
GFDL-ESM4,esm-ssp585,r1i1p1f1,gr1,tas,2037,288.083,K,ssp585,emissions,pangeo,CMIP6
GFDL-ESM4,esm-ssp585,r1i1p1f1,gr1,tas,2038,288.162,K,ssp585,emissions,pangeo,CMIP6
GFDL-ESM4,esm-ssp585,r1i1p1f1,gr1,tas,2039,288.144,K,ssp585,emissions,pangeo,CMIP6
GFDL-ESM4,esm-ssp585,r1i1p1f1,gr1,tas,2040,288.233,K,ssp585,emissions,pangeo,CMIP6
GFDL-ESM4,esm-ssp585,r1i1p1f1,gr1,tas,2041,288.072,K,ssp585,emissions,pangeo,CMIP6
GFDL-ESM4,esm-ssp585,r1i1p1f1,gr1,tas,2042,288.323,K,ssp585,emissions,pangeo,CMIP6
GFDL-ESM4,esm-ssp585,r1i1p1f1,gr1,tas,2043,288.101,K,ssp585,emissions,pangeo,CMIP6
GFDL-ESM4,esm-ssp585,r1i1p1f1,gr1,tas,2044,288.093,K,ssp585,emissions,pangeo,CMIP6
GFDL-ESM4,esm-ssp585,r1i1p1f1,gr1,tas,2045,288.379,K,ssp585,emissions,pangeo,CMIP6
GFDL-ESM4,esm-ssp585,r1i1p1f1,gr1,tas,2046,288.375,K,ssp585,emissions,pangeo,CMIP6
GFDL-ESM4,esm-ssp585,r1i1p1f1,gr1,tas,2047,288.28,K,ssp585,emissions,pangeo,CMIP6
GFDL-ESM4,esm-ssp585,r1i1p1f1,gr1,tas,2048,288.399,K,ssp585,emissions,pangeo,CMIP6
GFDL-ESM4,esm-ssp585,r1i1p1f1,gr1,tas,2049,288.527,K,ssp585,emissions,pangeo,CMIP6
GFDL-ESM4,esm-ssp585,r1i1p1f1,gr1,tas,2050,288.422,K,ssp585,emissions,pangeo,CMIP6
GFDL-ESM4,esm-ssp585,r1i1p1f1,gr1,tas,2051,288.497,K,ssp585,emissions,pangeo,CMIP6
GFDL-ESM4,esm-ssp585,r1i1p1f1,gr1,tas,2052,288.452,K,ssp585,emissions,pangeo,CMIP6
GFDL-ESM4,esm-ssp585,r1i1p1f1,gr1,tas,2053,288.569,K,ssp585,emissions,pangeo,CMIP6
GFDL-ESM4,esm-ssp585,r1i1p1f1,gr1,tas,2054,288.53,K,ssp585,emissions,pangeo,CMIP6
GFDL-ESM4,esm-ssp585,r1i1p1f1,gr1,tas,2055,288.808,K,ssp585,emissions,pangeo,CMIP6
GFDL-ESM4,esm-ssp585,r1i1p1f1,gr1,tas,2056,288.785,K,ssp585,emissions,pangeo,CMIP6
GFDL-ESM4,esm-ssp585,r1i1p1f1,gr1,tas,2057,288.922,K,ssp585,emissions,pangeo,CMIP6
GFDL-ESM4,esm-ssp585,r1i1p1f1,gr1,tas,2058,288.815,K,ssp585,emissions,pangeo,CMIP6
GFDL-ESM4,esm-ssp585,r1i1p1f1,gr1,tas,2059,289.044,K,ssp585,emissions,pangeo,CMIP6
GFDL-ESM4,esm-ssp585,r1i1p1f1,gr1,tas,2060,288.918,K,ssp585,emissions,pangeo,CMIP6
GFDL-ESM4,esm-ssp585,r1i1p1f1,gr1,tas,2061,288.886,K,ssp585,emissions,pangeo,CMIP6
GFDL-ESM4,esm-ssp585,r1i1p1f1,gr1,tas,2062,288.832,K,ssp585,emissions,pangeo,CMIP6
GFDL-ESM4,esm-ssp585,r1i1p1f1,gr1,tas,2063,288.941,K,ssp585,emissions,pangeo,CMIP6
GFDL-ESM4,esm-ssp585,r1i1p1f1,gr1,tas,2064,289.004,K,ssp585,emissions,pangeo,CMIP6
GFDL-ESM4,esm-ssp585,r1i1p1f1,gr1,tas,2065,289.228,K,ssp585,emissions,pangeo,CMIP6
GFDL-ESM4,esm-ssp585,r1i1p1f1,gr1,tas,2066,289.014,K,ssp585,emissions,pangeo,CMIP6
GFDL-ESM4,esm-ssp585,r1i1p1f1,gr1,tas,2067,289.222,K,ssp585,emissions,pangeo,CMIP6
GFDL-ESM4,esm-ssp585,r1i1p1f1,gr1,tas,2068,289.492,K,ssp585,emissions,pangeo,CMIP6
GFDL-ESM4,esm-ssp585,r1i1p1f1,gr1,tas,2069,289.33,K,ssp585,emissions,pangeo,CMIP6
GFDL-ESM4,esm-ssp585,r1i1p1f1,gr1,tas,2070,289.524,K,ssp585,emissions,pangeo,CMIP6
GFDL-ESM4,esm-ssp585,r1i1p1f1,gr1,tas,2071,289.529,K,ssp585,emissions,pangeo,CMIP6
GFDL-ESM4,esm-ssp585,r1i1p1f1,gr1,tas,2072,289.405,K,ssp585,emissions,pangeo,CMIP6
GFDL-ESM4,esm-ssp585,r1i1p1f1,gr1,tas,2073,289.579,K,ssp585,emissions,pangeo,CMIP6
GFDL-ESM4,esm-ssp585,r1i1p1f1,gr1,tas,2074,289.556,K,ssp585,emissions,pangeo,CMIP6
GFDL-ESM4,esm-ssp585,r1i1p1f1,gr1,tas,2075,289.382,K,ssp585,emissions,pangeo,CMIP6
GFDL-ESM4,esm-ssp585,r1i1p1f1,gr1,tas,2076,289.485,K,ssp585,emissions,pangeo,CMIP6
GFDL-ESM4,esm-ssp585,r1i1p1f1,gr1,tas,2077,289.704,K,ssp585,emissions,pangeo,CMIP6
GFDL-ESM4,esm-ssp585,r1i1p1f1,gr1,tas,2078,289.738,K,ssp585,emissions,pangeo,CMIP6
GFDL-ESM4,esm-ssp585,r1i1p1f1,gr1,tas,2079,289.83,K,ssp585,emissions,pangeo,CMIP6
GFDL-ESM4,esm-ssp585,r1i1p1f1,gr1,tas,2080,289.765,K,ssp585,emissions,pangeo,CMIP6
GFDL-ESM4,esm-ssp585,r1i1p1f1,gr1,tas,2081,289.731,K,ssp585,emissions,pangeo,CMIP6
GFDL-ESM4,esm-ssp585,r1i1p1f1,gr1,tas,2082,289.828,K,ssp585,emissions,pangeo,CMIP6
GFDL-ESM4,esm-ssp585,r1i1p1f1,gr1,tas,2083,289.846,K,ssp585,emissions,pangeo,CMIP6
GFDL-ESM4,esm-ssp585,r1i1p1f1,gr1,tas,2084,289.882,K,ssp585,emissions,pangeo,CMIP6
GFDL-ESM4,esm-ssp585,r1i1p1f1,gr1,tas,2085,289.859,K,ssp585,emissions,pangeo,CMIP6
GFDL-ESM4,esm-ssp585,r1i1p1f1,gr1,tas,2086,289.971,K,ssp585,emissions,pangeo,CMIP6
GFDL-ESM4,esm-ssp585,r1i1p1f1,gr1,tas,2087,289.918,K,ssp585,emissions,pangeo,CMIP6
GFDL-ESM4,esm-ssp585,r1i1p1f1,gr1,tas,2088,289.875,K,ssp585,emissions,pangeo,CMIP6
GFDL-ESM4,esm-ssp585,r1i1p1f1,gr1,tas,2089,289.967,K,ssp585,emissions,pangeo,CMIP6
GFDL-ESM4,esm-ssp585,r1i1p1f1,gr1,tas,2090,290.136,K,ssp585,emissions,pangeo,CMIP6
GFDL-ESM4,esm-ssp585,r1i1p1f1,gr1,tas,2091,289.966,K,ssp585,emissions,pangeo,CMIP6
GFDL-ESM4,esm-ssp585,r1i1p1f1,gr1,tas,2092,290.169,K,ssp585,emissions,pangeo,CMIP6
GFDL-ESM4,esm-ssp585,r1i1p1f1,gr1,tas,2093,290.333,K,ssp585,emissions,pangeo,CMIP6
GFDL-ESM4,esm-ssp585,r1i1p1f1,gr1,tas,2094,290.322,K,ssp585,emissions,pangeo,CMIP6
GFDL-ESM4,esm-ssp585,r1i1p1f1,gr1,tas,2095,290.255,K,ssp585,emissions,pangeo,CMIP6
GFDL-ESM4,esm-ssp585,r1i1p1f1,gr1,tas,2096,290.444,K,ssp585,emissions,pangeo,CMIP6
GFDL-ESM4,esm-ssp585,r1i1p1f1,gr1,tas,2097,290.485,K,ssp585,emissions,pangeo,CMIP6
GFDL-ESM4,esm-ssp585,r1i1p1f1,gr1,tas,2098,290.436,K,ssp585,emissions,pangeo,CMIP6
GFDL-ESM4,esm-ssp585,r1i1p1f1,gr1,tas,2099,290.47,K,ssp585,emissions,pangeo,CMIP6
GFDL-ESM4,esm-ssp585,r1i1p1f1,gr1,tas,2100,290.685,K,ssp585,emissions,pangeo,CMIP6
GISS-E2-1-G-CC,esm-hist,r1i1p1f1,gn,tas,1850,286.86,K,historical,emissions,pangeo,CMIP6
GISS-E2-1-G-CC,esm-hist,r1i1p1f1,gn,tas,1851,286.836,K,historical,emissions,pangeo,CMIP6
GISS-E2-1-G-CC,esm-hist,r1i1p1f1,gn,tas,1852,286.878,K,historical,emissions,pangeo,CMIP6
GISS-E2-1-G-CC,esm-hist,r1i1p1f1,gn,tas,1853,287.17,K,historical,emissions,pangeo,CMIP6
GISS-E2-1-G-CC,esm-hist,r1i1p1f1,gn,tas,1854,286.737,K,historical,emissions,pangeo,CMIP6
GISS-E2-1-G-CC,esm-hist,r1i1p1f1,gn,tas,1855,286.591,K,historical,emissions,pangeo,CMIP6
GISS-E2-1-G-CC,esm-hist,r1i1p1f1,gn,tas,1856,286.903,K,historical,emissions,pangeo,CMIP6
GISS-E2-1-G-CC,esm-hist,r1i1p1f1,gn,tas,1857,287.097,K,historical,emissions,pangeo,CMIP6
GISS-E2-1-G-CC,esm-hist,r1i1p1f1,gn,tas,1858,286.914,K,historical,emissions,pangeo,CMIP6
GISS-E2-1-G-CC,esm-hist,r1i1p1f1,gn,tas,1859,286.845,K,historical,emissions,pangeo,CMIP6
GISS-E2-1-G-CC,esm-hist,r1i1p1f1,gn,tas,1860,286.873,K,historical,emissions,pangeo,CMIP6
GISS-E2-1-G-CC,esm-hist,r1i1p1f1,gn,tas,1861,286.996,K,historical,emissions,pangeo,CMIP6
GISS-E2-1-G-CC,esm-hist,r1i1p1f1,gn,tas,1862,287.049,K,historical,emissions,pangeo,CMIP6
GISS-E2-1-G-CC,esm-hist,r1i1p1f1,gn,tas,1863,286.772,K,historical,emissions,pangeo,CMIP6
GISS-E2-1-G-CC,esm-hist,r1i1p1f1,gn,tas,1864,286.919,K,historical,emissions,pangeo,CMIP6
GISS-E2-1-G-CC,esm-hist,r1i1p1f1,gn,tas,1865,286.957,K,historical,emissions,pangeo,CMIP6
GISS-E2-1-G-CC,esm-hist,r1i1p1f1,gn,tas,1866,287.173,K,historical,emissions,pangeo,CMIP6
GISS-E2-1-G-CC,esm-hist,r1i1p1f1,gn,tas,1867,286.961,K,historical,emissions,pangeo,CMIP6
GISS-E2-1-G-CC,esm-hist,r1i1p1f1,gn,tas,1868,286.94,K,historical,emissions,pangeo,CMIP6
GISS-E2-1-G-CC,esm-hist,r1i1p1f1,gn,tas,1869,287.136,K,historical,emissions,pangeo,CMIP6
GISS-E2-1-G-CC,esm-hist,r1i1p1f1,gn,tas,1870,287.115,K,historical,emissions,pangeo,CMIP6
GISS-E2-1-G-CC,esm-hist,r1i1p1f1,gn,tas,1871,286.935,K,historical,emissions,pangeo,CMIP6
GISS-E2-1-G-CC,esm-hist,r1i1p1f1,gn,tas,1872,286.643,K,historical,emissions,pangeo,CMIP6
GISS-E2-1-G-CC,esm-hist,r1i1p1f1,gn,tas,1873,286.819,K,historical,emissions,pangeo,CMIP6
GISS-E2-1-G-CC,esm-hist,r1i1p1f1,gn,tas,1874,287.079,K,historical,emissions,pangeo,CMIP6
GISS-E2-1-G-CC,esm-hist,r1i1p1f1,gn,tas,1875,286.829,K,historical,emissions,pangeo,CMIP6
GISS-E2-1-G-CC,esm-hist,r1i1p1f1,gn,tas,1876,286.608,K,historical,emissions,pangeo,CMIP6
GISS-E2-1-G-CC,esm-hist,r1i1p1f1,gn,tas,1877,286.672,K,historical,emissions,pangeo,CMIP6
GISS-E2-1-G-CC,esm-hist,r1i1p1f1,gn,tas,1878,286.924,K,historical,emissions,pangeo,CMIP6
GISS-E2-1-G-CC,esm-hist,r1i1p1f1,gn,tas,1879,287.045,K,historical,emissions,pangeo,CMIP6
GISS-E2-1-G-CC,esm-hist,r1i1p1f1,gn,tas,1880,286.701,K,historical,emissions,pangeo,CMIP6
GISS-E2-1-G-CC,esm-hist,r1i1p1f1,gn,tas,1881,286.75,K,historical,emissions,pangeo,CMIP6
GISS-E2-1-G-CC,esm-hist,r1i1p1f1,gn,tas,1882,286.914,K,historical,emissions,pangeo,CMIP6
GISS-E2-1-G-CC,esm-hist,r1i1p1f1,gn,tas,1883,287.084,K,historical,emissions,pangeo,CMIP6
GISS-E2-1-G-CC,esm-hist,r1i1p1f1,gn,tas,1884,286.48,K,historical,emissions,pangeo,CMIP6
GISS-E2-1-G-CC,esm-hist,r1i1p1f1,gn,tas,1885,286.593,K,historical,emissions,pangeo,CMIP6
GISS-E2-1-G-CC,esm-hist,r1i1p1f1,gn,tas,1886,286.886,K,historical,emissions,pangeo,CMIP6
GISS-E2-1-G-CC,esm-hist,r1i1p1f1,gn,tas,1887,287.004,K,historical,emissions,pangeo,CMIP6
GISS-E2-1-G-CC,esm-hist,r1i1p1f1,gn,tas,1888,287.077,K,historical,emissions,pangeo,CMIP6
GISS-E2-1-G-CC,esm-hist,r1i1p1f1,gn,tas,1889,286.782,K,historical,emissions,pangeo,CMIP6
GISS-E2-1-G-CC,esm-hist,r1i1p1f1,gn,tas,1890,286.704,K,historical,emissions,pangeo,CMIP6
GISS-E2-1-G-CC,esm-hist,r1i1p1f1,gn,tas,1891,286.896,K,historical,emissions,pangeo,CMIP6
GISS-E2-1-G-CC,esm-hist,r1i1p1f1,gn,tas,1892,286.937,K,historical,emissions,pangeo,CMIP6
GISS-E2-1-G-CC,esm-hist,r1i1p1f1,gn,tas,1893,286.841,K,historical,emissions,pangeo,CMIP6
GISS-E2-1-G-CC,esm-hist,r1i1p1f1,gn,tas,1894,286.89,K,historical,emissions,pangeo,CMIP6
GISS-E2-1-G-CC,esm-hist,r1i1p1f1,gn,tas,1895,286.955,K,historical,emissions,pangeo,CMIP6
GISS-E2-1-G-CC,esm-hist,r1i1p1f1,gn,tas,1896,286.963,K,historical,emissions,pangeo,CMIP6
GISS-E2-1-G-CC,esm-hist,r1i1p1f1,gn,tas,1897,287.116,K,historical,emissions,pangeo,CMIP6
GISS-E2-1-G-CC,esm-hist,r1i1p1f1,gn,tas,1898,286.995,K,historical,emissions,pangeo,CMIP6
GISS-E2-1-G-CC,esm-hist,r1i1p1f1,gn,tas,1899,286.953,K,historical,emissions,pangeo,CMIP6
GISS-E2-1-G-CC,esm-hist,r1i1p1f1,gn,tas,1900,286.858,K,historical,emissions,pangeo,CMIP6
GISS-E2-1-G-CC,esm-hist,r1i1p1f1,gn,tas,1901,286.478,K,historical,emissions,pangeo,CMIP6
GISS-E2-1-G-CC,esm-hist,r1i1p1f1,gn,tas,1902,286.444,K,historical,emissions,pangeo,CMIP6
GISS-E2-1-G-CC,esm-hist,r1i1p1f1,gn,tas,1903,286.471,K,historical,emissions,pangeo,CMIP6
GISS-E2-1-G-CC,esm-hist,r1i1p1f1,gn,tas,1904,286.608,K,historical,emissions,pangeo,CMIP6
GISS-E2-1-G-CC,esm-hist,r1i1p1f1,gn,tas,1905,286.818,K,historical,emissions,pangeo,CMIP6
GISS-E2-1-G-CC,esm-hist,r1i1p1f1,gn,tas,1906,286.559,K,historical,emissions,pangeo,CMIP6
GISS-E2-1-G-CC,esm-hist,r1i1p1f1,gn,tas,1907,286.551,K,historical,emissions,pangeo,CMIP6
GISS-E2-1-G-CC,esm-hist,r1i1p1f1,gn,tas,1908,286.799,K,historical,emissions,pangeo,CMIP6
GISS-E2-1-G-CC,esm-hist,r1i1p1f1,gn,tas,1909,286.823,K,historical,emissions,pangeo,CMIP6
GISS-E2-1-G-CC,esm-hist,r1i1p1f1,gn,tas,1910,286.627,K,historical,emissions,pangeo,CMIP6
GISS-E2-1-G-CC,esm-hist,r1i1p1f1,gn,tas,1911,286.829,K,historical,emissions,pangeo,CMIP6
GISS-E2-1-G-CC,esm-hist,r1i1p1f1,gn,tas,1912,286.961,K,historical,emissions,pangeo,CMIP6
GISS-E2-1-G-CC,esm-hist,r1i1p1f1,gn,tas,1913,286.811,K,historical,emissions,pangeo,CMIP6
GISS-E2-1-G-CC,esm-hist,r1i1p1f1,gn,tas,1914,286.711,K,historical,emissions,pangeo,CMIP6
GISS-E2-1-G-CC,esm-hist,r1i1p1f1,gn,tas,1915,286.822,K,historical,emissions,pangeo,CMIP6
GISS-E2-1-G-CC,esm-hist,r1i1p1f1,gn,tas,1916,286.939,K,historical,emissions,pangeo,CMIP6
GISS-E2-1-G-CC,esm-hist,r1i1p1f1,gn,tas,1917,287.064,K,historical,emissions,pangeo,CMIP6
GISS-E2-1-G-CC,esm-hist,r1i1p1f1,gn,tas,1918,286.97,K,historical,emissions,pangeo,CMIP6
GISS-E2-1-G-CC,esm-hist,r1i1p1f1,gn,tas,1919,286.848,K,historical,emissions,pangeo,CMIP6
GISS-E2-1-G-CC,esm-hist,r1i1p1f1,gn,tas,1920,286.786,K,historical,emissions,pangeo,CMIP6
GISS-E2-1-G-CC,esm-hist,r1i1p1f1,gn,tas,1921,287.129,K,historical,emissions,pangeo,CMIP6
GISS-E2-1-G-CC,esm-hist,r1i1p1f1,gn,tas,1922,287.035,K,historical,emissions,pangeo,CMIP6
GISS-E2-1-G-CC,esm-hist,r1i1p1f1,gn,tas,1923,286.578,K,historical,emissions,pangeo,CMIP6
GISS-E2-1-G-CC,esm-hist,r1i1p1f1,gn,tas,1924,286.652,K,historical,emissions,pangeo,CMIP6
GISS-E2-1-G-CC,esm-hist,r1i1p1f1,gn,tas,1925,287.035,K,historical,emissions,pangeo,CMIP6
GISS-E2-1-G-CC,esm-hist,r1i1p1f1,gn,tas,1926,286.974,K,historical,emissions,pangeo,CMIP6
GISS-E2-1-G-CC,esm-hist,r1i1p1f1,gn,tas,1927,286.814,K,historical,emissions,pangeo,CMIP6
GISS-E2-1-G-CC,esm-hist,r1i1p1f1,gn,tas,1928,286.864,K,historical,emissions,pangeo,CMIP6
GISS-E2-1-G-CC,esm-hist,r1i1p1f1,gn,tas,1929,286.972,K,historical,emissions,pangeo,CMIP6
GISS-E2-1-G-CC,esm-hist,r1i1p1f1,gn,tas,1930,286.909,K,historical,emissions,pangeo,CMIP6
GISS-E2-1-G-CC,esm-hist,r1i1p1f1,gn,tas,1931,286.8,K,historical,emissions,pangeo,CMIP6
GISS-E2-1-G-CC,esm-hist,r1i1p1f1,gn,tas,1932,286.939,K,historical,emissions,pangeo,CMIP6
GISS-E2-1-G-CC,esm-hist,r1i1p1f1,gn,tas,1933,287.141,K,historical,emissions,pangeo,CMIP6
GISS-E2-1-G-CC,esm-hist,r1i1p1f1,gn,tas,1934,286.884,K,historical,emissions,pangeo,CMIP6
GISS-E2-1-G-CC,esm-hist,r1i1p1f1,gn,tas,1935,286.77,K,historical,emissions,pangeo,CMIP6
GISS-E2-1-G-CC,esm-hist,r1i1p1f1,gn,tas,1936,286.988,K,historical,emissions,pangeo,CMIP6
GISS-E2-1-G-CC,esm-hist,r1i1p1f1,gn,tas,1937,287.017,K,historical,emissions,pangeo,CMIP6
GISS-E2-1-G-CC,esm-hist,r1i1p1f1,gn,tas,1938,287.085,K,historical,emissions,pangeo,CMIP6
GISS-E2-1-G-CC,esm-hist,r1i1p1f1,gn,tas,1939,287.032,K,historical,emissions,pangeo,CMIP6
GISS-E2-1-G-CC,esm-hist,r1i1p1f1,gn,tas,1940,286.94,K,historical,emissions,pangeo,CMIP6
GISS-E2-1-G-CC,esm-hist,r1i1p1f1,gn,tas,1941,287.201,K,historical,emissions,pangeo,CMIP6
GISS-E2-1-G-CC,esm-hist,r1i1p1f1,gn,tas,1942,287.014,K,historical,emissions,pangeo,CMIP6
GISS-E2-1-G-CC,esm-hist,r1i1p1f1,gn,tas,1943,286.797,K,historical,emissions,pangeo,CMIP6
GISS-E2-1-G-CC,esm-hist,r1i1p1f1,gn,tas,1944,287.006,K,historical,emissions,pangeo,CMIP6
GISS-E2-1-G-CC,esm-hist,r1i1p1f1,gn,tas,1945,287.155,K,historical,emissions,pangeo,CMIP6
GISS-E2-1-G-CC,esm-hist,r1i1p1f1,gn,tas,1946,286.927,K,historical,emissions,pangeo,CMIP6
GISS-E2-1-G-CC,esm-hist,r1i1p1f1,gn,tas,1947,286.835,K,historical,emissions,pangeo,CMIP6
GISS-E2-1-G-CC,esm-hist,r1i1p1f1,gn,tas,1948,286.93,K,historical,emissions,pangeo,CMIP6
GISS-E2-1-G-CC,esm-hist,r1i1p1f1,gn,tas,1949,287.162,K,historical,emissions,pangeo,CMIP6
GISS-E2-1-G-CC,esm-hist,r1i1p1f1,gn,tas,1950,287.123,K,historical,emissions,pangeo,CMIP6
GISS-E2-1-G-CC,esm-hist,r1i1p1f1,gn,tas,1951,286.837,K,historical,emissions,pangeo,CMIP6
GISS-E2-1-G-CC,esm-hist,r1i1p1f1,gn,tas,1952,286.811,K,historical,emissions,pangeo,CMIP6
GISS-E2-1-G-CC,esm-hist,r1i1p1f1,gn,tas,1953,287.136,K,historical,emissions,pangeo,CMIP6
GISS-E2-1-G-CC,esm-hist,r1i1p1f1,gn,tas,1954,287.116,K,historical,emissions,pangeo,CMIP6
GISS-E2-1-G-CC,esm-hist,r1i1p1f1,gn,tas,1955,286.919,K,historical,emissions,pangeo,CMIP6
GISS-E2-1-G-CC,esm-hist,r1i1p1f1,gn,tas,1956,286.919,K,historical,emissions,pangeo,CMIP6
GISS-E2-1-G-CC,esm-hist,r1i1p1f1,gn,tas,1957,287.264,K,historical,emissions,pangeo,CMIP6
GISS-E2-1-G-CC,esm-hist,r1i1p1f1,gn,tas,1958,287.013,K,historical,emissions,pangeo,CMIP6
GISS-E2-1-G-CC,esm-hist,r1i1p1f1,gn,tas,1959,286.977,K,historical,emissions,pangeo,CMIP6
GISS-E2-1-G-CC,esm-hist,r1i1p1f1,gn,tas,1960,287.222,K,historical,emissions,pangeo,CMIP6
GISS-E2-1-G-CC,esm-hist,r1i1p1f1,gn,tas,1961,287.182,K,historical,emissions,pangeo,CMIP6
GISS-E2-1-G-CC,esm-hist,r1i1p1f1,gn,tas,1962,286.92,K,historical,emissions,pangeo,CMIP6
GISS-E2-1-G-CC,esm-hist,r1i1p1f1,gn,tas,1963,286.746,K,historical,emissions,pangeo,CMIP6
GISS-E2-1-G-CC,esm-hist,r1i1p1f1,gn,tas,1964,287.066,K,historical,emissions,pangeo,CMIP6
GISS-E2-1-G-CC,esm-hist,r1i1p1f1,gn,tas,1965,287.074,K,historical,emissions,pangeo,CMIP6
GISS-E2-1-G-CC,esm-hist,r1i1p1f1,gn,tas,1966,286.944,K,historical,emissions,pangeo,CMIP6
GISS-E2-1-G-CC,esm-hist,r1i1p1f1,gn,tas,1967,286.849,K,historical,emissions,pangeo,CMIP6
GISS-E2-1-G-CC,esm-hist,r1i1p1f1,gn,tas,1968,287.075,K,historical,emissions,pangeo,CMIP6
GISS-E2-1-G-CC,esm-hist,r1i1p1f1,gn,tas,1969,287.189,K,historical,emissions,pangeo,CMIP6
GISS-E2-1-G-CC,esm-hist,r1i1p1f1,gn,tas,1970,286.959,K,historical,emissions,pangeo,CMIP6
GISS-E2-1-G-CC,esm-hist,r1i1p1f1,gn,tas,1971,286.852,K,historical,emissions,pangeo,CMIP6
GISS-E2-1-G-CC,esm-hist,r1i1p1f1,gn,tas,1972,286.998,K,historical,emissions,pangeo,CMIP6
GISS-E2-1-G-CC,esm-hist,r1i1p1f1,gn,tas,1973,287.163,K,historical,emissions,pangeo,CMIP6
GISS-E2-1-G-CC,esm-hist,r1i1p1f1,gn,tas,1974,286.886,K,historical,emissions,pangeo,CMIP6
GISS-E2-1-G-CC,esm-hist,r1i1p1f1,gn,tas,1975,286.933,K,historical,emissions,pangeo,CMIP6
GISS-E2-1-G-CC,esm-hist,r1i1p1f1,gn,tas,1976,287.202,K,historical,emissions,pangeo,CMIP6
GISS-E2-1-G-CC,esm-hist,r1i1p1f1,gn,tas,1977,287.376,K,historical,emissions,pangeo,CMIP6
GISS-E2-1-G-CC,esm-hist,r1i1p1f1,gn,tas,1978,287.084,K,historical,emissions,pangeo,CMIP6
GISS-E2-1-G-CC,esm-hist,r1i1p1f1,gn,tas,1979,287.047,K,historical,emissions,pangeo,CMIP6
GISS-E2-1-G-CC,esm-hist,r1i1p1f1,gn,tas,1980,287.242,K,historical,emissions,pangeo,CMIP6
GISS-E2-1-G-CC,esm-hist,r1i1p1f1,gn,tas,1981,287.371,K,historical,emissions,pangeo,CMIP6
GISS-E2-1-G-CC,esm-hist,r1i1p1f1,gn,tas,1982,287.141,K,historical,emissions,pangeo,CMIP6
GISS-E2-1-G-CC,esm-hist,r1i1p1f1,gn,tas,1983,287.082,K,historical,emissions,pangeo,CMIP6
GISS-E2-1-G-CC,esm-hist,r1i1p1f1,gn,tas,1984,287.211,K,historical,emissions,pangeo,CMIP6
GISS-E2-1-G-CC,esm-hist,r1i1p1f1,gn,tas,1985,287.197,K,historical,emissions,pangeo,CMIP6
GISS-E2-1-G-CC,esm-hist,r1i1p1f1,gn,tas,1986,287.469,K,historical,emissions,pangeo,CMIP6
GISS-E2-1-G-CC,esm-hist,r1i1p1f1,gn,tas,1987,287.378,K,historical,emissions,pangeo,CMIP6
GISS-E2-1-G-CC,esm-hist,r1i1p1f1,gn,tas,1988,287.038,K,historical,emissions,pangeo,CMIP6
GISS-E2-1-G-CC,esm-hist,r1i1p1f1,gn,tas,1989,287.211,K,historical,emissions,pangeo,CMIP6
GISS-E2-1-G-CC,esm-hist,r1i1p1f1,gn,tas,1990,287.496,K,historical,emissions,pangeo,CMIP6
GISS-E2-1-G-CC,esm-hist,r1i1p1f1,gn,tas,1991,287.432,K,historical,emissions,pangeo,CMIP6
GISS-E2-1-G-CC,esm-hist,r1i1p1f1,gn,tas,1992,286.984,K,historical,emissions,pangeo,CMIP6
GISS-E2-1-G-CC,esm-hist,r1i1p1f1,gn,tas,1993,287.169,K,historical,emissions,pangeo,CMIP6
GISS-E2-1-G-CC,esm-hist,r1i1p1f1,gn,tas,1994,287.502,K,historical,emissions,pangeo,CMIP6
GISS-E2-1-G-CC,esm-hist,r1i1p1f1,gn,tas,1995,287.435,K,historical,emissions,pangeo,CMIP6
GISS-E2-1-G-CC,esm-hist,r1i1p1f1,gn,tas,1996,287.181,K,historical,emissions,pangeo,CMIP6
GISS-E2-1-G-CC,esm-hist,r1i1p1f1,gn,tas,1997,287.322,K,historical,emissions,pangeo,CMIP6
GISS-E2-1-G-CC,esm-hist,r1i1p1f1,gn,tas,1998,287.606,K,historical,emissions,pangeo,CMIP6
GISS-E2-1-G-CC,esm-hist,r1i1p1f1,gn,tas,1999,287.662,K,historical,emissions,pangeo,CMIP6
GISS-E2-1-G-CC,esm-hist,r1i1p1f1,gn,tas,2000,287.781,K,historical,emissions,pangeo,CMIP6
GISS-E2-1-G-CC,esm-hist,r1i1p1f1,gn,tas,2001,287.734,K,historical,emissions,pangeo,CMIP6
GISS-E2-1-G-CC,esm-hist,r1i1p1f1,gn,tas,2002,287.7,K,historical,emissions,pangeo,CMIP6
GISS-E2-1-G-CC,esm-hist,r1i1p1f1,gn,tas,2003,287.639,K,historical,emissions,pangeo,CMIP6
GISS-E2-1-G-CC,esm-hist,r1i1p1f1,gn,tas,2004,287.599,K,historical,emissions,pangeo,CMIP6
GISS-E2-1-G-CC,esm-hist,r1i1p1f1,gn,tas,2005,287.873,K,historical,emissions,pangeo,CMIP6
GISS-E2-1-G-CC,esm-hist,r1i1p1f1,gn,tas,2006,287.93,K,historical,emissions,pangeo,CMIP6
GISS-E2-1-G-CC,esm-hist,r1i1p1f1,gn,tas,2007,287.665,K,historical,emissions,pangeo,CMIP6
GISS-E2-1-G-CC,esm-hist,r1i1p1f1,gn,tas,2008,287.638,K,historical,emissions,pangeo,CMIP6
GISS-E2-1-G-CC,esm-hist,r1i1p1f1,gn,tas,2009,287.82,K,historical,emissions,pangeo,CMIP6
GISS-E2-1-G-CC,esm-hist,r1i1p1f1,gn,tas,2010,287.987,K,historical,emissions,pangeo,CMIP6
GISS-E2-1-G-CC,esm-hist,r1i1p1f1,gn,tas,2011,287.831,K,historical,emissions,pangeo,CMIP6
GISS-E2-1-G-CC,esm-hist,r1i1p1f1,gn,tas,2012,287.652,K,historical,emissions,pangeo,CMIP6
GISS-E2-1-G-CC,esm-hist,r1i1p1f1,gn,tas,2013,287.842,K,historical,emissions,pangeo,CMIP6
GISS-E2-1-G-CC,esm-hist,r1i1p1f1,gn,tas,2014,288.022,K,historical,emissions,pangeo,CMIP6
GISS-E2-1-G-CC,esm-ssp585,r1i1p1f1,gn,tas,2005,288.005,K,ssp585,emissions,pangeo,CMIP6
GISS-E2-1-G-CC,esm-ssp585,r1i1p1f1,gn,tas,2006,288.063,K,ssp585,emissions,pangeo,CMIP6
GISS-E2-1-G-CC,esm-ssp585,r1i1p1f1,gn,tas,2007,287.842,K,ssp585,emissions,pangeo,CMIP6
GISS-E2-1-G-CC,esm-ssp585,r1i1p1f1,gn,tas,2008,287.869,K,ssp585,emissions,pangeo,CMIP6
GISS-E2-1-G-CC,esm-ssp585,r1i1p1f1,gn,tas,2009,288.176,K,ssp585,emissions,pangeo,CMIP6
GISS-E2-1-G-CC,esm-ssp585,r1i1p1f1,gn,tas,2010,288.431,K,ssp585,emissions,pangeo,CMIP6
GISS-E2-1-G-CC,esm-ssp585,r1i1p1f1,gn,tas,2011,288.153,K,ssp585,emissions,pangeo,CMIP6
GISS-E2-1-G-CC,esm-ssp585,r1i1p1f1,gn,tas,2012,288.094,K,ssp585,emissions,pangeo,CMIP6
GISS-E2-1-G-CC,esm-ssp585,r1i1p1f1,gn,tas,2013,288.287,K,ssp585,emissions,pangeo,CMIP6
GISS-E2-1-G-CC,esm-ssp585,r1i1p1f1,gn,tas,2014,288.357,K,ssp585,emissions,pangeo,CMIP6
GISS-E2-1-G-CC,esm-ssp585,r1i1p1f1,gn,tas,2015,288.153,K,ssp585,emissions,pangeo,CMIP6
GISS-E2-1-G-CC,esm-ssp585,r1i1p1f1,gn,tas,2016,288.128,K,ssp585,emissions,pangeo,CMIP6
GISS-E2-1-G-CC,esm-ssp585,r1i1p1f1,gn,tas,2017,288.221,K,ssp585,emissions,pangeo,CMIP6
GISS-E2-1-G-CC,esm-ssp585,r1i1p1f1,gn,tas,2018,288.538,K,ssp585,emissions,pangeo,CMIP6
GISS-E2-1-G-CC,esm-ssp585,r1i1p1f1,gn,tas,2019,288.495,K,ssp585,emissions,pangeo,CMIP6
GISS-E2-1-G-CC,esm-ssp585,r1i1p1f1,gn,tas,2020,288.441,K,ssp585,emissions,pangeo,CMIP6
GISS-E2-1-G-CC,esm-ssp585,r1i1p1f1,gn,tas,2021,288.575,K,ssp585,emissions,pangeo,CMIP6
GISS-E2-1-G-CC,esm-ssp585,r1i1p1f1,gn,tas,2022,288.705,K,ssp585,emissions,pangeo,CMIP6
GISS-E2-1-G-CC,esm-ssp585,r1i1p1f1,gn,tas,2023,288.512,K,ssp585,emissions,pangeo,CMIP6
GISS-E2-1-G-CC,esm-ssp585,r1i1p1f1,gn,tas,2024,288.375,K,ssp585,emissions,pangeo,CMIP6
GISS-E2-1-G-CC,esm-ssp585,r1i1p1f1,gn,tas,2025,288.564,K,ssp585,emissions,pangeo,CMIP6
GISS-E2-1-G-CC,esm-ssp585,r1i1p1f1,gn,tas,2026,288.953,K,ssp585,emissions,pangeo,CMIP6
GISS-E2-1-G-CC,esm-ssp585,r1i1p1f1,gn,tas,2027,289.098,K,ssp585,emissions,pangeo,CMIP6
GISS-E2-1-G-CC,esm-ssp585,r1i1p1f1,gn,tas,2028,288.94,K,ssp585,emissions,pangeo,CMIP6
GISS-E2-1-G-CC,esm-ssp585,r1i1p1f1,gn,tas,2029,288.788,K,ssp585,emissions,pangeo,CMIP6
GISS-E2-1-G-CC,esm-ssp585,r1i1p1f1,gn,tas,2030,288.758,K,ssp585,emissions,pangeo,CMIP6
GISS-E2-1-G-CC,esm-ssp585,r1i1p1f1,gn,tas,2031,289.039,K,ssp585,emissions,pangeo,CMIP6
GISS-E2-1-G-CC,esm-ssp585,r1i1p1f1,gn,tas,2032,289.185,K,ssp585,emissions,pangeo,CMIP6
GISS-E2-1-G-CC,esm-ssp585,r1i1p1f1,gn,tas,2033,289.089,K,ssp585,emissions,pangeo,CMIP6
GISS-E2-1-G-CC,esm-ssp585,r1i1p1f1,gn,tas,2034,289.212,K,ssp585,emissions,pangeo,CMIP6
GISS-E2-1-G-CC,esm-ssp585,r1i1p1f1,gn,tas,2035,288.979,K,ssp585,emissions,pangeo,CMIP6
GISS-E2-1-G-CC,esm-ssp585,r1i1p1f1,gn,tas,2036,289.233,K,ssp585,emissions,pangeo,CMIP6
GISS-E2-1-G-CC,esm-ssp585,r1i1p1f1,gn,tas,2037,289.399,K,ssp585,emissions,pangeo,CMIP6
GISS-E2-1-G-CC,esm-ssp585,r1i1p1f1,gn,tas,2038,289.313,K,ssp585,emissions,pangeo,CMIP6
GISS-E2-1-G-CC,esm-ssp585,r1i1p1f1,gn,tas,2039,289.343,K,ssp585,emissions,pangeo,CMIP6
GISS-E2-1-G-CC,esm-ssp585,r1i1p1f1,gn,tas,2040,289.514,K,ssp585,emissions,pangeo,CMIP6
GISS-E2-1-G-CC,esm-ssp585,r1i1p1f1,gn,tas,2041,289.31,K,ssp585,emissions,pangeo,CMIP6
GISS-E2-1-G-CC,esm-ssp585,r1i1p1f1,gn,tas,2042,289.371,K,ssp585,emissions,pangeo,CMIP6
GISS-E2-1-G-CC,esm-ssp585,r1i1p1f1,gn,tas,2043,289.665,K,ssp585,emissions,pangeo,CMIP6
GISS-E2-1-G-CC,esm-ssp585,r1i1p1f1,gn,tas,2044,289.598,K,ssp585,emissions,pangeo,CMIP6
GISS-E2-1-G-CC,esm-ssp585,r1i1p1f1,gn,tas,2045,289.386,K,ssp585,emissions,pangeo,CMIP6
GISS-E2-1-G-CC,esm-ssp585,r1i1p1f1,gn,tas,2046,289.39,K,ssp585,emissions,pangeo,CMIP6
GISS-E2-1-G-CC,esm-ssp585,r1i1p1f1,gn,tas,2047,289.641,K,ssp585,emissions,pangeo,CMIP6
GISS-E2-1-G-CC,esm-ssp585,r1i1p1f1,gn,tas,2048,289.844,K,ssp585,emissions,pangeo,CMIP6
GISS-E2-1-G-CC,esm-ssp585,r1i1p1f1,gn,tas,2049,289.732,K,ssp585,emissions,pangeo,CMIP6
GISS-E2-1-G-CC,esm-ssp585,r1i1p1f1,gn,tas,2050,289.637,K,ssp585,emissions,pangeo,CMIP6
GISS-E2-1-G-CC,esm-ssp585,r1i1p1f1,gn,tas,2051,289.867,K,ssp585,emissions,pangeo,CMIP6
GISS-E2-1-G-CC,esm-ssp585,r1i1p1f1,gn,tas,2052,290.024,K,ssp585,emissions,pangeo,CMIP6
GISS-E2-1-G-CC,esm-ssp585,r1i1p1f1,gn,tas,2053,289.976,K,ssp585,emissions,pangeo,CMIP6
GISS-E2-1-G-CC,esm-ssp585,r1i1p1f1,gn,tas,2054,289.809,K,ssp585,emissions,pangeo,CMIP6
GISS-E2-1-G-CC,esm-ssp585,r1i1p1f1,gn,tas,2055,289.821,K,ssp585,emissions,pangeo,CMIP6
GISS-E2-1-G-CC,esm-ssp585,r1i1p1f1,gn,tas,2056,290.058,K,ssp585,emissions,pangeo,CMIP6
GISS-E2-1-G-CC,esm-ssp585,r1i1p1f1,gn,tas,2057,290.223,K,ssp585,emissions,pangeo,CMIP6
GISS-E2-1-G-CC,esm-ssp585,r1i1p1f1,gn,tas,2058,290.056,K,ssp585,emissions,pangeo,CMIP6
GISS-E2-1-G-CC,esm-ssp585,r1i1p1f1,gn,tas,2059,289.901,K,ssp585,emissions,pangeo,CMIP6
GISS-E2-1-G-CC,esm-ssp585,r1i1p1f1,gn,tas,2060,290.049,K,ssp585,emissions,pangeo,CMIP6
GISS-E2-1-G-CC,esm-ssp585,r1i1p1f1,gn,tas,2061,290.252,K,ssp585,emissions,pangeo,CMIP6
GISS-E2-1-G-CC,esm-ssp585,r1i1p1f1,gn,tas,2062,290.245,K,ssp585,emissions,pangeo,CMIP6
GISS-E2-1-G-CC,esm-ssp585,r1i1p1f1,gn,tas,2063,290.327,K,ssp585,emissions,pangeo,CMIP6
GISS-E2-1-G-CC,esm-ssp585,r1i1p1f1,gn,tas,2064,290.353,K,ssp585,emissions,pangeo,CMIP6
GISS-E2-1-G-CC,esm-ssp585,r1i1p1f1,gn,tas,2065,290.299,K,ssp585,emissions,pangeo,CMIP6
GISS-E2-1-G-CC,esm-ssp585,r1i1p1f1,gn,tas,2066,290.44,K,ssp585,emissions,pangeo,CMIP6
GISS-E2-1-G-CC,esm-ssp585,r1i1p1f1,gn,tas,2067,290.314,K,ssp585,emissions,pangeo,CMIP6
GISS-E2-1-G-CC,esm-ssp585,r1i1p1f1,gn,tas,2068,290.621,K,ssp585,emissions,pangeo,CMIP6
GISS-E2-1-G-CC,esm-ssp585,r1i1p1f1,gn,tas,2069,290.347,K,ssp585,emissions,pangeo,CMIP6
GISS-E2-1-G-CC,esm-ssp585,r1i1p1f1,gn,tas,2070,290.589,K,ssp585,emissions,pangeo,CMIP6
GISS-E2-1-G-CC,esm-ssp585,r1i1p1f1,gn,tas,2071,290.731,K,ssp585,emissions,pangeo,CMIP6
GISS-E2-1-G-CC,esm-ssp585,r1i1p1f1,gn,tas,2072,290.516,K,ssp585,emissions,pangeo,CMIP6
GISS-E2-1-G-CC,esm-ssp585,r1i1p1f1,gn,tas,2073,290.615,K,ssp585,emissions,pangeo,CMIP6
GISS-E2-1-G-CC,esm-ssp585,r1i1p1f1,gn,tas,2074,290.735,K,ssp585,emissions,pangeo,CMIP6
GISS-E2-1-G-CC,esm-ssp585,r1i1p1f1,gn,tas,2075,290.746,K,ssp585,emissions,pangeo,CMIP6
GISS-E2-1-G-CC,esm-ssp585,r1i1p1f1,gn,tas,2076,291.005,K,ssp585,emissions,pangeo,CMIP6
GISS-E2-1-G-CC,esm-ssp585,r1i1p1f1,gn,tas,2077,291.002,K,ssp585,emissions,pangeo,CMIP6
GISS-E2-1-G-CC,esm-ssp585,r1i1p1f1,gn,tas,2078,290.801,K,ssp585,emissions,pangeo,CMIP6
GISS-E2-1-G-CC,esm-ssp585,r1i1p1f1,gn,tas,2079,291.06,K,ssp585,emissions,pangeo,CMIP6
GISS-E2-1-G-CC,esm-ssp585,r1i1p1f1,gn,tas,2080,291.259,K,ssp585,emissions,pangeo,CMIP6
GISS-E2-1-G-CC,esm-ssp585,r1i1p1f1,gn,tas,2081,291.205,K,ssp585,emissions,pangeo,CMIP6
GISS-E2-1-G-CC,esm-ssp585,r1i1p1f1,gn,tas,2082,291.264,K,ssp585,emissions,pangeo,CMIP6
GISS-E2-1-G-CC,esm-ssp585,r1i1p1f1,gn,tas,2083,291.072,K,ssp585,emissions,pangeo,CMIP6
GISS-E2-1-G-CC,esm-ssp585,r1i1p1f1,gn,tas,2084,291.155,K,ssp585,emissions,pangeo,CMIP6
GISS-E2-1-G-CC,esm-ssp585,r1i1p1f1,gn,tas,2085,291.466,K,ssp585,emissions,pangeo,CMIP6
GISS-E2-1-G-CC,esm-ssp585,r1i1p1f1,gn,tas,2086,291.337,K,ssp585,emissions,pangeo,CMIP6
GISS-E2-1-G-CC,esm-ssp585,r1i1p1f1,gn,tas,2087,291.136,K,ssp585,emissions,pangeo,CMIP6
GISS-E2-1-G-CC,esm-ssp585,r1i1p1f1,gn,tas,2088,291.313,K,ssp585,emissions,pangeo,CMIP6
GISS-E2-1-G-CC,esm-ssp585,r1i1p1f1,gn,tas,2089,291.632,K,ssp585,emissions,pangeo,CMIP6
GISS-E2-1-G-CC,esm-ssp585,r1i1p1f1,gn,tas,2090,291.663,K,ssp585,emissions,pangeo,CMIP6
GISS-E2-1-G-CC,esm-ssp585,r1i1p1f1,gn,tas,2091,291.671,K,ssp585,emissions,pangeo,CMIP6
GISS-E2-1-G-CC,esm-ssp585,r1i1p1f1,gn,tas,2092,291.528,K,ssp585,emissions,pangeo,CMIP6
GISS-E2-1-G-CC,esm-ssp585,r1i1p1f1,gn,tas,2093,291.567,K,ssp585,emissions,pangeo,CMIP6
GISS-E2-1-G-CC,esm-ssp585,r1i1p1f1,gn,tas,2094,291.745,K,ssp585,emissions,pangeo,CMIP6
GISS-E2-1-G-CC,esm-ssp585,r1i1p1f1,gn,tas,2095,291.877,K,ssp585,emissions,pangeo,CMIP6
GISS-E2-1-G-CC,esm-ssp585,r1i1p1f1,gn,tas,2096,291.806,K,ssp585,emissions,pangeo,CMIP6
GISS-E2-1-G-CC,esm-ssp585,r1i1p1f1,gn,tas,2097,291.89,K,ssp585,emissions,pangeo,CMIP6
GISS-E2-1-G-CC,esm-ssp585,r1i1p1f1,gn,tas,2098,291.897,K,ssp585,emissions,pangeo,CMIP6
GISS-E2-1-G-CC,esm-ssp585,r1i1p1f1,gn,tas,2099,291.906,K,ssp585,emissions,pangeo,CMIP6
GISS-E2-1-G-CC,esm-ssp585,r1i1p1f1,gn,tas,2100,292.011,K,ssp585,emissions,pangeo,CMIP6
MIROC-ES2L,esm-hist,r1i1p1f2,gn,tas,1850,288.085,K,historical,emissions,pangeo,CMIP6
MIROC-ES2L,esm-hist,r1i1p1f2,gn,tas,1851,288.152,K,historical,emissions,pangeo,CMIP6
MIROC-ES2L,esm-hist,r1i1p1f2,gn,tas,1852,288.029,K,historical,emissions,pangeo,CMIP6
MIROC-ES2L,esm-hist,r1i1p1f2,gn,tas,1853,288.012,K,historical,emissions,pangeo,CMIP6
MIROC-ES2L,esm-hist,r1i1p1f2,gn,tas,1854,288.018,K,historical,emissions,pangeo,CMIP6
MIROC-ES2L,esm-hist,r1i1p1f2,gn,tas,1855,288.127,K,historical,emissions,pangeo,CMIP6
MIROC-ES2L,esm-hist,r1i1p1f2,gn,tas,1856,288.13,K,historical,emissions,pangeo,CMIP6
MIROC-ES2L,esm-hist,r1i1p1f2,gn,tas,1857,288.03,K,historical,emissions,pangeo,CMIP6
MIROC-ES2L,esm-hist,r1i1p1f2,gn,tas,1858,288.097,K,historical,emissions,pangeo,CMIP6
MIROC-ES2L,esm-hist,r1i1p1f2,gn,tas,1859,288.239,K,historical,emissions,pangeo,CMIP6
MIROC-ES2L,esm-hist,r1i1p1f2,gn,tas,1860,288.304,K,historical,emissions,pangeo,CMIP6
MIROC-ES2L,esm-hist,r1i1p1f2,gn,tas,1861,288.165,K,historical,emissions,pangeo,CMIP6
MIROC-ES2L,esm-hist,r1i1p1f2,gn,tas,1862,288.111,K,historical,emissions,pangeo,CMIP6
MIROC-ES2L,esm-hist,r1i1p1f2,gn,tas,1863,288.19,K,historical,emissions,pangeo,CMIP6
MIROC-ES2L,esm-hist,r1i1p1f2,gn,tas,1864,288.276,K,historical,emissions,pangeo,CMIP6
MIROC-ES2L,esm-hist,r1i1p1f2,gn,tas,1865,288.227,K,historical,emissions,pangeo,CMIP6
MIROC-ES2L,esm-hist,r1i1p1f2,gn,tas,1866,288.198,K,historical,emissions,pangeo,CMIP6
MIROC-ES2L,esm-hist,r1i1p1f2,gn,tas,1867,288.164,K,historical,emissions,pangeo,CMIP6
MIROC-ES2L,esm-hist,r1i1p1f2,gn,tas,1868,288.238,K,historical,emissions,pangeo,CMIP6
MIROC-ES2L,esm-hist,r1i1p1f2,gn,tas,1869,288.138,K,historical,emissions,pangeo,CMIP6
MIROC-ES2L,esm-hist,r1i1p1f2,gn,tas,1870,288.203,K,historical,emissions,pangeo,CMIP6
MIROC-ES2L,esm-hist,r1i1p1f2,gn,tas,1871,288.227,K,historical,emissions,pangeo,CMIP6
MIROC-ES2L,esm-hist,r1i1p1f2,gn,tas,1872,288.156,K,historical,emissions,pangeo,CMIP6
MIROC-ES2L,esm-hist,r1i1p1f2,gn,tas,1873,288.097,K,historical,emissions,pangeo,CMIP6
MIROC-ES2L,esm-hist,r1i1p1f2,gn,tas,1874,288.148,K,historical,emissions,pangeo,CMIP6
MIROC-ES2L,esm-hist,r1i1p1f2,gn,tas,1875,288.308,K,historical,emissions,pangeo,CMIP6
MIROC-ES2L,esm-hist,r1i1p1f2,gn,tas,1876,288.324,K,historical,emissions,pangeo,CMIP6
MIROC-ES2L,esm-hist,r1i1p1f2,gn,tas,1877,288.027,K,historical,emissions,pangeo,CMIP6
MIROC-ES2L,esm-hist,r1i1p1f2,gn,tas,1878,288.006,K,historical,emissions,pangeo,CMIP6
MIROC-ES2L,esm-hist,r1i1p1f2,gn,tas,1879,288.263,K,historical,emissions,pangeo,CMIP6
MIROC-ES2L,esm-hist,r1i1p1f2,gn,tas,1880,288.35,K,historical,emissions,pangeo,CMIP6
MIROC-ES2L,esm-hist,r1i1p1f2,gn,tas,1881,288.068,K,historical,emissions,pangeo,CMIP6
MIROC-ES2L,esm-hist,r1i1p1f2,gn,tas,1882,288.147,K,historical,emissions,pangeo,CMIP6
MIROC-ES2L,esm-hist,r1i1p1f2,gn,tas,1883,288.146,K,historical,emissions,pangeo,CMIP6
MIROC-ES2L,esm-hist,r1i1p1f2,gn,tas,1884,288.012,K,historical,emissions,pangeo,CMIP6
MIROC-ES2L,esm-hist,r1i1p1f2,gn,tas,1885,287.981,K,historical,emissions,pangeo,CMIP6
MIROC-ES2L,esm-hist,r1i1p1f2,gn,tas,1886,288.114,K,historical,emissions,pangeo,CMIP6
MIROC-ES2L,esm-hist,r1i1p1f2,gn,tas,1887,288.074,K,historical,emissions,pangeo,CMIP6
MIROC-ES2L,esm-hist,r1i1p1f2,gn,tas,1888,288.093,K,historical,emissions,pangeo,CMIP6
MIROC-ES2L,esm-hist,r1i1p1f2,gn,tas,1889,288.168,K,historical,emissions,pangeo,CMIP6
MIROC-ES2L,esm-hist,r1i1p1f2,gn,tas,1890,288.304,K,historical,emissions,pangeo,CMIP6
MIROC-ES2L,esm-hist,r1i1p1f2,gn,tas,1891,288.146,K,historical,emissions,pangeo,CMIP6
MIROC-ES2L,esm-hist,r1i1p1f2,gn,tas,1892,288.036,K,historical,emissions,pangeo,CMIP6
MIROC-ES2L,esm-hist,r1i1p1f2,gn,tas,1893,288.105,K,historical,emissions,pangeo,CMIP6
MIROC-ES2L,esm-hist,r1i1p1f2,gn,tas,1894,288.063,K,historical,emissions,pangeo,CMIP6
MIROC-ES2L,esm-hist,r1i1p1f2,gn,tas,1895,288.197,K,historical,emissions,pangeo,CMIP6
MIROC-ES2L,esm-hist,r1i1p1f2,gn,tas,1896,288.311,K,historical,emissions,pangeo,CMIP6
MIROC-ES2L,esm-hist,r1i1p1f2,gn,tas,1897,288.245,K,historical,emissions,pangeo,CMIP6
MIROC-ES2L,esm-hist,r1i1p1f2,gn,tas,1898,288.457,K,historical,emissions,pangeo,CMIP6
MIROC-ES2L,esm-hist,r1i1p1f2,gn,tas,1899,288.308,K,historical,emissions,pangeo,CMIP6
MIROC-ES2L,esm-hist,r1i1p1f2,gn,tas,1900,288.164,K,historical,emissions,pangeo,CMIP6
MIROC-ES2L,esm-hist,r1i1p1f2,gn,tas,1901,288.207,K,historical,emissions,pangeo,CMIP6
MIROC-ES2L,esm-hist,r1i1p1f2,gn,tas,1902,288.273,K,historical,emissions,pangeo,CMIP6
MIROC-ES2L,esm-hist,r1i1p1f2,gn,tas,1903,288.048,K,historical,emissions,pangeo,CMIP6
MIROC-ES2L,esm-hist,r1i1p1f2,gn,tas,1904,288.052,K,historical,emissions,pangeo,CMIP6
MIROC-ES2L,esm-hist,r1i1p1f2,gn,tas,1905,288.148,K,historical,emissions,pangeo,CMIP6
MIROC-ES2L,esm-hist,r1i1p1f2,gn,tas,1906,288.279,K,historical,emissions,pangeo,CMIP6
MIROC-ES2L,esm-hist,r1i1p1f2,gn,tas,1907,288.412,K,historical,emissions,pangeo,CMIP6
MIROC-ES2L,esm-hist,r1i1p1f2,gn,tas,1908,288.423,K,historical,emissions,pangeo,CMIP6
MIROC-ES2L,esm-hist,r1i1p1f2,gn,tas,1909,288.061,K,historical,emissions,pangeo,CMIP6
MIROC-ES2L,esm-hist,r1i1p1f2,gn,tas,1910,288.075,K,historical,emissions,pangeo,CMIP6
MIROC-ES2L,esm-hist,r1i1p1f2,gn,tas,1911,288.126,K,historical,emissions,pangeo,CMIP6
MIROC-ES2L,esm-hist,r1i1p1f2,gn,tas,1912,288.13,K,historical,emissions,pangeo,CMIP6
MIROC-ES2L,esm-hist,r1i1p1f2,gn,tas,1913,288.12,K,historical,emissions,pangeo,CMIP6
MIROC-ES2L,esm-hist,r1i1p1f2,gn,tas,1914,288.111,K,historical,emissions,pangeo,CMIP6
MIROC-ES2L,esm-hist,r1i1p1f2,gn,tas,1915,288.18,K,historical,emissions,pangeo,CMIP6
MIROC-ES2L,esm-hist,r1i1p1f2,gn,tas,1916,288.238,K,historical,emissions,pangeo,CMIP6
MIROC-ES2L,esm-hist,r1i1p1f2,gn,tas,1917,288.355,K,historical,emissions,pangeo,CMIP6
MIROC-ES2L,esm-hist,r1i1p1f2,gn,tas,1918,288.364,K,historical,emissions,pangeo,CMIP6
MIROC-ES2L,esm-hist,r1i1p1f2,gn,tas,1919,288.224,K,historical,emissions,pangeo,CMIP6
MIROC-ES2L,esm-hist,r1i1p1f2,gn,tas,1920,288.172,K,historical,emissions,pangeo,CMIP6
MIROC-ES2L,esm-hist,r1i1p1f2,gn,tas,1921,288.23,K,historical,emissions,pangeo,CMIP6
MIROC-ES2L,esm-hist,r1i1p1f2,gn,tas,1922,288.238,K,historical,emissions,pangeo,CMIP6
MIROC-ES2L,esm-hist,r1i1p1f2,gn,tas,1923,288.422,K,historical,emissions,pangeo,CMIP6
MIROC-ES2L,esm-hist,r1i1p1f2,gn,tas,1924,288.268,K,historical,emissions,pangeo,CMIP6
MIROC-ES2L,esm-hist,r1i1p1f2,gn,tas,1925,288.09,K,historical,emissions,pangeo,CMIP6
MIROC-ES2L,esm-hist,r1i1p1f2,gn,tas,1926,288.156,K,historical,emissions,pangeo,CMIP6
MIROC-ES2L,esm-hist,r1i1p1f2,gn,tas,1927,288.219,K,historical,emissions,pangeo,CMIP6
MIROC-ES2L,esm-hist,r1i1p1f2,gn,tas,1928,288.295,K,historical,emissions,pangeo,CMIP6
MIROC-ES2L,esm-hist,r1i1p1f2,gn,tas,1929,287.988,K,historical,emissions,pangeo,CMIP6
MIROC-ES2L,esm-hist,r1i1p1f2,gn,tas,1930,288.125,K,historical,emissions,pangeo,CMIP6
MIROC-ES2L,esm-hist,r1i1p1f2,gn,tas,1931,288.239,K,historical,emissions,pangeo,CMIP6
MIROC-ES2L,esm-hist,r1i1p1f2,gn,tas,1932,288.427,K,historical,emissions,pangeo,CMIP6
MIROC-ES2L,esm-hist,r1i1p1f2,gn,tas,1933,288.361,K,historical,emissions,pangeo,CMIP6
MIROC-ES2L,esm-hist,r1i1p1f2,gn,tas,1934,288.357,K,historical,emissions,pangeo,CMIP6
MIROC-ES2L,esm-hist,r1i1p1f2,gn,tas,1935,288.246,K,historical,emissions,pangeo,CMIP6
MIROC-ES2L,esm-hist,r1i1p1f2,gn,tas,1936,288.237,K,historical,emissions,pangeo,CMIP6
MIROC-ES2L,esm-hist,r1i1p1f2,gn,tas,1937,288.317,K,historical,emissions,pangeo,CMIP6
MIROC-ES2L,esm-hist,r1i1p1f2,gn,tas,1938,288.312,K,historical,emissions,pangeo,CMIP6
MIROC-ES2L,esm-hist,r1i1p1f2,gn,tas,1939,288.208,K,historical,emissions,pangeo,CMIP6
MIROC-ES2L,esm-hist,r1i1p1f2,gn,tas,1940,288.279,K,historical,emissions,pangeo,CMIP6
MIROC-ES2L,esm-hist,r1i1p1f2,gn,tas,1941,288.432,K,historical,emissions,pangeo,CMIP6
MIROC-ES2L,esm-hist,r1i1p1f2,gn,tas,1942,288.481,K,historical,emissions,pangeo,CMIP6
MIROC-ES2L,esm-hist,r1i1p1f2,gn,tas,1943,288.262,K,historical,emissions,pangeo,CMIP6
MIROC-ES2L,esm-hist,r1i1p1f2,gn,tas,1944,288.05,K,historical,emissions,pangeo,CMIP6
MIROC-ES2L,esm-hist,r1i1p1f2,gn,tas,1945,288.218,K,historical,emissions,pangeo,CMIP6
MIROC-ES2L,esm-hist,r1i1p1f2,gn,tas,1946,288.239,K,historical,emissions,pangeo,CMIP6
MIROC-ES2L,esm-hist,r1i1p1f2,gn,tas,1947,288.162,K,historical,emissions,pangeo,CMIP6
MIROC-ES2L,esm-hist,r1i1p1f2,gn,tas,1948,288.345,K,historical,emissions,pangeo,CMIP6
MIROC-ES2L,esm-hist,r1i1p1f2,gn,tas,1949,288.434,K,historical,emissions,pangeo,CMIP6
MIROC-ES2L,esm-hist,r1i1p1f2,gn,tas,1950,288.303,K,historical,emissions,pangeo,CMIP6
MIROC-ES2L,esm-hist,r1i1p1f2,gn,tas,1951,288.209,K,historical,emissions,pangeo,CMIP6
MIROC-ES2L,esm-hist,r1i1p1f2,gn,tas,1952,288.358,K,historical,emissions,pangeo,CMIP6
MIROC-ES2L,esm-hist,r1i1p1f2,gn,tas,1953,288.529,K,historical,emissions,pangeo,CMIP6
MIROC-ES2L,esm-hist,r1i1p1f2,gn,tas,1954,288.22,K,historical,emissions,pangeo,CMIP6
MIROC-ES2L,esm-hist,r1i1p1f2,gn,tas,1955,288.136,K,historical,emissions,pangeo,CMIP6
MIROC-ES2L,esm-hist,r1i1p1f2,gn,tas,1956,288.293,K,historical,emissions,pangeo,CMIP6
MIROC-ES2L,esm-hist,r1i1p1f2,gn,tas,1957,288.497,K,historical,emissions,pangeo,CMIP6
MIROC-ES2L,esm-hist,r1i1p1f2,gn,tas,1958,288.586,K,historical,emissions,pangeo,CMIP6
MIROC-ES2L,esm-hist,r1i1p1f2,gn,tas,1959,288.229,K,historical,emissions,pangeo,CMIP6
MIROC-ES2L,esm-hist,r1i1p1f2,gn,tas,1960,288.304,K,historical,emissions,pangeo,CMIP6
MIROC-ES2L,esm-hist,r1i1p1f2,gn,tas,1961,288.536,K,historical,emissions,pangeo,CMIP6
MIROC-ES2L,esm-hist,r1i1p1f2,gn,tas,1962,288.647,K,historical,emissions,pangeo,CMIP6
MIROC-ES2L,esm-hist,r1i1p1f2,gn,tas,1963,288.243,K,historical,emissions,pangeo,CMIP6
MIROC-ES2L,esm-hist,r1i1p1f2,gn,tas,1964,287.93,K,historical,emissions,pangeo,CMIP6
MIROC-ES2L,esm-hist,r1i1p1f2,gn,tas,1965,288.046,K,historical,emissions,pangeo,CMIP6
MIROC-ES2L,esm-hist,r1i1p1f2,gn,tas,1966,288.247,K,historical,emissions,pangeo,CMIP6
MIROC-ES2L,esm-hist,r1i1p1f2,gn,tas,1967,288.369,K,historical,emissions,pangeo,CMIP6
MIROC-ES2L,esm-hist,r1i1p1f2,gn,tas,1968,288.256,K,historical,emissions,pangeo,CMIP6
MIROC-ES2L,esm-hist,r1i1p1f2,gn,tas,1969,288.228,K,historical,emissions,pangeo,CMIP6
MIROC-ES2L,esm-hist,r1i1p1f2,gn,tas,1970,288.307,K,historical,emissions,pangeo,CMIP6
MIROC-ES2L,esm-hist,r1i1p1f2,gn,tas,1971,288.48,K,historical,emissions,pangeo,CMIP6
MIROC-ES2L,esm-hist,r1i1p1f2,gn,tas,1972,288.585,K,historical,emissions,pangeo,CMIP6
MIROC-ES2L,esm-hist,r1i1p1f2,gn,tas,1973,288.364,K,historical,emissions,pangeo,CMIP6
MIROC-ES2L,esm-hist,r1i1p1f2,gn,tas,1974,288.122,K,historical,emissions,pangeo,CMIP6
MIROC-ES2L,esm-hist,r1i1p1f2,gn,tas,1975,288.214,K,historical,emissions,pangeo,CMIP6
MIROC-ES2L,esm-hist,r1i1p1f2,gn,tas,1976,288.252,K,historical,emissions,pangeo,CMIP6
MIROC-ES2L,esm-hist,r1i1p1f2,gn,tas,1977,288.391,K,historical,emissions,pangeo,CMIP6
MIROC-ES2L,esm-hist,r1i1p1f2,gn,tas,1978,288.358,K,historical,emissions,pangeo,CMIP6
MIROC-ES2L,esm-hist,r1i1p1f2,gn,tas,1979,288.332,K,historical,emissions,pangeo,CMIP6
MIROC-ES2L,esm-hist,r1i1p1f2,gn,tas,1980,288.428,K,historical,emissions,pangeo,CMIP6
MIROC-ES2L,esm-hist,r1i1p1f2,gn,tas,1981,288.53,K,historical,emissions,pangeo,CMIP6
MIROC-ES2L,esm-hist,r1i1p1f2,gn,tas,1982,288.39,K,historical,emissions,pangeo,CMIP6
MIROC-ES2L,esm-hist,r1i1p1f2,gn,tas,1983,288.285,K,historical,emissions,pangeo,CMIP6
MIROC-ES2L,esm-hist,r1i1p1f2,gn,tas,1984,288.401,K,historical,emissions,pangeo,CMIP6
MIROC-ES2L,esm-hist,r1i1p1f2,gn,tas,1985,288.467,K,historical,emissions,pangeo,CMIP6
MIROC-ES2L,esm-hist,r1i1p1f2,gn,tas,1986,288.511,K,historical,emissions,pangeo,CMIP6
MIROC-ES2L,esm-hist,r1i1p1f2,gn,tas,1987,288.483,K,historical,emissions,pangeo,CMIP6
MIROC-ES2L,esm-hist,r1i1p1f2,gn,tas,1988,288.306,K,historical,emissions,pangeo,CMIP6
MIROC-ES2L,esm-hist,r1i1p1f2,gn,tas,1989,288.35,K,historical,emissions,pangeo,CMIP6
MIROC-ES2L,esm-hist,r1i1p1f2,gn,tas,1990,288.526,K,historical,emissions,pangeo,CMIP6
MIROC-ES2L,esm-hist,r1i1p1f2,gn,tas,1991,288.684,K,historical,emissions,pangeo,CMIP6
MIROC-ES2L,esm-hist,r1i1p1f2,gn,tas,1992,288.421,K,historical,emissions,pangeo,CMIP6
MIROC-ES2L,esm-hist,r1i1p1f2,gn,tas,1993,288.291,K,historical,emissions,pangeo,CMIP6
MIROC-ES2L,esm-hist,r1i1p1f2,gn,tas,1994,288.189,K,historical,emissions,pangeo,CMIP6
MIROC-ES2L,esm-hist,r1i1p1f2,gn,tas,1995,288.266,K,historical,emissions,pangeo,CMIP6
MIROC-ES2L,esm-hist,r1i1p1f2,gn,tas,1996,288.445,K,historical,emissions,pangeo,CMIP6
MIROC-ES2L,esm-hist,r1i1p1f2,gn,tas,1997,288.666,K,historical,emissions,pangeo,CMIP6
MIROC-ES2L,esm-hist,r1i1p1f2,gn,tas,1998,288.586,K,historical,emissions,pangeo,CMIP6
MIROC-ES2L,esm-hist,r1i1p1f2,gn,tas,1999,288.599,K,historical,emissions,pangeo,CMIP6
MIROC-ES2L,esm-hist,r1i1p1f2,gn,tas,2000,288.624,K,historical,emissions,pangeo,CMIP6
MIROC-ES2L,esm-hist,r1i1p1f2,gn,tas,2001,288.707,K,historical,emissions,pangeo,CMIP6
MIROC-ES2L,esm-hist,r1i1p1f2,gn,tas,2002,288.775,K,historical,emissions,pangeo,CMIP6
MIROC-ES2L,esm-hist,r1i1p1f2,gn,tas,2003,288.907,K,historical,emissions,pangeo,CMIP6
MIROC-ES2L,esm-hist,r1i1p1f2,gn,tas,2004,288.835,K,historical,emissions,pangeo,CMIP6
MIROC-ES2L,esm-hist,r1i1p1f2,gn,tas,2005,288.783,K,historical,emissions,pangeo,CMIP6
MIROC-ES2L,esm-hist,r1i1p1f2,gn,tas,2006,288.797,K,historical,emissions,pangeo,CMIP6
MIROC-ES2L,esm-hist,r1i1p1f2,gn,tas,2007,288.87,K,historical,emissions,pangeo,CMIP6
MIROC-ES2L,esm-hist,r1i1p1f2,gn,tas,2008,288.853,K,historical,emissions,pangeo,CMIP6
MIROC-ES2L,esm-hist,r1i1p1f2,gn,tas,2009,288.602,K,historical,emissions,pangeo,CMIP6
MIROC-ES2L,esm-hist,r1i1p1f2,gn,tas,2010,288.667,K,historical,emissions,pangeo,CMIP6
MIROC-ES2L,esm-hist,r1i1p1f2,gn,tas,2011,288.928,K,historical,emissions,pangeo,CMIP6
MIROC-ES2L,esm-hist,r1i1p1f2,gn,tas,2012,289.022,K,historical,emissions,pangeo,CMIP6
MIROC-ES2L,esm-hist,r1i1p1f2,gn,tas,2013,288.727,K,historical,emissions,pangeo,CMIP6
MIROC-ES2L,esm-hist,r1i1p1f2,gn,tas,2014,288.674,K,historical,emissions,pangeo,CMIP6
MIROC-ES2L,esm-ssp585,r1i1p1f2,gn,tas,2015,288.96,K,ssp585,emissions,pangeo,CMIP6
MIROC-ES2L,esm-ssp585,r1i1p1f2,gn,tas,2016,289.118,K,ssp585,emissions,pangeo,CMIP6
MIROC-ES2L,esm-ssp585,r1i1p1f2,gn,tas,2017,289.252,K,ssp585,emissions,pangeo,CMIP6
MIROC-ES2L,esm-ssp585,r1i1p1f2,gn,tas,2018,288.988,K,ssp585,emissions,pangeo,CMIP6
MIROC-ES2L,esm-ssp585,r1i1p1f2,gn,tas,2019,288.831,K,ssp585,emissions,pangeo,CMIP6
MIROC-ES2L,esm-ssp585,r1i1p1f2,gn,tas,2020,288.898,K,ssp585,emissions,pangeo,CMIP6
MIROC-ES2L,esm-ssp585,r1i1p1f2,gn,tas,2021,289.141,K,ssp585,emissions,pangeo,CMIP6
MIROC-ES2L,esm-ssp585,r1i1p1f2,gn,tas,2022,289.356,K,ssp585,emissions,pangeo,CMIP6
MIROC-ES2L,esm-ssp585,r1i1p1f2,gn,tas,2023,289.108,K,ssp585,emissions,pangeo,CMIP6
MIROC-ES2L,esm-ssp585,r1i1p1f2,gn,tas,2024,289.024,K,ssp585,emissions,pangeo,CMIP6
MIROC-ES2L,esm-ssp585,r1i1p1f2,gn,tas,2025,289.266,K,ssp585,emissions,pangeo,CMIP6
MIROC-ES2L,esm-ssp585,r1i1p1f2,gn,tas,2026,289.521,K,ssp585,emissions,pangeo,CMIP6
MIROC-ES2L,esm-ssp585,r1i1p1f2,gn,tas,2027,289.483,K,ssp585,emissions,pangeo,CMIP6
MIROC-ES2L,esm-ssp585,r1i1p1f2,gn,tas,2028,289.198,K,ssp585,emissions,pangeo,CMIP6
MIROC-ES2L,esm-ssp585,r1i1p1f2,gn,tas,2029,289.199,K,ssp585,emissions,pangeo,CMIP6
MIROC-ES2L,esm-ssp585,r1i1p1f2,gn,tas,2030,289.44,K,ssp585,emissions,pangeo,CMIP6
MIROC-ES2L,esm-ssp585,r1i1p1f2,gn,tas,2031,289.4,K,ssp585,emissions,pangeo,CMIP6
MIROC-ES2L,esm-ssp585,r1i1p1f2,gn,tas,2032,289.303,K,ssp585,emissions,pangeo,CMIP6
MIROC-ES2L,esm-ssp585,r1i1p1f2,gn,tas,2033,289.528,K,ssp585,emissions,pangeo,CMIP6
MIROC-ES2L,esm-ssp585,r1i1p1f2,gn,tas,2034,289.767,K,ssp585,emissions,pangeo,CMIP6
MIROC-ES2L,esm-ssp585,r1i1p1f2,gn,tas,2035,289.62,K,ssp585,emissions,pangeo,CMIP6
MIROC-ES2L,esm-ssp585,r1i1p1f2,gn,tas,2036,289.423,K,ssp585,emissions,pangeo,CMIP6
MIROC-ES2L,esm-ssp585,r1i1p1f2,gn,tas,2037,289.402,K,ssp585,emissions,pangeo,CMIP6
MIROC-ES2L,esm-ssp585,r1i1p1f2,gn,tas,2038,289.638,K,ssp585,emissions,pangeo,CMIP6
MIROC-ES2L,esm-ssp585,r1i1p1f2,gn,tas,2039,290.015,K,ssp585,emissions,pangeo,CMIP6
MIROC-ES2L,esm-ssp585,r1i1p1f2,gn,tas,2040,289.697,K,ssp585,emissions,pangeo,CMIP6
MIROC-ES2L,esm-ssp585,r1i1p1f2,gn,tas,2041,289.487,K,ssp585,emissions,pangeo,CMIP6
MIROC-ES2L,esm-ssp585,r1i1p1f2,gn,tas,2042,289.712,K,ssp585,emissions,pangeo,CMIP6
MIROC-ES2L,esm-ssp585,r1i1p1f2,gn,tas,2043,289.999,K,ssp585,emissions,pangeo,CMIP6
MIROC-ES2L,esm-ssp585,r1i1p1f2,gn,tas,2044,289.842,K,ssp585,emissions,pangeo,CMIP6
MIROC-ES2L,esm-ssp585,r1i1p1f2,gn,tas,2045,289.845,K,ssp585,emissions,pangeo,CMIP6
MIROC-ES2L,esm-ssp585,r1i1p1f2,gn,tas,2046,289.974,K,ssp585,emissions,pangeo,CMIP6
MIROC-ES2L,esm-ssp585,r1i1p1f2,gn,tas,2047,290.37,K,ssp585,emissions,pangeo,CMIP6
MIROC-ES2L,esm-ssp585,r1i1p1f2,gn,tas,2048,290.05,K,ssp585,emissions,pangeo,CMIP6
MIROC-ES2L,esm-ssp585,r1i1p1f2,gn,tas,2049,289.988,K,ssp585,emissions,pangeo,CMIP6
MIROC-ES2L,esm-ssp585,r1i1p1f2,gn,tas,2050,290.192,K,ssp585,emissions,pangeo,CMIP6
MIROC-ES2L,esm-ssp585,r1i1p1f2,gn,tas,2051,290.43,K,ssp585,emissions,pangeo,CMIP6
MIROC-ES2L,esm-ssp585,r1i1p1f2,gn,tas,2052,290.131,K,ssp585,emissions,pangeo,CMIP6
MIROC-ES2L,esm-ssp585,r1i1p1f2,gn,tas,2053,289.99,K,ssp585,emissions,pangeo,CMIP6
MIROC-ES2L,esm-ssp585,r1i1p1f2,gn,tas,2054,290.133,K,ssp585,emissions,pangeo,CMIP6
MIROC-ES2L,esm-ssp585,r1i1p1f2,gn,tas,2055,290.517,K,ssp585,emissions,pangeo,CMIP6
MIROC-ES2L,esm-ssp585,r1i1p1f2,gn,tas,2056,290.59,K,ssp585,emissions,pangeo,CMIP6
MIROC-ES2L,esm-ssp585,r1i1p1f2,gn,tas,2057,290.324,K,ssp585,emissions,pangeo,CMIP6
MIROC-ES2L,esm-ssp585,r1i1p1f2,gn,tas,2058,290.335,K,ssp585,emissions,pangeo,CMIP6
MIROC-ES2L,esm-ssp585,r1i1p1f2,gn,tas,2059,290.521,K,ssp585,emissions,pangeo,CMIP6
MIROC-ES2L,esm-ssp585,r1i1p1f2,gn,tas,2060,290.786,K,ssp585,emissions,pangeo,CMIP6
MIROC-ES2L,esm-ssp585,r1i1p1f2,gn,tas,2061,290.755,K,ssp585,emissions,pangeo,CMIP6
MIROC-ES2L,esm-ssp585,r1i1p1f2,gn,tas,2062,290.441,K,ssp585,emissions,pangeo,CMIP6
MIROC-ES2L,esm-ssp585,r1i1p1f2,gn,tas,2063,290.417,K,ssp585,emissions,pangeo,CMIP6
MIROC-ES2L,esm-ssp585,r1i1p1f2,gn,tas,2064,290.703,K,ssp585,emissions,pangeo,CMIP6
MIROC-ES2L,esm-ssp585,r1i1p1f2,gn,tas,2065,290.896,K,ssp585,emissions,pangeo,CMIP6
MIROC-ES2L,esm-ssp585,r1i1p1f2,gn,tas,2066,290.68,K,ssp585,emissions,pangeo,CMIP6
MIROC-ES2L,esm-ssp585,r1i1p1f2,gn,tas,2067,290.675,K,ssp585,emissions,pangeo,CMIP6
MIROC-ES2L,esm-ssp585,r1i1p1f2,gn,tas,2068,290.928,K,ssp585,emissions,pangeo,CMIP6
MIROC-ES2L,esm-ssp585,r1i1p1f2,gn,tas,2069,291.134,K,ssp585,emissions,pangeo,CMIP6
MIROC-ES2L,esm-ssp585,r1i1p1f2,gn,tas,2070,290.816,K,ssp585,emissions,pangeo,CMIP6
MIROC-ES2L,esm-ssp585,r1i1p1f2,gn,tas,2071,290.707,K,ssp585,emissions,pangeo,CMIP6
MIROC-ES2L,esm-ssp585,r1i1p1f2,gn,tas,2072,290.958,K,ssp585,emissions,pangeo,CMIP6
MIROC-ES2L,esm-ssp585,r1i1p1f2,gn,tas,2073,291.258,K,ssp585,emissions,pangeo,CMIP6
MIROC-ES2L,esm-ssp585,r1i1p1f2,gn,tas,2074,291.31,K,ssp585,emissions,pangeo,CMIP6
MIROC-ES2L,esm-ssp585,r1i1p1f2,gn,tas,2075,290.86,K,ssp585,emissions,pangeo,CMIP6
MIROC-ES2L,esm-ssp585,r1i1p1f2,gn,tas,2076,290.77,K,ssp585,emissions,pangeo,CMIP6
MIROC-ES2L,esm-ssp585,r1i1p1f2,gn,tas,2077,291.275,K,ssp585,emissions,pangeo,CMIP6
MIROC-ES2L,esm-ssp585,r1i1p1f2,gn,tas,2078,291.545,K,ssp585,emissions,pangeo,CMIP6
MIROC-ES2L,esm-ssp585,r1i1p1f2,gn,tas,2079,291.238,K,ssp585,emissions,pangeo,CMIP6
MIROC-ES2L,esm-ssp585,r1i1p1f2,gn,tas,2080,291.186,K,ssp585,emissions,pangeo,CMIP6
MIROC-ES2L,esm-ssp585,r1i1p1f2,gn,tas,2081,291.39,K,ssp585,emissions,pangeo,CMIP6
MIROC-ES2L,esm-ssp585,r1i1p1f2,gn,tas,2082,291.741,K,ssp585,emissions,pangeo,CMIP6
MIROC-ES2L,esm-ssp585,r1i1p1f2,gn,tas,2083,291.513,K,ssp585,emissions,pangeo,CMIP6
MIROC-ES2L,esm-ssp585,r1i1p1f2,gn,tas,2084,291.408,K,ssp585,emissions,pangeo,CMIP6
MIROC-ES2L,esm-ssp585,r1i1p1f2,gn,tas,2085,291.568,K,ssp585,emissions,pangeo,CMIP6
MIROC-ES2L,esm-ssp585,r1i1p1f2,gn,tas,2086,291.823,K,ssp585,emissions,pangeo,CMIP6
MIROC-ES2L,esm-ssp585,r1i1p1f2,gn,tas,2087,291.975,K,ssp585,emissions,pangeo,CMIP6
MIROC-ES2L,esm-ssp585,r1i1p1f2,gn,tas,2088,291.629,K,ssp585,emissions,pangeo,CMIP6
MIROC-ES2L,esm-ssp585,r1i1p1f2,gn,tas,2089,291.64,K,ssp585,emissions,pangeo,CMIP6
MIROC-ES2L,esm-ssp585,r1i1p1f2,gn,tas,2090,291.808,K,ssp585,emissions,pangeo,CMIP6
MIROC-ES2L,esm-ssp585,r1i1p1f2,gn,tas,2091,292.094,K,ssp585,emissions,pangeo,CMIP6
MIROC-ES2L,esm-ssp585,r1i1p1f2,gn,tas,2092,291.802,K,ssp585,emissions,pangeo,CMIP6
MIROC-ES2L,esm-ssp585,r1i1p1f2,gn,tas,2093,291.792,K,ssp585,emissions,pangeo,CMIP6
MIROC-ES2L,esm-ssp585,r1i1p1f2,gn,tas,2094,291.931,K,ssp585,emissions,pangeo,CMIP6
MIROC-ES2L,esm-ssp585,r1i1p1f2,gn,tas,2095,292.274,K,ssp585,emissions,pangeo,CMIP6
MIROC-ES2L,esm-ssp585,r1i1p1f2,gn,tas,2096,292.231,K,ssp585,emissions,pangeo,CMIP6
MIROC-ES2L,esm-ssp585,r1i1p1f2,gn,tas,2097,291.993,K,ssp585,emissions,pangeo,CMIP6
MIROC-ES2L,esm-ssp585,r1i1p1f2,gn,tas,2098,292.032,K,ssp585,emissions,pangeo,CMIP6
MIROC-ES2L,esm-ssp585,r1i1p1f2,gn,tas,2099,292.267,K,ssp585,emissions,pangeo,CMIP6
MIROC-ES2L,esm-ssp585,r1i1p1f2,gn,tas,2100,292.328,K,ssp585,emissions,pangeo,CMIP6
MPI-ESM1-2-LR,esm-hist,r1i1p1f1,gn,tas,1850,279.213,K,historical,emissions,pangeo,CMIP6
MPI-ESM1-2-LR,esm-hist,r1i1p1f1,gn,tas,1851,279.223,K,historical,emissions,pangeo,CMIP6
MPI-ESM1-2-LR,esm-hist,r1i1p1f1,gn,tas,1852,279.193,K,historical,emissions,pangeo,CMIP6
MPI-ESM1-2-LR,esm-hist,r1i1p1f1,gn,tas,1853,279.341,K,historical,emissions,pangeo,CMIP6
MPI-ESM1-2-LR,esm-hist,r1i1p1f1,gn,tas,1854,279.185,K,historical,emissions,pangeo,CMIP6
MPI-ESM1-2-LR,esm-hist,r1i1p1f1,gn,tas,1855,279.274,K,historical,emissions,pangeo,CMIP6
MPI-ESM1-2-LR,esm-hist,r1i1p1f1,gn,tas,1856,279.359,K,historical,emissions,pangeo,CMIP6
MPI-ESM1-2-LR,esm-hist,r1i1p1f1,gn,tas,1857,279.3,K,historical,emissions,pangeo,CMIP6
MPI-ESM1-2-LR,esm-hist,r1i1p1f1,gn,tas,1858,279.172,K,historical,emissions,pangeo,CMIP6
MPI-ESM1-2-LR,esm-hist,r1i1p1f1,gn,tas,1859,279.249,K,historical,emissions,pangeo,CMIP6
MPI-ESM1-2-LR,esm-hist,r1i1p1f1,gn,tas,1860,279.122,K,historical,emissions,pangeo,CMIP6
MPI-ESM1-2-LR,esm-hist,r1i1p1f1,gn,tas,1861,279.239,K,historical,emissions,pangeo,CMIP6
MPI-ESM1-2-LR,esm-hist,r1i1p1f1,gn,tas,1862,279.122,K,historical,emissions,pangeo,CMIP6
MPI-ESM1-2-LR,esm-hist,r1i1p1f1,gn,tas,1863,279.307,K,historical,emissions,pangeo,CMIP6
MPI-ESM1-2-LR,esm-hist,r1i1p1f1,gn,tas,1864,279.283,K,historical,emissions,pangeo,CMIP6
MPI-ESM1-2-LR,esm-hist,r1i1p1f1,gn,tas,1865,279.187,K,historical,emissions,pangeo,CMIP6
MPI-ESM1-2-LR,esm-hist,r1i1p1f1,gn,tas,1866,279.279,K,historical,emissions,pangeo,CMIP6
MPI-ESM1-2-LR,esm-hist,r1i1p1f1,gn,tas,1867,279.33,K,historical,emissions,pangeo,CMIP6
MPI-ESM1-2-LR,esm-hist,r1i1p1f1,gn,tas,1868,279.203,K,historical,emissions,pangeo,CMIP6
MPI-ESM1-2-LR,esm-hist,r1i1p1f1,gn,tas,1869,279.251,K,historical,emissions,pangeo,CMIP6
MPI-ESM1-2-LR,esm-hist,r1i1p1f1,gn,tas,1870,279.317,K,historical,emissions,pangeo,CMIP6
MPI-ESM1-2-LR,esm-hist,r1i1p1f1,gn,tas,1871,279.345,K,historical,emissions,pangeo,CMIP6
MPI-ESM1-2-LR,esm-hist,r1i1p1f1,gn,tas,1872,279.127,K,historical,emissions,pangeo,CMIP6
MPI-ESM1-2-LR,esm-hist,r1i1p1f1,gn,tas,1873,279.26,K,historical,emissions,pangeo,CMIP6
MPI-ESM1-2-LR,esm-hist,r1i1p1f1,gn,tas,1874,279.379,K,historical,emissions,pangeo,CMIP6
MPI-ESM1-2-LR,esm-hist,r1i1p1f1,gn,tas,1875,279.437,K,historical,emissions,pangeo,CMIP6
MPI-ESM1-2-LR,esm-hist,r1i1p1f1,gn,tas,1876,279.462,K,historical,emissions,pangeo,CMIP6
MPI-ESM1-2-LR,esm-hist,r1i1p1f1,gn,tas,1877,279.43,K,historical,emissions,pangeo,CMIP6
MPI-ESM1-2-LR,esm-hist,r1i1p1f1,gn,tas,1878,279.579,K,historical,emissions,pangeo,CMIP6
MPI-ESM1-2-LR,esm-hist,r1i1p1f1,gn,tas,1879,279.542,K,historical,emissions,pangeo,CMIP6
MPI-ESM1-2-LR,esm-hist,r1i1p1f1,gn,tas,1880,279.614,K,historical,emissions,pangeo,CMIP6
MPI-ESM1-2-LR,esm-hist,r1i1p1f1,gn,tas,1881,279.594,K,historical,emissions,pangeo,CMIP6
MPI-ESM1-2-LR,esm-hist,r1i1p1f1,gn,tas,1882,279.428,K,historical,emissions,pangeo,CMIP6
MPI-ESM1-2-LR,esm-hist,r1i1p1f1,gn,tas,1883,279.537,K,historical,emissions,pangeo,CMIP6
MPI-ESM1-2-LR,esm-hist,r1i1p1f1,gn,tas,1884,279.229,K,historical,emissions,pangeo,CMIP6
MPI-ESM1-2-LR,esm-hist,r1i1p1f1,gn,tas,1885,279.297,K,historical,emissions,pangeo,CMIP6
MPI-ESM1-2-LR,esm-hist,r1i1p1f1,gn,tas,1886,279.308,K,historical,emissions,pangeo,CMIP6
MPI-ESM1-2-LR,esm-hist,r1i1p1f1,gn,tas,1887,279.251,K,historical,emissions,pangeo,CMIP6
MPI-ESM1-2-LR,esm-hist,r1i1p1f1,gn,tas,1888,279.299,K,historical,emissions,pangeo,CMIP6
MPI-ESM1-2-LR,esm-hist,r1i1p1f1,gn,tas,1889,279.276,K,historical,emissions,pangeo,CMIP6
MPI-ESM1-2-LR,esm-hist,r1i1p1f1,gn,tas,1890,279.3,K,historical,emissions,pangeo,CMIP6
MPI-ESM1-2-LR,esm-hist,r1i1p1f1,gn,tas,1891,279.109,K,historical,emissions,pangeo,CMIP6
MPI-ESM1-2-LR,esm-hist,r1i1p1f1,gn,tas,1892,279.243,K,historical,emissions,pangeo,CMIP6
MPI-ESM1-2-LR,esm-hist,r1i1p1f1,gn,tas,1893,279.277,K,historical,emissions,pangeo,CMIP6
MPI-ESM1-2-LR,esm-hist,r1i1p1f1,gn,tas,1894,279.285,K,historical,emissions,pangeo,CMIP6
MPI-ESM1-2-LR,esm-hist,r1i1p1f1,gn,tas,1895,279.307,K,historical,emissions,pangeo,CMIP6
MPI-ESM1-2-LR,esm-hist,r1i1p1f1,gn,tas,1896,279.305,K,historical,emissions,pangeo,CMIP6
MPI-ESM1-2-LR,esm-hist,r1i1p1f1,gn,tas,1897,279.293,K,historical,emissions,pangeo,CMIP6
MPI-ESM1-2-LR,esm-hist,r1i1p1f1,gn,tas,1898,279.389,K,historical,emissions,pangeo,CMIP6
MPI-ESM1-2-LR,esm-hist,r1i1p1f1,gn,tas,1899,279.299,K,historical,emissions,pangeo,CMIP6
MPI-ESM1-2-LR,esm-hist,r1i1p1f1,gn,tas,1900,279.204,K,historical,emissions,pangeo,CMIP6
MPI-ESM1-2-LR,esm-hist,r1i1p1f1,gn,tas,1901,279.237,K,historical,emissions,pangeo,CMIP6
MPI-ESM1-2-LR,esm-hist,r1i1p1f1,gn,tas,1902,279.295,K,historical,emissions,pangeo,CMIP6
MPI-ESM1-2-LR,esm-hist,r1i1p1f1,gn,tas,1903,279.081,K,historical,emissions,pangeo,CMIP6
MPI-ESM1-2-LR,esm-hist,r1i1p1f1,gn,tas,1904,279.125,K,historical,emissions,pangeo,CMIP6
MPI-ESM1-2-LR,esm-hist,r1i1p1f1,gn,tas,1905,279.277,K,historical,emissions,pangeo,CMIP6
MPI-ESM1-2-LR,esm-hist,r1i1p1f1,gn,tas,1906,279.345,K,historical,emissions,pangeo,CMIP6
MPI-ESM1-2-LR,esm-hist,r1i1p1f1,gn,tas,1907,279.212,K,historical,emissions,pangeo,CMIP6
MPI-ESM1-2-LR,esm-hist,r1i1p1f1,gn,tas,1908,279.237,K,historical,emissions,pangeo,CMIP6
MPI-ESM1-2-LR,esm-hist,r1i1p1f1,gn,tas,1909,279.163,K,historical,emissions,pangeo,CMIP6
MPI-ESM1-2-LR,esm-hist,r1i1p1f1,gn,tas,1910,279.397,K,historical,emissions,pangeo,CMIP6
MPI-ESM1-2-LR,esm-hist,r1i1p1f1,gn,tas,1911,279.339,K,historical,emissions,pangeo,CMIP6
MPI-ESM1-2-LR,esm-hist,r1i1p1f1,gn,tas,1912,279.284,K,historical,emissions,pangeo,CMIP6
MPI-ESM1-2-LR,esm-hist,r1i1p1f1,gn,tas,1913,279.329,K,historical,emissions,pangeo,CMIP6
MPI-ESM1-2-LR,esm-hist,r1i1p1f1,gn,tas,1914,279.33,K,historical,emissions,pangeo,CMIP6
MPI-ESM1-2-LR,esm-hist,r1i1p1f1,gn,tas,1915,279.382,K,historical,emissions,pangeo,CMIP6
MPI-ESM1-2-LR,esm-hist,r1i1p1f1,gn,tas,1916,279.497,K,historical,emissions,pangeo,CMIP6
MPI-ESM1-2-LR,esm-hist,r1i1p1f1,gn,tas,1917,279.524,K,historical,emissions,pangeo,CMIP6
MPI-ESM1-2-LR,esm-hist,r1i1p1f1,gn,tas,1918,279.447,K,historical,emissions,pangeo,CMIP6
MPI-ESM1-2-LR,esm-hist,r1i1p1f1,gn,tas,1919,279.514,K,historical,emissions,pangeo,CMIP6
MPI-ESM1-2-LR,esm-hist,r1i1p1f1,gn,tas,1920,279.393,K,historical,emissions,pangeo,CMIP6
MPI-ESM1-2-LR,esm-hist,r1i1p1f1,gn,tas,1921,279.503,K,historical,emissions,pangeo,CMIP6
MPI-ESM1-2-LR,esm-hist,r1i1p1f1,gn,tas,1922,279.422,K,historical,emissions,pangeo,CMIP6
MPI-ESM1-2-LR,esm-hist,r1i1p1f1,gn,tas,1923,279.442,K,historical,emissions,pangeo,CMIP6
MPI-ESM1-2-LR,esm-hist,r1i1p1f1,gn,tas,1924,279.488,K,historical,emissions,pangeo,CMIP6
MPI-ESM1-2-LR,esm-hist,r1i1p1f1,gn,tas,1925,279.371,K,historical,emissions,pangeo,CMIP6
MPI-ESM1-2-LR,esm-hist,r1i1p1f1,gn,tas,1926,279.418,K,historical,emissions,pangeo,CMIP6
MPI-ESM1-2-LR,esm-hist,r1i1p1f1,gn,tas,1927,279.384,K,historical,emissions,pangeo,CMIP6
MPI-ESM1-2-LR,esm-hist,r1i1p1f1,gn,tas,1928,279.538,K,historical,emissions,pangeo,CMIP6
MPI-ESM1-2-LR,esm-hist,r1i1p1f1,gn,tas,1929,279.568,K,historical,emissions,pangeo,CMIP6
MPI-ESM1-2-LR,esm-hist,r1i1p1f1,gn,tas,1930,279.604,K,historical,emissions,pangeo,CMIP6
MPI-ESM1-2-LR,esm-hist,r1i1p1f1,gn,tas,1931,279.563,K,historical,emissions,pangeo,CMIP6
MPI-ESM1-2-LR,esm-hist,r1i1p1f1,gn,tas,1932,279.527,K,historical,emissions,pangeo,CMIP6
MPI-ESM1-2-LR,esm-hist,r1i1p1f1,gn,tas,1933,279.323,K,historical,emissions,pangeo,CMIP6
MPI-ESM1-2-LR,esm-hist,r1i1p1f1,gn,tas,1934,279.425,K,historical,emissions,pangeo,CMIP6
MPI-ESM1-2-LR,esm-hist,r1i1p1f1,gn,tas,1935,279.418,K,historical,emissions,pangeo,CMIP6
MPI-ESM1-2-LR,esm-hist,r1i1p1f1,gn,tas,1936,279.469,K,historical,emissions,pangeo,CMIP6
MPI-ESM1-2-LR,esm-hist,r1i1p1f1,gn,tas,1937,279.438,K,historical,emissions,pangeo,CMIP6
MPI-ESM1-2-LR,esm-hist,r1i1p1f1,gn,tas,1938,279.434,K,historical,emissions,pangeo,CMIP6
MPI-ESM1-2-LR,esm-hist,r1i1p1f1,gn,tas,1939,279.458,K,historical,emissions,pangeo,CMIP6
MPI-ESM1-2-LR,esm-hist,r1i1p1f1,gn,tas,1940,279.443,K,historical,emissions,pangeo,CMIP6
MPI-ESM1-2-LR,esm-hist,r1i1p1f1,gn,tas,1941,279.526,K,historical,emissions,pangeo,CMIP6
MPI-ESM1-2-LR,esm-hist,r1i1p1f1,gn,tas,1942,279.466,K,historical,emissions,pangeo,CMIP6
MPI-ESM1-2-LR,esm-hist,r1i1p1f1,gn,tas,1943,279.605,K,historical,emissions,pangeo,CMIP6
MPI-ESM1-2-LR,esm-hist,r1i1p1f1,gn,tas,1944,279.513,K,historical,emissions,pangeo,CMIP6
MPI-ESM1-2-LR,esm-hist,r1i1p1f1,gn,tas,1945,279.592,K,historical,emissions,pangeo,CMIP6
MPI-ESM1-2-LR,esm-hist,r1i1p1f1,gn,tas,1946,279.517,K,historical,emissions,pangeo,CMIP6
MPI-ESM1-2-LR,esm-hist,r1i1p1f1,gn,tas,1947,279.669,K,historical,emissions,pangeo,CMIP6
MPI-ESM1-2-LR,esm-hist,r1i1p1f1,gn,tas,1948,279.461,K,historical,emissions,pangeo,CMIP6
MPI-ESM1-2-LR,esm-hist,r1i1p1f1,gn,tas,1949,279.533,K,historical,emissions,pangeo,CMIP6
MPI-ESM1-2-LR,esm-hist,r1i1p1f1,gn,tas,1950,279.675,K,historical,emissions,pangeo,CMIP6
MPI-ESM1-2-LR,esm-hist,r1i1p1f1,gn,tas,1951,279.585,K,historical,emissions,pangeo,CMIP6
MPI-ESM1-2-LR,esm-hist,r1i1p1f1,gn,tas,1952,279.685,K,historical,emissions,pangeo,CMIP6
MPI-ESM1-2-LR,esm-hist,r1i1p1f1,gn,tas,1953,279.629,K,historical,emissions,pangeo,CMIP6
MPI-ESM1-2-LR,esm-hist,r1i1p1f1,gn,tas,1954,279.498,K,historical,emissions,pangeo,CMIP6
MPI-ESM1-2-LR,esm-hist,r1i1p1f1,gn,tas,1955,279.594,K,historical,emissions,pangeo,CMIP6
MPI-ESM1-2-LR,esm-hist,r1i1p1f1,gn,tas,1956,279.496,K,historical,emissions,pangeo,CMIP6
MPI-ESM1-2-LR,esm-hist,r1i1p1f1,gn,tas,1957,279.566,K,historical,emissions,pangeo,CMIP6
MPI-ESM1-2-LR,esm-hist,r1i1p1f1,gn,tas,1958,279.618,K,historical,emissions,pangeo,CMIP6
MPI-ESM1-2-LR,esm-hist,r1i1p1f1,gn,tas,1959,279.729,K,historical,emissions,pangeo,CMIP6
MPI-ESM1-2-LR,esm-hist,r1i1p1f1,gn,tas,1960,279.732,K,historical,emissions,pangeo,CMIP6
MPI-ESM1-2-LR,esm-hist,r1i1p1f1,gn,tas,1961,279.726,K,historical,emissions,pangeo,CMIP6
MPI-ESM1-2-LR,esm-hist,r1i1p1f1,gn,tas,1962,279.579,K,historical,emissions,pangeo,CMIP6
MPI-ESM1-2-LR,esm-hist,r1i1p1f1,gn,tas,1963,279.563,K,historical,emissions,pangeo,CMIP6
MPI-ESM1-2-LR,esm-hist,r1i1p1f1,gn,tas,1964,279.414,K,historical,emissions,pangeo,CMIP6
MPI-ESM1-2-LR,esm-hist,r1i1p1f1,gn,tas,1965,279.441,K,historical,emissions,pangeo,CMIP6
MPI-ESM1-2-LR,esm-hist,r1i1p1f1,gn,tas,1966,279.511,K,historical,emissions,pangeo,CMIP6
MPI-ESM1-2-LR,esm-hist,r1i1p1f1,gn,tas,1967,279.617,K,historical,emissions,pangeo,CMIP6
MPI-ESM1-2-LR,esm-hist,r1i1p1f1,gn,tas,1968,279.496,K,historical,emissions,pangeo,CMIP6
MPI-ESM1-2-LR,esm-hist,r1i1p1f1,gn,tas,1969,279.527,K,historical,emissions,pangeo,CMIP6
MPI-ESM1-2-LR,esm-hist,r1i1p1f1,gn,tas,1970,279.466,K,historical,emissions,pangeo,CMIP6
MPI-ESM1-2-LR,esm-hist,r1i1p1f1,gn,tas,1971,279.486,K,historical,emissions,pangeo,CMIP6
MPI-ESM1-2-LR,esm-hist,r1i1p1f1,gn,tas,1972,279.451,K,historical,emissions,pangeo,CMIP6
MPI-ESM1-2-LR,esm-hist,r1i1p1f1,gn,tas,1973,279.522,K,historical,emissions,pangeo,CMIP6
MPI-ESM1-2-LR,esm-hist,r1i1p1f1,gn,tas,1974,279.61,K,historical,emissions,pangeo,CMIP6
MPI-ESM1-2-LR,esm-hist,r1i1p1f1,gn,tas,1975,279.756,K,historical,emissions,pangeo,CMIP6
MPI-ESM1-2-LR,esm-hist,r1i1p1f1,gn,tas,1976,279.896,K,historical,emissions,pangeo,CMIP6
MPI-ESM1-2-LR,esm-hist,r1i1p1f1,gn,tas,1977,279.823,K,historical,emissions,pangeo,CMIP6
MPI-ESM1-2-LR,esm-hist,r1i1p1f1,gn,tas,1978,279.812,K,historical,emissions,pangeo,CMIP6
MPI-ESM1-2-LR,esm-hist,r1i1p1f1,gn,tas,1979,279.879,K,historical,emissions,pangeo,CMIP6
MPI-ESM1-2-LR,esm-hist,r1i1p1f1,gn,tas,1980,279.987,K,historical,emissions,pangeo,CMIP6
MPI-ESM1-2-LR,esm-hist,r1i1p1f1,gn,tas,1981,279.962,K,historical,emissions,pangeo,CMIP6
MPI-ESM1-2-LR,esm-hist,r1i1p1f1,gn,tas,1982,280.044,K,historical,emissions,pangeo,CMIP6
MPI-ESM1-2-LR,esm-hist,r1i1p1f1,gn,tas,1983,279.887,K,historical,emissions,pangeo,CMIP6
MPI-ESM1-2-LR,esm-hist,r1i1p1f1,gn,tas,1984,279.739,K,historical,emissions,pangeo,CMIP6
MPI-ESM1-2-LR,esm-hist,r1i1p1f1,gn,tas,1985,279.722,K,historical,emissions,pangeo,CMIP6
MPI-ESM1-2-LR,esm-hist,r1i1p1f1,gn,tas,1986,279.745,K,historical,emissions,pangeo,CMIP6
MPI-ESM1-2-LR,esm-hist,r1i1p1f1,gn,tas,1987,279.874,K,historical,emissions,pangeo,CMIP6
MPI-ESM1-2-LR,esm-hist,r1i1p1f1,gn,tas,1988,280.023,K,historical,emissions,pangeo,CMIP6
MPI-ESM1-2-LR,esm-hist,r1i1p1f1,gn,tas,1989,280.125,K,historical,emissions,pangeo,CMIP6
MPI-ESM1-2-LR,esm-hist,r1i1p1f1,gn,tas,1990,280.122,K,historical,emissions,pangeo,CMIP6
MPI-ESM1-2-LR,esm-hist,r1i1p1f1,gn,tas,1991,279.986,K,historical,emissions,pangeo,CMIP6
MPI-ESM1-2-LR,esm-hist,r1i1p1f1,gn,tas,1992,279.79,K,historical,emissions,pangeo,CMIP6
MPI-ESM1-2-LR,esm-hist,r1i1p1f1,gn,tas,1993,279.718,K,historical,emissions,pangeo,CMIP6
MPI-ESM1-2-LR,esm-hist,r1i1p1f1,gn,tas,1994,279.815,K,historical,emissions,pangeo,CMIP6
MPI-ESM1-2-LR,esm-hist,r1i1p1f1,gn,tas,1995,279.866,K,historical,emissions,pangeo,CMIP6
MPI-ESM1-2-LR,esm-hist,r1i1p1f1,gn,tas,1996,280.036,K,historical,emissions,pangeo,CMIP6
MPI-ESM1-2-LR,esm-hist,r1i1p1f1,gn,tas,1997,280.054,K,historical,emissions,pangeo,CMIP6
MPI-ESM1-2-LR,esm-hist,r1i1p1f1,gn,tas,1998,280.063,K,historical,emissions,pangeo,CMIP6
MPI-ESM1-2-LR,esm-hist,r1i1p1f1,gn,tas,1999,280.136,K,historical,emissions,pangeo,CMIP6
MPI-ESM1-2-LR,esm-hist,r1i1p1f1,gn,tas,2000,280.131,K,historical,emissions,pangeo,CMIP6
MPI-ESM1-2-LR,esm-hist,r1i1p1f1,gn,tas,2001,280.181,K,historical,emissions,pangeo,CMIP6
MPI-ESM1-2-LR,esm-hist,r1i1p1f1,gn,tas,2002,280.327,K,historical,emissions,pangeo,CMIP6
MPI-ESM1-2-LR,esm-hist,r1i1p1f1,gn,tas,2003,280.284,K,historical,emissions,pangeo,CMIP6
MPI-ESM1-2-LR,esm-hist,r1i1p1f1,gn,tas,2004,280.214,K,historical,emissions,pangeo,CMIP6
MPI-ESM1-2-LR,esm-hist,r1i1p1f1,gn,tas,2005,280.201,K,historical,emissions,pangeo,CMIP6
MPI-ESM1-2-LR,esm-hist,r1i1p1f1,gn,tas,2006,280.196,K,historical,emissions,pangeo,CMIP6
MPI-ESM1-2-LR,esm-hist,r1i1p1f1,gn,tas,2007,280.203,K,historical,emissions,pangeo,CMIP6
MPI-ESM1-2-LR,esm-hist,r1i1p1f1,gn,tas,2008,280.225,K,historical,emissions,pangeo,CMIP6
MPI-ESM1-2-LR,esm-hist,r1i1p1f1,gn,tas,2009,280.231,K,historical,emissions,pangeo,CMIP6
MPI-ESM1-2-LR,esm-hist,r1i1p1f1,gn,tas,2010,280.303,K,historical,emissions,pangeo,CMIP6
MPI-ESM1-2-LR,esm-hist,r1i1p1f1,gn,tas,2011,280.329,K,historical,emissions,pangeo,CMIP6
MPI-ESM1-2-LR,esm-hist,r1i1p1f1,gn,tas,2012,280.307,K,historical,emissions,pangeo,CMIP6
MPI-ESM1-2-LR,esm-hist,r1i1p1f1,gn,tas,2013,280.351,K,historical,emissions,pangeo,CMIP6
MPI-ESM1-2-LR,esm-hist,r1i1p1f1,gn,tas,2014,280.63,K,historical,emissions,pangeo,CMIP6
MPI-ESM1-2-LR,esm-ssp585,r1i1p1f1,gn,tas,2015,280.43,K,ssp585,emissions,pangeo,CMIP6
MPI-ESM1-2-LR,esm-ssp585,r1i1p1f1,gn,tas,2016,280.603,K,ssp585,emissions,pangeo,CMIP6
MPI-ESM1-2-LR,esm-ssp585,r1i1p1f1,gn,tas,2017,280.54,K,ssp585,emissions,pangeo,CMIP6
MPI-ESM1-2-LR,esm-ssp585,r1i1p1f1,gn,tas,2018,280.413,K,ssp585,emissions,pangeo,CMIP6
MPI-ESM1-2-LR,esm-ssp585,r1i1p1f1,gn,tas,2019,280.546,K,ssp585,emissions,pangeo,CMIP6
MPI-ESM1-2-LR,esm-ssp585,r1i1p1f1,gn,tas,2020,280.664,K,ssp585,emissions,pangeo,CMIP6
MPI-ESM1-2-LR,esm-ssp585,r1i1p1f1,gn,tas,2021,280.715,K,ssp585,emissions,pangeo,CMIP6
MPI-ESM1-2-LR,esm-ssp585,r1i1p1f1,gn,tas,2022,280.659,K,ssp585,emissions,pangeo,CMIP6
MPI-ESM1-2-LR,esm-ssp585,r1i1p1f1,gn,tas,2023,280.747,K,ssp585,emissions,pangeo,CMIP6
MPI-ESM1-2-LR,esm-ssp585,r1i1p1f1,gn,tas,2024,280.572,K,ssp585,emissions,pangeo,CMIP6
MPI-ESM1-2-LR,esm-ssp585,r1i1p1f1,gn,tas,2025,280.596,K,ssp585,emissions,pangeo,CMIP6
MPI-ESM1-2-LR,esm-ssp585,r1i1p1f1,gn,tas,2026,280.738,K,ssp585,emissions,pangeo,CMIP6
MPI-ESM1-2-LR,esm-ssp585,r1i1p1f1,gn,tas,2027,280.672,K,ssp585,emissions,pangeo,CMIP6
MPI-ESM1-2-LR,esm-ssp585,r1i1p1f1,gn,tas,2028,280.72,K,ssp585,emissions,pangeo,CMIP6
MPI-ESM1-2-LR,esm-ssp585,r1i1p1f1,gn,tas,2029,280.859,K,ssp585,emissions,pangeo,CMIP6
MPI-ESM1-2-LR,esm-ssp585,r1i1p1f1,gn,tas,2030,281.061,K,ssp585,emissions,pangeo,CMIP6
MPI-ESM1-2-LR,esm-ssp585,r1i1p1f1,gn,tas,2031,281.054,K,ssp585,emissions,pangeo,CMIP6
MPI-ESM1-2-LR,esm-ssp585,r1i1p1f1,gn,tas,2032,281.146,K,ssp585,emissions,pangeo,CMIP6
MPI-ESM1-2-LR,esm-ssp585,r1i1p1f1,gn,tas,2033,281.03,K,ssp585,emissions,pangeo,CMIP6
MPI-ESM1-2-LR,esm-ssp585,r1i1p1f1,gn,tas,2034,281.097,K,ssp585,emissions,pangeo,CMIP6
MPI-ESM1-2-LR,esm-ssp585,r1i1p1f1,gn,tas,2035,281.075,K,ssp585,emissions,pangeo,CMIP6
MPI-ESM1-2-LR,esm-ssp585,r1i1p1f1,gn,tas,2036,280.948,K,ssp585,emissions,pangeo,CMIP6
MPI-ESM1-2-LR,esm-ssp585,r1i1p1f1,gn,tas,2037,281.017,K,ssp585,emissions,pangeo,CMIP6
MPI-ESM1-2-LR,esm-ssp585,r1i1p1f1,gn,tas,2038,281.18,K,ssp585,emissions,pangeo,CMIP6
MPI-ESM1-2-LR,esm-ssp585,r1i1p1f1,gn,tas,2039,281.018,K,ssp585,emissions,pangeo,CMIP6
MPI-ESM1-2-LR,esm-ssp585,r1i1p1f1,gn,tas,2040,281.01,K,ssp585,emissions,pangeo,CMIP6
MPI-ESM1-2-LR,esm-ssp585,r1i1p1f1,gn,tas,2041,281.167,K,ssp585,emissions,pangeo,CMIP6
MPI-ESM1-2-LR,esm-ssp585,r1i1p1f1,gn,tas,2042,281.22,K,ssp585,emissions,pangeo,CMIP6
MPI-ESM1-2-LR,esm-ssp585,r1i1p1f1,gn,tas,2043,281.243,K,ssp585,emissions,pangeo,CMIP6
MPI-ESM1-2-LR,esm-ssp585,r1i1p1f1,gn,tas,2044,281.24,K,ssp585,emissions,pangeo,CMIP6
MPI-ESM1-2-LR,esm-ssp585,r1i1p1f1,gn,tas,2045,281.471,K,ssp585,emissions,pangeo,CMIP6
MPI-ESM1-2-LR,esm-ssp585,r1i1p1f1,gn,tas,2046,281.43,K,ssp585,emissions,pangeo,CMIP6
MPI-ESM1-2-LR,esm-ssp585,r1i1p1f1,gn,tas,2047,281.537,K,ssp585,emissions,pangeo,CMIP6
MPI-ESM1-2-LR,esm-ssp585,r1i1p1f1,gn,tas,2048,281.541,K,ssp585,emissions,pangeo,CMIP6
MPI-ESM1-2-LR,esm-ssp585,r1i1p1f1,gn,tas,2049,281.645,K,ssp585,emissions,pangeo,CMIP6
MPI-ESM1-2-LR,esm-ssp585,r1i1p1f1,gn,tas,2050,281.577,K,ssp585,emissions,pangeo,CMIP6
MPI-ESM1-2-LR,esm-ssp585,r1i1p1f1,gn,tas,2051,281.605,K,ssp585,emissions,pangeo,CMIP6
MPI-ESM1-2-LR,esm-ssp585,r1i1p1f1,gn,tas,2052,281.572,K,ssp585,emissions,pangeo,CMIP6
MPI-ESM1-2-LR,esm-ssp585,r1i1p1f1,gn,tas,2053,281.612,K,ssp585,emissions,pangeo,CMIP6
MPI-ESM1-2-LR,esm-ssp585,r1i1p1f1,gn,tas,2054,281.663,K,ssp585,emissions,pangeo,CMIP6
MPI-ESM1-2-LR,esm-ssp585,r1i1p1f1,gn,tas,2055,281.741,K,ssp585,emissions,pangeo,CMIP6
MPI-ESM1-2-LR,esm-ssp585,r1i1p1f1,gn,tas,2056,281.919,K,ssp585,emissions,pangeo,CMIP6
MPI-ESM1-2-LR,esm-ssp585,r1i1p1f1,gn,tas,2057,281.937,K,ssp585,emissions,pangeo,CMIP6
MPI-ESM1-2-LR,esm-ssp585,r1i1p1f1,gn,tas,2058,281.984,K,ssp585,emissions,pangeo,CMIP6
MPI-ESM1-2-LR,esm-ssp585,r1i1p1f1,gn,tas,2059,282.04,K,ssp585,emissions,pangeo,CMIP6
MPI-ESM1-2-LR,esm-ssp585,r1i1p1f1,gn,tas,2060,282.048,K,ssp585,emissions,pangeo,CMIP6
MPI-ESM1-2-LR,esm-ssp585,r1i1p1f1,gn,tas,2061,281.992,K,ssp585,emissions,pangeo,CMIP6
MPI-ESM1-2-LR,esm-ssp585,r1i1p1f1,gn,tas,2062,282.02,K,ssp585,emissions,pangeo,CMIP6
MPI-ESM1-2-LR,esm-ssp585,r1i1p1f1,gn,tas,2063,282.037,K,ssp585,emissions,pangeo,CMIP6
MPI-ESM1-2-LR,esm-ssp585,r1i1p1f1,gn,tas,2064,282.133,K,ssp585,emissions,pangeo,CMIP6
MPI-ESM1-2-LR,esm-ssp585,r1i1p1f1,gn,tas,2065,282.243,K,ssp585,emissions,pangeo,CMIP6
MPI-ESM1-2-LR,esm-ssp585,r1i1p1f1,gn,tas,2066,282.249,K,ssp585,emissions,pangeo,CMIP6
MPI-ESM1-2-LR,esm-ssp585,r1i1p1f1,gn,tas,2067,282.379,K,ssp585,emissions,pangeo,CMIP6
MPI-ESM1-2-LR,esm-ssp585,r1i1p1f1,gn,tas,2068,282.457,K,ssp585,emissions,pangeo,CMIP6
MPI-ESM1-2-LR,esm-ssp585,r1i1p1f1,gn,tas,2069,282.486,K,ssp585,emissions,pangeo,CMIP6
MPI-ESM1-2-LR,esm-ssp585,r1i1p1f1,gn,tas,2070,282.479,K,ssp585,emissions,pangeo,CMIP6
MPI-ESM1-2-LR,esm-ssp585,r1i1p1f1,gn,tas,2071,282.525,K,ssp585,emissions,pangeo,CMIP6
MPI-ESM1-2-LR,esm-ssp585,r1i1p1f1,gn,tas,2072,282.571,K,ssp585,emissions,pangeo,CMIP6
MPI-ESM1-2-LR,esm-ssp585,r1i1p1f1,gn,tas,2073,282.516,K,ssp585,emissions,pangeo,CMIP6
MPI-ESM1-2-LR,esm-ssp585,r1i1p1f1,gn,tas,2074,282.684,K,ssp585,emissions,pangeo,CMIP6
MPI-ESM1-2-LR,esm-ssp585,r1i1p1f1,gn,tas,2075,282.725,K,ssp585,emissions,pangeo,CMIP6
MPI-ESM1-2-LR,esm-ssp585,r1i1p1f1,gn,tas,2076,282.735,K,ssp585,emissions,pangeo,CMIP6
MPI-ESM1-2-LR,esm-ssp585,r1i1p1f1,gn,tas,2077,282.856,K,ssp585,emissions,pangeo,CMIP6
MPI-ESM1-2-LR,esm-ssp585,r1i1p1f1,gn,tas,2078,282.814,K,ssp585,emissions,pangeo,CMIP6
MPI-ESM1-2-LR,esm-ssp585,r1i1p1f1,gn,tas,2079,282.908,K,ssp585,emissions,pangeo,CMIP6
MPI-ESM1-2-LR,esm-ssp585,r1i1p1f1,gn,tas,2080,282.987,K,ssp585,emissions,pangeo,CMIP6
MPI-ESM1-2-LR,esm-ssp585,r1i1p1f1,gn,tas,2081,283.016,K,ssp585,emissions,pangeo,CMIP6
MPI-ESM1-2-LR,esm-ssp585,r1i1p1f1,gn,tas,2082,283.096,K,ssp585,emissions,pangeo,CMIP6
MPI-ESM1-2-LR,esm-ssp585,r1i1p1f1,gn,tas,2083,283.111,K,ssp585,emissions,pangeo,CMIP6
MPI-ESM1-2-LR,esm-ssp585,r1i1p1f1,gn,tas,2084,283.238,K,ssp585,emissions,pangeo,CMIP6
MPI-ESM1-2-LR,esm-ssp585,r1i1p1f1,gn,tas,2085,283.326,K,ssp585,emissions,pangeo,CMIP6
MPI-ESM1-2-LR,esm-ssp585,r1i1p1f1,gn,tas,2086,283.354,K,ssp585,emissions,pangeo,CMIP6
MPI-ESM1-2-LR,esm-ssp585,r1i1p1f1,gn,tas,2087,283.424,K,ssp585,emissions,pangeo,CMIP6
MPI-ESM1-2-LR,esm-ssp585,r1i1p1f1,gn,tas,2088,283.452,K,ssp585,emissions,pangeo,CMIP6
MPI-ESM1-2-LR,esm-ssp585,r1i1p1f1,gn,tas,2089,283.459,K,ssp585,emissions,pangeo,CMIP6
MPI-ESM1-2-LR,esm-ssp585,r1i1p1f1,gn,tas,2090,283.471,K,ssp585,emissions,pangeo,CMIP6
MPI-ESM1-2-LR,esm-ssp585,r1i1p1f1,gn,tas,2091,283.595,K,ssp585,emissions,pangeo,CMIP6
MPI-ESM1-2-LR,esm-ssp585,r1i1p1f1,gn,tas,2092,283.538,K,ssp585,emissions,pangeo,CMIP6
MPI-ESM1-2-LR,esm-ssp585,r1i1p1f1,gn,tas,2093,283.598,K,ssp585,emissions,pangeo,CMIP6
MPI-ESM1-2-LR,esm-ssp585,r1i1p1f1,gn,tas,2094,283.669,K,ssp585,emissions,pangeo,CMIP6
MPI-ESM1-2-LR,esm-ssp585,r1i1p1f1,gn,tas,2095,283.723,K,ssp585,emissions,pangeo,CMIP6
MPI-ESM1-2-LR,esm-ssp585,r1i1p1f1,gn,tas,2096,283.705,K,ssp585,emissions,pangeo,CMIP6
MPI-ESM1-2-LR,esm-ssp585,r1i1p1f1,gn,tas,2097,283.817,K,ssp585,emissions,pangeo,CMIP6
MPI-ESM1-2-LR,esm-ssp585,r1i1p1f1,gn,tas,2098,283.938,K,ssp585,emissions,pangeo,CMIP6
MPI-ESM1-2-LR,esm-ssp585,r1i1p1f1,gn,tas,2099,283.969,K,ssp585,emissions,pangeo,CMIP6
MRI-ESM2-0,esm-hist,r1i2p1f1,gn,tas,1850,287.144,K,historical,emissions,pangeo,CMIP6
MRI-ESM2-0,esm-hist,r1i2p1f1,gn,tas,1851,287.025,K,historical,emissions,pangeo,CMIP6
MRI-ESM2-0,esm-hist,r1i2p1f1,gn,tas,1852,287.115,K,historical,emissions,pangeo,CMIP6
MRI-ESM2-0,esm-hist,r1i2p1f1,gn,tas,1853,287.063,K,historical,emissions,pangeo,CMIP6
MRI-ESM2-0,esm-hist,r1i2p1f1,gn,tas,1854,287.105,K,historical,emissions,pangeo,CMIP6
MRI-ESM2-0,esm-hist,r1i2p1f1,gn,tas,1855,287.006,K,historical,emissions,pangeo,CMIP6
MRI-ESM2-0,esm-hist,r1i2p1f1,gn,tas,1856,286.937,K,historical,emissions,pangeo,CMIP6
MRI-ESM2-0,esm-hist,r1i2p1f1,gn,tas,1857,287.08,K,historical,emissions,pangeo,CMIP6
MRI-ESM2-0,esm-hist,r1i2p1f1,gn,tas,1858,287.028,K,historical,emissions,pangeo,CMIP6
MRI-ESM2-0,esm-hist,r1i2p1f1,gn,tas,1859,287.037,K,historical,emissions,pangeo,CMIP6
MRI-ESM2-0,esm-hist,r1i2p1f1,gn,tas,1860,287.042,K,historical,emissions,pangeo,CMIP6
MRI-ESM2-0,esm-hist,r1i2p1f1,gn,tas,1861,287.09,K,historical,emissions,pangeo,CMIP6
MRI-ESM2-0,esm-hist,r1i2p1f1,gn,tas,1862,286.93,K,historical,emissions,pangeo,CMIP6
MRI-ESM2-0,esm-hist,r1i2p1f1,gn,tas,1863,286.98,K,historical,emissions,pangeo,CMIP6
MRI-ESM2-0,esm-hist,r1i2p1f1,gn,tas,1864,287.046,K,historical,emissions,pangeo,CMIP6
MRI-ESM2-0,esm-hist,r1i2p1f1,gn,tas,1865,287.152,K,historical,emissions,pangeo,CMIP6
MRI-ESM2-0,esm-hist,r1i2p1f1,gn,tas,1866,287.225,K,historical,emissions,pangeo,CMIP6
MRI-ESM2-0,esm-hist,r1i2p1f1,gn,tas,1867,287.047,K,historical,emissions,pangeo,CMIP6
MRI-ESM2-0,esm-hist,r1i2p1f1,gn,tas,1868,287.008,K,historical,emissions,pangeo,CMIP6
MRI-ESM2-0,esm-hist,r1i2p1f1,gn,tas,1869,286.956,K,historical,emissions,pangeo,CMIP6
MRI-ESM2-0,esm-hist,r1i2p1f1,gn,tas,1870,286.927,K,historical,emissions,pangeo,CMIP6
MRI-ESM2-0,esm-hist,r1i2p1f1,gn,tas,1871,286.872,K,historical,emissions,pangeo,CMIP6
MRI-ESM2-0,esm-hist,r1i2p1f1,gn,tas,1872,287.034,K,historical,emissions,pangeo,CMIP6
MRI-ESM2-0,esm-hist,r1i2p1f1,gn,tas,1873,287.118,K,historical,emissions,pangeo,CMIP6
MRI-ESM2-0,esm-hist,r1i2p1f1,gn,tas,1874,287.155,K,historical,emissions,pangeo,CMIP6
MRI-ESM2-0,esm-hist,r1i2p1f1,gn,tas,1875,287.144,K,historical,emissions,pangeo,CMIP6
MRI-ESM2-0,esm-hist,r1i2p1f1,gn,tas,1876,287.046,K,historical,emissions,pangeo,CMIP6
MRI-ESM2-0,esm-hist,r1i2p1f1,gn,tas,1877,287.012,K,historical,emissions,pangeo,CMIP6
MRI-ESM2-0,esm-hist,r1i2p1f1,gn,tas,1878,287.134,K,historical,emissions,pangeo,CMIP6
MRI-ESM2-0,esm-hist,r1i2p1f1,gn,tas,1879,287.017,K,historical,emissions,pangeo,CMIP6
MRI-ESM2-0,esm-hist,r1i2p1f1,gn,tas,1880,287.066,K,historical,emissions,pangeo,CMIP6
MRI-ESM2-0,esm-hist,r1i2p1f1,gn,tas,1881,287.102,K,historical,emissions,pangeo,CMIP6
MRI-ESM2-0,esm-hist,r1i2p1f1,gn,tas,1882,287.116,K,historical,emissions,pangeo,CMIP6
MRI-ESM2-0,esm-hist,r1i2p1f1,gn,tas,1883,287.252,K,historical,emissions,pangeo,CMIP6
MRI-ESM2-0,esm-hist,r1i2p1f1,gn,tas,1884,286.932,K,historical,emissions,pangeo,CMIP6
MRI-ESM2-0,esm-hist,r1i2p1f1,gn,tas,1885,287.098,K,historical,emissions,pangeo,CMIP6
MRI-ESM2-0,esm-hist,r1i2p1f1,gn,tas,1886,287.123,K,historical,emissions,pangeo,CMIP6
MRI-ESM2-0,esm-hist,r1i2p1f1,gn,tas,1887,287.111,K,historical,emissions,pangeo,CMIP6
MRI-ESM2-0,esm-hist,r1i2p1f1,gn,tas,1888,287.164,K,historical,emissions,pangeo,CMIP6
MRI-ESM2-0,esm-hist,r1i2p1f1,gn,tas,1889,286.954,K,historical,emissions,pangeo,CMIP6
MRI-ESM2-0,esm-hist,r1i2p1f1,gn,tas,1890,286.814,K,historical,emissions,pangeo,CMIP6
MRI-ESM2-0,esm-hist,r1i2p1f1,gn,tas,1891,286.873,K,historical,emissions,pangeo,CMIP6
MRI-ESM2-0,esm-hist,r1i2p1f1,gn,tas,1892,287.003,K,historical,emissions,pangeo,CMIP6
MRI-ESM2-0,esm-hist,r1i2p1f1,gn,tas,1893,287.011,K,historical,emissions,pangeo,CMIP6
MRI-ESM2-0,esm-hist,r1i2p1f1,gn,tas,1894,287.072,K,historical,emissions,pangeo,CMIP6
MRI-ESM2-0,esm-hist,r1i2p1f1,gn,tas,1895,286.983,K,historical,emissions,pangeo,CMIP6
MRI-ESM2-0,esm-hist,r1i2p1f1,gn,tas,1896,287.137,K,historical,emissions,pangeo,CMIP6
MRI-ESM2-0,esm-hist,r1i2p1f1,gn,tas,1897,287.148,K,historical,emissions,pangeo,CMIP6
MRI-ESM2-0,esm-hist,r1i2p1f1,gn,tas,1898,286.956,K,historical,emissions,pangeo,CMIP6
MRI-ESM2-0,esm-hist,r1i2p1f1,gn,tas,1899,287.05,K,historical,emissions,pangeo,CMIP6
MRI-ESM2-0,esm-hist,r1i2p1f1,gn,tas,1900,287.019,K,historical,emissions,pangeo,CMIP6
MRI-ESM2-0,esm-hist,r1i2p1f1,gn,tas,1901,287.099,K,historical,emissions,pangeo,CMIP6
MRI-ESM2-0,esm-hist,r1i2p1f1,gn,tas,1902,287.112,K,historical,emissions,pangeo,CMIP6
MRI-ESM2-0,esm-hist,r1i2p1f1,gn,tas,1903,286.831,K,historical,emissions,pangeo,CMIP6
MRI-ESM2-0,esm-hist,r1i2p1f1,gn,tas,1904,286.834,K,historical,emissions,pangeo,CMIP6
MRI-ESM2-0,esm-hist,r1i2p1f1,gn,tas,1905,287.075,K,historical,emissions,pangeo,CMIP6
MRI-ESM2-0,esm-hist,r1i2p1f1,gn,tas,1906,287.271,K,historical,emissions,pangeo,CMIP6
MRI-ESM2-0,esm-hist,r1i2p1f1,gn,tas,1907,287.154,K,historical,emissions,pangeo,CMIP6
MRI-ESM2-0,esm-hist,r1i2p1f1,gn,tas,1908,287.053,K,historical,emissions,pangeo,CMIP6
MRI-ESM2-0,esm-hist,r1i2p1f1,gn,tas,1909,287.009,K,historical,emissions,pangeo,CMIP6
MRI-ESM2-0,esm-hist,r1i2p1f1,gn,tas,1910,287.099,K,historical,emissions,pangeo,CMIP6
MRI-ESM2-0,esm-hist,r1i2p1f1,gn,tas,1911,286.997,K,historical,emissions,pangeo,CMIP6
MRI-ESM2-0,esm-hist,r1i2p1f1,gn,tas,1912,286.817,K,historical,emissions,pangeo,CMIP6
MRI-ESM2-0,esm-hist,r1i2p1f1,gn,tas,1913,286.975,K,historical,emissions,pangeo,CMIP6
MRI-ESM2-0,esm-hist,r1i2p1f1,gn,tas,1914,287.073,K,historical,emissions,pangeo,CMIP6
MRI-ESM2-0,esm-hist,r1i2p1f1,gn,tas,1915,287.049,K,historical,emissions,pangeo,CMIP6
MRI-ESM2-0,esm-hist,r1i2p1f1,gn,tas,1916,287.254,K,historical,emissions,pangeo,CMIP6
MRI-ESM2-0,esm-hist,r1i2p1f1,gn,tas,1917,287.082,K,historical,emissions,pangeo,CMIP6
MRI-ESM2-0,esm-hist,r1i2p1f1,gn,tas,1918,287.019,K,historical,emissions,pangeo,CMIP6
MRI-ESM2-0,esm-hist,r1i2p1f1,gn,tas,1919,286.973,K,historical,emissions,pangeo,CMIP6
MRI-ESM2-0,esm-hist,r1i2p1f1,gn,tas,1920,287.172,K,historical,emissions,pangeo,CMIP6
MRI-ESM2-0,esm-hist,r1i2p1f1,gn,tas,1921,287.103,K,historical,emissions,pangeo,CMIP6
MRI-ESM2-0,esm-hist,r1i2p1f1,gn,tas,1922,287.011,K,historical,emissions,pangeo,CMIP6
MRI-ESM2-0,esm-hist,r1i2p1f1,gn,tas,1923,286.954,K,historical,emissions,pangeo,CMIP6
MRI-ESM2-0,esm-hist,r1i2p1f1,gn,tas,1924,286.899,K,historical,emissions,pangeo,CMIP6
MRI-ESM2-0,esm-hist,r1i2p1f1,gn,tas,1925,287.081,K,historical,emissions,pangeo,CMIP6
MRI-ESM2-0,esm-hist,r1i2p1f1,gn,tas,1926,287.172,K,historical,emissions,pangeo,CMIP6
MRI-ESM2-0,esm-hist,r1i2p1f1,gn,tas,1927,287.183,K,historical,emissions,pangeo,CMIP6
MRI-ESM2-0,esm-hist,r1i2p1f1,gn,tas,1928,287.037,K,historical,emissions,pangeo,CMIP6
MRI-ESM2-0,esm-hist,r1i2p1f1,gn,tas,1929,287.049,K,historical,emissions,pangeo,CMIP6
MRI-ESM2-0,esm-hist,r1i2p1f1,gn,tas,1930,287.173,K,historical,emissions,pangeo,CMIP6
MRI-ESM2-0,esm-hist,r1i2p1f1,gn,tas,1931,287.115,K,historical,emissions,pangeo,CMIP6
MRI-ESM2-0,esm-hist,r1i2p1f1,gn,tas,1932,287.274,K,historical,emissions,pangeo,CMIP6
MRI-ESM2-0,esm-hist,r1i2p1f1,gn,tas,1933,287.249,K,historical,emissions,pangeo,CMIP6
MRI-ESM2-0,esm-hist,r1i2p1f1,gn,tas,1934,287.084,K,historical,emissions,pangeo,CMIP6
MRI-ESM2-0,esm-hist,r1i2p1f1,gn,tas,1935,287.25,K,historical,emissions,pangeo,CMIP6
MRI-ESM2-0,esm-hist,r1i2p1f1,gn,tas,1936,287.224,K,historical,emissions,pangeo,CMIP6
MRI-ESM2-0,esm-hist,r1i2p1f1,gn,tas,1937,287.111,K,historical,emissions,pangeo,CMIP6
MRI-ESM2-0,esm-hist,r1i2p1f1,gn,tas,1938,287.151,K,historical,emissions,pangeo,CMIP6
MRI-ESM2-0,esm-hist,r1i2p1f1,gn,tas,1939,287.255,K,historical,emissions,pangeo,CMIP6
MRI-ESM2-0,esm-hist,r1i2p1f1,gn,tas,1940,287.002,K,historical,emissions,pangeo,CMIP6
MRI-ESM2-0,esm-hist,r1i2p1f1,gn,tas,1941,287.064,K,historical,emissions,pangeo,CMIP6
MRI-ESM2-0,esm-hist,r1i2p1f1,gn,tas,1942,287.2,K,historical,emissions,pangeo,CMIP6
MRI-ESM2-0,esm-hist,r1i2p1f1,gn,tas,1943,287.143,K,historical,emissions,pangeo,CMIP6
MRI-ESM2-0,esm-hist,r1i2p1f1,gn,tas,1944,287.159,K,historical,emissions,pangeo,CMIP6
MRI-ESM2-0,esm-hist,r1i2p1f1,gn,tas,1945,287.289,K,historical,emissions,pangeo,CMIP6
MRI-ESM2-0,esm-hist,r1i2p1f1,gn,tas,1946,287.191,K,historical,emissions,pangeo,CMIP6
MRI-ESM2-0,esm-hist,r1i2p1f1,gn,tas,1947,286.98,K,historical,emissions,pangeo,CMIP6
MRI-ESM2-0,esm-hist,r1i2p1f1,gn,tas,1948,287.058,K,historical,emissions,pangeo,CMIP6
MRI-ESM2-0,esm-hist,r1i2p1f1,gn,tas,1949,287.065,K,historical,emissions,pangeo,CMIP6
MRI-ESM2-0,esm-hist,r1i2p1f1,gn,tas,1950,287.103,K,historical,emissions,pangeo,CMIP6
MRI-ESM2-0,esm-hist,r1i2p1f1,gn,tas,1951,287.134,K,historical,emissions,pangeo,CMIP6
MRI-ESM2-0,esm-hist,r1i2p1f1,gn,tas,1952,287.165,K,historical,emissions,pangeo,CMIP6
MRI-ESM2-0,esm-hist,r1i2p1f1,gn,tas,1953,287.062,K,historical,emissions,pangeo,CMIP6
MRI-ESM2-0,esm-hist,r1i2p1f1,gn,tas,1954,287.134,K,historical,emissions,pangeo,CMIP6
MRI-ESM2-0,esm-hist,r1i2p1f1,gn,tas,1955,287.12,K,historical,emissions,pangeo,CMIP6
MRI-ESM2-0,esm-hist,r1i2p1f1,gn,tas,1956,287.135,K,historical,emissions,pangeo,CMIP6
MRI-ESM2-0,esm-hist,r1i2p1f1,gn,tas,1957,287.061,K,historical,emissions,pangeo,CMIP6
MRI-ESM2-0,esm-hist,r1i2p1f1,gn,tas,1958,287.175,K,historical,emissions,pangeo,CMIP6
MRI-ESM2-0,esm-hist,r1i2p1f1,gn,tas,1959,287.031,K,historical,emissions,pangeo,CMIP6
MRI-ESM2-0,esm-hist,r1i2p1f1,gn,tas,1960,286.944,K,historical,emissions,pangeo,CMIP6
MRI-ESM2-0,esm-hist,r1i2p1f1,gn,tas,1961,287.147,K,historical,emissions,pangeo,CMIP6
MRI-ESM2-0,esm-hist,r1i2p1f1,gn,tas,1962,287.043,K,historical,emissions,pangeo,CMIP6
MRI-ESM2-0,esm-hist,r1i2p1f1,gn,tas,1963,286.981,K,historical,emissions,pangeo,CMIP6
MRI-ESM2-0,esm-hist,r1i2p1f1,gn,tas,1964,287.159,K,historical,emissions,pangeo,CMIP6
MRI-ESM2-0,esm-hist,r1i2p1f1,gn,tas,1965,287.08,K,historical,emissions,pangeo,CMIP6
MRI-ESM2-0,esm-hist,r1i2p1f1,gn,tas,1966,287.028,K,historical,emissions,pangeo,CMIP6
MRI-ESM2-0,esm-hist,r1i2p1f1,gn,tas,1967,286.999,K,historical,emissions,pangeo,CMIP6
MRI-ESM2-0,esm-hist,r1i2p1f1,gn,tas,1968,286.944,K,historical,emissions,pangeo,CMIP6
MRI-ESM2-0,esm-hist,r1i2p1f1,gn,tas,1969,286.917,K,historical,emissions,pangeo,CMIP6
MRI-ESM2-0,esm-hist,r1i2p1f1,gn,tas,1970,287.062,K,historical,emissions,pangeo,CMIP6
MRI-ESM2-0,esm-hist,r1i2p1f1,gn,tas,1971,286.89,K,historical,emissions,pangeo,CMIP6
MRI-ESM2-0,esm-hist,r1i2p1f1,gn,tas,1972,287.185,K,historical,emissions,pangeo,CMIP6
MRI-ESM2-0,esm-hist,r1i2p1f1,gn,tas,1973,287.215,K,historical,emissions,pangeo,CMIP6
MRI-ESM2-0,esm-hist,r1i2p1f1,gn,tas,1974,287.136,K,historical,emissions,pangeo,CMIP6
MRI-ESM2-0,esm-hist,r1i2p1f1,gn,tas,1975,287.057,K,historical,emissions,pangeo,CMIP6
MRI-ESM2-0,esm-hist,r1i2p1f1,gn,tas,1976,287.084,K,historical,emissions,pangeo,CMIP6
MRI-ESM2-0,esm-hist,r1i2p1f1,gn,tas,1977,287.029,K,historical,emissions,pangeo,CMIP6
MRI-ESM2-0,esm-hist,r1i2p1f1,gn,tas,1978,287.121,K,historical,emissions,pangeo,CMIP6
MRI-ESM2-0,esm-hist,r1i2p1f1,gn,tas,1979,287.224,K,historical,emissions,pangeo,CMIP6
MRI-ESM2-0,esm-hist,r1i2p1f1,gn,tas,1980,287.339,K,historical,emissions,pangeo,CMIP6
MRI-ESM2-0,esm-hist,r1i2p1f1,gn,tas,1981,287.209,K,historical,emissions,pangeo,CMIP6
MRI-ESM2-0,esm-hist,r1i2p1f1,gn,tas,1982,287.301,K,historical,emissions,pangeo,CMIP6
MRI-ESM2-0,esm-hist,r1i2p1f1,gn,tas,1983,287.411,K,historical,emissions,pangeo,CMIP6
MRI-ESM2-0,esm-hist,r1i2p1f1,gn,tas,1984,287.377,K,historical,emissions,pangeo,CMIP6
MRI-ESM2-0,esm-hist,r1i2p1f1,gn,tas,1985,287.276,K,historical,emissions,pangeo,CMIP6
MRI-ESM2-0,esm-hist,r1i2p1f1,gn,tas,1986,287.384,K,historical,emissions,pangeo,CMIP6
MRI-ESM2-0,esm-hist,r1i2p1f1,gn,tas,1987,287.446,K,historical,emissions,pangeo,CMIP6
MRI-ESM2-0,esm-hist,r1i2p1f1,gn,tas,1988,287.397,K,historical,emissions,pangeo,CMIP6
MRI-ESM2-0,esm-hist,r1i2p1f1,gn,tas,1989,287.402,K,historical,emissions,pangeo,CMIP6
MRI-ESM2-0,esm-hist,r1i2p1f1,gn,tas,1990,287.476,K,historical,emissions,pangeo,CMIP6
MRI-ESM2-0,esm-hist,r1i2p1f1,gn,tas,1991,287.53,K,historical,emissions,pangeo,CMIP6
MRI-ESM2-0,esm-hist,r1i2p1f1,gn,tas,1992,287.307,K,historical,emissions,pangeo,CMIP6
MRI-ESM2-0,esm-hist,r1i2p1f1,gn,tas,1993,287.276,K,historical,emissions,pangeo,CMIP6
MRI-ESM2-0,esm-hist,r1i2p1f1,gn,tas,1994,287.543,K,historical,emissions,pangeo,CMIP6
MRI-ESM2-0,esm-hist,r1i2p1f1,gn,tas,1995,287.612,K,historical,emissions,pangeo,CMIP6
MRI-ESM2-0,esm-hist,r1i2p1f1,gn,tas,1996,287.538,K,historical,emissions,pangeo,CMIP6
MRI-ESM2-0,esm-hist,r1i2p1f1,gn,tas,1997,287.388,K,historical,emissions,pangeo,CMIP6
MRI-ESM2-0,esm-hist,r1i2p1f1,gn,tas,1998,287.584,K,historical,emissions,pangeo,CMIP6
MRI-ESM2-0,esm-hist,r1i2p1f1,gn,tas,1999,287.782,K,historical,emissions,pangeo,CMIP6
MRI-ESM2-0,esm-hist,r1i2p1f1,gn,tas,2000,287.771,K,historical,emissions,pangeo,CMIP6
MRI-ESM2-0,esm-hist,r1i2p1f1,gn,tas,2001,287.62,K,historical,emissions,pangeo,CMIP6
MRI-ESM2-0,esm-hist,r1i2p1f1,gn,tas,2002,287.609,K,historical,emissions,pangeo,CMIP6
MRI-ESM2-0,esm-hist,r1i2p1f1,gn,tas,2003,287.814,K,historical,emissions,pangeo,CMIP6
MRI-ESM2-0,esm-hist,r1i2p1f1,gn,tas,2004,287.908,K,historical,emissions,pangeo,CMIP6
MRI-ESM2-0,esm-hist,r1i2p1f1,gn,tas,2005,287.77,K,historical,emissions,pangeo,CMIP6
MRI-ESM2-0,esm-hist,r1i2p1f1,gn,tas,2006,287.738,K,historical,emissions,pangeo,CMIP6
MRI-ESM2-0,esm-hist,r1i2p1f1,gn,tas,2007,287.705,K,historical,emissions,pangeo,CMIP6
MRI-ESM2-0,esm-hist,r1i2p1f1,gn,tas,2008,287.615,K,historical,emissions,pangeo,CMIP6
MRI-ESM2-0,esm-hist,r1i2p1f1,gn,tas,2009,287.723,K,historical,emissions,pangeo,CMIP6
MRI-ESM2-0,esm-hist,r1i2p1f1,gn,tas,2010,287.798,K,historical,emissions,pangeo,CMIP6
MRI-ESM2-0,esm-hist,r1i2p1f1,gn,tas,2011,287.819,K,historical,emissions,pangeo,CMIP6
MRI-ESM2-0,esm-hist,r1i2p1f1,gn,tas,2012,287.875,K,historical,emissions,pangeo,CMIP6
MRI-ESM2-0,esm-hist,r1i2p1f1,gn,tas,2013,287.991,K,historical,emissions,pangeo,CMIP6
MRI-ESM2-0,esm-hist,r1i2p1f1,gn,tas,2014,287.879,K,historical,emissions,pangeo,CMIP6
NorESM2-LM,esm-hist,r1i1p1f1,gn,tas,1850,287.76,K,historical,emissions,pangeo,CMIP6
NorESM2-LM,esm-hist,r1i1p1f1,gn,tas,1851,287.622,K,historical,emissions,pangeo,CMIP6
NorESM2-LM,esm-hist,r1i1p1f1,gn,tas,1852,287.819,K,historical,emissions,pangeo,CMIP6
NorESM2-LM,esm-hist,r1i1p1f1,gn,tas,1853,287.887,K,historical,emissions,pangeo,CMIP6
NorESM2-LM,esm-hist,r1i1p1f1,gn,tas,1854,287.507,K,historical,emissions,pangeo,CMIP6
NorESM2-LM,esm-hist,r1i1p1f1,gn,tas,1855,287.421,K,historical,emissions,pangeo,CMIP6
NorESM2-LM,esm-hist,r1i1p1f1,gn,tas,1856,287.484,K,historical,emissions,pangeo,CMIP6
NorESM2-LM,esm-hist,r1i1p1f1,gn,tas,1857,287.676,K,historical,emissions,pangeo,CMIP6
NorESM2-LM,esm-hist,r1i1p1f1,gn,tas,1858,287.73,K,historical,emissions,pangeo,CMIP6
NorESM2-LM,esm-hist,r1i1p1f1,gn,tas,1859,287.686,K,historical,emissions,pangeo,CMIP6
NorESM2-LM,esm-hist,r1i1p1f1,gn,tas,1860,287.729,K,historical,emissions,pangeo,CMIP6
NorESM2-LM,esm-hist,r1i1p1f1,gn,tas,1861,287.82,K,historical,emissions,pangeo,CMIP6
NorESM2-LM,esm-hist,r1i1p1f1,gn,tas,1862,287.822,K,historical,emissions,pangeo,CMIP6
NorESM2-LM,esm-hist,r1i1p1f1,gn,tas,1863,287.439,K,historical,emissions,pangeo,CMIP6
NorESM2-LM,esm-hist,r1i1p1f1,gn,tas,1864,287.403,K,historical,emissions,pangeo,CMIP6
NorESM2-LM,esm-hist,r1i1p1f1,gn,tas,1865,287.505,K,historical,emissions,pangeo,CMIP6
NorESM2-LM,esm-hist,r1i1p1f1,gn,tas,1866,287.56,K,historical,emissions,pangeo,CMIP6
NorESM2-LM,esm-hist,r1i1p1f1,gn,tas,1867,287.593,K,historical,emissions,pangeo,CMIP6
NorESM2-LM,esm-hist,r1i1p1f1,gn,tas,1868,287.749,K,historical,emissions,pangeo,CMIP6
NorESM2-LM,esm-hist,r1i1p1f1,gn,tas,1869,287.633,K,historical,emissions,pangeo,CMIP6
NorESM2-LM,esm-hist,r1i1p1f1,gn,tas,1870,287.625,K,historical,emissions,pangeo,CMIP6
NorESM2-LM,esm-hist,r1i1p1f1,gn,tas,1871,287.727,K,historical,emissions,pangeo,CMIP6
NorESM2-LM,esm-hist,r1i1p1f1,gn,tas,1872,287.554,K,historical,emissions,pangeo,CMIP6
NorESM2-LM,esm-hist,r1i1p1f1,gn,tas,1873,287.532,K,historical,emissions,pangeo,CMIP6
NorESM2-LM,esm-hist,r1i1p1f1,gn,tas,1874,287.6,K,historical,emissions,pangeo,CMIP6
NorESM2-LM,esm-hist,r1i1p1f1,gn,tas,1875,287.727,K,historical,emissions,pangeo,CMIP6
NorESM2-LM,esm-hist,r1i1p1f1,gn,tas,1876,287.791,K,historical,emissions,pangeo,CMIP6
NorESM2-LM,esm-hist,r1i1p1f1,gn,tas,1877,287.644,K,historical,emissions,pangeo,CMIP6
NorESM2-LM,esm-hist,r1i1p1f1,gn,tas,1878,287.677,K,historical,emissions,pangeo,CMIP6
NorESM2-LM,esm-hist,r1i1p1f1,gn,tas,1879,287.643,K,historical,emissions,pangeo,CMIP6
NorESM2-LM,esm-hist,r1i1p1f1,gn,tas,1880,287.536,K,historical,emissions,pangeo,CMIP6
NorESM2-LM,esm-hist,r1i1p1f1,gn,tas,1881,287.651,K,historical,emissions,pangeo,CMIP6
NorESM2-LM,esm-hist,r1i1p1f1,gn,tas,1882,287.687,K,historical,emissions,pangeo,CMIP6
NorESM2-LM,esm-hist,r1i1p1f1,gn,tas,1883,287.599,K,historical,emissions,pangeo,CMIP6
NorESM2-LM,esm-hist,r1i1p1f1,gn,tas,1884,287.313,K,historical,emissions,pangeo,CMIP6
NorESM2-LM,esm-hist,r1i1p1f1,gn,tas,1885,287.355,K,historical,emissions,pangeo,CMIP6
NorESM2-LM,esm-hist,r1i1p1f1,gn,tas,1886,287.419,K,historical,emissions,pangeo,CMIP6
NorESM2-LM,esm-hist,r1i1p1f1,gn,tas,1887,287.49,K,historical,emissions,pangeo,CMIP6
NorESM2-LM,esm-hist,r1i1p1f1,gn,tas,1888,287.664,K,historical,emissions,pangeo,CMIP6
NorESM2-LM,esm-hist,r1i1p1f1,gn,tas,1889,287.79,K,historical,emissions,pangeo,CMIP6
NorESM2-LM,esm-hist,r1i1p1f1,gn,tas,1890,287.538,K,historical,emissions,pangeo,CMIP6
NorESM2-LM,esm-hist,r1i1p1f1,gn,tas,1891,287.571,K,historical,emissions,pangeo,CMIP6
NorESM2-LM,esm-hist,r1i1p1f1,gn,tas,1892,287.578,K,historical,emissions,pangeo,CMIP6
NorESM2-LM,esm-hist,r1i1p1f1,gn,tas,1893,287.527,K,historical,emissions,pangeo,CMIP6
NorESM2-LM,esm-hist,r1i1p1f1,gn,tas,1894,287.502,K,historical,emissions,pangeo,CMIP6
NorESM2-LM,esm-hist,r1i1p1f1,gn,tas,1895,287.667,K,historical,emissions,pangeo,CMIP6
NorESM2-LM,esm-hist,r1i1p1f1,gn,tas,1896,287.802,K,historical,emissions,pangeo,CMIP6
NorESM2-LM,esm-hist,r1i1p1f1,gn,tas,1897,287.595,K,historical,emissions,pangeo,CMIP6
NorESM2-LM,esm-hist,r1i1p1f1,gn,tas,1898,287.638,K,historical,emissions,pangeo,CMIP6
NorESM2-LM,esm-hist,r1i1p1f1,gn,tas,1899,287.725,K,historical,emissions,pangeo,CMIP6
NorESM2-LM,esm-hist,r1i1p1f1,gn,tas,1900,287.562,K,historical,emissions,pangeo,CMIP6
NorESM2-LM,esm-hist,r1i1p1f1,gn,tas,1901,287.495,K,historical,emissions,pangeo,CMIP6
NorESM2-LM,esm-hist,r1i1p1f1,gn,tas,1902,287.6,K,historical,emissions,pangeo,CMIP6
NorESM2-LM,esm-hist,r1i1p1f1,gn,tas,1903,287.607,K,historical,emissions,pangeo,CMIP6
NorESM2-LM,esm-hist,r1i1p1f1,gn,tas,1904,287.751,K,historical,emissions,pangeo,CMIP6
NorESM2-LM,esm-hist,r1i1p1f1,gn,tas,1905,287.768,K,historical,emissions,pangeo,CMIP6
NorESM2-LM,esm-hist,r1i1p1f1,gn,tas,1906,287.739,K,historical,emissions,pangeo,CMIP6
NorESM2-LM,esm-hist,r1i1p1f1,gn,tas,1907,287.487,K,historical,emissions,pangeo,CMIP6
NorESM2-LM,esm-hist,r1i1p1f1,gn,tas,1908,287.521,K,historical,emissions,pangeo,CMIP6
NorESM2-LM,esm-hist,r1i1p1f1,gn,tas,1909,287.65,K,historical,emissions,pangeo,CMIP6
NorESM2-LM,esm-hist,r1i1p1f1,gn,tas,1910,287.476,K,historical,emissions,pangeo,CMIP6
NorESM2-LM,esm-hist,r1i1p1f1,gn,tas,1911,287.426,K,historical,emissions,pangeo,CMIP6
NorESM2-LM,esm-hist,r1i1p1f1,gn,tas,1912,287.3,K,historical,emissions,pangeo,CMIP6
NorESM2-LM,esm-hist,r1i1p1f1,gn,tas,1913,287.412,K,historical,emissions,pangeo,CMIP6
NorESM2-LM,esm-hist,r1i1p1f1,gn,tas,1914,287.651,K,historical,emissions,pangeo,CMIP6
NorESM2-LM,esm-hist,r1i1p1f1,gn,tas,1915,287.758,K,historical,emissions,pangeo,CMIP6
NorESM2-LM,esm-hist,r1i1p1f1,gn,tas,1916,287.581,K,historical,emissions,pangeo,CMIP6
NorESM2-LM,esm-hist,r1i1p1f1,gn,tas,1917,287.63,K,historical,emissions,pangeo,CMIP6
NorESM2-LM,esm-hist,r1i1p1f1,gn,tas,1918,287.586,K,historical,emissions,pangeo,CMIP6
NorESM2-LM,esm-hist,r1i1p1f1,gn,tas,1919,287.809,K,historical,emissions,pangeo,CMIP6
NorESM2-LM,esm-hist,r1i1p1f1,gn,tas,1920,288.013,K,historical,emissions,pangeo,CMIP6
NorESM2-LM,esm-hist,r1i1p1f1,gn,tas,1921,287.768,K,historical,emissions,pangeo,CMIP6
NorESM2-LM,esm-hist,r1i1p1f1,gn,tas,1922,287.854,K,historical,emissions,pangeo,CMIP6
NorESM2-LM,esm-hist,r1i1p1f1,gn,tas,1923,287.779,K,historical,emissions,pangeo,CMIP6
NorESM2-LM,esm-hist,r1i1p1f1,gn,tas,1924,287.514,K,historical,emissions,pangeo,CMIP6
NorESM2-LM,esm-hist,r1i1p1f1,gn,tas,1925,287.404,K,historical,emissions,pangeo,CMIP6
NorESM2-LM,esm-hist,r1i1p1f1,gn,tas,1926,287.516,K,historical,emissions,pangeo,CMIP6
NorESM2-LM,esm-hist,r1i1p1f1,gn,tas,1927,287.483,K,historical,emissions,pangeo,CMIP6
NorESM2-LM,esm-hist,r1i1p1f1,gn,tas,1928,287.57,K,historical,emissions,pangeo,CMIP6
NorESM2-LM,esm-hist,r1i1p1f1,gn,tas,1929,287.686,K,historical,emissions,pangeo,CMIP6
NorESM2-LM,esm-hist,r1i1p1f1,gn,tas,1930,287.735,K,historical,emissions,pangeo,CMIP6
NorESM2-LM,esm-hist,r1i1p1f1,gn,tas,1931,287.826,K,historical,emissions,pangeo,CMIP6
NorESM2-LM,esm-hist,r1i1p1f1,gn,tas,1932,287.821,K,historical,emissions,pangeo,CMIP6
NorESM2-LM,esm-hist,r1i1p1f1,gn,tas,1933,287.797,K,historical,emissions,pangeo,CMIP6
NorESM2-LM,esm-hist,r1i1p1f1,gn,tas,1934,287.626,K,historical,emissions,pangeo,CMIP6
NorESM2-LM,esm-hist,r1i1p1f1,gn,tas,1935,287.621,K,historical,emissions,pangeo,CMIP6
NorESM2-LM,esm-hist,r1i1p1f1,gn,tas,1936,287.816,K,historical,emissions,pangeo,CMIP6
NorESM2-LM,esm-hist,r1i1p1f1,gn,tas,1937,287.897,K,historical,emissions,pangeo,CMIP6
NorESM2-LM,esm-hist,r1i1p1f1,gn,tas,1938,287.744,K,historical,emissions,pangeo,CMIP6
NorESM2-LM,esm-hist,r1i1p1f1,gn,tas,1939,287.862,K,historical,emissions,pangeo,CMIP6
NorESM2-LM,esm-hist,r1i1p1f1,gn,tas,1940,288.137,K,historical,emissions,pangeo,CMIP6
NorESM2-LM,esm-hist,r1i1p1f1,gn,tas,1941,287.88,K,historical,emissions,pangeo,CMIP6
NorESM2-LM,esm-hist,r1i1p1f1,gn,tas,1942,287.829,K,historical,emissions,pangeo,CMIP6
NorESM2-LM,esm-hist,r1i1p1f1,gn,tas,1943,287.783,K,historical,emissions,pangeo,CMIP6
NorESM2-LM,esm-hist,r1i1p1f1,gn,tas,1944,287.715,K,historical,emissions,pangeo,CMIP6
NorESM2-LM,esm-hist,r1i1p1f1,gn,tas,1945,287.94,K,historical,emissions,pangeo,CMIP6
NorESM2-LM,esm-hist,r1i1p1f1,gn,tas,1946,287.92,K,historical,emissions,pangeo,CMIP6
NorESM2-LM,esm-hist,r1i1p1f1,gn,tas,1947,287.804,K,historical,emissions,pangeo,CMIP6
NorESM2-LM,esm-hist,r1i1p1f1,gn,tas,1948,287.869,K,historical,emissions,pangeo,CMIP6
NorESM2-LM,esm-hist,r1i1p1f1,gn,tas,1949,287.822,K,historical,emissions,pangeo,CMIP6
NorESM2-LM,esm-hist,r1i1p1f1,gn,tas,1950,287.722,K,historical,emissions,pangeo,CMIP6
NorESM2-LM,esm-hist,r1i1p1f1,gn,tas,1951,287.848,K,historical,emissions,pangeo,CMIP6
NorESM2-LM,esm-hist,r1i1p1f1,gn,tas,1952,287.888,K,historical,emissions,pangeo,CMIP6
NorESM2-LM,esm-hist,r1i1p1f1,gn,tas,1953,287.943,K,historical,emissions,pangeo,CMIP6
NorESM2-LM,esm-hist,r1i1p1f1,gn,tas,1954,287.767,K,historical,emissions,pangeo,CMIP6
NorESM2-LM,esm-hist,r1i1p1f1,gn,tas,1955,287.727,K,historical,emissions,pangeo,CMIP6
NorESM2-LM,esm-hist,r1i1p1f1,gn,tas,1956,287.682,K,historical,emissions,pangeo,CMIP6
NorESM2-LM,esm-hist,r1i1p1f1,gn,tas,1957,287.605,K,historical,emissions,pangeo,CMIP6
NorESM2-LM,esm-hist,r1i1p1f1,gn,tas,1958,287.535,K,historical,emissions,pangeo,CMIP6
NorESM2-LM,esm-hist,r1i1p1f1,gn,tas,1959,287.789,K,historical,emissions,pangeo,CMIP6
NorESM2-LM,esm-hist,r1i1p1f1,gn,tas,1960,287.743,K,historical,emissions,pangeo,CMIP6
NorESM2-LM,esm-hist,r1i1p1f1,gn,tas,1961,287.719,K,historical,emissions,pangeo,CMIP6
NorESM2-LM,esm-hist,r1i1p1f1,gn,tas,1962,287.733,K,historical,emissions,pangeo,CMIP6
NorESM2-LM,esm-hist,r1i1p1f1,gn,tas,1963,287.494,K,historical,emissions,pangeo,CMIP6
NorESM2-LM,esm-hist,r1i1p1f1,gn,tas,1964,287.359,K,historical,emissions,pangeo,CMIP6
NorESM2-LM,esm-hist,r1i1p1f1,gn,tas,1965,287.471,K,historical,emissions,pangeo,CMIP6
NorESM2-LM,esm-hist,r1i1p1f1,gn,tas,1966,287.554,K,historical,emissions,pangeo,CMIP6
NorESM2-LM,esm-hist,r1i1p1f1,gn,tas,1967,287.6,K,historical,emissions,pangeo,CMIP6
NorESM2-LM,esm-hist,r1i1p1f1,gn,tas,1968,287.618,K,historical,emissions,pangeo,CMIP6
NorESM2-LM,esm-hist,r1i1p1f1,gn,tas,1969,287.981,K,historical,emissions,pangeo,CMIP6
NorESM2-LM,esm-hist,r1i1p1f1,gn,tas,1970,287.891,K,historical,emissions,pangeo,CMIP6
NorESM2-LM,esm-hist,r1i1p1f1,gn,tas,1971,287.609,K,historical,emissions,pangeo,CMIP6
NorESM2-LM,esm-hist,r1i1p1f1,gn,tas,1972,287.698,K,historical,emissions,pangeo,CMIP6
NorESM2-LM,esm-hist,r1i1p1f1,gn,tas,1973,287.907,K,historical,emissions,pangeo,CMIP6
NorESM2-LM,esm-hist,r1i1p1f1,gn,tas,1974,287.971,K,historical,emissions,pangeo,CMIP6
NorESM2-LM,esm-hist,r1i1p1f1,gn,tas,1975,287.975,K,historical,emissions,pangeo,CMIP6
NorESM2-LM,esm-hist,r1i1p1f1,gn,tas,1976,287.763,K,historical,emissions,pangeo,CMIP6
NorESM2-LM,esm-hist,r1i1p1f1,gn,tas,1977,287.874,K,historical,emissions,pangeo,CMIP6
NorESM2-LM,esm-hist,r1i1p1f1,gn,tas,1978,288.035,K,historical,emissions,pangeo,CMIP6
NorESM2-LM,esm-hist,r1i1p1f1,gn,tas,1979,287.964,K,historical,emissions,pangeo,CMIP6
NorESM2-LM,esm-hist,r1i1p1f1,gn,tas,1980,287.982,K,historical,emissions,pangeo,CMIP6
NorESM2-LM,esm-hist,r1i1p1f1,gn,tas,1981,287.952,K,historical,emissions,pangeo,CMIP6
NorESM2-LM,esm-hist,r1i1p1f1,gn,tas,1982,287.837,K,historical,emissions,pangeo,CMIP6
NorESM2-LM,esm-hist,r1i1p1f1,gn,tas,1983,287.609,K,historical,emissions,pangeo,CMIP6
NorESM2-LM,esm-hist,r1i1p1f1,gn,tas,1984,287.715,K,historical,emissions,pangeo,CMIP6
NorESM2-LM,esm-hist,r1i1p1f1,gn,tas,1985,287.724,K,historical,emissions,pangeo,CMIP6
NorESM2-LM,esm-hist,r1i1p1f1,gn,tas,1986,287.944,K,historical,emissions,pangeo,CMIP6
NorESM2-LM,esm-hist,r1i1p1f1,gn,tas,1987,287.974,K,historical,emissions,pangeo,CMIP6
NorESM2-LM,esm-hist,r1i1p1f1,gn,tas,1988,287.983,K,historical,emissions,pangeo,CMIP6
NorESM2-LM,esm-hist,r1i1p1f1,gn,tas,1989,287.92,K,historical,emissions,pangeo,CMIP6
NorESM2-LM,esm-hist,r1i1p1f1,gn,tas,1990,287.966,K,historical,emissions,pangeo,CMIP6
NorESM2-LM,esm-hist,r1i1p1f1,gn,tas,1991,287.955,K,historical,emissions,pangeo,CMIP6
NorESM2-LM,esm-hist,r1i1p1f1,gn,tas,1992,287.744,K,historical,emissions,pangeo,CMIP6
NorESM2-LM,esm-hist,r1i1p1f1,gn,tas,1993,287.665,K,historical,emissions,pangeo,CMIP6
NorESM2-LM,esm-hist,r1i1p1f1,gn,tas,1994,287.595,K,historical,emissions,pangeo,CMIP6
NorESM2-LM,esm-hist,r1i1p1f1,gn,tas,1995,287.813,K,historical,emissions,pangeo,CMIP6
NorESM2-LM,esm-hist,r1i1p1f1,gn,tas,1996,288.034,K,historical,emissions,pangeo,CMIP6
NorESM2-LM,esm-hist,r1i1p1f1,gn,tas,1997,288.171,K,historical,emissions,pangeo,CMIP6
NorESM2-LM,esm-hist,r1i1p1f1,gn,tas,1998,288.299,K,historical,emissions,pangeo,CMIP6
NorESM2-LM,esm-hist,r1i1p1f1,gn,tas,1999,288.275,K,historical,emissions,pangeo,CMIP6
NorESM2-LM,esm-hist,r1i1p1f1,gn,tas,2000,288.123,K,historical,emissions,pangeo,CMIP6
NorESM2-LM,esm-hist,r1i1p1f1,gn,tas,2001,288.032,K,historical,emissions,pangeo,CMIP6
NorESM2-LM,esm-hist,r1i1p1f1,gn,tas,2002,288.17,K,historical,emissions,pangeo,CMIP6
NorESM2-LM,esm-hist,r1i1p1f1,gn,tas,2003,288.163,K,historical,emissions,pangeo,CMIP6
NorESM2-LM,esm-hist,r1i1p1f1,gn,tas,2004,288.068,K,historical,emissions,pangeo,CMIP6
NorESM2-LM,esm-hist,r1i1p1f1,gn,tas,2005,288.001,K,historical,emissions,pangeo,CMIP6
NorESM2-LM,esm-hist,r1i1p1f1,gn,tas,2006,288.115,K,historical,emissions,pangeo,CMIP6
NorESM2-LM,esm-hist,r1i1p1f1,gn,tas,2007,288.329,K,historical,emissions,pangeo,CMIP6
NorESM2-LM,esm-hist,r1i1p1f1,gn,tas,2008,288.292,K,historical,emissions,pangeo,CMIP6
NorESM2-LM,esm-hist,r1i1p1f1,gn,tas,2009,288.31,K,historical,emissions,pangeo,CMIP6
NorESM2-LM,esm-hist,r1i1p1f1,gn,tas,2010,288.264,K,historical,emissions,pangeo,CMIP6
NorESM2-LM,esm-hist,r1i1p1f1,gn,tas,2011,288.151,K,historical,emissions,pangeo,CMIP6
NorESM2-LM,esm-hist,r1i1p1f1,gn,tas,2012,288.097,K,historical,emissions,pangeo,CMIP6
NorESM2-LM,esm-hist,r1i1p1f1,gn,tas,2013,288.171,K,historical,emissions,pangeo,CMIP6
NorESM2-LM,esm-hist,r1i1p1f1,gn,tas,2014,288.305,K,historical,emissions,pangeo,CMIP6
NorESM2-LM,esm-ssp585,r1i1p1f1,gn,tas,2015,288.224,K,ssp585,emissions,pangeo,CMIP6
NorESM2-LM,esm-ssp585,r1i1p1f1,gn,tas,2016,288.259,K,ssp585,emissions,pangeo,CMIP6
NorESM2-LM,esm-ssp585,r1i1p1f1,gn,tas,2017,288.579,K,ssp585,emissions,pangeo,CMIP6
NorESM2-LM,esm-ssp585,r1i1p1f1,gn,tas,2018,288.591,K,ssp585,emissions,pangeo,CMIP6
NorESM2-LM,esm-ssp585,r1i1p1f1,gn,tas,2019,288.554,K,ssp585,emissions,pangeo,CMIP6
NorESM2-LM,esm-ssp585,r1i1p1f1,gn,tas,2020,288.594,K,ssp585,emissions,pangeo,CMIP6
NorESM2-LM,esm-ssp585,r1i1p1f1,gn,tas,2021,288.626,K,ssp585,emissions,pangeo,CMIP6
NorESM2-LM,esm-ssp585,r1i1p1f1,gn,tas,2022,288.479,K,ssp585,emissions,pangeo,CMIP6
NorESM2-LM,esm-ssp585,r1i1p1f1,gn,tas,2023,288.302,K,ssp585,emissions,pangeo,CMIP6
NorESM2-LM,esm-ssp585,r1i1p1f1,gn,tas,2024,288.446,K,ssp585,emissions,pangeo,CMIP6
NorESM2-LM,esm-ssp585,r1i1p1f1,gn,tas,2025,288.722,K,ssp585,emissions,pangeo,CMIP6
NorESM2-LM,esm-ssp585,r1i1p1f1,gn,tas,2026,288.812,K,ssp585,emissions,pangeo,CMIP6
NorESM2-LM,esm-ssp585,r1i1p1f1,gn,tas,2027,288.874,K,ssp585,emissions,pangeo,CMIP6
NorESM2-LM,esm-ssp585,r1i1p1f1,gn,tas,2028,289.046,K,ssp585,emissions,pangeo,CMIP6
NorESM2-LM,esm-ssp585,r1i1p1f1,gn,tas,2029,289.147,K,ssp585,emissions,pangeo,CMIP6
NorESM2-LM,esm-ssp585,r1i1p1f1,gn,tas,2030,288.996,K,ssp585,emissions,pangeo,CMIP6
NorESM2-LM,esm-ssp585,r1i1p1f1,gn,tas,2031,288.844,K,ssp585,emissions,pangeo,CMIP6
NorESM2-LM,esm-ssp585,r1i1p1f1,gn,tas,2032,288.87,K,ssp585,emissions,pangeo,CMIP6
NorESM2-LM,esm-ssp585,r1i1p1f1,gn,tas,2033,289.104,K,ssp585,emissions,pangeo,CMIP6
NorESM2-LM,esm-ssp585,r1i1p1f1,gn,tas,2034,289.395,K,ssp585,emissions,pangeo,CMIP6
NorESM2-LM,esm-ssp585,r1i1p1f1,gn,tas,2035,289.197,K,ssp585,emissions,pangeo,CMIP6
NorESM2-LM,esm-ssp585,r1i1p1f1,gn,tas,2036,288.958,K,ssp585,emissions,pangeo,CMIP6
NorESM2-LM,esm-ssp585,r1i1p1f1,gn,tas,2037,289.087,K,ssp585,emissions,pangeo,CMIP6
NorESM2-LM,esm-ssp585,r1i1p1f1,gn,tas,2038,289.066,K,ssp585,emissions,pangeo,CMIP6
NorESM2-LM,esm-ssp585,r1i1p1f1,gn,tas,2039,289.049,K,ssp585,emissions,pangeo,CMIP6
NorESM2-LM,esm-ssp585,r1i1p1f1,gn,tas,2040,289.238,K,ssp585,emissions,pangeo,CMIP6
NorESM2-LM,esm-ssp585,r1i1p1f1,gn,tas,2041,289.385,K,ssp585,emissions,pangeo,CMIP6
NorESM2-LM,esm-ssp585,r1i1p1f1,gn,tas,2042,289.26,K,ssp585,emissions,pangeo,CMIP6
NorESM2-LM,esm-ssp585,r1i1p1f1,gn,tas,2043,289.159,K,ssp585,emissions,pangeo,CMIP6
NorESM2-LM,esm-ssp585,r1i1p1f1,gn,tas,2044,289.249,K,ssp585,emissions,pangeo,CMIP6
NorESM2-LM,esm-ssp585,r1i1p1f1,gn,tas,2045,289.543,K,ssp585,emissions,pangeo,CMIP6
NorESM2-LM,esm-ssp585,r1i1p1f1,gn,tas,2046,289.628,K,ssp585,emissions,pangeo,CMIP6
NorESM2-LM,esm-ssp585,r1i1p1f1,gn,tas,2047,289.374,K,ssp585,emissions,pangeo,CMIP6
NorESM2-LM,esm-ssp585,r1i1p1f1,gn,tas,2048,289.291,K,ssp585,emissions,pangeo,CMIP6
NorESM2-LM,esm-ssp585,r1i1p1f1,gn,tas,2049,289.358,K,ssp585,emissions,pangeo,CMIP6
NorESM2-LM,esm-ssp585,r1i1p1f1,gn,tas,2050,289.672,K,ssp585,emissions,pangeo,CMIP6
NorESM2-LM,esm-ssp585,r1i1p1f1,gn,tas,2051,289.372,K,ssp585,emissions,pangeo,CMIP6
NorESM2-LM,esm-ssp585,r1i1p1f1,gn,tas,2052,289.481,K,ssp585,emissions,pangeo,CMIP6
NorESM2-LM,esm-ssp585,r1i1p1f1,gn,tas,2053,289.891,K,ssp585,emissions,pangeo,CMIP6
NorESM2-LM,esm-ssp585,r1i1p1f1,gn,tas,2054,289.86,K,ssp585,emissions,pangeo,CMIP6
NorESM2-LM,esm-ssp585,r1i1p1f1,gn,tas,2055,289.603,K,ssp585,emissions,pangeo,CMIP6
NorESM2-LM,esm-ssp585,r1i1p1f1,gn,tas,2056,289.607,K,ssp585,emissions,pangeo,CMIP6
NorESM2-LM,esm-ssp585,r1i1p1f1,gn,tas,2057,289.878,K,ssp585,emissions,pangeo,CMIP6
NorESM2-LM,esm-ssp585,r1i1p1f1,gn,tas,2058,289.946,K,ssp585,emissions,pangeo,CMIP6
NorESM2-LM,esm-ssp585,r1i1p1f1,gn,tas,2059,289.708,K,ssp585,emissions,pangeo,CMIP6
NorESM2-LM,esm-ssp585,r1i1p1f1,gn,tas,2060,289.79,K,ssp585,emissions,pangeo,CMIP6
NorESM2-LM,esm-ssp585,r1i1p1f1,gn,tas,2061,289.911,K,ssp585,emissions,pangeo,CMIP6
NorESM2-LM,esm-ssp585,r1i1p1f1,gn,tas,2062,289.779,K,ssp585,emissions,pangeo,CMIP6
NorESM2-LM,esm-ssp585,r1i1p1f1,gn,tas,2063,289.65,K,ssp585,emissions,pangeo,CMIP6
NorESM2-LM,esm-ssp585,r1i1p1f1,gn,tas,2064,289.743,K,ssp585,emissions,pangeo,CMIP6
NorESM2-LM,esm-ssp585,r1i1p1f1,gn,tas,2065,289.929,K,ssp585,emissions,pangeo,CMIP6
NorESM2-LM,esm-ssp585,r1i1p1f1,gn,tas,2066,290.174,K,ssp585,emissions,pangeo,CMIP6
NorESM2-LM,esm-ssp585,r1i1p1f1,gn,tas,2067,290.172,K,ssp585,emissions,pangeo,CMIP6
NorESM2-LM,esm-ssp585,r1i1p1f1,gn,tas,2068,290.184,K,ssp585,emissions,pangeo,CMIP6
NorESM2-LM,esm-ssp585,r1i1p1f1,gn,tas,2069,290.325,K,ssp585,emissions,pangeo,CMIP6
NorESM2-LM,esm-ssp585,r1i1p1f1,gn,tas,2070,290.151,K,ssp585,emissions,pangeo,CMIP6
NorESM2-LM,esm-ssp585,r1i1p1f1,gn,tas,2071,290.201,K,ssp585,emissions,pangeo,CMIP6
NorESM2-LM,esm-ssp585,r1i1p1f1,gn,tas,2072,290.539,K,ssp585,emissions,pangeo,CMIP6
NorESM2-LM,esm-ssp585,r1i1p1f1,gn,tas,2073,290.213,K,ssp585,emissions,pangeo,CMIP6
NorESM2-LM,esm-ssp585,r1i1p1f1,gn,tas,2074,290.083,K,ssp585,emissions,pangeo,CMIP6
NorESM2-LM,esm-ssp585,r1i1p1f1,gn,tas,2075,290.086,K,ssp585,emissions,pangeo,CMIP6
NorESM2-LM,esm-ssp585,r1i1p1f1,gn,tas,2076,290.27,K,ssp585,emissions,pangeo,CMIP6
NorESM2-LM,esm-ssp585,r1i1p1f1,gn,tas,2077,290.499,K,ssp585,emissions,pangeo,CMIP6
NorESM2-LM,esm-ssp585,r1i1p1f1,gn,tas,2078,290.244,K,ssp585,emissions,pangeo,CMIP6
NorESM2-LM,esm-ssp585,r1i1p1f1,gn,tas,2079,290.225,K,ssp585,emissions,pangeo,CMIP6
NorESM2-LM,esm-ssp585,r1i1p1f1,gn,tas,2080,290.628,K,ssp585,emissions,pangeo,CMIP6
NorESM2-LM,esm-ssp585,r1i1p1f1,gn,tas,2081,290.947,K,ssp585,emissions,pangeo,CMIP6
NorESM2-LM,esm-ssp585,r1i1p1f1,gn,tas,2082,290.827,K,ssp585,emissions,pangeo,CMIP6
NorESM2-LM,esm-ssp585,r1i1p1f1,gn,tas,2083,290.908,K,ssp585,emissions,pangeo,CMIP6
NorESM2-LM,esm-ssp585,r1i1p1f1,gn,tas,2084,290.958,K,ssp585,emissions,pangeo,CMIP6
NorESM2-LM,esm-ssp585,r1i1p1f1,gn,tas,2085,290.835,K,ssp585,emissions,pangeo,CMIP6
NorESM2-LM,esm-ssp585,r1i1p1f1,gn,tas,2086,291.167,K,ssp585,emissions,pangeo,CMIP6
NorESM2-LM,esm-ssp585,r1i1p1f1,gn,tas,2087,291.17,K,ssp585,emissions,pangeo,CMIP6
NorESM2-LM,esm-ssp585,r1i1p1f1,gn,tas,2088,291.158,K,ssp585,emissions,pangeo,CMIP6
NorESM2-LM,esm-ssp585,r1i1p1f1,gn,tas,2089,291.245,K,ssp585,emissions,pangeo,CMIP6
NorESM2-LM,esm-ssp585,r1i1p1f1,gn,tas,2090,291.325,K,ssp585,emissions,pangeo,CMIP6
NorESM2-LM,esm-ssp585,r1i1p1f1,gn,tas,2091,291.116,K,ssp585,emissions,pangeo,CMIP6
NorESM2-LM,esm-ssp585,r1i1p1f1,gn,tas,2092,291.145,K,ssp585,emissions,pangeo,CMIP6
NorESM2-LM,esm-ssp585,r1i1p1f1,gn,tas,2093,291.366,K,ssp585,emissions,pangeo,CMIP6
NorESM2-LM,esm-ssp585,r1i1p1f1,gn,tas,2094,291.475,K,ssp585,emissions,pangeo,CMIP6
NorESM2-LM,esm-ssp585,r1i1p1f1,gn,tas,2095,291.378,K,ssp585,emissions,pangeo,CMIP6
NorESM2-LM,esm-ssp585,r1i1p1f1,gn,tas,2096,291.488,K,ssp585,emissions,pangeo,CMIP6
NorESM2-LM,esm-ssp585,r1i1p1f1,gn,tas,2097,291.665,K,ssp585,emissions,pangeo,CMIP6
NorESM2-LM,esm-ssp585,r1i1p1f1,gn,tas,2098,291.379,K,ssp585,emissions,pangeo,CMIP6
NorESM2-LM,esm-ssp585,r1i1p1f1,gn,tas,2099,291.597,K,ssp585,emissions,pangeo,CMIP6
NorESM2-LM,esm-ssp585,r1i1p1f1,gn,tas,2100,291.615,K,ssp585,emissions,pangeo,CMIP6
UKESM1-0-LL,esm-hist,r1i1p1f2,gn,tas,1850,286.314,K,historical,emissions,pangeo,CMIP6
UKESM1-0-LL,esm-hist,r1i1p1f2,gn,tas,1851,286.457,K,historical,emissions,pangeo,CMIP6
UKESM1-0-LL,esm-hist,r1i1p1f2,gn,tas,1852,286.305,K,historical,emissions,pangeo,CMIP6
UKESM1-0-LL,esm-hist,r1i1p1f2,gn,tas,1853,286.257,K,historical,emissions,pangeo,CMIP6
UKESM1-0-LL,esm-hist,r1i1p1f2,gn,tas,1854,286.347,K,historical,emissions,pangeo,CMIP6
UKESM1-0-LL,esm-hist,r1i1p1f2,gn,tas,1855,286.409,K,historical,emissions,pangeo,CMIP6
UKESM1-0-LL,esm-hist,r1i1p1f2,gn,tas,1856,286.412,K,historical,emissions,pangeo,CMIP6
UKESM1-0-LL,esm-hist,r1i1p1f2,gn,tas,1857,286.304,K,historical,emissions,pangeo,CMIP6
UKESM1-0-LL,esm-hist,r1i1p1f2,gn,tas,1858,286.29,K,historical,emissions,pangeo,CMIP6
UKESM1-0-LL,esm-hist,r1i1p1f2,gn,tas,1859,286.378,K,historical,emissions,pangeo,CMIP6
UKESM1-0-LL,esm-hist,r1i1p1f2,gn,tas,1860,286.492,K,historical,emissions,pangeo,CMIP6
UKESM1-0-LL,esm-hist,r1i1p1f2,gn,tas,1861,286.282,K,historical,emissions,pangeo,CMIP6
UKESM1-0-LL,esm-hist,r1i1p1f2,gn,tas,1862,286.182,K,historical,emissions,pangeo,CMIP6
UKESM1-0-LL,esm-hist,r1i1p1f2,gn,tas,1863,286.246,K,historical,emissions,pangeo,CMIP6
UKESM1-0-LL,esm-hist,r1i1p1f2,gn,tas,1864,286.407,K,historical,emissions,pangeo,CMIP6
UKESM1-0-LL,esm-hist,r1i1p1f2,gn,tas,1865,286.5,K,historical,emissions,pangeo,CMIP6
UKESM1-0-LL,esm-hist,r1i1p1f2,gn,tas,1866,286.465,K,historical,emissions,pangeo,CMIP6
UKESM1-0-LL,esm-hist,r1i1p1f2,gn,tas,1867,286.496,K,historical,emissions,pangeo,CMIP6
UKESM1-0-LL,esm-hist,r1i1p1f2,gn,tas,1868,286.539,K,historical,emissions,pangeo,CMIP6
UKESM1-0-LL,esm-hist,r1i1p1f2,gn,tas,1869,286.698,K,historical,emissions,pangeo,CMIP6
UKESM1-0-LL,esm-hist,r1i1p1f2,gn,tas,1870,286.723,K,historical,emissions,pangeo,CMIP6
UKESM1-0-LL,esm-hist,r1i1p1f2,gn,tas,1871,286.809,K,historical,emissions,pangeo,CMIP6
UKESM1-0-LL,esm-hist,r1i1p1f2,gn,tas,1872,286.69,K,historical,emissions,pangeo,CMIP6
UKESM1-0-LL,esm-hist,r1i1p1f2,gn,tas,1873,286.474,K,historical,emissions,pangeo,CMIP6
UKESM1-0-LL,esm-hist,r1i1p1f2,gn,tas,1874,286.464,K,historical,emissions,pangeo,CMIP6
UKESM1-0-LL,esm-hist,r1i1p1f2,gn,tas,1875,286.655,K,historical,emissions,pangeo,CMIP6
UKESM1-0-LL,esm-hist,r1i1p1f2,gn,tas,1876,286.622,K,historical,emissions,pangeo,CMIP6
UKESM1-0-LL,esm-hist,r1i1p1f2,gn,tas,1877,286.397,K,historical,emissions,pangeo,CMIP6
UKESM1-0-LL,esm-hist,r1i1p1f2,gn,tas,1878,286.316,K,historical,emissions,pangeo,CMIP6
UKESM1-0-LL,esm-hist,r1i1p1f2,gn,tas,1879,286.489,K,historical,emissions,pangeo,CMIP6
UKESM1-0-LL,esm-hist,r1i1p1f2,gn,tas,1880,286.512,K,historical,emissions,pangeo,CMIP6
UKESM1-0-LL,esm-hist,r1i1p1f2,gn,tas,1881,286.589,K,historical,emissions,pangeo,CMIP6
UKESM1-0-LL,esm-hist,r1i1p1f2,gn,tas,1882,286.711,K,historical,emissions,pangeo,CMIP6
UKESM1-0-LL,esm-hist,r1i1p1f2,gn,tas,1883,286.381,K,historical,emissions,pangeo,CMIP6
UKESM1-0-LL,esm-hist,r1i1p1f2,gn,tas,1884,286.23,K,historical,emissions,pangeo,CMIP6
UKESM1-0-LL,esm-hist,r1i1p1f2,gn,tas,1885,286.3,K,historical,emissions,pangeo,CMIP6
UKESM1-0-LL,esm-hist,r1i1p1f2,gn,tas,1886,286.465,K,historical,emissions,pangeo,CMIP6
UKESM1-0-LL,esm-hist,r1i1p1f2,gn,tas,1887,286.457,K,historical,emissions,pangeo,CMIP6
UKESM1-0-LL,esm-hist,r1i1p1f2,gn,tas,1888,286.292,K,historical,emissions,pangeo,CMIP6
UKESM1-0-LL,esm-hist,r1i1p1f2,gn,tas,1889,286.446,K,historical,emissions,pangeo,CMIP6
UKESM1-0-LL,esm-hist,r1i1p1f2,gn,tas,1890,286.421,K,historical,emissions,pangeo,CMIP6
UKESM1-0-LL,esm-hist,r1i1p1f2,gn,tas,1891,286.34,K,historical,emissions,pangeo,CMIP6
UKESM1-0-LL,esm-hist,r1i1p1f2,gn,tas,1892,286.249,K,historical,emissions,pangeo,CMIP6
UKESM1-0-LL,esm-hist,r1i1p1f2,gn,tas,1893,286.232,K,historical,emissions,pangeo,CMIP6
UKESM1-0-LL,esm-hist,r1i1p1f2,gn,tas,1894,286.136,K,historical,emissions,pangeo,CMIP6
UKESM1-0-LL,esm-hist,r1i1p1f2,gn,tas,1895,286.174,K,historical,emissions,pangeo,CMIP6
UKESM1-0-LL,esm-hist,r1i1p1f2,gn,tas,1896,286.355,K,historical,emissions,pangeo,CMIP6
UKESM1-0-LL,esm-hist,r1i1p1f2,gn,tas,1897,286.39,K,historical,emissions,pangeo,CMIP6
UKESM1-0-LL,esm-hist,r1i1p1f2,gn,tas,1898,286.077,K,historical,emissions,pangeo,CMIP6
UKESM1-0-LL,esm-hist,r1i1p1f2,gn,tas,1899,286.193,K,historical,emissions,pangeo,CMIP6
UKESM1-0-LL,esm-hist,r1i1p1f2,gn,tas,1900,286.222,K,historical,emissions,pangeo,CMIP6
UKESM1-0-LL,esm-hist,r1i1p1f2,gn,tas,1901,286.322,K,historical,emissions,pangeo,CMIP6
UKESM1-0-LL,esm-hist,r1i1p1f2,gn,tas,1902,286.357,K,historical,emissions,pangeo,CMIP6
UKESM1-0-LL,esm-hist,r1i1p1f2,gn,tas,1903,286.246,K,historical,emissions,pangeo,CMIP6
UKESM1-0-LL,esm-hist,r1i1p1f2,gn,tas,1904,286.115,K,historical,emissions,pangeo,CMIP6
UKESM1-0-LL,esm-hist,r1i1p1f2,gn,tas,1905,286.131,K,historical,emissions,pangeo,CMIP6
UKESM1-0-LL,esm-hist,r1i1p1f2,gn,tas,1906,286.388,K,historical,emissions,pangeo,CMIP6
UKESM1-0-LL,esm-hist,r1i1p1f2,gn,tas,1907,286.414,K,historical,emissions,pangeo,CMIP6
UKESM1-0-LL,esm-hist,r1i1p1f2,gn,tas,1908,286.362,K,historical,emissions,pangeo,CMIP6
UKESM1-0-LL,esm-hist,r1i1p1f2,gn,tas,1909,286.276,K,historical,emissions,pangeo,CMIP6
UKESM1-0-LL,esm-hist,r1i1p1f2,gn,tas,1910,286.424,K,historical,emissions,pangeo,CMIP6
UKESM1-0-LL,esm-hist,r1i1p1f2,gn,tas,1911,286.399,K,historical,emissions,pangeo,CMIP6
UKESM1-0-LL,esm-hist,r1i1p1f2,gn,tas,1912,286.324,K,historical,emissions,pangeo,CMIP6
UKESM1-0-LL,esm-hist,r1i1p1f2,gn,tas,1913,286.371,K,historical,emissions,pangeo,CMIP6
UKESM1-0-LL,esm-hist,r1i1p1f2,gn,tas,1914,286.418,K,historical,emissions,pangeo,CMIP6
UKESM1-0-LL,esm-hist,r1i1p1f2,gn,tas,1915,286.398,K,historical,emissions,pangeo,CMIP6
UKESM1-0-LL,esm-hist,r1i1p1f2,gn,tas,1916,286.44,K,historical,emissions,pangeo,CMIP6
UKESM1-0-LL,esm-hist,r1i1p1f2,gn,tas,1917,286.354,K,historical,emissions,pangeo,CMIP6
UKESM1-0-LL,esm-hist,r1i1p1f2,gn,tas,1918,286.314,K,historical,emissions,pangeo,CMIP6
UKESM1-0-LL,esm-hist,r1i1p1f2,gn,tas,1919,286.441,K,historical,emissions,pangeo,CMIP6
UKESM1-0-LL,esm-hist,r1i1p1f2,gn,tas,1920,286.231,K,historical,emissions,pangeo,CMIP6
UKESM1-0-LL,esm-hist,r1i1p1f2,gn,tas,1921,286.346,K,historical,emissions,pangeo,CMIP6
UKESM1-0-LL,esm-hist,r1i1p1f2,gn,tas,1922,286.293,K,historical,emissions,pangeo,CMIP6
UKESM1-0-LL,esm-hist,r1i1p1f2,gn,tas,1923,286.354,K,historical,emissions,pangeo,CMIP6
UKESM1-0-LL,esm-hist,r1i1p1f2,gn,tas,1924,286.324,K,historical,emissions,pangeo,CMIP6
UKESM1-0-LL,esm-hist,r1i1p1f2,gn,tas,1925,286.412,K,historical,emissions,pangeo,CMIP6
UKESM1-0-LL,esm-hist,r1i1p1f2,gn,tas,1926,286.359,K,historical,emissions,pangeo,CMIP6
UKESM1-0-LL,esm-hist,r1i1p1f2,gn,tas,1927,286.391,K,historical,emissions,pangeo,CMIP6
UKESM1-0-LL,esm-hist,r1i1p1f2,gn,tas,1928,286.34,K,historical,emissions,pangeo,CMIP6
UKESM1-0-LL,esm-hist,r1i1p1f2,gn,tas,1929,286.349,K,historical,emissions,pangeo,CMIP6
UKESM1-0-LL,esm-hist,r1i1p1f2,gn,tas,1930,286.346,K,historical,emissions,pangeo,CMIP6
UKESM1-0-LL,esm-hist,r1i1p1f2,gn,tas,1931,286.234,K,historical,emissions,pangeo,CMIP6
UKESM1-0-LL,esm-hist,r1i1p1f2,gn,tas,1932,286.12,K,historical,emissions,pangeo,CMIP6
UKESM1-0-LL,esm-hist,r1i1p1f2,gn,tas,1933,286.106,K,historical,emissions,pangeo,CMIP6
UKESM1-0-LL,esm-hist,r1i1p1f2,gn,tas,1934,286.209,K,historical,emissions,pangeo,CMIP6
UKESM1-0-LL,esm-hist,r1i1p1f2,gn,tas,1935,286.231,K,historical,emissions,pangeo,CMIP6
UKESM1-0-LL,esm-hist,r1i1p1f2,gn,tas,1936,286.206,K,historical,emissions,pangeo,CMIP6
UKESM1-0-LL,esm-hist,r1i1p1f2,gn,tas,1937,286.39,K,historical,emissions,pangeo,CMIP6
UKESM1-0-LL,esm-hist,r1i1p1f2,gn,tas,1938,286.482,K,historical,emissions,pangeo,CMIP6
UKESM1-0-LL,esm-hist,r1i1p1f2,gn,tas,1939,286.477,K,historical,emissions,pangeo,CMIP6
UKESM1-0-LL,esm-hist,r1i1p1f2,gn,tas,1940,286.344,K,historical,emissions,pangeo,CMIP6
UKESM1-0-LL,esm-hist,r1i1p1f2,gn,tas,1941,286.302,K,historical,emissions,pangeo,CMIP6
UKESM1-0-LL,esm-hist,r1i1p1f2,gn,tas,1942,286.217,K,historical,emissions,pangeo,CMIP6
UKESM1-0-LL,esm-hist,r1i1p1f2,gn,tas,1943,286.101,K,historical,emissions,pangeo,CMIP6
UKESM1-0-LL,esm-hist,r1i1p1f2,gn,tas,1944,286.307,K,historical,emissions,pangeo,CMIP6
UKESM1-0-LL,esm-hist,r1i1p1f2,gn,tas,1945,286.218,K,historical,emissions,pangeo,CMIP6
UKESM1-0-LL,esm-hist,r1i1p1f2,gn,tas,1946,286.27,K,historical,emissions,pangeo,CMIP6
UKESM1-0-LL,esm-hist,r1i1p1f2,gn,tas,1947,286.497,K,historical,emissions,pangeo,CMIP6
UKESM1-0-LL,esm-hist,r1i1p1f2,gn,tas,1948,286.426,K,historical,emissions,pangeo,CMIP6
UKESM1-0-LL,esm-hist,r1i1p1f2,gn,tas,1949,286.388,K,historical,emissions,pangeo,CMIP6
UKESM1-0-LL,esm-hist,r1i1p1f2,gn,tas,1950,286.397,K,historical,emissions,pangeo,CMIP6
UKESM1-0-LL,esm-hist,r1i1p1f2,gn,tas,1951,286.317,K,historical,emissions,pangeo,CMIP6
UKESM1-0-LL,esm-hist,r1i1p1f2,gn,tas,1952,286.267,K,historical,emissions,pangeo,CMIP6
UKESM1-0-LL,esm-hist,r1i1p1f2,gn,tas,1953,286.223,K,historical,emissions,pangeo,CMIP6
UKESM1-0-LL,esm-hist,r1i1p1f2,gn,tas,1954,286.166,K,historical,emissions,pangeo,CMIP6
UKESM1-0-LL,esm-hist,r1i1p1f2,gn,tas,1955,286.368,K,historical,emissions,pangeo,CMIP6
UKESM1-0-LL,esm-hist,r1i1p1f2,gn,tas,1956,286.391,K,historical,emissions,pangeo,CMIP6
UKESM1-0-LL,esm-hist,r1i1p1f2,gn,tas,1957,286.479,K,historical,emissions,pangeo,CMIP6
UKESM1-0-LL,esm-hist,r1i1p1f2,gn,tas,1958,286.277,K,historical,emissions,pangeo,CMIP6
UKESM1-0-LL,esm-hist,r1i1p1f2,gn,tas,1959,286.436,K,historical,emissions,pangeo,CMIP6
UKESM1-0-LL,esm-hist,r1i1p1f2,gn,tas,1960,286.453,K,historical,emissions,pangeo,CMIP6
UKESM1-0-LL,esm-hist,r1i1p1f2,gn,tas,1961,286.276,K,historical,emissions,pangeo,CMIP6
UKESM1-0-LL,esm-hist,r1i1p1f2,gn,tas,1962,286.367,K,historical,emissions,pangeo,CMIP6
UKESM1-0-LL,esm-hist,r1i1p1f2,gn,tas,1963,286.272,K,historical,emissions,pangeo,CMIP6
UKESM1-0-LL,esm-hist,r1i1p1f2,gn,tas,1964,286.122,K,historical,emissions,pangeo,CMIP6
UKESM1-0-LL,esm-hist,r1i1p1f2,gn,tas,1965,286.257,K,historical,emissions,pangeo,CMIP6
UKESM1-0-LL,esm-hist,r1i1p1f2,gn,tas,1966,286.199,K,historical,emissions,pangeo,CMIP6
UKESM1-0-LL,esm-hist,r1i1p1f2,gn,tas,1967,286.202,K,historical,emissions,pangeo,CMIP6
UKESM1-0-LL,esm-hist,r1i1p1f2,gn,tas,1968,286.113,K,historical,emissions,pangeo,CMIP6
UKESM1-0-LL,esm-hist,r1i1p1f2,gn,tas,1969,286.274,K,historical,emissions,pangeo,CMIP6
UKESM1-0-LL,esm-hist,r1i1p1f2,gn,tas,1970,286.511,K,historical,emissions,pangeo,CMIP6
UKESM1-0-LL,esm-hist,r1i1p1f2,gn,tas,1971,286.339,K,historical,emissions,pangeo,CMIP6
UKESM1-0-LL,esm-hist,r1i1p1f2,gn,tas,1972,286.311,K,historical,emissions,pangeo,CMIP6
UKESM1-0-LL,esm-hist,r1i1p1f2,gn,tas,1973,286.248,K,historical,emissions,pangeo,CMIP6
UKESM1-0-LL,esm-hist,r1i1p1f2,gn,tas,1974,286.246,K,historical,emissions,pangeo,CMIP6
UKESM1-0-LL,esm-hist,r1i1p1f2,gn,tas,1975,286.096,K,historical,emissions,pangeo,CMIP6
UKESM1-0-LL,esm-hist,r1i1p1f2,gn,tas,1976,286.27,K,historical,emissions,pangeo,CMIP6
UKESM1-0-LL,esm-hist,r1i1p1f2,gn,tas,1977,286.281,K,historical,emissions,pangeo,CMIP6
UKESM1-0-LL,esm-hist,r1i1p1f2,gn,tas,1978,286.437,K,historical,emissions,pangeo,CMIP6
UKESM1-0-LL,esm-hist,r1i1p1f2,gn,tas,1979,286.353,K,historical,emissions,pangeo,CMIP6
UKESM1-0-LL,esm-hist,r1i1p1f2,gn,tas,1980,286.431,K,historical,emissions,pangeo,CMIP6
UKESM1-0-LL,esm-hist,r1i1p1f2,gn,tas,1981,286.521,K,historical,emissions,pangeo,CMIP6
UKESM1-0-LL,esm-hist,r1i1p1f2,gn,tas,1982,286.54,K,historical,emissions,pangeo,CMIP6
UKESM1-0-LL,esm-hist,r1i1p1f2,gn,tas,1983,286.279,K,historical,emissions,pangeo,CMIP6
UKESM1-0-LL,esm-hist,r1i1p1f2,gn,tas,1984,286.241,K,historical,emissions,pangeo,CMIP6
UKESM1-0-LL,esm-hist,r1i1p1f2,gn,tas,1985,286.367,K,historical,emissions,pangeo,CMIP6
UKESM1-0-LL,esm-hist,r1i1p1f2,gn,tas,1986,286.358,K,historical,emissions,pangeo,CMIP6
UKESM1-0-LL,esm-hist,r1i1p1f2,gn,tas,1987,286.403,K,historical,emissions,pangeo,CMIP6
UKESM1-0-LL,esm-hist,r1i1p1f2,gn,tas,1988,286.48,K,historical,emissions,pangeo,CMIP6
UKESM1-0-LL,esm-hist,r1i1p1f2,gn,tas,1989,286.55,K,historical,emissions,pangeo,CMIP6
UKESM1-0-LL,esm-hist,r1i1p1f2,gn,tas,1990,286.581,K,historical,emissions,pangeo,CMIP6
UKESM1-0-LL,esm-hist,r1i1p1f2,gn,tas,1991,286.569,K,historical,emissions,pangeo,CMIP6
UKESM1-0-LL,esm-hist,r1i1p1f2,gn,tas,1992,286.281,K,historical,emissions,pangeo,CMIP6
UKESM1-0-LL,esm-hist,r1i1p1f2,gn,tas,1993,286.282,K,historical,emissions,pangeo,CMIP6
UKESM1-0-LL,esm-hist,r1i1p1f2,gn,tas,1994,286.357,K,historical,emissions,pangeo,CMIP6
UKESM1-0-LL,esm-hist,r1i1p1f2,gn,tas,1995,286.609,K,historical,emissions,pangeo,CMIP6
UKESM1-0-LL,esm-hist,r1i1p1f2,gn,tas,1996,286.81,K,historical,emissions,pangeo,CMIP6
UKESM1-0-LL,esm-hist,r1i1p1f2,gn,tas,1997,286.615,K,historical,emissions,pangeo,CMIP6
UKESM1-0-LL,esm-hist,r1i1p1f2,gn,tas,1998,286.68,K,historical,emissions,pangeo,CMIP6
UKESM1-0-LL,esm-hist,r1i1p1f2,gn,tas,1999,286.761,K,historical,emissions,pangeo,CMIP6
UKESM1-0-LL,esm-hist,r1i1p1f2,gn,tas,2000,286.867,K,historical,emissions,pangeo,CMIP6
UKESM1-0-LL,esm-hist,r1i1p1f2,gn,tas,2001,287.061,K,historical,emissions,pangeo,CMIP6
UKESM1-0-LL,esm-hist,r1i1p1f2,gn,tas,2002,287.111,K,historical,emissions,pangeo,CMIP6
UKESM1-0-LL,esm-hist,r1i1p1f2,gn,tas,2003,287.133,K,historical,emissions,pangeo,CMIP6
UKESM1-0-LL,esm-hist,r1i1p1f2,gn,tas,2004,287.123,K,historical,emissions,pangeo,CMIP6
UKESM1-0-LL,esm-hist,r1i1p1f2,gn,tas,2005,286.928,K,historical,emissions,pangeo,CMIP6
UKESM1-0-LL,esm-hist,r1i1p1f2,gn,tas,2006,287.189,K,historical,emissions,pangeo,CMIP6
UKESM1-0-LL,esm-hist,r1i1p1f2,gn,tas,2007,287.262,K,historical,emissions,pangeo,CMIP6
UKESM1-0-LL,esm-hist,r1i1p1f2,gn,tas,2008,287.165,K,historical,emissions,pangeo,CMIP6
UKESM1-0-LL,esm-hist,r1i1p1f2,gn,tas,2009,287.139,K,historical,emissions,pangeo,CMIP6
UKESM1-0-LL,esm-hist,r1i1p1f2,gn,tas,2010,287.392,K,historical,emissions,pangeo,CMIP6
UKESM1-0-LL,esm-hist,r1i1p1f2,gn,tas,2011,287.552,K,historical,emissions,pangeo,CMIP6
UKESM1-0-LL,esm-hist,r1i1p1f2,gn,tas,2012,287.41,K,historical,emissions,pangeo,CMIP6
UKESM1-0-LL,esm-hist,r1i1p1f2,gn,tas,2013,287.519,K,historical,emissions,pangeo,CMIP6
UKESM1-0-LL,esm-hist,r1i1p1f2,gn,tas,2014,287.597,K,historical,emissions,pangeo,CMIP6
UKESM1-0-LL,esm-ssp585,r1i1p1f2,gn,tas,2015,287.801,K,ssp585,emissions,pangeo,CMIP6
UKESM1-0-LL,esm-ssp585,r1i1p1f2,gn,tas,2016,287.697,K,ssp585,emissions,pangeo,CMIP6
UKESM1-0-LL,esm-ssp585,r1i1p1f2,gn,tas,2017,287.614,K,ssp585,emissions,pangeo,CMIP6
UKESM1-0-LL,esm-ssp585,r1i1p1f2,gn,tas,2018,287.6,K,ssp585,emissions,pangeo,CMIP6
UKESM1-0-LL,esm-ssp585,r1i1p1f2,gn,tas,2019,287.712,K,ssp585,emissions,pangeo,CMIP6
UKESM1-0-LL,esm-ssp585,r1i1p1f2,gn,tas,2020,287.734,K,ssp585,emissions,pangeo,CMIP6
UKESM1-0-LL,esm-ssp585,r1i1p1f2,gn,tas,2021,287.77,K,ssp585,emissions,pangeo,CMIP6
UKESM1-0-LL,esm-ssp585,r1i1p1f2,gn,tas,2022,287.85,K,ssp585,emissions,pangeo,CMIP6
UKESM1-0-LL,esm-ssp585,r1i1p1f2,gn,tas,2023,287.968,K,ssp585,emissions,pangeo,CMIP6
UKESM1-0-LL,esm-ssp585,r1i1p1f2,gn,tas,2024,288.206,K,ssp585,emissions,pangeo,CMIP6
UKESM1-0-LL,esm-ssp585,r1i1p1f2,gn,tas,2025,288.28,K,ssp585,emissions,pangeo,CMIP6
UKESM1-0-LL,esm-ssp585,r1i1p1f2,gn,tas,2026,288.224,K,ssp585,emissions,pangeo,CMIP6
UKESM1-0-LL,esm-ssp585,r1i1p1f2,gn,tas,2027,288.194,K,ssp585,emissions,pangeo,CMIP6
UKESM1-0-LL,esm-ssp585,r1i1p1f2,gn,tas,2028,288.277,K,ssp585,emissions,pangeo,CMIP6
UKESM1-0-LL,esm-ssp585,r1i1p1f2,gn,tas,2029,288.465,K,ssp585,emissions,pangeo,CMIP6
UKESM1-0-LL,esm-ssp585,r1i1p1f2,gn,tas,2030,288.555,K,ssp585,emissions,pangeo,CMIP6
UKESM1-0-LL,esm-ssp585,r1i1p1f2,gn,tas,2031,288.413,K,ssp585,emissions,pangeo,CMIP6
UKESM1-0-LL,esm-ssp585,r1i1p1f2,gn,tas,2032,288.499,K,ssp585,emissions,pangeo,CMIP6
UKESM1-0-LL,esm-ssp585,r1i1p1f2,gn,tas,2033,288.643,K,ssp585,emissions,pangeo,CMIP6
UKESM1-0-LL,esm-ssp585,r1i1p1f2,gn,tas,2034,288.775,K,ssp585,emissions,pangeo,CMIP6
UKESM1-0-LL,esm-ssp585,r1i1p1f2,gn,tas,2035,288.719,K,ssp585,emissions,pangeo,CMIP6
UKESM1-0-LL,esm-ssp585,r1i1p1f2,gn,tas,2036,288.907,K,ssp585,emissions,pangeo,CMIP6
UKESM1-0-LL,esm-ssp585,r1i1p1f2,gn,tas,2037,288.996,K,ssp585,emissions,pangeo,CMIP6
UKESM1-0-LL,esm-ssp585,r1i1p1f2,gn,tas,2038,289.125,K,ssp585,emissions,pangeo,CMIP6
UKESM1-0-LL,esm-ssp585,r1i1p1f2,gn,tas,2039,289.408,K,ssp585,emissions,pangeo,CMIP6
UKESM1-0-LL,esm-ssp585,r1i1p1f2,gn,tas,2040,289.225,K,ssp585,emissions,pangeo,CMIP6
UKESM1-0-LL,esm-ssp585,r1i1p1f2,gn,tas,2041,289.216,K,ssp585,emissions,pangeo,CMIP6
UKESM1-0-LL,esm-ssp585,r1i1p1f2,gn,tas,2042,289.356,K,ssp585,emissions,pangeo,CMIP6
UKESM1-0-LL,esm-ssp585,r1i1p1f2,gn,tas,2043,289.434,K,ssp585,emissions,pangeo,CMIP6
UKESM1-0-LL,esm-ssp585,r1i1p1f2,gn,tas,2044,289.491,K,ssp585,emissions,pangeo,CMIP6
UKESM1-0-LL,esm-ssp585,r1i1p1f2,gn,tas,2045,289.397,K,ssp585,emissions,pangeo,CMIP6
UKESM1-0-LL,esm-ssp585,r1i1p1f2,gn,tas,2046,289.443,K,ssp585,emissions,pangeo,CMIP6
UKESM1-0-LL,esm-ssp585,r1i1p1f2,gn,tas,2047,289.639,K,ssp585,emissions,pangeo,CMIP6
UKESM1-0-LL,esm-ssp585,r1i1p1f2,gn,tas,2048,289.829,K,ssp585,emissions,pangeo,CMIP6
UKESM1-0-LL,esm-ssp585,r1i1p1f2,gn,tas,2049,289.731,K,ssp585,emissions,pangeo,CMIP6
UKESM1-0-LL,esm-ssp585,r1i1p1f2,gn,tas,2050,289.725,K,ssp585,emissions,pangeo,CMIP6
UKESM1-0-LL,esm-ssp585,r1i1p1f2,gn,tas,2051,289.838,K,ssp585,emissions,pangeo,CMIP6
UKESM1-0-LL,esm-ssp585,r1i1p1f2,gn,tas,2052,290.04,K,ssp585,emissions,pangeo,CMIP6
UKESM1-0-LL,esm-ssp585,r1i1p1f2,gn,tas,2053,290.252,K,ssp585,emissions,pangeo,CMIP6
UKESM1-0-LL,esm-ssp585,r1i1p1f2,gn,tas,2054,290.215,K,ssp585,emissions,pangeo,CMIP6
UKESM1-0-LL,esm-ssp585,r1i1p1f2,gn,tas,2055,290.115,K,ssp585,emissions,pangeo,CMIP6
UKESM1-0-LL,esm-ssp585,r1i1p1f2,gn,tas,2056,290.174,K,ssp585,emissions,pangeo,CMIP6
UKESM1-0-LL,esm-ssp585,r1i1p1f2,gn,tas,2057,290.226,K,ssp585,emissions,pangeo,CMIP6
UKESM1-0-LL,esm-ssp585,r1i1p1f2,gn,tas,2058,290.289,K,ssp585,emissions,pangeo,CMIP6
UKESM1-0-LL,esm-ssp585,r1i1p1f2,gn,tas,2059,290.348,K,ssp585,emissions,pangeo,CMIP6
UKESM1-0-LL,esm-ssp585,r1i1p1f2,gn,tas,2060,290.52,K,ssp585,emissions,pangeo,CMIP6
UKESM1-0-LL,esm-ssp585,r1i1p1f2,gn,tas,2061,290.598,K,ssp585,emissions,pangeo,CMIP6
UKESM1-0-LL,esm-ssp585,r1i1p1f2,gn,tas,2062,290.761,K,ssp585,emissions,pangeo,CMIP6
UKESM1-0-LL,esm-ssp585,r1i1p1f2,gn,tas,2063,290.856,K,ssp585,emissions,pangeo,CMIP6
UKESM1-0-LL,esm-ssp585,r1i1p1f2,gn,tas,2064,290.769,K,ssp585,emissions,pangeo,CMIP6
UKESM1-0-LL,esm-ssp585,r1i1p1f2,gn,tas,2065,290.841,K,ssp585,emissions,pangeo,CMIP6
UKESM1-0-LL,esm-ssp585,r1i1p1f2,gn,tas,2066,291.136,K,ssp585,emissions,pangeo,CMIP6
UKESM1-0-LL,esm-ssp585,r1i1p1f2,gn,tas,2067,291.204,K,ssp585,emissions,pangeo,CMIP6
UKESM1-0-LL,esm-ssp585,r1i1p1f2,gn,tas,2068,291.094,K,ssp585,emissions,pangeo,CMIP6
UKESM1-0-LL,esm-ssp585,r1i1p1f2,gn,tas,2069,291.04,K,ssp585,emissions,pangeo,CMIP6
UKESM1-0-LL,esm-ssp585,r1i1p1f2,gn,tas,2070,291.357,K,ssp585,emissions,pangeo,CMIP6
UKESM1-0-LL,esm-ssp585,r1i1p1f2,gn,tas,2071,291.6,K,ssp585,emissions,pangeo,CMIP6
UKESM1-0-LL,esm-ssp585,r1i1p1f2,gn,tas,2072,291.681,K,ssp585,emissions,pangeo,CMIP6
UKESM1-0-LL,esm-ssp585,r1i1p1f2,gn,tas,2073,291.582,K,ssp585,emissions,pangeo,CMIP6
UKESM1-0-LL,esm-ssp585,r1i1p1f2,gn,tas,2074,291.732,K,ssp585,emissions,pangeo,CMIP6
UKESM1-0-LL,esm-ssp585,r1i1p1f2,gn,tas,2075,291.954,K,ssp585,emissions,pangeo,CMIP6
UKESM1-0-LL,esm-ssp585,r1i1p1f2,gn,tas,2076,292.03,K,ssp585,emissions,pangeo,CMIP6
UKESM1-0-LL,esm-ssp585,r1i1p1f2,gn,tas,2077,291.854,K,ssp585,emissions,pangeo,CMIP6
UKESM1-0-LL,esm-ssp585,r1i1p1f2,gn,tas,2078,291.982,K,ssp585,emissions,pangeo,CMIP6
UKESM1-0-LL,esm-ssp585,r1i1p1f2,gn,tas,2079,292.179,K,ssp585,emissions,pangeo,CMIP6
UKESM1-0-LL,esm-ssp585,r1i1p1f2,gn,tas,2080,292.338,K,ssp585,emissions,pangeo,CMIP6
UKESM1-0-LL,esm-ssp585,r1i1p1f2,gn,tas,2081,292.273,K,ssp585,emissions,pangeo,CMIP6
UKESM1-0-LL,esm-ssp585,r1i1p1f2,gn,tas,2082,292.338,K,ssp585,emissions,pangeo,CMIP6
UKESM1-0-LL,esm-ssp585,r1i1p1f2,gn,tas,2083,292.658,K,ssp585,emissions,pangeo,CMIP6
UKESM1-0-LL,esm-ssp585,r1i1p1f2,gn,tas,2084,292.781,K,ssp585,emissions,pangeo,CMIP6
UKESM1-0-LL,esm-ssp585,r1i1p1f2,gn,tas,2085,292.674,K,ssp585,emissions,pangeo,CMIP6
UKESM1-0-LL,esm-ssp585,r1i1p1f2,gn,tas,2086,292.76,K,ssp585,emissions,pangeo,CMIP6
UKESM1-0-LL,esm-ssp585,r1i1p1f2,gn,tas,2087,292.798,K,ssp585,emissions,pangeo,CMIP6
UKESM1-0-LL,esm-ssp585,r1i1p1f2,gn,tas,2088,292.938,K,ssp585,emissions,pangeo,CMIP6
UKESM1-0-LL,esm-ssp585,r1i1p1f2,gn,tas,2089,292.839,K,ssp585,emissions,pangeo,CMIP6
UKESM1-0-LL,esm-ssp585,r1i1p1f2,gn,tas,2090,293.081,K,ssp585,emissions,pangeo,CMIP6
UKESM1-0-LL,esm-ssp585,r1i1p1f2,gn,tas,2091,293.376,K,ssp585,emissions,pangeo,CMIP6
UKESM1-0-LL,esm-ssp585,r1i1p1f2,gn,tas,2092,293.388,K,ssp585,emissions,pangeo,CMIP6
UKESM1-0-LL,esm-ssp585,r1i1p1f2,gn,tas,2093,293.326,K,ssp585,emissions,pangeo,CMIP6
UKESM1-0-LL,esm-ssp585,r1i1p1f2,gn,tas,2094,293.283,K,ssp585,emissions,pangeo,CMIP6
UKESM1-0-LL,esm-ssp585,r1i1p1f2,gn,tas,2095,293.598,K,ssp585,emissions,pangeo,CMIP6
UKESM1-0-LL,esm-ssp585,r1i1p1f2,gn,tas,2096,293.627,K,ssp585,emissions,pangeo,CMIP6
UKESM1-0-LL,esm-ssp585,r1i1p1f2,gn,tas,2097,293.623,K,ssp585,emissions,pangeo,CMIP6
UKESM1-0-LL,esm-ssp585,r1i1p1f2,gn,tas,2098,293.632,K,ssp585,emissions,pangeo,CMIP6
UKESM1-0-LL,esm-ssp585,r1i1p1f2,gn,tas,2099,293.813,K,ssp585,emissions,pangeo,CMIP6
UKESM1-0-LL,esm-ssp585,r1i1p1f2,gn,tas,2100,294.024,K,ssp585,emissions,pangeo,CMIP6
