scenario,year,value,units,source_dataset
historical,1,280.477,ppm,CR-CMIP-1-0-0 (3 file(s))
historical,2,280.437,ppm,CR-CMIP-1-0-0 (3 file(s))
historical,3,280.387,ppm,CR-CMIP-1-0-0 (3 file(s))
historical,4,280.347,ppm,CR-CMIP-1-0-0 (3 file(s))
historical,5,280.297,ppm,CR-CMIP-1-0-0 (3 file(s))
historical,6,280.257,ppm,CR-CMIP-1-0-0 (3 file(s))
historical,7,280.217,ppm,CR-CMIP-1-0-0 (3 file(s))
historical,8,280.167,ppm,CR-CMIP-1-0-0 (3 file(s))
historical,9,280.127,ppm,CR-CMIP-1-0-0 (3 file(s))
historical,10,280.087,ppm,CR-CMIP-1-0-0 (3 file(s))
historical,11,280.037,ppm,CR-CMIP-1-0-0 (3 file(s))
historical,12,279.997,ppm,CR-CMIP-1-0-0 (3 file(s))
historical,13,279.957,ppm,CR-CMIP-1-0-0 (3 file(s))
historical,14,279.917,ppm,CR-CMIP-1-0-0 (3 file(s))
historical,15,279.867,ppm,CR-CMIP-1-0-0 (3 file(s))
historical,16,279.827,ppm,CR-CMIP-1-0-0 (3 file(s))
historical,17,279.787,ppm,CR-CMIP-1-0-0 (3 file(s))
historical,18,279.747,ppm,CR-CMIP-1-0-0 (3 file(s))
historical,19,279.697,ppm,CR-CMIP-1-0-0 (3 file(s))
historical,20,279.657,ppm,CR-CMIP-1-0-0 (3 file(s))
historical,21,279.617,ppm,CR-CMIP-1-0-0 (3 file(s))
historical,22,279.577,ppm,CR-CMIP-1-0-0 (3 file(s))
historical,23,279.537,ppm,CR-CMIP-1-0-0 (3 file(s))
historical,24,279.497,ppm,CR-CMIP-1-0-0 (3 file(s))
historical,25,279.457,ppm,CR-CMIP-1-0-0 (3 file(s))
historical,26,279.427,ppm,CR-CMIP-1-0-0 (3 file(s))
historical,27,279.387,ppm,CR-CMIP-1-0-0 (3 file(s))
historical,28,279.357,ppm,CR-CMIP-1-0-0 (3 file(s))
historical,29,279.317,ppm,CR-CMIP-1-0-0 (3 file(s))
historical,30,279.287,ppm,CR-CMIP-1-0-0 (3 file(s))
historical,31,279.257,ppm,CR-CMIP-1-0-0 (3 file(s))
historical,32,279.237,ppm,CR-CMIP-1-0-0 (3 file(s))
historical,33,279.207,ppm,CR-CMIP-1-0-0 (3 file(s))
historical,34,279.187,ppm,CR-CMIP-1-0-0 (3 file(s))
historical,35,279.167,ppm,CR-CMIP-1-0-0 (3 file(s))
historical,36,279.157,ppm,CR-CMIP-1-0-0 (3 file(s))
historical,37,279.137,ppm,CR-CMIP-1-0-0 (3 file(s))
historical,38,279.127,ppm,CR-CMIP-1-0-0 (3 file(s))
historical,39,279.127,ppm,CR-CMIP-1-0-0 (3 file(s))
historical,40,279.117,ppm,CR-CMIP-1-0-0 (3 file(s))
historical,41,279.117,ppm,CR-CMIP-1-0-0 (3 file(s))
historical,42,279.117,ppm,CR-CMIP-1-0-0 (3 file(s))
historical,43,279.127,ppm,CR-CMIP-1-0-0 (3 file(s))
historical,44,279.137,ppm,CR-CMIP-1-0-0 (3 file(s))
historical,45,279.147,ppm,CR-CMIP-1-0-0 (3 file(s))
historical,46,279.157,ppm,CR-CMIP-1-0-0 (3 file(s))
historical,47,279.177,ppm,CR-CMIP-1-0-0 (3 file(s))
historical,48,279.197,ppm,CR-CMIP-1-0-0 (3 file(s))
historical,49,279.217,ppm,CR-CMIP-1-0-0 (3 file(s))
historical,50,279.247,ppm,CR-CMIP-1-0-0 (3 file(s))
historical,51,279.267,ppm,CR-CMIP-1-0-0 (3 file(s))
historical,52,279.297,ppm,CR-CMIP-1-0-0 (3 file(s))
historical,53,279.327,ppm,CR-CMIP-1-0-0 (3 file(s))
historical,54,279.357,ppm,CR-CMIP-1-0-0 (3 file(s))
historical,55,279.397,ppm,CR-CMIP-1-0-0 (3 file(s))
historical,56,279.437,ppm,CR-CMIP-1-0-0 (3 file(s))
historical,57,279.467,ppm,CR-CMIP-1-0-0 (3 file(s))
historical,58,279.507,ppm,CR-CMIP-1-0-0 (3 file(s))
historical,59,279.547,ppm,CR-CMIP-1-0-0 (3 file(s))
historical,60,279.597,ppm,CR-CMIP-1-0-0 (3 file(s))
historical,61,279.637,ppm,CR-CMIP-1-0-0 (3 file(s))
historical,62,279.677,ppm,CR-CMIP-1-0-0 (3 file(s))
historical,63,279.727,ppm,CR-CMIP-1-0-0 (3 file(s))
historical,64,279.767,ppm,CR-CMIP-1-0-0 (3 file(s))
historical,65,279.807,ppm,CR-CMIP-1-0-0 (3 file(s))
historical,66,279.857,ppm,CR-CMIP-1-0-0 (3 file(s))
historical,67,279.897,ppm,CR-CMIP-1-0-0 (3 file(s))
historical,68,279.937,ppm,CR-CMIP-1-0-0 (3 file(s))
historical,69,279.977,ppm,CR-CMIP-1-0-0 (3 file(s))
historical,70,280.027,ppm,CR-CMIP-1-0-0 (3 file(s))
historical,71,280.057,ppm,CR-CMIP-1-0-0 (3 file(s))
historical,72,280.097,ppm,CR-CMIP-1-0-0 (3 file(s))
historical,73,280.137,ppm,CR-CMIP-1-0-0 (3 file(s))
historical,74,280.167,ppm,CR-CMIP-1-0-0 (3 file(s))
historical,75,280.197,ppm,CR-CMIP-1-0-0 (3 file(s))
historical,76,280.227,ppm,CR-CMIP-1-0-0 (3 file(s))
historical,77,280.257,ppm,CR-CMIP-1-0-0 (3 file(s))
historical,78,280.287,ppm,CR-CMIP-1-0-0 (3 file(s))
historical,79,280.317,ppm,CR-CMIP-1-0-0 (3 file(s))
historical,80,280.337,ppm,CR-CMIP-1-0-0 (3 file(s))
historical,81,280.357,ppm,CR-CMIP-1-0-0 (3 file(s))
historical,82,280.377,ppm,CR-CMIP-1-0-0 (3 file(s))
historical,83,280.397,ppm,CR-CMIP-1-0-0 (3 file(s))
historical,84,280.417,ppm,CR-CMIP-1-0-0 (3 file(s))
historical,85,280.437,ppm,CR-CMIP-1-0-0 (3 file(s))
historical,86,280.457,ppm,CR-CMIP-1-0-0 (3 file(s))
historical,87,280.467,ppm,CR-CMIP-1-0-0 (3 file(s))
historical,88,280.487,ppm,CR-CMIP-1-0-0 (3 file(s))
historical,89,280.497,ppm,CR-CMIP-1-0-0 (3 file(s))
historical,90,280.507,ppm,CR-CMIP-1-0-0 (3 file(s))
historical,91,280.517,ppm,CR-CMIP-1-0-0 (3 file(s))
historical,92,280.527,ppm,CR-CMIP-1-0-0 (3 file(s))
historical,93,280.537,ppm,CR-CMIP-1-0-0 (3 file(s))
historical,94,280.547,ppm,CR-CMIP-1-0-0 (3 file(s))
historical,95,280.557,ppm,CR-CMIP-1-0-0 (3 file(s))
historical,96,280.567,ppm,CR-CMIP-1-0-0 (3 file(s))
historical,97,280.577,ppm,CR-CMIP-1-0-0 (3 file(s))
historical,98,280.587,ppm,CR-CMIP-1-0-0 (3 file(s))
historical,99,280.597,ppm,CR-CMIP-1-0-0 (3 file(s))
historical,100,280.607,ppm,CR-CMIP-1-0-0 (3 file(s))
historical,101,280.627,ppm,CR-CMIP-1-0-0 (3 file(s))
historical,102,280.637,ppm,CR-CMIP-1-0-0 (3 file(s))
historical,103,280.657,ppm,CR-CMIP-1-0-0 (3 file(s))
historical,104,280.677,ppm,CR-CMIP-1-0-0 (3 file(s))
historical,105,280.697,ppm,CR-CMIP-1-0-0 (3 file(s))
historical,106,280.727,ppm,CR-CMIP-1-0-0 (3 file(s))
historical,107,280.747,ppm,CR-CMIP-1-0-0 (3 file(s))
historical,108,280.777,ppm,CR-CMIP-1-0-0 (3 file(s))
historical,109,280.817,ppm,CR-CMIP-1-0-0 (3 file(s))
historical,110,280.847,ppm,CR-CMIP-1-0-0 (3 file(s))
historical,111,280.887,ppm,CR-CMIP-1-0-0 (3 file(s))
historical,112,280.927,ppm,CR-CMIP-1-0-0 (3 file(s))
historical,113,280.967,ppm,CR-CMIP-1-0-0 (3 file(s))
historical,114,281.017,ppm,CR-CMIP-1-0-0 (3 file(s))
historical,115,281.057,ppm,CR-CMIP-1-0-0 (3 file(s))
historical,116,281.097,ppm,CR-CMIP-1-0-0 (3 file(s))
historical,117,281.147,ppm,CR-CMIP-1-0-0 (3 file(s))
historical,118,281.187,ppm,CR-CMIP-1-0-0 (3 file(s))
historical,119,281.227,ppm,CR-CMIP-1-0-0 (3 file(s))
historical,120,281.267,ppm,CR-CMIP-1-0-0 (3 file(s))
historical,121,281.307,ppm,CR-CMIP-1-0-0 (3 file(s))
historical,122,281.337,ppm,CR-CMIP-1-0-0 (3 file(s))
historical,123,281.377,ppm,CR-CMIP-1-0-0 (3 file(s))
historical,124,281.407,ppm,CR-CMIP-1-0-0 (3 file(s))
historical,125,281.427,ppm,CR-CMIP-1-0-0 (3 file(s))
historical,126,281.447,ppm,CR-CMIP-1-0-0 (3 file(s))
historical,127,281.467,ppm,CR-CMIP-1-0-0 (3 file(s))
historical,128,281.477,ppm,CR-CMIP-1-0-0 (3 file(s))
historical,129,281.487,ppm,CR-CMIP-1-0-0 (3 file(s))
historical,130,281.487,ppm,CR-CMIP-1-0-0 (3 file(s))
historical,131,281.487,ppm,CR-CMIP-1-0-0 (3 file(s))
historical,132,281.487,ppm,CR-CMIP-1-0-0 (3 file(s))
historical,133,281.477,ppm,CR-CMIP-1-0-0 (3 file(s))
historical,134,281.457,ppm,CR-CMIP-1-0-0 (3 file(s))
historical,135,281.447,ppm,CR-CMIP-1-0-0 (3 file(s))
historical,136,281.417,ppm,CR-CMIP-1-0-0 (3 file(s))
historical,137,281.387,ppm,CR-CMIP-1-0-0 (3 file(s))
historical,138,281.357,ppm,CR-CMIP-1-0-0 (3 file(s))
historical,139,281.317,ppm,CR-CMIP-1-0-0 (3 file(s))
historical,140,281.277,ppm,CR-CMIP-1-0-0 (3 file(s))
historical,141,281.237,ppm,CR-CMIP-1-0-0 (3 file(s))
historical,142,281.187,ppm,CR-CMIP-1-0-0 (3 file(s))
historical,143,281.127,ppm,CR-CMIP-1-0-0 (3 file(s))
historical,144,281.067,ppm,CR-CMIP-1-0-0 (3 file(s))
historical,145,281.007,ppm,CR-CMIP-1-0-0 (3 file(s))
historical,146,280.937,ppm,CR-CMIP-1-0-0 (3 file(s))
historical,147,280.867,ppm,CR-CMIP-1-0-0 (3 file(s))
historical,148,280.797,ppm,CR-CMIP-1-0-0 (3 file(s))
historical,149,280.717,ppm,CR-CMIP-1-0-0 (3 file(s))
historical,150,280.647,ppm,CR-CMIP-1-0-0 (3 file(s))
historical,151,280.587,ppm,CR-CMIP-1-0-0 (3 file(s))
historical,152,280.527,ppm,CR-CMIP-1-0-0 (3 file(s))
historical,153,280.467,ppm,CR-CMIP-1-0-0 (3 file(s))
historical,154,280.427,ppm,CR-CMIP-1-0-0 (3 file(s))
historical,155,280.387,ppm,CR-CMIP-1-0-0 (3 file(s))
historical,156,280.357,ppm,CR-CMIP-1-0-0 (3 file(s))
historical,157,280.337,ppm,CR-CMIP-1-0-0 (3 file(s))
historical,158,280.317,ppm,CR-CMIP-1-0-0 (3 file(s))
historical,159,280.307,ppm,CR-CMIP-1-0-0 (3 file(s))
historical,160,280.297,ppm,CR-CMIP-1-0-0 (3 file(s))
historical,161,280.297,ppm,CR-CMIP-1-0-0 (3 file(s))
historical,162,280.287,ppm,CR-CMIP-1-0-0 (3 file(s))
historical,163,280.287,ppm,CR-CMIP-1-0-0 (3 file(s))
historical,164,280.287,ppm,CR-CMIP-1-0-0 (3 file(s))
historical,165,280.287,ppm,CR-CMIP-1-0-0 (3 file(s))
historical,166,280.297,ppm,CR-CMIP-1-0-0 (3 file(s))
historical,167,280.307,ppm,CR-CMIP-1-0-0 (3 file(s))
historical,168,280.337,ppm,CR-CMIP-1-0-0 (3 file(s))
historical,169,280.357,ppm,CR-CMIP-1-0-0 (3 file(s))
historical,170,280.397,ppm,CR-CMIP-1-0-0 (3 file(s))
historical,171,280.437,ppm,CR-CMIP-1-0-0 (3 file(s))
historical,172,280.497,ppm,CR-CMIP-1-0-0 (3 file(s))
historical,173,280.567,ppm,CR-CMIP-1-0-0 (3 file(s))
historical,174,280.647,ppm,CR-CMIP-1-0-0 (3 file(s))
historical,175,280.737,ppm,CR-CMIP-1-0-0 (3 file(s))
historical,176,280.837,ppm,CR-CMIP-1-0-0 (3 file(s))
historical,177,280.957,ppm,CR-CMIP-1-0-0 (3 file(s))
historical,178,281.077,ppm,CR-CMIP-1-0-0 (3 file(s))
historical,179,281.197,ppm,CR-CMIP-1-0-0 (3 file(s))
historical,180,281.327,ppm,CR-CMIP-1-0-0 (3 file(s))
historical,181,281.457,ppm,CR-CMIP-1-0-0 (3 file(s))
historical,182,281.587,ppm,CR-CMIP-1-0-0 (3 file(s))
historical,183,281.717,ppm,CR-CMIP-1-0-0 (3 file(s))
historical,184,281.847,ppm,CR-CMIP-1-0-0 (3 file(s))
historical,185,281.977,ppm,CR-CMIP-1-0-0 (3 file(s))
historical,186,282.097,ppm,CR-CMIP-1-0-0 (3 file(s))
historical,187,282.227,ppm,CR-CMIP-1-0-0 (3 file(s))
historical,188,282.347,ppm,CR-CMIP-1-0-0 (3 file(s))
historical,189,282.457,ppm,CR-CMIP-1-0-0 (3 file(s))
historical,190,282.567,ppm,CR-CMIP-1-0-0 (3 file(s))
historical,191,282.667,ppm,CR-CMIP-1-0-0 (3 file(s))
historical,192,282.767,ppm,CR-CMIP-1-0-0 (3 file(s))
historical,193,282.857,ppm,CR-CMIP-1-0-0 (3 file(s))
historical,194,282.937,ppm,CR-CMIP-1-0-0 (3 file(s))
historical,195,283.017,ppm,CR-CMIP-1-0-0 (3 file(s))
historical,196,283.077,ppm,CR-CMIP-1-0-0 (3 file(s))
historical,197,283.127,ppm,CR-CMIP-1-0-0 (3 file(s))
historical,198,283.177,ppm,CR-CMIP-1-0-0 (3 file(s))
historical,199,283.207,ppm,CR-CMIP-1-0-0 (3 file(s))
historical,200,283.227,ppm,CR-CMIP-1-0-0 (3 file(s))
historical,201,283.247,ppm,CR-CMIP-1-0-0 (3 file(s))
historical,202,283.247,ppm,CR-CMIP-1-0-0 (3 file(s))
historical,203,283.237,ppm,CR-CMIP-1-0-0 (3 file(s))
historical,204,283.227,ppm,CR-CMIP-1-0-0 (3 file(s))
historical,205,283.207,ppm,CR-CMIP-1-0-0 (3 file(s))
historical,206,283.177,ppm,CR-CMIP-1-0-0 (3 file(s))
historical,207,283.147,ppm,CR-CMIP-1-0-0 (3 file(s))
historical,208,283.107,ppm,CR-CMIP-1-0-0 (3 file(s))
historical,209,283.057,ppm,CR-CMIP-1-0-0 (3 file(s))
historical,210,283.007,ppm,CR-CMIP-1-0-0 (3 file(s))
historical,211,282.957,ppm,CR-CMIP-1-0-0 (3 file(s))
historical,212,282.897,ppm,CR-CMIP-1-0-0 (3 file(s))
historical,213,282.837,ppm,CR-CMIP-1-0-0 (3 file(s))
historical,214,282.767,ppm,CR-CMIP-1-0-0 (3 file(s))
historical,215,282.697,ppm,CR-CMIP-1-0-0 (3 file(s))
historical,216,282.627,ppm,CR-CMIP-1-0-0 (3 file(s))
historical,217,282.557,ppm,CR-CMIP-1-0-0 (3 file(s))
historical,218,282.487,ppm,CR-CMIP-1-0-0 (3 file(s))
historical,219,282.407,ppm,CR-CMIP-1-0-0 (3 file(s))
historical,220,282.327,ppm,CR-CMIP-1-0-0 (3 file(s))
historical,221,282.247,ppm,CR-CMIP-1-0-0 (3 file(s))
historical,222,282.167,ppm,CR-CMIP-1-0-0 (3 file(s))
historical,223,282.087,ppm,CR-CMIP-1-0-0 (3 file(s))
historical,224,282.007,ppm,CR-CMIP-1-0-0 (3 file(s))
historical,225,281.927,ppm,CR-CMIP-1-0-0 (3 file(s))
historical,226,281.837,ppm,CR-CMIP-1-0-0 (3 file(s))
historical,227,281.757,ppm,CR-CMIP-1-0-0 (3 file(s))
historical,228,281.667,ppm,CR-CMIP-1-0-0 (3 file(s))
historical,229,281.577,ppm,CR-CMIP-1-0-0 (3 file(s))
historical,230,281.497,ppm,CR-CMIP-1-0-0 (3 file(s))
historical,231,281.407,ppm,CR-CMIP-1-0-0 (3 file(s))
historical,232,281.317,ppm,CR-CMIP-1-0-0 (3 file(s))
historical,233,281.227,ppm,CR-CMIP-1-0-0 (3 file(s))
historical,234,281.147,ppm,CR-CMIP-1-0-0 (3 file(s))
historical,235,281.057,ppm,CR-CMIP-1-0-0 (3 file(s))
historical,236,280.977,ppm,CR-CMIP-1-0-0 (3 file(s))
historical,237,280.887,ppm,CR-CMIP-1-0-0 (3 file(s))
historical,238,280.807,ppm,CR-CMIP-1-0-0 (3 file(s))
historical,239,280.737,ppm,CR-CMIP-1-0-0 (3 file(s))
historical,240,280.657,ppm,CR-CMIP-1-0-0 (3 file(s))
historical,241,280.587,ppm,CR-CMIP-1-0-0 (3 file(s))
historical,242,280.527,ppm,CR-CMIP-1-0-0 (3 file(s))
historical,243,280.467,ppm,CR-CMIP-1-0-0 (3 file(s))
historical,244,280.417,ppm,CR-CMIP-1-0-0 (3 file(s))
historical,245,280.367,ppm,CR-CMIP-1-0-0 (3 file(s))
historical,246,280.317,ppm,CR-CMIP-1-0-0 (3 file(s))
historical,247,280.277,ppm,CR-CMIP-1-0-0 (3 file(s))
historical,248,280.237,ppm,CR-CMIP-1-0-0 (3 file(s))
historical,249,280.207,ppm,CR-CMIP-1-0-0 (3 file(s))
historical,250,280.177,ppm,CR-CMIP-1-0-0 (3 file(s))
historical,251,280.147,ppm,CR-CMIP-1-0-0 (3 file(s))
historical,252,280.127,ppm,CR-CMIP-1-0-0 (3 file(s))
historical,253,280.107,ppm,CR-CMIP-1-0-0 (3 file(s))
historical,254,280.087,ppm,CR-CMIP-1-0-0 (3 file(s))
historical,255,280.067,ppm,CR-CMIP-1-0-0 (3 file(s))
historical,256,280.057,ppm,CR-CMIP-1-0-0 (3 file(s))
historical,257,280.057,ppm,CR-CMIP-1-0-0 (3 file(s))
historical,258,280.057,ppm,CR-CMIP-1-0-0 (3 file(s))
historical,259,280.057,ppm,CR-CMIP-1-0-0 (3 file(s))
historical,260,280.067,ppm,CR-CMIP-1-0-0 (3 file(s))
historical,261,280.077,ppm,CR-CMIP-1-0-0 (3 file(s))
historical,262,280.087,ppm,CR-CMIP-1-0-0 (3 file(s))
historical,263,280.107,ppm,CR-CMIP-1-0-0 (3 file(s))
historical,264,280.137,ppm,CR-CMIP-1-0-0 (3 file(s))
historical,265,280.167,ppm,CR-CMIP-1-0-0 (3 file(s))
historical,266,280.207,ppm,CR-CMIP-1-0-0 (3 file(s))
historical,267,280.247,ppm,CR-CMIP-1-0-0 (3 file(s))
historical,268,280.297,ppm,CR-CMIP-1-0-0 (3 file(s))
historical,269,280.337,ppm,CR-CMIP-1-0-0 (3 file(s))
historical,270,280.387,ppm,CR-CMIP-1-0-0 (3 file(s))
historical,271,280.437,ppm,CR-CMIP-1-0-0 (3 file(s))
historical,272,280.487,ppm,CR-CMIP-1-0-0 (3 file(s))
historical,273,280.537,ppm,CR-CMIP-1-0-0 (3 file(s))
historical,274,280.597,ppm,CR-CMIP-1-0-0 (3 file(s))
historical,275,280.647,ppm,CR-CMIP-1-0-0 (3 file(s))
historical,276,280.707,ppm,CR-CMIP-1-0-0 (3 file(s))
historical,277,280.767,ppm,CR-CMIP-1-0-0 (3 file(s))
historical,278,280.827,ppm,CR-CMIP-1-0-0 (3 file(s))
historical,279,280.897,ppm,CR-CMIP-1-0-0 (3 file(s))
historical,280,280.957,ppm,CR-CMIP-1-0-0 (3 file(s))
historical,281,281.027,ppm,CR-CMIP-1-0-0 (3 file(s))
historical,282,281.087,ppm,CR-CMIP-1-0-0 (3 file(s))
historical,283,281.147,ppm,CR-CMIP-1-0-0 (3 file(s))
historical,284,281.207,ppm,CR-CMIP-1-0-0 (3 file(s))
historical,285,281.267,ppm,CR-CMIP-1-0-0 (3 file(s))
historical,286,281.327,ppm,CR-CMIP-1-0-0 (3 file(s))
historical,287,281.387,ppm,CR-CMIP-1-0-0 (3 file(s))
historical,288,281.437,ppm,CR-CMIP-1-0-0 (3 file(s))
historical,289,281.487,ppm,CR-CMIP-1-0-0 (3 file(s))
historical,290,281.537,ppm,CR-CMIP-1-0-0 (3 file(s))
historical,291,281.587,ppm,CR-CMIP-1-0-0 (3 file(s))
historical,292,281.627,ppm,CR-CMIP-1-0-0 (3 file(s))
historical,293,281.667,ppm,CR-CMIP-1-0-0 (3 file(s))
historical,294,281.717,ppm,CR-CMIP-1-0-0 (3 file(s))
historical,295,281.757,ppm,CR-CMIP-1-0-0 (3 file(s))
historical,296,281.807,ppm,CR-CMIP-1-0-0 (3 file(s))
historical,297,281.847,ppm,CR-CMIP-1-0-0 (3 file(s))
historical,298,281.897,ppm,CR-CMIP-1-0-0 (3 file(s))
historical,299,281.937,ppm,CR-CMIP-1-0-0 (3 file(s))
historical,300,281.977,ppm,CR-CMIP-1-0-0 (3 file(s))
historical,301,282.017,ppm,CR-CMIP-1-0-0 (3 file(s))
historical,302,282.047,ppm,CR-CMIP-1-0-0 (3 file(s))
historical,303,282.077,ppm,CR-CMIP-1-0-0 (3 file(s))
historical,304,282.097,ppm,CR-CMIP-1-0-0 (3 file(s))
historical,305,282.107,ppm,CR-CMIP-1-0-0 (3 file(s))
historical,306,282.117,ppm,CR-CMIP-1-0-0 (3 file(s))
historical,307,282.117,ppm,CR-CMIP-1-0-0 (3 file(s))
historical,308,282.117,ppm,CR-CMIP-1-0-0 (3 file(s))
historical,309,282.097,ppm,CR-CMIP-1-0-0 (3 file(s))
historical,310,282.087,ppm,CR-CMIP-1-0-0 (3 file(s))
historical,311,282.057,ppm,CR-CMIP-1-0-0 (3 file(s))
historical,312,282.027,ppm,CR-CMIP-1-0-0 (3 file(s))
historical,313,281.997,ppm,CR-CMIP-1-0-0 (3 file(s))
historical,314,281.957,ppm,CR-CMIP-1-0-0 (3 file(s))
historical,315,281.917,ppm,CR-CMIP-1-0-0 (3 file(s))
historical,316,281.877,ppm,CR-CMIP-1-0-0 (3 file(s))
historical,317,281.837,ppm,CR-CMIP-1-0-0 (3 file(s))
historical,318,281.787,ppm,CR-CMIP-1-0-0 (3 file(s))
historical,319,281.747,ppm,CR-CMIP-1-0-0 (3 file(s))
historical,320,281.697,ppm,CR-CMIP-1-0-0 (3 file(s))
historical,321,281.647,ppm,CR-CMIP-1-0-0 (3 file(s))
historical,322,281.597,ppm,CR-CMIP-1-0-0 (3 file(s))
historical,323,281.547,ppm,CR-CMIP-1-0-0 (3 file(s))
historical,324,281.497,ppm,CR-CMIP-1-0-0 (3 file(s))
historical,325,281.437,ppm,CR-CMIP-1-0-0 (3 file(s))
historical,326,281.387,ppm,CR-CMIP-1-0-0 (3 file(s))
historical,327,281.337,ppm,CR-CMIP-1-0-0 (3 file(s))
historical,328,281.277,ppm,CR-CMIP-1-0-0 (3 file(s))
historical,329,281.217,ppm,CR-CMIP-1-0-0 (3 file(s))
historical,330,281.167,ppm,CR-CMIP-1-0-0 (3 file(s))
historical,331,281.107,ppm,CR-CMIP-1-0-0 (3 file(s))
historical,332,281.057,ppm,CR-CMIP-1-0-0 (3 file(s))
historical,333,280.997,ppm,CR-CMIP-1-0-0 (3 file(s))
historical,334,280.947,ppm,CR-CMIP-1-0-0 (3 file(s))
historical,335,280.887,ppm,CR-CMIP-1-0-0 (3 file(s))
historical,336,280.837,ppm,CR-CMIP-1-0-0 (3 file(s))
historical,337,280.777,ppm,CR-CMIP-1-0-0 (3 file(s))
historical,338,280.727,ppm,CR-CMIP-1-0-0 (3 file(s))
historical,339,280.677,ppm,CR-CMIP-1-0-0 (3 file(s))
historical,340,280.627,ppm,CR-CMIP-1-0-0 (3 file(s))
historical,341,280.567,ppm,CR-CMIP-1-0-0 (3 file(s))
historical,342,280.527,ppm,CR-CMIP-1-0-0 (3 file(s))
historical,343,280.477,ppm,CR-CMIP-1-0-0 (3 file(s))
historical,344,280.427,ppm,CR-CMIP-1-0-0 (3 file(s))
historical,345,280.387,ppm,CR-CMIP-1-0-0 (3 file(s))
historical,346,280.347,ppm,CR-CMIP-1-0-0 (3 file(s))
historical,347,280.307,ppm,CR-CMIP-1-0-0 (3 file(s))
historical,348,280.267,ppm,CR-CMIP-1-0-0 (3 file(s))
historical,349,280.237,ppm,CR-CMIP-1-0-0 (3 file(s))
historical,350,280.197,ppm,CR-CMIP-1-0-0 (3 file(s))
historical,351,280.177,ppm,CR-CMIP-1-0-0 (3 file(s))
historical,352,280.147,ppm,CR-CMIP-1-0-0 (3 file(s))
historical,353,280.127,ppm,CR-CMIP-1-0-0 (3 file(s))
historical,354,280.117,ppm,CR-CMIP-1-0-0 (3 file(s))
historical,355,280.097,ppm,CR-CMIP-1-0-0 (3 file(s))
historical,356,280.087,ppm,CR-CMIP-1-0-0 (3 file(s))
historical,357,280.087,ppm,CR-CMIP-1-0-0 (3 file(s))
historical,358,280.087,ppm,CR-CMIP-1-0-0 (3 file(s))
historical,359,280.097,ppm,CR-CMIP-1-0-0 (3 file(s))
historical,360,280.107,ppm,CR-CMIP-1-0-0 (3 file(s))
historical,361,280.117,ppm,CR-CMIP-1-0-0 (3 file(s))
historical,362,280.127,ppm,CR-CMIP-1-0-0 (3 file(s))
historical,363,280.137,ppm,CR-CMIP-1-0-0 (3 file(s))
historical,364,280.157,ppm,CR-CMIP-1-0-0 (3 file(s))
historical,365,280.177,ppm,CR-CMIP-1-0-0 (3 file(s))
historical,366,280.197,ppm,CR-CMIP-1-0-0 (3 file(s))
historical,367,280.207,ppm,CR-CMIP-1-0-0 (3 file(s))
historical,368,280.227,ppm,CR-CMIP-1-0-0 (3 file(s))
historical,369,280.247,ppm,CR-CMIP-1-0-0 (3 file(s))
historical,370,280.267,ppm,CR-CMIP-1-0-0 (3 file(s))
historical,371,280.287,ppm,CR-CMIP-1-0-0 (3 file(s))
historical,372,280.307,ppm,CR-CMIP-1-0-0 (3 file(s))
historical,373,280.327,ppm,CR-CMIP-1-0-0 (3 file(s))
historical,374,280.337,ppm,CR-CMIP-1-0-0 (3 file(s))
historical,375,280.357,ppm,CR-CMIP-1-0-0 (3 file(s))
historical,376,280.367,ppm,CR-CMIP-1-0-0 (3 file(s))
historical,377,280.377,ppm,CR-CMIP-1-0-0 (3 file(s))
historical,378,280.387,ppm,CR-CMIP-1-0-0 (3 file(s))
historical,379,280.387,ppm,CR-CMIP-1-0-0 (3 file(s))
historical,380,280.407,ppm,CR-CMIP-1-0-0 (3 file(s))
historical,381,280.417,ppm,CR-CMIP-1-0-0 (3 file(s))
historical,382,280.437,ppm,CR-CMIP-1-0-0 (3 file(s))
historical,383,280.457,ppm,CR-CMIP-1-0-0 (3 file(s))
historical,384,280.497,ppm,CR-CMIP-1-0-0 (3 file(s))
historical,385,280.537,ppm,CR-CMIP-1-0-0 (3 file(s))
historical,386,280.587,ppm,CR-CMIP-1-0-0 (3 file(s))
historical,387,280.637,ppm,CR-CMIP-1-0-0 (3 file(s))
historical,388,280.697,ppm,CR-CMIP-1-0-0 (3 file(s))
historical,389,280.757,ppm,CR-CMIP-1-0-0 (3 file(s))
historical,390,280.817,ppm,CR-CMIP-1-0-0 (3 file(s))
historical,391,280.877,ppm,CR-CMIP-1-0-0 (3 file(s))
historical,392,280.927,ppm,CR-CMIP-1-0-0 (3 file(s))
historical,393,280.977,ppm,CR-CMIP-1-0-0 (3 file(s))
historical,394,281.017,ppm,CR-CMIP-1-0-0 (3 file(s))
historical,395,281.037,ppm,CR-CMIP-1-0-0 (3 file(s))
historical,396,281.057,ppm,CR-CMIP-1-0-0 (3 file(s))
historical,397,281.077,ppm,CR-CMIP-1-0-0 (3 file(s))
historical,398,281.087,ppm,CR-CMIP-1-0-0 (3 file(s))
historical,399,281.087,ppm,CR-CMIP-1-0-0 (3 file(s))
historical,400,281.087,ppm,CR-CMIP-1-0-0 (3 file(s))
historical,401,281.087,ppm,CR-CMIP-1-0-0 (3 file(s))
historical,402,281.087,ppm,CR-CMIP-1-0-0 (3 file(s))
historical,403,281.077,ppm,CR-CMIP-1-0-0 (3 file(s))
historical,404,281.077,ppm,CR-CMIP-1-0-0 (3 file(s))
historical,405,281.077,ppm,CR-CMIP-1-0-0 (3 file(s))
historical,406,281.077,ppm,CR-CMIP-1-0-0 (3 file(s))
historical,407,281.077,ppm,CR-CMIP-1-0-0 (3 file(s))
historical,408,281.087,ppm,CR-CMIP-1-0-0 (3 file(s))
historical,409,281.097,ppm,CR-CMIP-1-0-0 (3 file(s))
historical,410,281.107,ppm,CR-CMIP-1-0-0 (3 file(s))
historical,411,281.107,ppm,CR-CMIP-1-0-0 (3 file(s))
historical,412,281.117,ppm,CR-CMIP-1-0-0 (3 file(s))
historical,413,281.117,ppm,CR-CMIP-1-0-0 (3 file(s))
historical,414,281.117,ppm,CR-CMIP-1-0-0 (3 file(s))
historical,415,281.127,ppm,CR-CMIP-1-0-0 (3 file(s))
historical,416,281.117,ppm,CR-CMIP-1-0-0 (3 file(s))
historical,417,281.117,ppm,CR-CMIP-1-0-0 (3 file(s))
historical,418,281.117,ppm,CR-CMIP-1-0-0 (3 file(s))
historical,419,281.107,ppm,CR-CMIP-1-0-0 (3 file(s))
historical,420,281.097,ppm,CR-CMIP-1-0-0 (3 file(s))
historical,421,281.087,ppm,CR-CMIP-1-0-0 (3 file(s))
historical,422,281.067,ppm,CR-CMIP-1-0-0 (3 file(s))
historical,423,281.047,ppm,CR-CMIP-1-0-0 (3 file(s))
historical,424,281.027,ppm,CR-CMIP-1-0-0 (3 file(s))
historical,425,281.007,ppm,CR-CMIP-1-0-0 (3 file(s))
historical,426,280.987,ppm,CR-CMIP-1-0-0 (3 file(s))
historical,427,280.957,ppm,CR-CMIP-1-0-0 (3 file(s))
historical,428,280.917,ppm,CR-CMIP-1-0-0 (3 file(s))
historical,429,280.887,ppm,CR-CMIP-1-0-0 (3 file(s))
historical,430,280.847,ppm,CR-CMIP-1-0-0 (3 file(s))
historical,431,280.807,ppm,CR-CMIP-1-0-0 (3 file(s))
historical,432,280.767,ppm,CR-CMIP-1-0-0 (3 file(s))
historical,433,280.727,ppm,CR-CMIP-1-0-0 (3 file(s))
historical,434,280.687,ppm,CR-CMIP-1-0-0 (3 file(s))
historical,435,280.647,ppm,CR-CMIP-1-0-0 (3 file(s))
historical,436,280.617,ppm,CR-CMIP-1-0-0 (3 file(s))
historical,437,280.577,ppm,CR-CMIP-1-0-0 (3 file(s))
historical,438,280.557,ppm,CR-CMIP-1-0-0 (3 file(s))
historical,439,280.527,ppm,CR-CMIP-1-0-0 (3 file(s))
historical,440,280.507,ppm,CR-CMIP-1-0-0 (3 file(s))
historical,441,280.477,ppm,CR-CMIP-1-0-0 (3 file(s))
historical,442,280.467,ppm,CR-CMIP-1-0-0 (3 file(s))
historical,443,280.447,ppm,CR-CMIP-1-0-0 (3 file(s))
historical,444,280.427,ppm,CR-CMIP-1-0-0 (3 file(s))
historical,445,280.417,ppm,CR-CMIP-1-0-0 (3 file(s))
historical,446,280.407,ppm,CR-CMIP-1-0-0 (3 file(s))
historical,447,280.397,ppm,CR-CMIP-1-0-0 (3 file(s))
historical,448,280.387,ppm,CR-CMIP-1-0-0 (3 file(s))
historical,449,280.377,ppm,CR-CMIP-1-0-0 (3 file(s))
historical,450,280.367,ppm,CR-CMIP-1-0-0 (3 file(s))
historical,451,280.357,ppm,CR-CMIP-1-0-0 (3 file(s))
historical,452,280.347,ppm,CR-CMIP-1-0-0 (3 file(s))
historical,453,280.347,ppm,CR-CMIP-1-0-0 (3 file(s))
historical,454,280.337,ppm,CR-CMIP-1-0-0 (3 file(s))
historical,455,280.337,ppm,CR-CMIP-1-0-0 (3 file(s))
historical,456,280.337,ppm,CR-CMIP-1-0-0 (3 file(s))
historical,457,280.327,ppm,CR-CMIP-1-0-0 (3 file(s))
historical,458,280.327,ppm,CR-CMIP-1-0-0 (3 file(s))
historical,459,280.327,ppm,CR-CMIP-1-0-0 (3 file(s))
historical,460,280.327,ppm,CR-CMIP-1-0-0 (3 file(s))
historical,461,280.327,ppm,CR-CMIP-1-0-0 (3 file(s))
historical,462,280.327,ppm,CR-CMIP-1-0-0 (3 file(s))
historical,463,280.337,ppm,CR-CMIP-1-0-0 (3 file(s))
historical,464,280.337,ppm,CR-CMIP-1-0-0 (3 file(s))
historical,465,280.337,ppm,CR-CMIP-1-0-0 (3 file(s))
historical,466,280.337,ppm,CR-CMIP-1-0-0 (3 file(s))
historical,467,280.337,ppm,CR-CMIP-1-0-0 (3 file(s))
historical,468,280.337,ppm,CR-CMIP-1-0-0 (3 file(s))
historical,469,280.337,ppm,CR-CMIP-1-0-0 (3 file(s))
historical,470,280.337,ppm,CR-CMIP-1-0-0 (3 file(s))
historical,471,280.327,ppm,CR-CMIP-1-0-0 (3 file(s))
historical,472,280.317,ppm,CR-CMIP-1-0-0 (3 file(s))
historical,473,280.307,ppm,CR-CMIP-1-0-0 (3 file(s))
historical,474,280.287,ppm,CR-CMIP-1-0-0 (3 file(s))
historical,475,280.267,ppm,CR-CMIP-1-0-0 (3 file(s))
historical,476,280.247,ppm,CR-CMIP-1-0-0 (3 file(s))
historical,477,280.217,ppm,CR-CMIP-1-0-0 (3 file(s))
historical,478,280.187,ppm,CR-CMIP-1-0-0 (3 file(s))
historical,479,280.147,ppm,CR-CMIP-1-0-0 (3 file(s))
historical,480,280.107,ppm,CR-CMIP-1-0-0 (3 file(s))
historical,481,280.057,ppm,CR-CMIP-1-0-0 (3 file(s))
historical,482,280.017,ppm,CR-CMIP-1-0-0 (3 file(s))
historical,483,279.967,ppm,CR-CMIP-1-0-0 (3 file(s))
historical,484,279.917,ppm,CR-CMIP-1-0-0 (3 file(s))
historical,485,279.877,ppm,CR-CMIP-1-0-0 (3 file(s))
historical,486,279.837,ppm,CR-CMIP-1-0-0 (3 file(s))
historical,487,279.807,ppm,CR-CMIP-1-0-0 (3 file(s))
historical,488,279.777,ppm,CR-CMIP-1-0-0 (3 file(s))
historical,489,279.757,ppm,CR-CMIP-1-0-0 (3 file(s))
historical,490,279.737,ppm,CR-CMIP-1-0-0 (3 file(s))
historical,491,279.727,ppm,CR-CMIP-1-0-0 (3 file(s))
historical,492,279.717,ppm,CR-CMIP-1-0-0 (3 file(s))
historical,493,279.717,ppm,CR-CMIP-1-0-0 (3 file(s))
historical,494,279.707,ppm,CR-CMIP-1-0-0 (3 file(s))
historical,495,279.697,ppm,CR-CMIP-1-0-0 (3 file(s))
historical,496,279.687,ppm,CR-CMIP-1-0-0 (3 file(s))
historical,497,279.667,ppm,CR-CMIP-1-0-0 (3 file(s))
historical,498,279.647,ppm,CR-CMIP-1-0-0 (3 file(s))
historical,499,279.627,ppm,CR-CMIP-1-0-0 (3 file(s))
historical,500,279.597,ppm,CR-CMIP-1-0-0 (3 file(s))
historical,501,279.567,ppm,CR-CMIP-1-0-0 (3 file(s))
historical,502,279.537,ppm,CR-CMIP-1-0-0 (3 file(s))
historical,503,279.507,ppm,CR-CMIP-1-0-0 (3 file(s))
historical,504,279.467,ppm,CR-CMIP-1-0-0 (3 file(s))
historical,505,279.427,ppm,CR-CMIP-1-0-0 (3 file(s))
historical,506,279.387,ppm,CR-CMIP-1-0-0 (3 file(s))
historical,507,279.357,ppm,CR-CMIP-1-0-0 (3 file(s))
historical,508,279.317,ppm,CR-CMIP-1-0-0 (3 file(s))
historical,509,279.277,ppm,CR-CMIP-1-0-0 (3 file(s))
historical,510,279.237,ppm,CR-CMIP-1-0-0 (3 file(s))
historical,511,279.197,ppm,CR-CMIP-1-0-0 (3 file(s))
historical,512,279.157,ppm,CR-CMIP-1-0-0 (3 file(s))
historical,513,279.117,ppm,CR-CMIP-1-0-0 (3 file(s))
historical,514,279.087,ppm,CR-CMIP-1-0-0 (3 file(s))
historical,515,279.057,ppm,CR-CMIP-1-0-0 (3 file(s))
historical,516,279.027,ppm,CR-CMIP-1-0-0 (3 file(s))
historical,517,279.007,ppm,CR-CMIP-1-0-0 (3 file(s))
historical,518,278.997,ppm,CR-CMIP-1-0-0 (3 file(s))
historical,519,278.997,ppm,CR-CMIP-1-0-0 (3 file(s))
historical,520,278.997,ppm,CR-CMIP-1-0-0 (3 file(s))
historical,521,279.017,ppm,CR-CMIP-1-0-0 (3 file(s))
historical,522,279.027,ppm,CR-CMIP-1-0-0 (3 file(s))
historical,523,279.057,ppm,CR-CMIP-1-0-0 (3 file(s))
historical,524,279.077,ppm,CR-CMIP-1-0-0 (3 file(s))
historical,525,279.107,ppm,CR-CMIP-1-0-0 (3 file(s))
historical,526,279.137,ppm,CR-CMIP-1-0-0 (3 file(s))
historical,527,279.167,ppm,CR-CMIP-1-0-0 (3 file(s))
historical,528,279.197,ppm,CR-CMIP-1-0-0 (3 file(s))
historical,529,279.217,ppm,CR-CMIP-1-0-0 (3 file(s))
historical,530,279.237,ppm,CR-CMIP-1-0-0 (3 file(s))
historical,531,279.257,ppm,CR-CMIP-1-0-0 (3 file(s))
historical,532,279.277,ppm,CR-CMIP-1-0-0 (3 file(s))
historical,533,279.287,ppm,CR-CMIP-1-0-0 (3 file(s))
historical,534,279.287,ppm,CR-CMIP-1-0-0 (3 file(s))
historical,535,279.297,ppm,CR-CMIP-1-0-0 (3 file(s))
historical,536,279.297,ppm,CR-CMIP-1-0-0 (3 file(s))
historical,537,279.287,ppm,CR-CMIP-1-0-0 (3 file(s))
historical,538,279.287,ppm,CR-CMIP-1-0-0 (3 file(s))
historical,539,279.267,ppm,CR-CMIP-1-0-0 (3 file(s))
historical,540,279.257,ppm,CR-CMIP-1-0-0 (3 file(s))
historical,541,279.237,ppm,CR-CMIP-1-0-0 (3 file(s))
historical,542,279.217,ppm,CR-CMIP-1-0-0 (3 file(s))
historical,543,279.187,ppm,CR-CMIP-1-0-0 (3 file(s))
historical,544,279.157,ppm,CR-CMIP-1-0-0 (3 file(s))
historical,545,279.117,ppm,CR-CMIP-1-0-0 (3 file(s))
historical,546,279.077,ppm,CR-CMIP-1-0-0 (3 file(s))
historical,547,279.037,ppm,CR-CMIP-1-0-0 (3 file(s))
historical,548,278.987,ppm,CR-CMIP-1-0-0 (3 file(s))
historical,549,278.937,ppm,CR-CMIP-1-0-0 (3 file(s))
historical,550,278.887,ppm,CR-CMIP-1-0-0 (3 file(s))
historical,551,278.847,ppm,CR-CMIP-1-0-0 (3 file(s))
historical,552,278.797,ppm,CR-CMIP-1-0-0 (3 file(s))
historical,553,278.767,ppm,CR-CMIP-1-0-0 (3 file(s))
historical,554,278.727,ppm,CR-CMIP-1-0-0 (3 file(s))
historical,555,278.707,ppm,CR-CMIP-1-0-0 (3 file(s))
historical,556,278.687,ppm,CR-CMIP-1-0-0 (3 file(s))
historical,557,278.667,ppm,CR-CMIP-1-0-0 (3 file(s))
historical,558,278.657,ppm,CR-CMIP-1-0-0 (3 file(s))
historical,559,278.647,ppm,CR-CMIP-1-0-0 (3 file(s))
historical,560,278.647,ppm,CR-CMIP-1-0-0 (3 file(s))
historical,561,278.647,ppm,CR-CMIP-1-0-0 (3 file(s))
historical,562,278.637,ppm,CR-CMIP-1-0-0 (3 file(s))
historical,563,278.637,ppm,CR-CMIP-1-0-0 (3 file(s))
historical,564,278.637,ppm,CR-CMIP-1-0-0 (3 file(s))
historical,565,278.637,ppm,CR-CMIP-1-0-0 (3 file(s))
historical,566,278.627,ppm,CR-CMIP-1-0-0 (3 file(s))
historical,567,278.627,ppm,CR-CMIP-1-0-0 (3 file(s))
historical,568,278.617,ppm,CR-CMIP-1-0-0 (3 file(s))
historical,569,278.617,ppm,CR-CMIP-1-0-0 (3 file(s))
historical,570,278.617,ppm,CR-CMIP-1-0-0 (3 file(s))
historical,571,278.607,ppm,CR-CMIP-1-0-0 (3 file(s))
historical,572,278.607,ppm,CR-CMIP-1-0-0 (3 file(s))
historical,573,278.607,ppm,CR-CMIP-1-0-0 (3 file(s))
historical,574,278.607,ppm,CR-CMIP-1-0-0 (3 file(s))
historical,575,278.607,ppm,CR-CMIP-1-0-0 (3 file(s))
historical,576,278.607,ppm,CR-CMIP-1-0-0 (3 file(s))
historical,577,278.607,ppm,CR-CMIP-1-0-0 (3 file(s))
historical,578,278.617,ppm,CR-CMIP-1-0-0 (3 file(s))
historical,579,278.627,ppm,CR-CMIP-1-0-0 (3 file(s))
historical,580,278.637,ppm,CR-CMIP-1-0-0 (3 file(s))
historical,581,278.647,ppm,CR-CMIP-1-0-0 (3 file(s))
historical,582,278.667,ppm,CR-CMIP-1-0-0 (3 file(s))
historical,583,278.697,ppm,CR-CMIP-1-0-0 (3 file(s))
historical,584,278.737,ppm,CR-CMIP-1-0-0 (3 file(s))
historical,585,278.777,ppm,CR-CMIP-1-0-0 (3 file(s))
historical,586,278.827,ppm,CR-CMIP-1-0-0 (3 file(s))
historical,587,278.877,ppm,CR-CMIP-1-0-0 (3 file(s))
historical,588,278.937,ppm,CR-CMIP-1-0-0 (3 file(s))
historical,589,278.997,ppm,CR-CMIP-1-0-0 (3 file(s))
historical,590,279.057,ppm,CR-CMIP-1-0-0 (3 file(s))
historical,591,279.127,ppm,CR-CMIP-1-0-0 (3 file(s))
historical,592,279.187,ppm,CR-CMIP-1-0-0 (3 file(s))
historical,593,279.247,ppm,CR-CMIP-1-0-0 (3 file(s))
historical,594,279.307,ppm,CR-CMIP-1-0-0 (3 file(s))
historical,595,279.367,ppm,CR-CMIP-1-0-0 (3 file(s))
historical,596,279.417,ppm,CR-CMIP-1-0-0 (3 file(s))
historical,597,279.457,ppm,CR-CMIP-1-0-0 (3 file(s))
historical,598,279.497,ppm,CR-CMIP-1-0-0 (3 file(s))
historical,599,279.527,ppm,CR-CMIP-1-0-0 (3 file(s))
historical,600,279.557,ppm,CR-CMIP-1-0-0 (3 file(s))
historical,601,279.577,ppm,CR-CMIP-1-0-0 (3 file(s))
historical,602,279.597,ppm,CR-CMIP-1-0-0 (3 file(s))
historical,603,279.617,ppm,CR-CMIP-1-0-0 (3 file(s))
historical,604,279.627,ppm,CR-CMIP-1-0-0 (3 file(s))
historical,605,279.627,ppm,CR-CMIP-1-0-0 (3 file(s))
historical,606,279.637,ppm,CR-CMIP-1-0-0 (3 file(s))
historical,607,279.637,ppm,CR-CMIP-1-0-0 (3 file(s))
historical,608,279.637,ppm,CR-CMIP-1-0-0 (3 file(s))
historical,609,279.647,ppm,CR-CMIP-1-0-0 (3 file(s))
historical,610,279.647,ppm,CR-CMIP-1-0-0 (3 file(s))
historical,611,279.647,ppm,CR-CMIP-1-0-0 (3 file(s))
historical,612,279.647,ppm,CR-CMIP-1-0-0 (3 file(s))
historical,613,279.647,ppm,CR-CMIP-1-0-0 (3 file(s))
historical,614,279.657,ppm,CR-CMIP-1-0-0 (3 file(s))
historical,615,279.667,ppm,CR-CMIP-1-0-0 (3 file(s))
historical,616,279.677,ppm,CR-CMIP-1-0-0 (3 file(s))
historical,617,279.697,ppm,CR-CMIP-1-0-0 (3 file(s))
historical,618,279.717,ppm,CR-CMIP-1-0-0 (3 file(s))
historical,619,279.737,ppm,CR-CMIP-1-0-0 (3 file(s))
historical,620,279.767,ppm,CR-CMIP-1-0-0 (3 file(s))
historical,621,279.797,ppm,CR-CMIP-1-0-0 (3 file(s))
historical,622,279.827,ppm,CR-CMIP-1-0-0 (3 file(s))
historical,623,279.857,ppm,CR-CMIP-1-0-0 (3 file(s))
historical,624,279.897,ppm,CR-CMIP-1-0-0 (3 file(s))
historical,625,279.937,ppm,CR-CMIP-1-0-0 (3 file(s))
historical,626,279.977,ppm,CR-CMIP-1-0-0 (3 file(s))
historical,627,280.017,ppm,CR-CMIP-1-0-0 (3 file(s))
historical,628,280.057,ppm,CR-CMIP-1-0-0 (3 file(s))
historical,629,280.097,ppm,CR-CMIP-1-0-0 (3 file(s))
historical,630,280.147,ppm,CR-CMIP-1-0-0 (3 file(s))
historical,631,280.187,ppm,CR-CMIP-1-0-0 (3 file(s))
historical,632,280.227,ppm,CR-CMIP-1-0-0 (3 file(s))
historical,633,280.267,ppm,CR-CMIP-1-0-0 (3 file(s))
historical,634,280.317,ppm,CR-CMIP-1-0-0 (3 file(s))
historical,635,280.357,ppm,CR-CMIP-1-0-0 (3 file(s))
historical,636,280.397,ppm,CR-CMIP-1-0-0 (3 file(s))
historical,637,280.437,ppm,CR-CMIP-1-0-0 (3 file(s))
historical,638,280.477,ppm,CR-CMIP-1-0-0 (3 file(s))
historical,639,280.517,ppm,CR-CMIP-1-0-0 (3 file(s))
historical,640,280.547,ppm,CR-CMIP-1-0-0 (3 file(s))
historical,641,280.587,ppm,CR-CMIP-1-0-0 (3 file(s))
historical,642,280.617,ppm,CR-CMIP-1-0-0 (3 file(s))
historical,643,280.637,ppm,CR-CMIP-1-0-0 (3 file(s))
historical,644,280.657,ppm,CR-CMIP-1-0-0 (3 file(s))
historical,645,280.667,ppm,CR-CMIP-1-0-0 (3 file(s))
historical,646,280.677,ppm,CR-CMIP-1-0-0 (3 file(s))
historical,647,280.677,ppm,CR-CMIP-1-0-0 (3 file(s))
historical,648,280.667,ppm,CR-CMIP-1-0-0 (3 file(s))
historical,649,280.647,ppm,CR-CMIP-1-0-0 (3 file(s))
historical,650,280.617,ppm,CR-CMIP-1-0-0 (3 file(s))
historical,651,280.587,ppm,CR-CMIP-1-0-0 (3 file(s))
historical,652,280.547,ppm,CR-CMIP-1-0-0 (3 file(s))
historical,653,280.497,ppm,CR-CMIP-1-0-0 (3 file(s))
historical,654,280.447,ppm,CR-CMIP-1-0-0 (3 file(s))
historical,655,280.387,ppm,CR-CMIP-1-0-0 (3 file(s))
historical,656,280.337,ppm,CR-CMIP-1-0-0 (3 file(s))
historical,657,280.277,ppm,CR-CMIP-1-0-0 (3 file(s))
historical,658,280.207,ppm,CR-CMIP-1-0-0 (3 file(s))
historical,659,280.147,ppm,CR-CMIP-1-0-0 (3 file(s))
historical,660,280.087,ppm,CR-CMIP-1-0-0 (3 file(s))
historical,661,280.027,ppm,CR-CMIP-1-0-0 (3 file(s))
historical,662,279.967,ppm,CR-CMIP-1-0-0 (3 file(s))
historical,663,279.917,ppm,CR-CMIP-1-0-0 (3 file(s))
historical,664,279.857,ppm,CR-CMIP-1-0-0 (3 file(s))
historical,665,279.817,ppm,CR-CMIP-1-0-0 (3 file(s))
historical,666,279.777,ppm,CR-CMIP-1-0-0 (3 file(s))
historical,667,279.737,ppm,CR-CMIP-1-0-0 (3 file(s))
historical,668,279.707,ppm,CR-CMIP-1-0-0 (3 file(s))
historical,669,279.687,ppm,CR-CMIP-1-0-0 (3 file(s))
historical,670,279.667,ppm,CR-CMIP-1-0-0 (3 file(s))
historical,671,279.667,ppm,CR-CMIP-1-0-0 (3 file(s))
historical,672,279.657,ppm,CR-CMIP-1-0-0 (3 file(s))
historical,673,279.667,ppm,CR-CMIP-1-0-0 (3 file(s))
historical,674,279.667,ppm,CR-CMIP-1-0-0 (3 file(s))
historical,675,279.677,ppm,CR-CMIP-1-0-0 (3 file(s))
historical,676,279.687,ppm,CR-CMIP-1-0-0 (3 file(s))
historical,677,279.697,ppm,CR-CMIP-1-0-0 (3 file(s))
historical,678,279.707,ppm,CR-CMIP-1-0-0 (3 file(s))
historical,679,279.707,ppm,CR-CMIP-1-0-0 (3 file(s))
historical,680,279.717,ppm,CR-CMIP-1-0-0 (3 file(s))
historical,681,279.707,ppm,CR-CMIP-1-0-0 (3 file(s))
historical,682,279.707,ppm,CR-CMIP-1-0-0 (3 file(s))
historical,683,279.687,ppm,CR-CMIP-1-0-0 (3 file(s))
historical,684,279.667,ppm,CR-CMIP-1-0-0 (3 file(s))
historical,685,279.647,ppm,CR-CMIP-1-0-0 (3 file(s))
historical,686,279.617,ppm,CR-CMIP-1-0-0 (3 file(s))
historical,687,279.587,ppm,CR-CMIP-1-0-0 (3 file(s))
historical,688,279.557,ppm,CR-CMIP-1-0-0 (3 file(s))
historical,689,279.517,ppm,CR-CMIP-1-0-0 (3 file(s))
historical,690,279.487,ppm,CR-CMIP-1-0-0 (3 file(s))
historical,691,279.447,ppm,CR-CMIP-1-0-0 (3 file(s))
historical,692,279.407,ppm,CR-CMIP-1-0-0 (3 file(s))
historical,693,279.377,ppm,CR-CMIP-1-0-0 (3 file(s))
historical,694,279.347,ppm,CR-CMIP-1-0-0 (3 file(s))
historical,695,279.317,ppm,CR-CMIP-1-0-0 (3 file(s))
historical,696,279.287,ppm,CR-CMIP-1-0-0 (3 file(s))
historical,697,279.267,ppm,CR-CMIP-1-0-0 (3 file(s))
historical,698,279.247,ppm,CR-CMIP-1-0-0 (3 file(s))
historical,699,279.227,ppm,CR-CMIP-1-0-0 (3 file(s))
historical,700,279.227,ppm,CR-CMIP-1-0-0 (3 file(s))
historical,701,279.227,ppm,CR-CMIP-1-0-0 (3 file(s))
historical,702,279.237,ppm,CR-CMIP-1-0-0 (3 file(s))
historical,703,279.257,ppm,CR-CMIP-1-0-0 (3 file(s))
historical,704,279.287,ppm,CR-CMIP-1-0-0 (3 file(s))
historical,705,279.317,ppm,CR-CMIP-1-0-0 (3 file(s))
historical,706,279.357,ppm,CR-CMIP-1-0-0 (3 file(s))
historical,707,279.407,ppm,CR-CMIP-1-0-0 (3 file(s))
historical,708,279.457,ppm,CR-CMIP-1-0-0 (3 file(s))
historical,709,279.507,ppm,CR-CMIP-1-0-0 (3 file(s))
historical,710,279.557,ppm,CR-CMIP-1-0-0 (3 file(s))
historical,711,279.617,ppm,CR-CMIP-1-0-0 (3 file(s))
historical,712,279.667,ppm,CR-CMIP-1-0-0 (3 file(s))
historical,713,279.717,ppm,CR-CMIP-1-0-0 (3 file(s))
historical,714,279.767,ppm,CR-CMIP-1-0-0 (3 file(s))
historical,715,279.817,ppm,CR-CMIP-1-0-0 (3 file(s))
historical,716,279.857,ppm,CR-CMIP-1-0-0 (3 file(s))
historical,717,279.887,ppm,CR-CMIP-1-0-0 (3 file(s))
historical,718,279.927,ppm,CR-CMIP-1-0-0 (3 file(s))
historical,719,279.947,ppm,CR-CMIP-1-0-0 (3 file(s))
historical,720,279.967,ppm,CR-CMIP-1-0-0 (3 file(s))
historical,721,279.987,ppm,CR-CMIP-1-0-0 (3 file(s))
historical,722,280.007,ppm,CR-CMIP-1-0-0 (3 file(s))
historical,723,280.017,ppm,CR-CMIP-1-0-0 (3 file(s))
historical,724,280.027,ppm,CR-CMIP-1-0-0 (3 file(s))
historical,725,280.027,ppm,CR-CMIP-1-0-0 (3 file(s))
historical,726,280.037,ppm,CR-CMIP-1-0-0 (3 file(s))
historical,727,280.037,ppm,CR-CMIP-1-0-0 (3 file(s))
historical,728,280.037,ppm,CR-CMIP-1-0-0 (3 file(s))
historical,729,280.037,ppm,CR-CMIP-1-0-0 (3 file(s))
historical,730,280.037,ppm,CR-CMIP-1-0-0 (3 file(s))
historical,731,280.037,ppm,CR-CMIP-1-0-0 (3 file(s))
historical,732,280.037,ppm,CR-CMIP-1-0-0 (3 file(s))
historical,733,280.037,ppm,CR-CMIP-1-0-0 (3 file(s))
historical,734,280.027,ppm,CR-CMIP-1-0-0 (3 file(s))
historical,735,280.027,ppm,CR-CMIP-1-0-0 (3 file(s))
historical,736,280.027,ppm,CR-CMIP-1-0-0 (3 file(s))
historical,737,280.017,ppm,CR-CMIP-1-0-0 (3 file(s))
historical,738,280.017,ppm,CR-CMIP-1-0-0 (3 file(s))
historical,739,280.007,ppm,CR-CMIP-1-0-0 (3 file(s))
historical,740,280.007,ppm,CR-CMIP-1-0-0 (3 file(s))
historical,741,279.997,ppm,CR-CMIP-1-0-0 (3 file(s))
historical,742,279.987,ppm,CR-CMIP-1-0-0 (3 file(s))
historical,743,279.987,ppm,CR-CMIP-1-0-0 (3 file(s))
historical,744,279.977,ppm,CR-CMIP-1-0-0 (3 file(s))
historical,745,279.967,ppm,CR-CMIP-1-0-0 (3 file(s))
historical,746,279.957,ppm,CR-CMIP-1-0-0 (3 file(s))
historical,747,279.947,ppm,CR-CMIP-1-0-0 (3 file(s))
historical,748,279.937,ppm,CR-CMIP-1-0-0 (3 file(s))
historical,749,279.927,ppm,CR-CMIP-1-0-0 (3 file(s))
historical,750,279.907,ppm,CR-CMIP-1-0-0 (3 file(s))
historical,751,279.897,ppm,CR-CMIP-1-0-0 (3 file(s))
historical,752,279.887,ppm,CR-CMIP-1-0-0 (3 file(s))
historical,753,279.867,ppm,CR-CMIP-1-0-0 (3 file(s))
historical,754,279.857,ppm,CR-CMIP-1-0-0 (3 file(s))
historical,755,279.837,ppm,CR-CMIP-1-0-0 (3 file(s))
historical,756,279.827,ppm,CR-CMIP-1-0-0 (3 file(s))
historical,757,279.807,ppm,CR-CMIP-1-0-0 (3 file(s))
historical,758,279.797,ppm,CR-CMIP-1-0-0 (3 file(s))
historical,759,279.777,ppm,CR-CMIP-1-0-0 (3 file(s))
historical,760,279.767,ppm,CR-CMIP-1-0-0 (3 file(s))
historical,761,279.747,ppm,CR-CMIP-1-0-0 (3 file(s))
historical,762,279.737,ppm,CR-CMIP-1-0-0 (3 file(s))
historical,763,279.727,ppm,CR-CMIP-1-0-0 (3 file(s))
historical,764,279.717,ppm,CR-CMIP-1-0-0 (3 file(s))
historical,765,279.697,ppm,CR-CMIP-1-0-0 (3 file(s))
historical,766,279.687,ppm,CR-CMIP-1-0-0 (3 file(s))
historical,767,279.667,ppm,CR-CMIP-1-0-0 (3 file(s))
historical,768,279.657,ppm,CR-CMIP-1-0-0 (3 file(s))
historical,769,279.637,ppm,CR-CMIP-1-0-0 (3 file(s))
historical,770,279.617,ppm,CR-CMIP-1-0-0 (3 file(s))
historical,771,279.597,ppm,CR-CMIP-1-0-0 (3 file(s))
historical,772,279.577,ppm,CR-CMIP-1-0-0 (3 file(s))
historical,773,279.557,ppm,CR-CMIP-1-0-0 (3 file(s))
historical,774,279.537,ppm,CR-CMIP-1-0-0 (3 file(s))
historical,775,279.517,ppm,CR-CMIP-1-0-0 (3 file(s))
historical,776,279.497,ppm,CR-CMIP-1-0-0 (3 file(s))
historical,777,279.477,ppm,CR-CMIP-1-0-0 (3 file(s))
historical,778,279.467,ppm,CR-CMIP-1-0-0 (3 file(s))
historical,779,279.457,ppm,CR-CMIP-1-0-0 (3 file(s))
historical,780,279.447,ppm,CR-CMIP-1-0-0 (3 file(s))
historical,781,279.437,ppm,CR-CMIP-1-0-0 (3 file(s))
historical,782,279.437,ppm,CR-CMIP-1-0-0 (3 file(s))
historical,783,279.437,ppm,CR-CMIP-1-0-0 (3 file(s))
historical,784,279.437,ppm,CR-CMIP-1-0-0 (3 file(s))
historical,785,279.447,ppm,CR-CMIP-1-0-0 (3 file(s))
historical,786,279.457,ppm,CR-CMIP-1-0-0 (3 file(s))
historical,787,279.467,ppm,CR-CMIP-1-0-0 (3 file(s))
historical,788,279.477,ppm,CR-CMIP-1-0-0 (3 file(s))
historical,789,279.487,ppm,CR-CMIP-1-0-0 (3 file(s))
historical,790,279.507,ppm,CR-CMIP-1-0-0 (3 file(s))
historical,791,279.517,ppm,CR-CMIP-1-0-0 (3 file(s))
historical,792,279.527,ppm,CR-CMIP-1-0-0 (3 file(s))
historical,793,279.537,ppm,CR-CMIP-1-0-0 (3 file(s))
historical,794,279.547,ppm,CR-CMIP-1-0-0 (3 file(s))
historical,795,279.547,ppm,CR-CMIP-1-0-0 (3 file(s))
historical,796,279.557,ppm,CR-CMIP-1-0-0 (3 file(s))
historical,797,279.557,ppm,CR-CMIP-1-0-0 (3 file(s))
historical,798,279.557,ppm,CR-CMIP-1-0-0 (3 file(s))
historical,799,279.557,ppm,CR-CMIP-1-0-0 (3 file(s))
historical,800,279.557,ppm,CR-CMIP-1-0-0 (3 file(s))
historical,801,279.557,ppm,CR-CMIP-1-0-0 (3 file(s))
historical,802,279.557,ppm,CR-CMIP-1-0-0 (3 file(s))
historical,803,279.557,ppm,CR-CMIP-1-0-0 (3 file(s))
historical,804,279.557,ppm,CR-CMIP-1-0-0 (3 file(s))
historical,805,279.547,ppm,CR-CMIP-1-0-0 (3 file(s))
historical,806,279.547,ppm,CR-CMIP-1-0-0 (3 file(s))
historical,807,279.547,ppm,CR-CMIP-1-0-0 (3 file(s))
historical,808,279.547,ppm,CR-CMIP-1-0-0 (3 file(s))
historical,809,279.557,ppm,CR-CMIP-1-0-0 (3 file(s))
historical,810,279.557,ppm,CR-CMIP-1-0-0 (3 file(s))
historical,811,279.567,ppm,CR-CMIP-1-0-0 (3 file(s))
historical,812,279.577,ppm,CR-CMIP-1-0-0 (3 file(s))
historical,813,279.587,ppm,CR-CMIP-1-0-0 (3 file(s))
historical,814,279.607,ppm,CR-CMIP-1-0-0 (3 file(s))
historical,815,279.627,ppm,CR-CMIP-1-0-0 (3 file(s))
historical,816,279.657,ppm,CR-CMIP-1-0-0 (3 file(s))
historical,817,279.687,ppm,CR-CMIP-1-0-0 (3 file(s))
historical,818,279.717,ppm,CR-CMIP-1-0-0 (3 file(s))
historical,819,279.757,ppm,CR-CMIP-1-0-0 (3 file(s))
historical,820,279.797,ppm,CR-CMIP-1-0-0 (3 file(s))
historical,821,279.847,ppm,CR-CMIP-1-0-0 (3 file(s))
historical,822,279.907,ppm,CR-CMIP-1-0-0 (3 file(s))
historical,823,279.967,ppm,CR-CMIP-1-0-0 (3 file(s))
historical,824,280.027,ppm,CR-CMIP-1-0-0 (3 file(s))
historical,825,280.097,ppm,CR-CMIP-1-0-0 (3 file(s))
historical,826,280.167,ppm,CR-CMIP-1-0-0 (3 file(s))
historical,827,280.237,ppm,CR-CMIP-1-0-0 (3 file(s))
historical,828,280.307,ppm,CR-CMIP-1-0-0 (3 file(s))
historical,829,280.367,ppm,CR-CMIP-1-0-0 (3 file(s))
historical,830,280.427,ppm,CR-CMIP-1-0-0 (3 file(s))
historical,831,280.477,ppm,CR-CMIP-1-0-0 (3 file(s))
historical,832,280.527,ppm,CR-CMIP-1-0-0 (3 file(s))
historical,833,280.567,ppm,CR-CMIP-1-0-0 (3 file(s))
historical,834,280.587,ppm,CR-CMIP-1-0-0 (3 file(s))
historical,835,280.607,ppm,CR-CMIP-1-0-0 (3 file(s))
historical,836,280.607,ppm,CR-CMIP-1-0-0 (3 file(s))
historical,837,280.597,ppm,CR-CMIP-1-0-0 (3 file(s))
historical,838,280.577,ppm,CR-CMIP-1-0-0 (3 file(s))
historical,839,280.557,ppm,CR-CMIP-1-0-0 (3 file(s))
historical,840,280.527,ppm,CR-CMIP-1-0-0 (3 file(s))
historical,841,280.487,ppm,CR-CMIP-1-0-0 (3 file(s))
historical,842,280.437,ppm,CR-CMIP-1-0-0 (3 file(s))
historical,843,280.387,ppm,CR-CMIP-1-0-0 (3 file(s))
historical,844,280.337,ppm,CR-CMIP-1-0-0 (3 file(s))
historical,845,280.277,ppm,CR-CMIP-1-0-0 (3 file(s))
historical,846,280.227,ppm,CR-CMIP-1-0-0 (3 file(s))
historical,847,280.167,ppm,CR-CMIP-1-0-0 (3 file(s))
historical,848,280.107,ppm,CR-CMIP-1-0-0 (3 file(s))
historical,849,280.057,ppm,CR-CMIP-1-0-0 (3 file(s))
historical,850,279.997,ppm,CR-CMIP-1-0-0 (3 file(s))
historical,851,279.947,ppm,CR-CMIP-1-0-0 (3 file(s))
historical,852,279.907,ppm,CR-CMIP-1-0-0 (3 file(s))
historical,853,279.867,ppm,CR-CMIP-1-0-0 (3 file(s))
historical,854,279.827,ppm,CR-CMIP-1-0-0 (3 file(s))
historical,855,279.797,ppm,CR-CMIP-1-0-0 (3 file(s))
historical,856,279.777,ppm,CR-CMIP-1-0-0 (3 file(s))
historical,857,279.757,ppm,CR-CMIP-1-0-0 (3 file(s))
historical,858,279.737,ppm,CR-CMIP-1-0-0 (3 file(s))
historical,859,279.737,ppm,CR-CMIP-1-0-0 (3 file(s))
historical,860,279.727,ppm,CR-CMIP-1-0-0 (3 file(s))
historical,861,279.737,ppm,CR-CMIP-1-0-0 (3 file(s))
historical,862,279.737,ppm,CR-CMIP-1-0-0 (3 file(s))
historical,863,279.757,ppm,CR-CMIP-1-0-0 (3 file(s))
historical,864,279.777,ppm,CR-CMIP-1-0-0 (3 file(s))
historical,865,279.807,ppm,CR-CMIP-1-0-0 (3 file(s))
historical,866,279.837,ppm,CR-CMIP-1-0-0 (3 file(s))
historical,867,279.877,ppm,CR-CMIP-1-0-0 (3 file(s))
historical,868,279.927,ppm,CR-CMIP-1-0-0 (3 file(s))
historical,869,279.977,ppm,CR-CMIP-1-0-0 (3 file(s))
historical,870,280.037,ppm,CR-CMIP-1-0-0 (3 file(s))
historical,871,280.107,ppm,CR-CMIP-1-0-0 (3 file(s))
historical,872,280.187,ppm,CR-CMIP-1-0-0 (3 file(s))
historical,873,280.257,ppm,CR-CMIP-1-0-0 (3 file(s))
historical,874,280.347,ppm,CR-CMIP-1-0-0 (3 file(s))
historical,875,280.437,ppm,CR-CMIP-1-0-0 (3 file(s))
historical,876,280.527,ppm,CR-CMIP-1-0-0 (3 file(s))
historical,877,280.627,ppm,CR-CMIP-1-0-0 (3 file(s))
historical,878,280.727,ppm,CR-CMIP-1-0-0 (3 file(s))
historical,879,280.827,ppm,CR-CMIP-1-0-0 (3 file(s))
historical,880,280.917,ppm,CR-CMIP-1-0-0 (3 file(s))
historical,881,281.007,ppm,CR-CMIP-1-0-0 (3 file(s))
historical,882,281.097,ppm,CR-CMIP-1-0-0 (3 file(s))
historical,883,281.167,ppm,CR-CMIP-1-0-0 (3 file(s))
historical,884,281.237,ppm,CR-CMIP-1-0-0 (3 file(s))
historical,885,281.287,ppm,CR-CMIP-1-0-0 (3 file(s))
historical,886,281.327,ppm,CR-CMIP-1-0-0 (3 file(s))
historical,887,281.357,ppm,CR-CMIP-1-0-0 (3 file(s))
historical,888,281.367,ppm,CR-CMIP-1-0-0 (3 file(s))
historical,889,281.367,ppm,CR-CMIP-1-0-0 (3 file(s))
historical,890,281.347,ppm,CR-CMIP-1-0-0 (3 file(s))
historical,891,281.317,ppm,CR-CMIP-1-0-0 (3 file(s))
historical,892,281.287,ppm,CR-CMIP-1-0-0 (3 file(s))
historical,893,281.237,ppm,CR-CMIP-1-0-0 (3 file(s))
historical,894,281.177,ppm,CR-CMIP-1-0-0 (3 file(s))
historical,895,281.117,ppm,CR-CMIP-1-0-0 (3 file(s))
historical,896,281.057,ppm,CR-CMIP-1-0-0 (3 file(s))
historical,897,280.987,ppm,CR-CMIP-1-0-0 (3 file(s))
historical,898,280.907,ppm,CR-CMIP-1-0-0 (3 file(s))
historical,899,280.837,ppm,CR-CMIP-1-0-0 (3 file(s))
historical,900,280.757,ppm,CR-CMIP-1-0-0 (3 file(s))
historical,901,280.677,ppm,CR-CMIP-1-0-0 (3 file(s))
historical,902,280.607,ppm,CR-CMIP-1-0-0 (3 file(s))
historical,903,280.527,ppm,CR-CMIP-1-0-0 (3 file(s))
historical,904,280.467,ppm,CR-CMIP-1-0-0 (3 file(s))
historical,905,280.397,ppm,CR-CMIP-1-0-0 (3 file(s))
historical,906,280.337,ppm,CR-CMIP-1-0-0 (3 file(s))
historical,907,280.277,ppm,CR-CMIP-1-0-0 (3 file(s))
historical,908,280.227,ppm,CR-CMIP-1-0-0 (3 file(s))
historical,909,280.177,ppm,CR-CMIP-1-0-0 (3 file(s))
historical,910,280.137,ppm,CR-CMIP-1-0-0 (3 file(s))
historical,911,280.097,ppm,CR-CMIP-1-0-0 (3 file(s))
historical,912,280.067,ppm,CR-CMIP-1-0-0 (3 file(s))
historical,913,280.037,ppm,CR-CMIP-1-0-0 (3 file(s))
historical,914,280.017,ppm,CR-CMIP-1-0-0 (3 file(s))
historical,915,279.997,ppm,CR-CMIP-1-0-0 (3 file(s))
historical,916,279.987,ppm,CR-CMIP-1-0-0 (3 file(s))
historical,917,279.977,ppm,CR-CMIP-1-0-0 (3 file(s))
historical,918,279.977,ppm,CR-CMIP-1-0-0 (3 file(s))
historical,919,279.977,ppm,CR-CMIP-1-0-0 (3 file(s))
historical,920,279.977,ppm,CR-CMIP-1-0-0 (3 file(s))
historical,921,279.987,ppm,CR-CMIP-1-0-0 (3 file(s))
historical,922,280.007,ppm,CR-CMIP-1-0-0 (3 file(s))
historical,923,280.017,ppm,CR-CMIP-1-0-0 (3 file(s))
historical,924,280.037,ppm,CR-CMIP-1-0-0 (3 file(s))
historical,925,280.057,ppm,CR-CMIP-1-0-0 (3 file(s))
historical,926,280.077,ppm,CR-CMIP-1-0-0 (3 file(s))
historical,927,280.107,ppm,CR-CMIP-1-0-0 (3 file(s))
historical,928,280.137,ppm,CR-CMIP-1-0-0 (3 file(s))
historical,929,280.157,ppm,CR-CMIP-1-0-0 (3 file(s))
historical,930,280.187,ppm,CR-CMIP-1-0-0 (3 file(s))
historical,931,280.217,ppm,CR-CMIP-1-0-0 (3 file(s))
historical,932,280.247,ppm,CR-CMIP-1-0-0 (3 file(s))
historical,933,280.277,ppm,CR-CMIP-1-0-0 (3 file(s))
historical,934,280.307,ppm,CR-CMIP-1-0-0 (3 file(s))
historical,935,280.337,ppm,CR-CMIP-1-0-0 (3 file(s))
historical,936,280.367,ppm,CR-CMIP-1-0-0 (3 file(s))
historical,937,280.397,ppm,CR-CMIP-1-0-0 (3 file(s))
historical,938,280.427,ppm,CR-CMIP-1-0-0 (3 file(s))
historical,939,280.447,ppm,CR-CMIP-1-0-0 (3 file(s))
historical,940,280.467,ppm,CR-CMIP-1-0-0 (3 file(s))
historical,941,280.487,ppm,CR-CMIP-1-0-0 (3 file(s))
historical,942,280.507,ppm,CR-CMIP-1-0-0 (3 file(s))
historical,943,280.517,ppm,CR-CMIP-1-0-0 (3 file(s))
historical,944,280.527,ppm,CR-CMIP-1-0-0 (3 file(s))
historical,945,280.527,ppm,CR-CMIP-1-0-0 (3 file(s))
historical,946,280.517,ppm,CR-CMIP-1-0-0 (3 file(s))
historical,947,280.497,ppm,CR-CMIP-1-0-0 (3 file(s))
historical,948,280.477,ppm,CR-CMIP-1-0-0 (3 file(s))
historical,949,280.447,ppm,CR-CMIP-1-0-0 (3 file(s))
historical,950,280.417,ppm,CR-CMIP-1-0-0 (3 file(s))
historical,951,280.377,ppm,CR-CMIP-1-0-0 (3 file(s))
historical,952,280.327,ppm,CR-CMIP-1-0-0 (3 file(s))
historical,953,280.287,ppm,CR-CMIP-1-0-0 (3 file(s))
historical,954,280.237,ppm,CR-CMIP-1-0-0 (3 file(s))
historical,955,280.187,ppm,CR-CMIP-1-0-0 (3 file(s))
historical,956,280.147,ppm,CR-CMIP-1-0-0 (3 file(s))
historical,957,280.107,ppm,CR-CMIP-1-0-0 (3 file(s))
historical,958,280.067,ppm,CR-CMIP-1-0-0 (3 file(s))
historical,959,280.037,ppm,CR-CMIP-1-0-0 (3 file(s))
historical,960,280.017,ppm,CR-CMIP-1-0-0 (3 file(s))
historical,961,279.997,ppm,CR-CMIP-1-0-0 (3 file(s))
historical,962,279.987,ppm,CR-CMIP-1-0-0 (3 file(s))
historical,963,279.987,ppm,CR-CMIP-1-0-0 (3 file(s))
historical,964,279.987,ppm,CR-CMIP-1-0-0 (3 file(s))
historical,965,279.997,ppm,CR-CMIP-1-0-0 (3 file(s))
historical,966,280.007,ppm,CR-CMIP-1-0-0 (3 file(s))
historical,967,280.027,ppm,CR-CMIP-1-0-0 (3 file(s))
historical,968,280.057,ppm,CR-CMIP-1-0-0 (3 file(s))
historical,969,280.087,ppm,CR-CMIP-1-0-0 (3 file(s))
historical,970,280.117,ppm,CR-CMIP-1-0-0 (3 file(s))
historical,971,280.157,ppm,CR-CMIP-1-0-0 (3 file(s))
historical,972,280.207,ppm,CR-CMIP-1-0-0 (3 file(s))
historical,973,280.257,ppm,CR-CMIP-1-0-0 (3 file(s))
historical,974,280.307,ppm,CR-CMIP-1-0-0 (3 file(s))
historical,975,280.357,ppm,CR-CMIP-1-0-0 (3 file(s))
historical,976,280.427,ppm,CR-CMIP-1-0-0 (3 file(s))
historical,977,280.487,ppm,CR-CMIP-1-0-0 (3 file(s))
historical,978,280.557,ppm,CR-CMIP-1-0-0 (3 file(s))
historical,979,280.627,ppm,CR-CMIP-1-0-0 (3 file(s))
historical,980,280.697,ppm,CR-CMIP-1-0-0 (3 file(s))
historical,981,280.777,ppm,CR-CMIP-1-0-0 (3 file(s))
historical,982,280.857,ppm,CR-CMIP-1-0-0 (3 file(s))
historical,983,280.947,ppm,CR-CMIP-1-0-0 (3 file(s))
historical,984,281.047,ppm,CR-CMIP-1-0-0 (3 file(s))
historical,985,281.147,ppm,CR-CMIP-1-0-0 (3 file(s))
historical,986,281.247,ppm,CR-CMIP-1-0-0 (3 file(s))
historical,987,281.357,ppm,CR-CMIP-1-0-0 (3 file(s))
historical,988,281.467,ppm,CR-CMIP-1-0-0 (3 file(s))
historical,989,281.567,ppm,CR-CMIP-1-0-0 (3 file(s))
historical,990,281.677,ppm,CR-CMIP-1-0-0 (3 file(s))
historical,991,281.777,ppm,CR-CMIP-1-0-0 (3 file(s))
historical,992,281.877,ppm,CR-CMIP-1-0-0 (3 file(s))
historical,993,281.977,ppm,CR-CMIP-1-0-0 (3 file(s))
historical,994,282.067,ppm,CR-CMIP-1-0-0 (3 file(s))
historical,995,282.147,ppm,CR-CMIP-1-0-0 (3 file(s))
historical,996,282.217,ppm,CR-CMIP-1-0-0 (3 file(s))
historical,997,282.287,ppm,CR-CMIP-1-0-0 (3 file(s))
historical,998,282.347,ppm,CR-CMIP-1-0-0 (3 file(s))
historical,999,282.397,ppm,CR-CMIP-1-0-0 (3 file(s))
historical,1000,282.437,ppm,CR-CMIP-1-0-0 (3 file(s))
historical,1001,282.457,ppm,CR-CMIP-1-0-0 (3 file(s))
historical,1002,282.477,ppm,CR-CMIP-1-0-0 (3 file(s))
historical,1003,282.477,ppm,CR-CMIP-1-0-0 (3 file(s))
historical,1004,282.467,ppm,CR-CMIP-1-0-0 (3 file(s))
historical,1005,282.447,ppm,CR-CMIP-1-0-0 (3 file(s))
historical,1006,282.417,ppm,CR-CMIP-1-0-0 (3 file(s))
historical,1007,282.367,ppm,CR-CMIP-1-0-0 (3 file(s))
historical,1008,282.317,ppm,CR-CMIP-1-0-0 (3 file(s))
historical,1009,282.247,ppm,CR-CMIP-1-0-0 (3 file(s))
historical,1010,282.187,ppm,CR-CMIP-1-0-0 (3 file(s))
historical,1011,282.107,ppm,CR-CMIP-1-0-0 (3 file(s))
historical,1012,282.037,ppm,CR-CMIP-1-0-0 (3 file(s))
historical,1013,281.967,ppm,CR-CMIP-1-0-0 (3 file(s))
historical,1014,281.887,ppm,CR-CMIP-1-0-0 (3 file(s))
historical,1015,281.827,ppm,CR-CMIP-1-0-0 (3 file(s))
historical,1016,281.767,ppm,CR-CMIP-1-0-0 (3 file(s))
historical,1017,281.707,ppm,CR-CMIP-1-0-0 (3 file(s))
historical,1018,281.667,ppm,CR-CMIP-1-0-0 (3 file(s))
historical,1019,281.637,ppm,CR-CMIP-1-0-0 (3 file(s))
historical,1020,281.627,ppm,CR-CMIP-1-0-0 (3 file(s))
historical,1021,281.617,ppm,CR-CMIP-1-0-0 (3 file(s))
historical,1022,281.627,ppm,CR-CMIP-1-0-0 (3 file(s))
historical,1023,281.647,ppm,CR-CMIP-1-0-0 (3 file(s))
historical,1024,281.677,ppm,CR-CMIP-1-0-0 (3 file(s))
historical,1025,281.707,ppm,CR-CMIP-1-0-0 (3 file(s))
historical,1026,281.757,ppm,CR-CMIP-1-0-0 (3 file(s))
historical,1027,281.807,ppm,CR-CMIP-1-0-0 (3 file(s))
historical,1028,281.877,ppm,CR-CMIP-1-0-0 (3 file(s))
historical,1029,281.947,ppm,CR-CMIP-1-0-0 (3 file(s))
historical,1030,282.017,ppm,CR-CMIP-1-0-0 (3 file(s))
historical,1031,282.097,ppm,CR-CMIP-1-0-0 (3 file(s))
historical,1032,282.177,ppm,CR-CMIP-1-0-0 (3 file(s))
historical,1033,282.247,ppm,CR-CMIP-1-0-0 (3 file(s))
historical,1034,282.307,ppm,CR-CMIP-1-0-0 (3 file(s))
historical,1035,282.357,ppm,CR-CMIP-1-0-0 (3 file(s))
historical,1036,282.407,ppm,CR-CMIP-1-0-0 (3 file(s))
historical,1037,282.447,ppm,CR-CMIP-1-0-0 (3 file(s))
historical,1038,282.487,ppm,CR-CMIP-1-0-0 (3 file(s))
historical,1039,282.527,ppm,CR-CMIP-1-0-0 (3 file(s))
historical,1040,282.577,ppm,CR-CMIP-1-0-0 (3 file(s))
historical,1041,282.617,ppm,CR-CMIP-1-0-0 (3 file(s))
historical,1042,282.667,ppm,CR-CMIP-1-0-0 (3 file(s))
historical,1043,282.717,ppm,CR-CMIP-1-0-0 (3 file(s))
historical,1044,282.777,ppm,CR-CMIP-1-0-0 (3 file(s))
historical,1045,282.827,ppm,CR-CMIP-1-0-0 (3 file(s))
historical,1046,282.887,ppm,CR-CMIP-1-0-0 (3 file(s))
historical,1047,282.947,ppm,CR-CMIP-1-0-0 (3 file(s))
historical,1048,283.007,ppm,CR-CMIP-1-0-0 (3 file(s))
historical,1049,283.077,ppm,CR-CMIP-1-0-0 (3 file(s))
historical,1050,283.137,ppm,CR-CMIP-1-0-0 (3 file(s))
historical,1051,283.207,ppm,CR-CMIP-1-0-0 (3 file(s))
historical,1052,283.267,ppm,CR-CMIP-1-0-0 (3 file(s))
historical,1053,283.337,ppm,CR-CMIP-1-0-0 (3 file(s))
historical,1054,283.397,ppm,CR-CMIP-1-0-0 (3 file(s))
historical,1055,283.467,ppm,CR-CMIP-1-0-0 (3 file(s))
historical,1056,283.537,ppm,CR-CMIP-1-0-0 (3 file(s))
historical,1057,283.617,ppm,CR-CMIP-1-0-0 (3 file(s))
historical,1058,283.697,ppm,CR-CMIP-1-0-0 (3 file(s))
historical,1059,283.777,ppm,CR-CMIP-1-0-0 (3 file(s))
historical,1060,283.857,ppm,CR-CMIP-1-0-0 (3 file(s))
historical,1061,283.937,ppm,CR-CMIP-1-0-0 (3 file(s))
historical,1062,284.017,ppm,CR-CMIP-1-0-0 (3 file(s))
historical,1063,284.097,ppm,CR-CMIP-1-0-0 (3 file(s))
historical,1064,284.167,ppm,CR-CMIP-1-0-0 (3 file(s))
historical,1065,284.247,ppm,CR-CMIP-1-0-0 (3 file(s))
historical,1066,284.317,ppm,CR-CMIP-1-0-0 (3 file(s))
historical,1067,284.387,ppm,CR-CMIP-1-0-0 (3 file(s))
historical,1068,284.447,ppm,CR-CMIP-1-0-0 (3 file(s))
historical,1069,284.507,ppm,CR-CMIP-1-0-0 (3 file(s))
historical,1070,284.567,ppm,CR-CMIP-1-0-0 (3 file(s))
historical,1071,284.617,ppm,CR-CMIP-1-0-0 (3 file(s))
historical,1072,284.677,ppm,CR-CMIP-1-0-0 (3 file(s))
historical,1073,284.737,ppm,CR-CMIP-1-0-0 (3 file(s))
historical,1074,284.797,ppm,CR-CMIP-1-0-0 (3 file(s))
historical,1075,284.847,ppm,CR-CMIP-1-0-0 (3 file(s))
historical,1076,284.907,ppm,CR-CMIP-1-0-0 (3 file(s))
historical,1077,284.957,ppm,CR-CMIP-1-0-0 (3 file(s))
historical,1078,285.007,ppm,CR-CMIP-1-0-0 (3 file(s))
historical,1079,285.047,ppm,CR-CMIP-1-0-0 (3 file(s))
historical,1080,285.097,ppm,CR-CMIP-1-0-0 (3 file(s))
historical,1081,285.127,ppm,CR-CMIP-1-0-0 (3 file(s))
historical,1082,285.157,ppm,CR-CMIP-1-0-0 (3 file(s))
historical,1083,285.187,ppm,CR-CMIP-1-0-0 (3 file(s))
historical,1084,285.207,ppm,CR-CMIP-1-0-0 (3 file(s))
historical,1085,285.217,ppm,CR-CMIP-1-0-0 (3 file(s))
historical,1086,285.227,ppm,CR-CMIP-1-0-0 (3 file(s))
historical,1087,285.227,ppm,CR-CMIP-1-0-0 (3 file(s))
historical,1088,285.217,ppm,CR-CMIP-1-0-0 (3 file(s))
historical,1089,285.197,ppm,CR-CMIP-1-0-0 (3 file(s))
historical,1090,285.177,ppm,CR-CMIP-1-0-0 (3 file(s))
historical,1091,285.147,ppm,CR-CMIP-1-0-0 (3 file(s))
historical,1092,285.107,ppm,CR-CMIP-1-0-0 (3 file(s))
historical,1093,285.067,ppm,CR-CMIP-1-0-0 (3 file(s))
historical,1094,285.027,ppm,CR-CMIP-1-0-0 (3 file(s))
historical,1095,284.987,ppm,CR-CMIP-1-0-0 (3 file(s))
historical,1096,284.947,ppm,CR-CMIP-1-0-0 (3 file(s))
historical,1097,284.907,ppm,CR-CMIP-1-0-0 (3 file(s))
historical,1098,284.867,ppm,CR-CMIP-1-0-0 (3 file(s))
historical,1099,284.837,ppm,CR-CMIP-1-0-0 (3 file(s))
historical,1100,284.807,ppm,CR-CMIP-1-0-0 (3 file(s))
historical,1101,284.777,ppm,CR-CMIP-1-0-0 (3 file(s))
historical,1102,284.757,ppm,CR-CMIP-1-0-0 (3 file(s))
historical,1103,284.737,ppm,CR-CMIP-1-0-0 (3 file(s))
historical,1104,284.717,ppm,CR-CMIP-1-0-0 (3 file(s))
historical,1105,284.697,ppm,CR-CMIP-1-0-0 (3 file(s))
historical,1106,284.687,ppm,CR-CMIP-1-0-0 (3 file(s))
historical,1107,284.667,ppm,CR-CMIP-1-0-0 (3 file(s))
historical,1108,284.657,ppm,CR-CMIP-1-0-0 (3 file(s))
historical,1109,284.647,ppm,CR-CMIP-1-0-0 (3 file(s))
historical,1110,284.627,ppm,CR-CMIP-1-0-0 (3 file(s))
historical,1111,284.617,ppm,CR-CMIP-1-0-0 (3 file(s))
historical,1112,284.597,ppm,CR-CMIP-1-0-0 (3 file(s))
historical,1113,284.587,ppm,CR-CMIP-1-0-0 (3 file(s))
historical,1114,284.577,ppm,CR-CMIP-1-0-0 (3 file(s))
historical,1115,284.567,ppm,CR-CMIP-1-0-0 (3 file(s))
historical,1116,284.557,ppm,CR-CMIP-1-0-0 (3 file(s))
historical,1117,284.557,ppm,CR-CMIP-1-0-0 (3 file(s))
historical,1118,284.557,ppm,CR-CMIP-1-0-0 (3 file(s))
historical,1119,284.567,ppm,CR-CMIP-1-0-0 (3 file(s))
historical,1120,284.577,ppm,CR-CMIP-1-0-0 (3 file(s))
historical,1121,284.587,ppm,CR-CMIP-1-0-0 (3 file(s))
historical,1122,284.607,ppm,CR-CMIP-1-0-0 (3 file(s))
historical,1123,284.627,ppm,CR-CMIP-1-0-0 (3 file(s))
historical,1124,284.647,ppm,CR-CMIP-1-0-0 (3 file(s))
historical,1125,284.667,ppm,CR-CMIP-1-0-0 (3 file(s))
historical,1126,284.697,ppm,CR-CMIP-1-0-0 (3 file(s))
historical,1127,284.727,ppm,CR-CMIP-1-0-0 (3 file(s))
historical,1128,284.757,ppm,CR-CMIP-1-0-0 (3 file(s))
historical,1129,284.787,ppm,CR-CMIP-1-0-0 (3 file(s))
historical,1130,284.827,ppm,CR-CMIP-1-0-0 (3 file(s))
historical,1131,284.857,ppm,CR-CMIP-1-0-0 (3 file(s))
historical,1132,284.897,ppm,CR-CMIP-1-0-0 (3 file(s))
historical,1133,284.937,ppm,CR-CMIP-1-0-0 (3 file(s))
historical,1134,284.967,ppm,CR-CMIP-1-0-0 (3 file(s))
historical,1135,284.987,ppm,CR-CMIP-1-0-0 (3 file(s))
historical,1136,285.007,ppm,CR-CMIP-1-0-0 (3 file(s))
historical,1137,285.017,ppm,CR-CMIP-1-0-0 (3 file(s))
historical,1138,285.027,ppm,CR-CMIP-1-0-0 (3 file(s))
historical,1139,285.017,ppm,CR-CMIP-1-0-0 (3 file(s))
historical,1140,285.007,ppm,CR-CMIP-1-0-0 (3 file(s))
historical,1141,284.987,ppm,CR-CMIP-1-0-0 (3 file(s))
historical,1142,284.967,ppm,CR-CMIP-1-0-0 (3 file(s))
historical,1143,284.947,ppm,CR-CMIP-1-0-0 (3 file(s))
historical,1144,284.917,ppm,CR-CMIP-1-0-0 (3 file(s))
historical,1145,284.897,ppm,CR-CMIP-1-0-0 (3 file(s))
historical,1146,284.867,ppm,CR-CMIP-1-0-0 (3 file(s))
historical,1147,284.847,ppm,CR-CMIP-1-0-0 (3 file(s))
historical,1148,284.827,ppm,CR-CMIP-1-0-0 (3 file(s))
historical,1149,284.807,ppm,CR-CMIP-1-0-0 (3 file(s))
historical,1150,284.797,ppm,CR-CMIP-1-0-0 (3 file(s))
historical,1151,284.787,ppm,CR-CMIP-1-0-0 (3 file(s))
historical,1152,284.777,ppm,CR-CMIP-1-0-0 (3 file(s))
historical,1153,284.767,ppm,CR-CMIP-1-0-0 (3 file(s))
historical,1154,284.767,ppm,CR-CMIP-1-0-0 (3 file(s))
historical,1155,284.767,ppm,CR-CMIP-1-0-0 (3 file(s))
historical,1156,284.767,ppm,CR-CMIP-1-0-0 (3 file(s))
historical,1157,284.777,ppm,CR-CMIP-1-0-0 (3 file(s))
historical,1158,284.777,ppm,CR-CMIP-1-0-0 (3 file(s))
historical,1159,284.777,ppm,CR-CMIP-1-0-0 (3 file(s))
historical,1160,284.777,ppm,CR-CMIP-1-0-0 (3 file(s))
historical,1161,284.777,ppm,CR-CMIP-1-0-0 (3 file(s))
historical,1162,284.787,ppm,CR-CMIP-1-0-0 (3 file(s))
historical,1163,284.797,ppm,CR-CMIP-1-0-0 (3 file(s))
historical,1164,284.807,ppm,CR-CMIP-1-0-0 (3 file(s))
historical,1165,284.817,ppm,CR-CMIP-1-0-0 (3 file(s))
historical,1166,284.847,ppm,CR-CMIP-1-0-0 (3 file(s))
historical,1167,284.867,ppm,CR-CMIP-1-0-0 (3 file(s))
historical,1168,284.897,ppm,CR-CMIP-1-0-0 (3 file(s))
historical,1169,284.927,ppm,CR-CMIP-1-0-0 (3 file(s))
historical,1170,284.967,ppm,CR-CMIP-1-0-0 (3 file(s))
historical,1171,284.997,ppm,CR-CMIP-1-0-0 (3 file(s))
historical,1172,285.037,ppm,CR-CMIP-1-0-0 (3 file(s))
historical,1173,285.067,ppm,CR-CMIP-1-0-0 (3 file(s))
historical,1174,285.097,ppm,CR-CMIP-1-0-0 (3 file(s))
historical,1175,285.117,ppm,CR-CMIP-1-0-0 (3 file(s))
historical,1176,285.137,ppm,CR-CMIP-1-0-0 (3 file(s))
historical,1177,285.147,ppm,CR-CMIP-1-0-0 (3 file(s))
historical,1178,285.157,ppm,CR-CMIP-1-0-0 (3 file(s))
historical,1179,285.157,ppm,CR-CMIP-1-0-0 (3 file(s))
historical,1180,285.157,ppm,CR-CMIP-1-0-0 (3 file(s))
historical,1181,285.137,ppm,CR-CMIP-1-0-0 (3 file(s))
historical,1182,285.127,ppm,CR-CMIP-1-0-0 (3 file(s))
historical,1183,285.107,ppm,CR-CMIP-1-0-0 (3 file(s))
historical,1184,285.077,ppm,CR-CMIP-1-0-0 (3 file(s))
historical,1185,285.047,ppm,CR-CMIP-1-0-0 (3 file(s))
historical,1186,285.017,ppm,CR-CMIP-1-0-0 (3 file(s))
historical,1187,284.977,ppm,CR-CMIP-1-0-0 (3 file(s))
historical,1188,284.947,ppm,CR-CMIP-1-0-0 (3 file(s))
historical,1189,284.897,ppm,CR-CMIP-1-0-0 (3 file(s))
historical,1190,284.857,ppm,CR-CMIP-1-0-0 (3 file(s))
historical,1191,284.807,ppm,CR-CMIP-1-0-0 (3 file(s))
historical,1192,284.757,ppm,CR-CMIP-1-0-0 (3 file(s))
historical,1193,284.717,ppm,CR-CMIP-1-0-0 (3 file(s))
historical,1194,284.677,ppm,CR-CMIP-1-0-0 (3 file(s))
historical,1195,284.637,ppm,CR-CMIP-1-0-0 (3 file(s))
historical,1196,284.597,ppm,CR-CMIP-1-0-0 (3 file(s))
historical,1197,284.577,ppm,CR-CMIP-1-0-0 (3 file(s))
historical,1198,284.547,ppm,CR-CMIP-1-0-0 (3 file(s))
historical,1199,284.537,ppm,CR-CMIP-1-0-0 (3 file(s))
historical,1200,284.517,ppm,CR-CMIP-1-0-0 (3 file(s))
historical,1201,284.517,ppm,CR-CMIP-1-0-0 (3 file(s))
historical,1202,284.517,ppm,CR-CMIP-1-0-0 (3 file(s))
historical,1203,284.517,ppm,CR-CMIP-1-0-0 (3 file(s))
historical,1204,284.517,ppm,CR-CMIP-1-0-0 (3 file(s))
historical,1205,284.517,ppm,CR-CMIP-1-0-0 (3 file(s))
historical,1206,284.517,ppm,CR-CMIP-1-0-0 (3 file(s))
historical,1207,284.507,ppm,CR-CMIP-1-0-0 (3 file(s))
historical,1208,284.497,ppm,CR-CMIP-1-0-0 (3 file(s))
historical,1209,284.487,ppm,CR-CMIP-1-0-0 (3 file(s))
historical,1210,284.477,ppm,CR-CMIP-1-0-0 (3 file(s))
historical,1211,284.457,ppm,CR-CMIP-1-0-0 (3 file(s))
historical,1212,284.437,ppm,CR-CMIP-1-0-0 (3 file(s))
historical,1213,284.407,ppm,CR-CMIP-1-0-0 (3 file(s))
historical,1214,284.367,ppm,CR-CMIP-1-0-0 (3 file(s))
historical,1215,284.327,ppm,CR-CMIP-1-0-0 (3 file(s))
historical,1216,284.277,ppm,CR-CMIP-1-0-0 (3 file(s))
historical,1217,284.217,ppm,CR-CMIP-1-0-0 (3 file(s))
historical,1218,284.157,ppm,CR-CMIP-1-0-0 (3 file(s))
historical,1219,284.087,ppm,CR-CMIP-1-0-0 (3 file(s))
historical,1220,284.017,ppm,CR-CMIP-1-0-0 (3 file(s))
historical,1221,283.937,ppm,CR-CMIP-1-0-0 (3 file(s))
historical,1222,283.857,ppm,CR-CMIP-1-0-0 (3 file(s))
historical,1223,283.787,ppm,CR-CMIP-1-0-0 (3 file(s))
historical,1224,283.697,ppm,CR-CMIP-1-0-0 (3 file(s))
historical,1225,283.617,ppm,CR-CMIP-1-0-0 (3 file(s))
historical,1226,283.547,ppm,CR-CMIP-1-0-0 (3 file(s))
historical,1227,283.467,ppm,CR-CMIP-1-0-0 (3 file(s))
historical,1228,283.397,ppm,CR-CMIP-1-0-0 (3 file(s))
historical,1229,283.327,ppm,CR-CMIP-1-0-0 (3 file(s))
historical,1230,283.267,ppm,CR-CMIP-1-0-0 (3 file(s))
historical,1231,283.217,ppm,CR-CMIP-1-0-0 (3 file(s))
historical,1232,283.167,ppm,CR-CMIP-1-0-0 (3 file(s))
historical,1233,283.117,ppm,CR-CMIP-1-0-0 (3 file(s))
historical,1234,283.077,ppm,CR-CMIP-1-0-0 (3 file(s))
historical,1235,283.047,ppm,CR-CMIP-1-0-0 (3 file(s))
historical,1236,283.027,ppm,CR-CMIP-1-0-0 (3 file(s))
historical,1237,283.007,ppm,CR-CMIP-1-0-0 (3 file(s))
historical,1238,282.997,ppm,CR-CMIP-1-0-0 (3 file(s))
historical,1239,282.997,ppm,CR-CMIP-1-0-0 (3 file(s))
historical,1240,283.007,ppm,CR-CMIP-1-0-0 (3 file(s))
historical,1241,283.027,ppm,CR-CMIP-1-0-0 (3 file(s))
historical,1242,283.057,ppm,CR-CMIP-1-0-0 (3 file(s))
historical,1243,283.087,ppm,CR-CMIP-1-0-0 (3 file(s))
historical,1244,283.137,ppm,CR-CMIP-1-0-0 (3 file(s))
historical,1245,283.187,ppm,CR-CMIP-1-0-0 (3 file(s))
historical,1246,283.237,ppm,CR-CMIP-1-0-0 (3 file(s))
historical,1247,283.297,ppm,CR-CMIP-1-0-0 (3 file(s))
historical,1248,283.347,ppm,CR-CMIP-1-0-0 (3 file(s))
historical,1249,283.407,ppm,CR-CMIP-1-0-0 (3 file(s))
historical,1250,283.457,ppm,CR-CMIP-1-0-0 (3 file(s))
historical,1251,283.507,ppm,CR-CMIP-1-0-0 (3 file(s))
historical,1252,283.557,ppm,CR-CMIP-1-0-0 (3 file(s))
historical,1253,283.587,ppm,CR-CMIP-1-0-0 (3 file(s))
historical,1254,283.617,ppm,CR-CMIP-1-0-0 (3 file(s))
historical,1255,283.637,ppm,CR-CMIP-1-0-0 (3 file(s))
historical,1256,283.637,ppm,CR-CMIP-1-0-0 (3 file(s))
historical,1257,283.637,ppm,CR-CMIP-1-0-0 (3 file(s))
historical,1258,283.627,ppm,CR-CMIP-1-0-0 (3 file(s))
historical,1259,283.607,ppm,CR-CMIP-1-0-0 (3 file(s))
historical,1260,283.577,ppm,CR-CMIP-1-0-0 (3 file(s))
historical,1261,283.547,ppm,CR-CMIP-1-0-0 (3 file(s))
historical,1262,283.517,ppm,CR-CMIP-1-0-0 (3 file(s))
historical,1263,283.477,ppm,CR-CMIP-1-0-0 (3 file(s))
historical,1264,283.437,ppm,CR-CMIP-1-0-0 (3 file(s))
historical,1265,283.387,ppm,CR-CMIP-1-0-0 (3 file(s))
historical,1266,283.327,ppm,CR-CMIP-1-0-0 (3 file(s))
historical,1267,283.277,ppm,CR-CMIP-1-0-0 (3 file(s))
historical,1268,283.217,ppm,CR-CMIP-1-0-0 (3 file(s))
historical,1269,283.157,ppm,CR-CMIP-1-0-0 (3 file(s))
historical,1270,283.107,ppm,CR-CMIP-1-0-0 (3 file(s))
historical,1271,283.047,ppm,CR-CMIP-1-0-0 (3 file(s))
historical,1272,282.997,ppm,CR-CMIP-1-0-0 (3 file(s))
historical,1273,282.947,ppm,CR-CMIP-1-0-0 (3 file(s))
historical,1274,282.907,ppm,CR-CMIP-1-0-0 (3 file(s))
historical,1275,282.877,ppm,CR-CMIP-1-0-0 (3 file(s))
historical,1276,282.847,ppm,CR-CMIP-1-0-0 (3 file(s))
historical,1277,282.837,ppm,CR-CMIP-1-0-0 (3 file(s))
historical,1278,282.827,ppm,CR-CMIP-1-0-0 (3 file(s))
historical,1279,282.837,ppm,CR-CMIP-1-0-0 (3 file(s))
historical,1280,282.857,ppm,CR-CMIP-1-0-0 (3 file(s))
historical,1281,282.877,ppm,CR-CMIP-1-0-0 (3 file(s))
historical,1282,282.907,ppm,CR-CMIP-1-0-0 (3 file(s))
historical,1283,282.947,ppm,CR-CMIP-1-0-0 (3 file(s))
historical,1284,282.977,ppm,CR-CMIP-1-0-0 (3 file(s))
historical,1285,283.027,ppm,CR-CMIP-1-0-0 (3 file(s))
historical,1286,283.067,ppm,CR-CMIP-1-0-0 (3 file(s))
historical,1287,283.117,ppm,CR-CMIP-1-0-0 (3 file(s))
historical,1288,283.157,ppm,CR-CMIP-1-0-0 (3 file(s))
historical,1289,283.207,ppm,CR-CMIP-1-0-0 (3 file(s))
historical,1290,283.247,ppm,CR-CMIP-1-0-0 (3 file(s))
historical,1291,283.297,ppm,CR-CMIP-1-0-0 (3 file(s))
historical,1292,283.337,ppm,CR-CMIP-1-0-0 (3 file(s))
historical,1293,283.367,ppm,CR-CMIP-1-0-0 (3 file(s))
historical,1294,283.407,ppm,CR-CMIP-1-0-0 (3 file(s))
historical,1295,283.437,ppm,CR-CMIP-1-0-0 (3 file(s))
historical,1296,283.477,ppm,CR-CMIP-1-0-0 (3 file(s))
historical,1297,283.507,ppm,CR-CMIP-1-0-0 (3 file(s))
historical,1298,283.537,ppm,CR-CMIP-1-0-0 (3 file(s))
historical,1299,283.557,ppm,CR-CMIP-1-0-0 (3 file(s))
historical,1300,283.587,ppm,CR-CMIP-1-0-0 (3 file(s))
historical,1301,283.607,ppm,CR-CMIP-1-0-0 (3 file(s))
historical,1302,283.617,ppm,CR-CMIP-1-0-0 (3 file(s))
historical,1303,283.637,ppm,CR-CMIP-1-0-0 (3 file(s))
historical,1304,283.647,ppm,CR-CMIP-1-0-0 (3 file(s))
historical,1305,283.647,ppm,CR-CMIP-1-0-0 (3 file(s))
historical,1306,283.647,ppm,CR-CMIP-1-0-0 (3 file(s))
historical,1307,283.657,ppm,CR-CMIP-1-0-0 (3 file(s))
historical,1308,283.657,ppm,CR-CMIP-1-0-0 (3 file(s))
historical,1309,283.667,ppm,CR-CMIP-1-0-0 (3 file(s))
historical,1310,283.677,ppm,CR-CMIP-1-0-0 (3 file(s))
historical,1311,283.687,ppm,CR-CMIP-1-0-0 (3 file(s))
historical,1312,283.697,ppm,CR-CMIP-1-0-0 (3 file(s))
historical,1313,283.717,ppm,CR-CMIP-1-0-0 (3 file(s))
historical,1314,283.727,ppm,CR-CMIP-1-0-0 (3 file(s))
historical,1315,283.737,ppm,CR-CMIP-1-0-0 (3 file(s))
historical,1316,283.747,ppm,CR-CMIP-1-0-0 (3 file(s))
historical,1317,283.757,ppm,CR-CMIP-1-0-0 (3 file(s))
historical,1318,283.767,ppm,CR-CMIP-1-0-0 (3 file(s))
historical,1319,283.777,ppm,CR-CMIP-1-0-0 (3 file(s))
historical,1320,283.777,ppm,CR-CMIP-1-0-0 (3 file(s))
historical,1321,283.777,ppm,CR-CMIP-1-0-0 (3 file(s))
historical,1322,283.777,ppm,CR-CMIP-1-0-0 (3 file(s))
historical,1323,283.777,ppm,CR-CMIP-1-0-0 (3 file(s))
historical,1324,283.767,ppm,CR-CMIP-1-0-0 (3 file(s))
historical,1325,283.757,ppm,CR-CMIP-1-0-0 (3 file(s))
historical,1326,283.747,ppm,CR-CMIP-1-0-0 (3 file(s))
historical,1327,283.727,ppm,CR-CMIP-1-0-0 (3 file(s))
historical,1328,283.707,ppm,CR-CMIP-1-0-0 (3 file(s))
historical,1329,283.677,ppm,CR-CMIP-1-0-0 (3 file(s))
historical,1330,283.647,ppm,CR-CMIP-1-0-0 (3 file(s))
historical,1331,283.607,ppm,CR-CMIP-1-0-0 (3 file(s))
historical,1332,283.567,ppm,CR-CMIP-1-0-0 (3 file(s))
historical,1333,283.527,ppm,CR-CMIP-1-0-0 (3 file(s))
historical,1334,283.477,ppm,CR-CMIP-1-0-0 (3 file(s))
historical,1335,283.427,ppm,CR-CMIP-1-0-0 (3 file(s))
historical,1336,283.367,ppm,CR-CMIP-1-0-0 (3 file(s))
historical,1337,283.317,ppm,CR-CMIP-1-0-0 (3 file(s))
historical,1338,283.257,ppm,CR-CMIP-1-0-0 (3 file(s))
historical,1339,283.207,ppm,CR-CMIP-1-0-0 (3 file(s))
historical,1340,283.157,ppm,CR-CMIP-1-0-0 (3 file(s))
historical,1341,283.107,ppm,CR-CMIP-1-0-0 (3 file(s))
historical,1342,283.057,ppm,CR-CMIP-1-0-0 (3 file(s))
historical,1343,283.017,ppm,CR-CMIP-1-0-0 (3 file(s))
historical,1344,282.977,ppm,CR-CMIP-1-0-0 (3 file(s))
historical,1345,282.957,ppm,CR-CMIP-1-0-0 (3 file(s))
historical,1346,282.937,ppm,CR-CMIP-1-0-0 (3 file(s))
historical,1347,282.927,ppm,CR-CMIP-1-0-0 (3 file(s))
historical,1348,282.927,ppm,CR-CMIP-1-0-0 (3 file(s))
historical,1349,282.937,ppm,CR-CMIP-1-0-0 (3 file(s))
historical,1350,282.957,ppm,CR-CMIP-1-0-0 (3 file(s))
historical,1351,282.987,ppm,CR-CMIP-1-0-0 (3 file(s))
historical,1352,283.027,ppm,CR-CMIP-1-0-0 (3 file(s))
historical,1353,283.077,ppm,CR-CMIP-1-0-0 (3 file(s))
historical,1354,283.127,ppm,CR-CMIP-1-0-0 (3 file(s))
historical,1355,283.187,ppm,CR-CMIP-1-0-0 (3 file(s))
historical,1356,283.247,ppm,CR-CMIP-1-0-0 (3 file(s))
historical,1357,283.297,ppm,CR-CMIP-1-0-0 (3 file(s))
historical,1358,283.357,ppm,CR-CMIP-1-0-0 (3 file(s))
historical,1359,283.407,ppm,CR-CMIP-1-0-0 (3 file(s))
historical,1360,283.457,ppm,CR-CMIP-1-0-0 (3 file(s))
historical,1361,283.497,ppm,CR-CMIP-1-0-0 (3 file(s))
historical,1362,283.537,ppm,CR-CMIP-1-0-0 (3 file(s))
historical,1363,283.557,ppm,CR-CMIP-1-0-0 (3 file(s))
historical,1364,283.577,ppm,CR-CMIP-1-0-0 (3 file(s))
historical,1365,283.587,ppm,CR-CMIP-1-0-0 (3 file(s))
historical,1366,283.597,ppm,CR-CMIP-1-0-0 (3 file(s))
historical,1367,283.597,ppm,CR-CMIP-1-0-0 (3 file(s))
historical,1368,283.587,ppm,CR-CMIP-1-0-0 (3 file(s))
historical,1369,283.567,ppm,CR-CMIP-1-0-0 (3 file(s))
historical,1370,283.557,ppm,CR-CMIP-1-0-0 (3 file(s))
historical,1371,283.537,ppm,CR-CMIP-1-0-0 (3 file(s))
historical,1372,283.507,ppm,CR-CMIP-1-0-0 (3 file(s))
historical,1373,283.487,ppm,CR-CMIP-1-0-0 (3 file(s))
historical,1374,283.457,ppm,CR-CMIP-1-0-0 (3 file(s))
historical,1375,283.437,ppm,CR-CMIP-1-0-0 (3 file(s))
historical,1376,283.407,ppm,CR-CMIP-1-0-0 (3 file(s))
historical,1377,283.377,ppm,CR-CMIP-1-0-0 (3 file(s))
historical,1378,283.337,ppm,CR-CMIP-1-0-0 (3 file(s))
historical,1379,283.307,ppm,CR-CMIP-1-0-0 (3 file(s))
historical,1380,283.267,ppm,CR-CMIP-1-0-0 (3 file(s))
historical,1381,283.227,ppm,CR-CMIP-1-0-0 (3 file(s))
historical,1382,283.177,ppm,CR-CMIP-1-0-0 (3 file(s))
historical,1383,283.127,ppm,CR-CMIP-1-0-0 (3 file(s))
historical,1384,283.067,ppm,CR-CMIP-1-0-0 (3 file(s))
historical,1385,283.007,ppm,CR-CMIP-1-0-0 (3 file(s))
historical,1386,282.947,ppm,CR-CMIP-1-0-0 (3 file(s))
historical,1387,282.877,ppm,CR-CMIP-1-0-0 (3 file(s))
historical,1388,282.817,ppm,CR-CMIP-1-0-0 (3 file(s))
historical,1389,282.767,ppm,CR-CMIP-1-0-0 (3 file(s))
historical,1390,282.717,ppm,CR-CMIP-1-0-0 (3 file(s))
historical,1391,282.677,ppm,CR-CMIP-1-0-0 (3 file(s))
historical,1392,282.657,ppm,CR-CMIP-1-0-0 (3 file(s))
historical,1393,282.637,ppm,CR-CMIP-1-0-0 (3 file(s))
historical,1394,282.617,ppm,CR-CMIP-1-0-0 (3 file(s))
historical,1395,282.607,ppm,CR-CMIP-1-0-0 (3 file(s))
historical,1396,282.597,ppm,CR-CMIP-1-0-0 (3 file(s))
historical,1397,282.587,ppm,CR-CMIP-1-0-0 (3 file(s))
historical,1398,282.577,ppm,CR-CMIP-1-0-0 (3 file(s))
historical,1399,282.557,ppm,CR-CMIP-1-0-0 (3 file(s))
historical,1400,282.527,ppm,CR-CMIP-1-0-0 (3 file(s))
historical,1401,282.497,ppm,CR-CMIP-1-0-0 (3 file(s))
historical,1402,282.467,ppm,CR-CMIP-1-0-0 (3 file(s))
historical,1403,282.437,ppm,CR-CMIP-1-0-0 (3 file(s))
historical,1404,282.407,ppm,CR-CMIP-1-0-0 (3 file(s))
historical,1405,282.367,ppm,CR-CMIP-1-0-0 (3 file(s))
historical,1406,282.337,ppm,CR-CMIP-1-0-0 (3 file(s))
historical,1407,282.307,ppm,CR-CMIP-1-0-0 (3 file(s))
historical,1408,282.277,ppm,CR-CMIP-1-0-0 (3 file(s))
historical,1409,282.247,ppm,CR-CMIP-1-0-0 (3 file(s))
historical,1410,282.217,ppm,CR-CMIP-1-0-0 (3 file(s))
historical,1411,282.197,ppm,CR-CMIP-1-0-0 (3 file(s))
historical,1412,282.167,ppm,CR-CMIP-1-0-0 (3 file(s))
historical,1413,282.147,ppm,CR-CMIP-1-0-0 (3 file(s))
historical,1414,282.117,ppm,CR-CMIP-1-0-0 (3 file(s))
historical,1415,282.077,ppm,CR-CMIP-1-0-0 (3 file(s))
historical,1416,282.037,ppm,CR-CMIP-1-0-0 (3 file(s))
historical,1417,281.997,ppm,CR-CMIP-1-0-0 (3 file(s))
historical,1418,281.947,ppm,CR-CMIP-1-0-0 (3 file(s))
historical,1419,281.897,ppm,CR-CMIP-1-0-0 (3 file(s))
historical,1420,281.847,ppm,CR-CMIP-1-0-0 (3 file(s))
historical,1421,281.787,ppm,CR-CMIP-1-0-0 (3 file(s))
historical,1422,281.737,ppm,CR-CMIP-1-0-0 (3 file(s))
historical,1423,281.687,ppm,CR-CMIP-1-0-0 (3 file(s))
historical,1424,281.637,ppm,CR-CMIP-1-0-0 (3 file(s))
historical,1425,281.597,ppm,CR-CMIP-1-0-0 (3 file(s))
historical,1426,281.557,ppm,CR-CMIP-1-0-0 (3 file(s))
historical,1427,281.517,ppm,CR-CMIP-1-0-0 (3 file(s))
historical,1428,281.487,ppm,CR-CMIP-1-0-0 (3 file(s))
historical,1429,281.467,ppm,CR-CMIP-1-0-0 (3 file(s))
historical,1430,281.457,ppm,CR-CMIP-1-0-0 (3 file(s))
historical,1431,281.447,ppm,CR-CMIP-1-0-0 (3 file(s))
historical,1432,281.447,ppm,CR-CMIP-1-0-0 (3 file(s))
historical,1433,281.457,ppm,CR-CMIP-1-0-0 (3 file(s))
historical,1434,281.457,ppm,CR-CMIP-1-0-0 (3 file(s))
historical,1435,281.467,ppm,CR-CMIP-1-0-0 (3 file(s))
historical,1436,281.477,ppm,CR-CMIP-1-0-0 (3 file(s))
historical,1437,281.487,ppm,CR-CMIP-1-0-0 (3 file(s))
historical,1438,281.487,ppm,CR-CMIP-1-0-0 (3 file(s))
historical,1439,281.487,ppm,CR-CMIP-1-0-0 (3 file(s))
historical,1440,281.487,ppm,CR-CMIP-1-0-0 (3 file(s))
historical,1441,281.477,ppm,CR-CMIP-1-0-0 (3 file(s))
historical,1442,281.457,ppm,CR-CMIP-1-0-0 (3 file(s))
historical,1443,281.437,ppm,CR-CMIP-1-0-0 (3 file(s))
historical,1444,281.427,ppm,CR-CMIP-1-0-0 (3 file(s))
historical,1445,281.407,ppm,CR-CMIP-1-0-0 (3 file(s))
historical,1446,281.387,ppm,CR-CMIP-1-0-0 (3 file(s))
historical,1447,281.377,ppm,CR-CMIP-1-0-0 (3 file(s))
historical,1448,281.357,ppm,CR-CMIP-1-0-0 (3 file(s))
historical,1449,281.357,ppm,CR-CMIP-1-0-0 (3 file(s))
historical,1450,281.357,ppm,CR-CMIP-1-0-0 (3 file(s))
historical,1451,281.367,ppm,CR-CMIP-1-0-0 (3 file(s))
historical,1452,281.377,ppm,CR-CMIP-1-0-0 (3 file(s))
historical,1453,281.407,ppm,CR-CMIP-1-0-0 (3 file(s))
historical,1454,281.437,ppm,CR-CMIP-1-0-0 (3 file(s))
historical,1455,281.477,ppm,CR-CMIP-1-0-0 (3 file(s))
historical,1456,281.517,ppm,CR-CMIP-1-0-0 (3 file(s))
historical,1457,281.567,ppm,CR-CMIP-1-0-0 (3 file(s))
historical,1458,281.617,ppm,CR-CMIP-1-0-0 (3 file(s))
historical,1459,281.667,ppm,CR-CMIP-1-0-0 (3 file(s))
historical,1460,281.707,ppm,CR-CMIP-1-0-0 (3 file(s))
historical,1461,281.747,ppm,CR-CMIP-1-0-0 (3 file(s))
historical,1462,281.777,ppm,CR-CMIP-1-0-0 (3 file(s))
historical,1463,281.797,ppm,CR-CMIP-1-0-0 (3 file(s))
historical,1464,281.817,ppm,CR-CMIP-1-0-0 (3 file(s))
historical,1465,281.837,ppm,CR-CMIP-1-0-0 (3 file(s))
historical,1466,281.847,ppm,CR-CMIP-1-0-0 (3 file(s))
historical,1467,281.857,ppm,CR-CMIP-1-0-0 (3 file(s))
historical,1468,281.857,ppm,CR-CMIP-1-0-0 (3 file(s))
historical,1469,281.867,ppm,CR-CMIP-1-0-0 (3 file(s))
historical,1470,281.877,ppm,CR-CMIP-1-0-0 (3 file(s))
historical,1471,281.887,ppm,CR-CMIP-1-0-0 (3 file(s))
historical,1472,281.907,ppm,CR-CMIP-1-0-0 (3 file(s))
historical,1473,281.927,ppm,CR-CMIP-1-0-0 (3 file(s))
historical,1474,281.957,ppm,CR-CMIP-1-0-0 (3 file(s))
historical,1475,281.987,ppm,CR-CMIP-1-0-0 (3 file(s))
historical,1476,282.027,ppm,CR-CMIP-1-0-0 (3 file(s))
historical,1477,282.067,ppm,CR-CMIP-1-0-0 (3 file(s))
historical,1478,282.107,ppm,CR-CMIP-1-0-0 (3 file(s))
historical,1479,282.157,ppm,CR-CMIP-1-0-0 (3 file(s))
historical,1480,282.217,ppm,CR-CMIP-1-0-0 (3 file(s))
historical,1481,282.277,ppm,CR-CMIP-1-0-0 (3 file(s))
historical,1482,282.337,ppm,CR-CMIP-1-0-0 (3 file(s))
historical,1483,282.407,ppm,CR-CMIP-1-0-0 (3 file(s))
historical,1484,282.487,ppm,CR-CMIP-1-0-0 (3 file(s))
historical,1485,282.567,ppm,CR-CMIP-1-0-0 (3 file(s))
historical,1486,282.657,ppm,CR-CMIP-1-0-0 (3 file(s))
historical,1487,282.757,ppm,CR-CMIP-1-0-0 (3 file(s))
historical,1488,282.857,ppm,CR-CMIP-1-0-0 (3 file(s))
historical,1489,282.947,ppm,CR-CMIP-1-0-0 (3 file(s))
historical,1490,283.047,ppm,CR-CMIP-1-0-0 (3 file(s))
historical,1491,283.147,ppm,CR-CMIP-1-0-0 (3 file(s))
historical,1492,283.237,ppm,CR-CMIP-1-0-0 (3 file(s))
historical,1493,283.317,ppm,CR-CMIP-1-0-0 (3 file(s))
historical,1494,283.397,ppm,CR-CMIP-1-0-0 (3 file(s))
historical,1495,283.477,ppm,CR-CMIP-1-0-0 (3 file(s))
historical,1496,283.547,ppm,CR-CMIP-1-0-0 (3 file(s))
historical,1497,283.607,ppm,CR-CMIP-1-0-0 (3 file(s))
historical,1498,283.667,ppm,CR-CMIP-1-0-0 (3 file(s))
historical,1499,283.727,ppm,CR-CMIP-1-0-0 (3 file(s))
historical,1500,283.787,ppm,CR-CMIP-1-0-0 (3 file(s))
historical,1501,283.847,ppm,CR-CMIP-1-0-0 (3 file(s))
historical,1502,283.917,ppm,CR-CMIP-1-0-0 (3 file(s))
historical,1503,283.977,ppm,CR-CMIP-1-0-0 (3 file(s))
historical,1504,284.037,ppm,CR-CMIP-1-0-0 (3 file(s))
historical,1505,284.107,ppm,CR-CMIP-1-0-0 (3 file(s))
historical,1506,284.157,ppm,CR-CMIP-1-0-0 (3 file(s))
historical,1507,284.217,ppm,CR-CMIP-1-0-0 (3 file(s))
historical,1508,284.267,ppm,CR-CMIP-1-0-0 (3 file(s))
historical,1509,284.317,ppm,CR-CMIP-1-0-0 (3 file(s))
historical,1510,284.347,ppm,CR-CMIP-1-0-0 (3 file(s))
historical,1511,284.387,ppm,CR-CMIP-1-0-0 (3 file(s))
historical,1512,284.407,ppm,CR-CMIP-1-0-0 (3 file(s))
historical,1513,284.427,ppm,CR-CMIP-1-0-0 (3 file(s))
historical,1514,284.437,ppm,CR-CMIP-1-0-0 (3 file(s))
historical,1515,284.447,ppm,CR-CMIP-1-0-0 (3 file(s))
historical,1516,284.447,ppm,CR-CMIP-1-0-0 (3 file(s))
historical,1517,284.447,ppm,CR-CMIP-1-0-0 (3 file(s))
historical,1518,284.437,ppm,CR-CMIP-1-0-0 (3 file(s))
historical,1519,284.417,ppm,CR-CMIP-1-0-0 (3 file(s))
historical,1520,284.397,ppm,CR-CMIP-1-0-0 (3 file(s))
historical,1521,284.377,ppm,CR-CMIP-1-0-0 (3 file(s))
historical,1522,284.357,ppm,CR-CMIP-1-0-0 (3 file(s))
historical,1523,284.327,ppm,CR-CMIP-1-0-0 (3 file(s))
historical,1524,284.297,ppm,CR-CMIP-1-0-0 (3 file(s))
historical,1525,284.267,ppm,CR-CMIP-1-0-0 (3 file(s))
historical,1526,284.227,ppm,CR-CMIP-1-0-0 (3 file(s))
historical,1527,284.187,ppm,CR-CMIP-1-0-0 (3 file(s))
historical,1528,284.147,ppm,CR-CMIP-1-0-0 (3 file(s))
historical,1529,284.107,ppm,CR-CMIP-1-0-0 (3 file(s))
historical,1530,284.067,ppm,CR-CMIP-1-0-0 (3 file(s))
historical,1531,284.027,ppm,CR-CMIP-1-0-0 (3 file(s))
historical,1532,283.997,ppm,CR-CMIP-1-0-0 (3 file(s))
historical,1533,283.967,ppm,CR-CMIP-1-0-0 (3 file(s))
historical,1534,283.947,ppm,CR-CMIP-1-0-0 (3 file(s))
historical,1535,283.927,ppm,CR-CMIP-1-0-0 (3 file(s))
historical,1536,283.907,ppm,CR-CMIP-1-0-0 (3 file(s))
historical,1537,283.887,ppm,CR-CMIP-1-0-0 (3 file(s))
historical,1538,283.877,ppm,CR-CMIP-1-0-0 (3 file(s))
historical,1539,283.867,ppm,CR-CMIP-1-0-0 (3 file(s))
historical,1540,283.857,ppm,CR-CMIP-1-0-0 (3 file(s))
historical,1541,283.837,ppm,CR-CMIP-1-0-0 (3 file(s))
historical,1542,283.827,ppm,CR-CMIP-1-0-0 (3 file(s))
historical,1543,283.817,ppm,CR-CMIP-1-0-0 (3 file(s))
historical,1544,283.807,ppm,CR-CMIP-1-0-0 (3 file(s))
historical,1545,283.797,ppm,CR-CMIP-1-0-0 (3 file(s))
historical,1546,283.777,ppm,CR-CMIP-1-0-0 (3 file(s))
historical,1547,283.757,ppm,CR-CMIP-1-0-0 (3 file(s))
historical,1548,283.747,ppm,CR-CMIP-1-0-0 (3 file(s))
historical,1549,283.727,ppm,CR-CMIP-1-0-0 (3 file(s))
historical,1550,283.717,ppm,CR-CMIP-1-0-0 (3 file(s))
historical,1551,283.707,ppm,CR-CMIP-1-0-0 (3 file(s))
historical,1552,283.717,ppm,CR-CMIP-1-0-0 (3 file(s))
historical,1553,283.717,ppm,CR-CMIP-1-0-0 (3 file(s))
historical,1554,283.727,ppm,CR-CMIP-1-0-0 (3 file(s))
historical,1555,283.737,ppm,CR-CMIP-1-0-0 (3 file(s))
historical,1556,283.757,ppm,CR-CMIP-1-0-0 (3 file(s))
historical,1557,283.767,ppm,CR-CMIP-1-0-0 (3 file(s))
historical,1558,283.777,ppm,CR-CMIP-1-0-0 (3 file(s))
historical,1559,283.797,ppm,CR-CMIP-1-0-0 (3 file(s))
historical,1560,283.807,ppm,CR-CMIP-1-0-0 (3 file(s))
historical,1561,283.827,ppm,CR-CMIP-1-0-0 (3 file(s))
historical,1562,283.847,ppm,CR-CMIP-1-0-0 (3 file(s))
historical,1563,283.857,ppm,CR-CMIP-1-0-0 (3 file(s))
historical,1564,283.867,ppm,CR-CMIP-1-0-0 (3 file(s))
historical,1565,283.877,ppm,CR-CMIP-1-0-0 (3 file(s))
historical,1566,283.867,ppm,CR-CMIP-1-0-0 (3 file(s))
historical,1567,283.847,ppm,CR-CMIP-1-0-0 (3 file(s))
historical,1568,283.817,ppm,CR-CMIP-1-0-0 (3 file(s))
historical,1569,283.777,ppm,CR-CMIP-1-0-0 (3 file(s))
historical,1570,283.717,ppm,CR-CMIP-1-0-0 (3 file(s))
historical,1571,283.637,ppm,CR-CMIP-1-0-0 (3 file(s))
historical,1572,283.557,ppm,CR-CMIP-1-0-0 (3 file(s))
historical,1573,283.457,ppm,CR-CMIP-1-0-0 (3 file(s))
historical,1574,283.347,ppm,CR-CMIP-1-0-0 (3 file(s))
historical,1575,283.227,ppm,CR-CMIP-1-0-0 (3 file(s))
historical,1576,283.107,ppm,CR-CMIP-1-0-0 (3 file(s))
historical,1577,282.967,ppm,CR-CMIP-1-0-0 (3 file(s))
historical,1578,282.827,ppm,CR-CMIP-1-0-0 (3 file(s))
historical,1579,282.677,ppm,CR-CMIP-1-0-0 (3 file(s))
historical,1580,282.527,ppm,CR-CMIP-1-0-0 (3 file(s))
historical,1581,282.367,ppm,CR-CMIP-1-0-0 (3 file(s))
historical,1582,282.197,ppm,CR-CMIP-1-0-0 (3 file(s))
historical,1583,282.027,ppm,CR-CMIP-1-0-0 (3 file(s))
historical,1584,281.847,ppm,CR-CMIP-1-0-0 (3 file(s))
historical,1585,281.667,ppm,CR-CMIP-1-0-0 (3 file(s))
historical,1586,281.487,ppm,CR-CMIP-1-0-0 (3 file(s))
historical,1587,281.297,ppm,CR-CMIP-1-0-0 (3 file(s))
historical,1588,281.107,ppm,CR-CMIP-1-0-0 (3 file(s))
historical,1589,280.917,ppm,CR-CMIP-1-0-0 (3 file(s))
historical,1590,280.737,ppm,CR-CMIP-1-0-0 (3 file(s))
historical,1591,280.557,ppm,CR-CMIP-1-0-0 (3 file(s))
historical,1592,280.387,ppm,CR-CMIP-1-0-0 (3 file(s))
historical,1593,280.237,ppm,CR-CMIP-1-0-0 (3 file(s))
historical,1594,280.077,ppm,CR-CMIP-1-0-0 (3 file(s))
historical,1595,279.937,ppm,CR-CMIP-1-0-0 (3 file(s))
historical,1596,279.787,ppm,CR-CMIP-1-0-0 (3 file(s))
historical,1597,279.647,ppm,CR-CMIP-1-0-0 (3 file(s))
historical,1598,279.497,ppm,CR-CMIP-1-0-0 (3 file(s))
historical,1599,279.347,ppm,CR-CMIP-1-0-0 (3 file(s))
historical,1600,279.207,ppm,CR-CMIP-1-0-0 (3 file(s))
historical,1601,279.057,ppm,CR-CMIP-1-0-0 (3 file(s))
historical,1602,278.927,ppm,CR-CMIP-1-0-0 (3 file(s))
historical,1603,278.797,ppm,CR-CMIP-1-0-0 (3 file(s))
historical,1604,278.687,ppm,CR-CMIP-1-0-0 (3 file(s))
historical,1605,278.587,ppm,CR-CMIP-1-0-0 (3 file(s))
historical,1606,278.497,ppm,CR-CMIP-1-0-0 (3 file(s))
historical,1607,278.417,ppm,CR-CMIP-1-0-0 (3 file(s))
historical,1608,278.357,ppm,CR-CMIP-1-0-0 (3 file(s))
historical,1609,278.297,ppm,CR-CMIP-1-0-0 (3 file(s))
historical,1610,278.247,ppm,CR-CMIP-1-0-0 (3 file(s))
historical,1611,278.207,ppm,CR-CMIP-1-0-0 (3 file(s))
historical,1612,278.177,ppm,CR-CMIP-1-0-0 (3 file(s))
historical,1613,278.167,ppm,CR-CMIP-1-0-0 (3 file(s))
historical,1614,278.157,ppm,CR-CMIP-1-0-0 (3 file(s))
historical,1615,278.157,ppm,CR-CMIP-1-0-0 (3 file(s))
historical,1616,278.157,ppm,CR-CMIP-1-0-0 (3 file(s))
historical,1617,278.167,ppm,CR-CMIP-1-0-0 (3 file(s))
historical,1618,278.187,ppm,CR-CMIP-1-0-0 (3 file(s))
historical,1619,278.207,ppm,CR-CMIP-1-0-0 (3 file(s))
historical,1620,278.237,ppm,CR-CMIP-1-0-0 (3 file(s))
historical,1621,278.267,ppm,CR-CMIP-1-0-0 (3 file(s))
historical,1622,278.307,ppm,CR-CMIP-1-0-0 (3 file(s))
historical,1623,278.347,ppm,CR-CMIP-1-0-0 (3 file(s))
historical,1624,278.377,ppm,CR-CMIP-1-0-0 (3 file(s))
historical,1625,278.407,ppm,CR-CMIP-1-0-0 (3 file(s))
historical,1626,278.437,ppm,CR-CMIP-1-0-0 (3 file(s))
historical,1627,278.467,ppm,CR-CMIP-1-0-0 (3 file(s))
historical,1628,278.487,ppm,CR-CMIP-1-0-0 (3 file(s))
historical,1629,278.507,ppm,CR-CMIP-1-0-0 (3 file(s))
historical,1630,278.527,ppm,CR-CMIP-1-0-0 (3 file(s))
historical,1631,278.537,ppm,CR-CMIP-1-0-0 (3 file(s))
historical,1632,278.527,ppm,CR-CMIP-1-0-0 (3 file(s))
historical,1633,278.507,ppm,CR-CMIP-1-0-0 (3 file(s))
historical,1634,278.477,ppm,CR-CMIP-1-0-0 (3 file(s))
historical,1635,278.437,ppm,CR-CMIP-1-0-0 (3 file(s))
historical,1636,278.387,ppm,CR-CMIP-1-0-0 (3 file(s))
historical,1637,278.347,ppm,CR-CMIP-1-0-0 (3 file(s))
historical,1638,278.297,ppm,CR-CMIP-1-0-0 (3 file(s))
historical,1639,278.247,ppm,CR-CMIP-1-0-0 (3 file(s))
historical,1640,278.207,ppm,CR-CMIP-1-0-0 (3 file(s))
historical,1641,278.187,ppm,CR-CMIP-1-0-0 (3 file(s))
historical,1642,278.167,ppm,CR-CMIP-1-0-0 (3 file(s))
historical,1643,278.157,ppm,CR-CMIP-1-0-0 (3 file(s))
historical,1644,278.157,ppm,CR-CMIP-1-0-0 (3 file(s))
historical,1645,278.167,ppm,CR-CMIP-1-0-0 (3 file(s))
historical,1646,278.177,ppm,CR-CMIP-1-0-0 (3 file(s))
historical,1647,278.197,ppm,CR-CMIP-1-0-0 (3 file(s))
historical,1648,278.207,ppm,CR-CMIP-1-0-0 (3 file(s))
historical,1649,278.217,ppm,CR-CMIP-1-0-0 (3 file(s))
historical,1650,278.227,ppm,CR-CMIP-1-0-0 (3 file(s))
historical,1651,278.227,ppm,CR-CMIP-1-0-0 (3 file(s))
historical,1652,278.217,ppm,CR-CMIP-1-0-0 (3 file(s))
historical,1653,278.207,ppm,CR-CMIP-1-0-0 (3 file(s))
historical,1654,278.177,ppm,CR-CMIP-1-0-0 (3 file(s))
historical,1655,278.147,ppm,CR-CMIP-1-0-0 (3 file(s))
historical,1656,278.117,ppm,CR-CMIP-1-0-0 (3 file(s))
historical,1657,278.077,ppm,CR-CMIP-1-0-0 (3 file(s))
historical,1658,278.027,ppm,CR-CMIP-1-0-0 (3 file(s))
historical,1659,277.967,ppm,CR-CMIP-1-0-0 (3 file(s))
historical,1660,277.907,ppm,CR-CMIP-1-0-0 (3 file(s))
historical,1661,277.847,ppm,CR-CMIP-1-0-0 (3 file(s))
historical,1662,277.787,ppm,CR-CMIP-1-0-0 (3 file(s))
historical,1663,277.727,ppm,CR-CMIP-1-0-0 (3 file(s))
historical,1664,277.667,ppm,CR-CMIP-1-0-0 (3 file(s))
historical,1665,277.617,ppm,CR-CMIP-1-0-0 (3 file(s))
historical,1666,277.577,ppm,CR-CMIP-1-0-0 (3 file(s))
historical,1667,277.537,ppm,CR-CMIP-1-0-0 (3 file(s))
historical,1668,277.507,ppm,CR-CMIP-1-0-0 (3 file(s))
historical,1669,277.487,ppm,CR-CMIP-1-0-0 (3 file(s))
historical,1670,277.477,ppm,CR-CMIP-1-0-0 (3 file(s))
historical,1671,277.467,ppm,CR-CMIP-1-0-0 (3 file(s))
historical,1672,277.467,ppm,CR-CMIP-1-0-0 (3 file(s))
historical,1673,277.467,ppm,CR-CMIP-1-0-0 (3 file(s))
historical,1674,277.467,ppm,CR-CMIP-1-0-0 (3 file(s))
historical,1675,277.477,ppm,CR-CMIP-1-0-0 (3 file(s))
historical,1676,277.477,ppm,CR-CMIP-1-0-0 (3 file(s))
historical,1677,277.487,ppm,CR-CMIP-1-0-0 (3 file(s))
historical,1678,277.477,ppm,CR-CMIP-1-0-0 (3 file(s))
historical,1679,277.477,ppm,CR-CMIP-1-0-0 (3 file(s))
historical,1680,277.467,ppm,CR-CMIP-1-0-0 (3 file(s))
historical,1681,277.457,ppm,CR-CMIP-1-0-0 (3 file(s))
historical,1682,277.457,ppm,CR-CMIP-1-0-0 (3 file(s))
historical,1683,277.457,ppm,CR-CMIP-1-0-0 (3 file(s))
historical,1684,277.457,ppm,CR-CMIP-1-0-0 (3 file(s))
historical,1685,277.457,ppm,CR-CMIP-1-0-0 (3 file(s))
historical,1686,277.467,ppm,CR-CMIP-1-0-0 (3 file(s))
historical,1687,277.477,ppm,CR-CMIP-1-0-0 (3 file(s))
historical,1688,277.487,ppm,CR-CMIP-1-0-0 (3 file(s))
historical,1689,277.487,ppm,CR-CMIP-1-0-0 (3 file(s))
historical,1690,277.497,ppm,CR-CMIP-1-0-0 (3 file(s))
historical,1691,277.507,ppm,CR-CMIP-1-0-0 (3 file(s))
historical,1692,277.517,ppm,CR-CMIP-1-0-0 (3 file(s))
historical,1693,277.527,ppm,CR-CMIP-1-0-0 (3 file(s))
historical,1694,277.527,ppm,CR-CMIP-1-0-0 (3 file(s))
historical,1695,277.537,ppm,CR-CMIP-1-0-0 (3 file(s))
historical,1696,277.537,ppm,CR-CMIP-1-0-0 (3 file(s))
historical,1697,277.527,ppm,CR-CMIP-1-0-0 (3 file(s))
historical,1698,277.527,ppm,CR-CMIP-1-0-0 (3 file(s))
historical,1699,277.527,ppm,CR-CMIP-1-0-0 (3 file(s))
historical,1700,277.537,ppm,CR-CMIP-1-0-0 (3 file(s))
historical,1701,277.547,ppm,CR-CMIP-1-0-0 (3 file(s))
historical,1702,277.577,ppm,CR-CMIP-1-0-0 (3 file(s))
historical,1703,277.607,ppm,CR-CMIP-1-0-0 (3 file(s))
historical,1704,277.657,ppm,CR-CMIP-1-0-0 (3 file(s))
historical,1705,277.717,ppm,CR-CMIP-1-0-0 (3 file(s))
historical,1706,277.797,ppm,CR-CMIP-1-0-0 (3 file(s))
historical,1707,277.877,ppm,CR-CMIP-1-0-0 (3 file(s))
historical,1708,277.967,ppm,CR-CMIP-1-0-0 (3 file(s))
historical,1709,278.067,ppm,CR-CMIP-1-0-0 (3 file(s))
historical,1710,278.177,ppm,CR-CMIP-1-0-0 (3 file(s))
historical,1711,278.287,ppm,CR-CMIP-1-0-0 (3 file(s))
historical,1712,278.407,ppm,CR-CMIP-1-0-0 (3 file(s))
historical,1713,278.517,ppm,CR-CMIP-1-0-0 (3 file(s))
historical,1714,278.627,ppm,CR-CMIP-1-0-0 (3 file(s))
historical,1715,278.737,ppm,CR-CMIP-1-0-0 (3 file(s))
historical,1716,278.837,ppm,CR-CMIP-1-0-0 (3 file(s))
historical,1717,278.927,ppm,CR-CMIP-1-0-0 (3 file(s))
historical,1718,278.997,ppm,CR-CMIP-1-0-0 (3 file(s))
historical,1719,279.067,ppm,CR-CMIP-1-0-0 (3 file(s))
historical,1720,279.107,ppm,CR-CMIP-1-0-0 (3 file(s))
historical,1721,279.137,ppm,CR-CMIP-1-0-0 (3 file(s))
historical,1722,279.147,ppm,CR-CMIP-1-0-0 (3 file(s))
historical,1723,279.137,ppm,CR-CMIP-1-0-0 (3 file(s))
historical,1724,279.117,ppm,CR-CMIP-1-0-0 (3 file(s))
historical,1725,279.087,ppm,CR-CMIP-1-0-0 (3 file(s))
historical,1726,279.047,ppm,CR-CMIP-1-0-0 (3 file(s))
historical,1727,278.997,ppm,CR-CMIP-1-0-0 (3 file(s))
historical,1728,278.947,ppm,CR-CMIP-1-0-0 (3 file(s))
historical,1729,278.897,ppm,CR-CMIP-1-0-0 (3 file(s))
historical,1730,278.837,ppm,CR-CMIP-1-0-0 (3 file(s))
historical,1731,278.777,ppm,CR-CMIP-1-0-0 (3 file(s))
historical,1732,278.727,ppm,CR-CMIP-1-0-0 (3 file(s))
historical,1733,278.667,ppm,CR-CMIP-1-0-0 (3 file(s))
historical,1734,278.617,ppm,CR-CMIP-1-0-0 (3 file(s))
historical,1735,278.567,ppm,CR-CMIP-1-0-0 (3 file(s))
historical,1736,278.517,ppm,CR-CMIP-1-0-0 (3 file(s))
historical,1737,278.467,ppm,CR-CMIP-1-0-0 (3 file(s))
historical,1738,278.407,ppm,CR-CMIP-1-0-0 (3 file(s))
historical,1739,278.357,ppm,CR-CMIP-1-0-0 (3 file(s))
historical,1740,278.307,ppm,CR-CMIP-1-0-0 (3 file(s))
historical,1741,278.257,ppm,CR-CMIP-1-0-0 (3 file(s))
historical,1742,278.207,ppm,CR-CMIP-1-0-0 (3 file(s))
historical,1743,278.157,ppm,CR-CMIP-1-0-0 (3 file(s))
historical,1744,278.117,ppm,CR-CMIP-1-0-0 (3 file(s))
historical,1745,278.087,ppm,CR-CMIP-1-0-0 (3 file(s))
historical,1746,278.057,ppm,CR-CMIP-1-0-0 (3 file(s))
historical,1747,278.037,ppm,CR-CMIP-1-0-0 (3 file(s))
historical,1748,278.017,ppm,CR-CMIP-1-0-0 (3 file(s))
historical,1749,278.007,ppm,CR-CMIP-1-0-0 (3 file(s))
historical,1750,278.007,ppm,CR-CMIP-1-0-0 (3 file(s))
historical,1751,278.018,ppm,CR-CMIP-1-0-0 (3 file(s))
historical,1752,278.028,ppm,CR-CMIP-1-0-0 (3 file(s))
historical,1753,278.038,ppm,CR-CMIP-1-0-0 (3 file(s))
historical,1754,278.058,ppm,CR-CMIP-1-0-0 (3 file(s))
historical,1755,278.078,ppm,CR-CMIP-1-0-0 (3 file(s))
historical,1756,278.088,ppm,CR-CMIP-1-0-0 (3 file(s))
historical,1757,278.098,ppm,CR-CMIP-1-0-0 (3 file(s))
historical,1758,278.108,ppm,CR-CMIP-1-0-0 (3 file(s))
historical,1759,278.118,ppm,CR-CMIP-1-0-0 (3 file(s))
historical,1760,278.138,ppm,CR-CMIP-1-0-0 (3 file(s))
historical,1761,278.158,ppm,CR-CMIP-1-0-0 (3 file(s))
historical,1762,278.188,ppm,CR-CMIP-1-0-0 (3 file(s))
historical,1763,278.228,ppm,CR-CMIP-1-0-0 (3 file(s))
historical,1764,278.278,ppm,CR-CMIP-1-0-0 (3 file(s))
historical,1765,278.338,ppm,CR-CMIP-1-0-0 (3 file(s))
historical,1766,278.409,ppm,CR-CMIP-1-0-0 (3 file(s))
historical,1767,278.479,ppm,CR-CMIP-1-0-0 (3 file(s))
historical,1768,278.559,ppm,CR-CMIP-1-0-0 (3 file(s))
historical,1769,278.639,ppm,CR-CMIP-1-0-0 (3 file(s))
historical,1770,278.729,ppm,CR-CMIP-1-0-0 (3 file(s))
historical,1771,278.829,ppm,CR-CMIP-1-0-0 (3 file(s))
historical,1772,278.929,ppm,CR-CMIP-1-0-0 (3 file(s))
historical,1773,279.039,ppm,CR-CMIP-1-0-0 (3 file(s))
historical,1774,279.159,ppm,CR-CMIP-1-0-0 (3 file(s))
historical,1775,279.279,ppm,CR-CMIP-1-0-0 (3 file(s))
historical,1776,279.399,ppm,CR-CMIP-1-0-0 (3 file(s))
historical,1777,279.539,ppm,CR-CMIP-1-0-0 (3 file(s))
historical,1778,279.669,ppm,CR-CMIP-1-0-0 (3 file(s))
historical,1779,279.819,ppm,CR-CMIP-1-0-0 (3 file(s))
historical,1780,279.969,ppm,CR-CMIP-1-0-0 (3 file(s))
historical,1781,280.129,ppm,CR-CMIP-1-0-0 (3 file(s))
historical,1782,280.289,ppm,CR-CMIP-1-0-0 (3 file(s))
historical,1783,280.449,ppm,CR-CMIP-1-0-0 (3 file(s))
historical,1784,280.589,ppm,CR-CMIP-1-0-0 (3 file(s))
historical,1785,280.729,ppm,CR-CMIP-1-0-0 (3 file(s))
historical,1786,280.859,ppm,CR-CMIP-1-0-0 (3 file(s))
historical,1787,280.969,ppm,CR-CMIP-1-0-0 (3 file(s))
historical,1788,281.079,ppm,CR-CMIP-1-0-0 (3 file(s))
historical,1789,281.179,ppm,CR-CMIP-1-0-0 (3 file(s))
historical,1790,281.269,ppm,CR-CMIP-1-0-0 (3 file(s))
historical,1791,281.36,ppm,CR-CMIP-1-0-0 (3 file(s))
historical,1792,281.43,ppm,CR-CMIP-1-0-0 (3 file(s))
historical,1793,281.5,ppm,CR-CMIP-1-0-0 (3 file(s))
historical,1794,281.57,ppm,CR-CMIP-1-0-0 (3 file(s))
historical,1795,281.64,ppm,CR-CMIP-1-0-0 (3 file(s))
historical,1796,281.72,ppm,CR-CMIP-1-0-0 (3 file(s))
historical,1797,281.8,ppm,CR-CMIP-1-0-0 (3 file(s))
historical,1798,281.89,ppm,CR-CMIP-1-0-0 (3 file(s))
historical,1799,281.99,ppm,CR-CMIP-1-0-0 (3 file(s))
historical,1800,282.09,ppm,CR-CMIP-1-0-0 (3 file(s))
historical,1801,282.19,ppm,CR-CMIP-1-0-0 (3 file(s))
historical,1802,282.291,ppm,CR-CMIP-1-0-0 (3 file(s))
historical,1803,282.381,ppm,CR-CMIP-1-0-0 (3 file(s))
historical,1804,282.471,ppm,CR-CMIP-1-0-0 (3 file(s))
historical,1805,282.561,ppm,CR-CMIP-1-0-0 (3 file(s))
historical,1806,282.632,ppm,CR-CMIP-1-0-0 (3 file(s))
historical,1807,282.712,ppm,CR-CMIP-1-0-0 (3 file(s))
historical,1808,282.782,ppm,CR-CMIP-1-0-0 (3 file(s))
historical,1809,282.842,ppm,CR-CMIP-1-0-0 (3 file(s))
historical,1810,282.912,ppm,CR-CMIP-1-0-0 (3 file(s))
historical,1811,282.972,ppm,CR-CMIP-1-0-0 (3 file(s))
historical,1812,283.032,ppm,CR-CMIP-1-0-0 (3 file(s))
historical,1813,283.092,ppm,CR-CMIP-1-0-0 (3 file(s))
historical,1814,283.142,ppm,CR-CMIP-1-0-0 (3 file(s))
historical,1815,283.202,ppm,CR-CMIP-1-0-0 (3 file(s))
historical,1816,283.263,ppm,CR-CMIP-1-0-0 (3 file(s))
historical,1817,283.313,ppm,CR-CMIP-1-0-0 (3 file(s))
historical,1818,283.373,ppm,CR-CMIP-1-0-0 (3 file(s))
historical,1819,283.433,ppm,CR-CMIP-1-0-0 (3 file(s))
historical,1820,283.483,ppm,CR-CMIP-1-0-0 (3 file(s))
historical,1821,283.533,ppm,CR-CMIP-1-0-0 (3 file(s))
historical,1822,283.573,ppm,CR-CMIP-1-0-0 (3 file(s))
historical,1823,283.604,ppm,CR-CMIP-1-0-0 (3 file(s))
historical,1824,283.624,ppm,CR-CMIP-1-0-0 (3 file(s))
historical,1825,283.644,ppm,CR-CMIP-1-0-0 (3 file(s))
historical,1826,283.654,ppm,CR-CMIP-1-0-0 (3 file(s))
historical,1827,283.665,ppm,CR-CMIP-1-0-0 (3 file(s))
historical,1828,283.655,ppm,CR-CMIP-1-0-0 (3 file(s))
historical,1829,283.645,ppm,CR-CMIP-1-0-0 (3 file(s))
historical,1830,283.636,ppm,CR-CMIP-1-0-0 (3 file(s))
historical,1831,283.606,ppm,CR-CMIP-1-0-0 (3 file(s))
historical,1832,283.586,ppm,CR-CMIP-1-0-0 (3 file(s))
historical,1833,283.556,ppm,CR-CMIP-1-0-0 (3 file(s))
historical,1834,283.526,ppm,CR-CMIP-1-0-0 (3 file(s))
historical,1835,283.496,ppm,CR-CMIP-1-0-0 (3 file(s))
historical,1836,283.468,ppm,CR-CMIP-1-0-0 (3 file(s))
historical,1837,283.438,ppm,CR-CMIP-1-0-0 (3 file(s))
historical,1838,283.418,ppm,CR-CMIP-1-0-0 (3 file(s))
historical,1839,283.399,ppm,CR-CMIP-1-0-0 (3 file(s))
historical,1840,283.399,ppm,CR-CMIP-1-0-0 (3 file(s))
historical,1841,283.42,ppm,CR-CMIP-1-0-0 (3 file(s))
historical,1842,283.45,ppm,CR-CMIP-1-0-0 (3 file(s))
historical,1843,283.501,ppm,CR-CMIP-1-0-0 (3 file(s))
historical,1844,283.572,ppm,CR-CMIP-1-0-0 (3 file(s))
historical,1845,283.673,ppm,CR-CMIP-1-0-0 (3 file(s))
historical,1846,283.783,ppm,CR-CMIP-1-0-0 (3 file(s))
historical,1847,283.905,ppm,CR-CMIP-1-0-0 (3 file(s))
historical,1848,284.035,ppm,CR-CMIP-1-0-0 (3 file(s))
historical,1849,284.166,ppm,CR-CMIP-1-0-0 (3 file(s))
historical,1850,284.297,ppm,CR-CMIP-1-0-0 (3 file(s))
historical,1851,284.42,ppm,CR-CMIP-1-0-0 (3 file(s))
historical,1852,284.553,ppm,CR-CMIP-1-0-0 (3 file(s))
historical,1853,284.676,ppm,CR-CMIP-1-0-0 (3 file(s))
historical,1854,284.802,ppm,CR-CMIP-1-0-0 (3 file(s))
historical,1855,284.915,ppm,CR-CMIP-1-0-0 (3 file(s))
historical,1856,285.039,ppm,CR-CMIP-1-0-0 (3 file(s))
historical,1857,285.152,ppm,CR-CMIP-1-0-0 (3 file(s))
historical,1858,285.275,ppm,CR-CMIP-1-0-0 (3 file(s))
historical,1859,285.399,ppm,CR-CMIP-1-0-0 (3 file(s))
historical,1860,285.529,ppm,CR-CMIP-1-0-0 (3 file(s))
historical,1861,285.668,ppm,CR-CMIP-1-0-0 (3 file(s))
historical,1862,285.805,ppm,CR-CMIP-1-0-0 (3 file(s))
historical,1863,285.945,ppm,CR-CMIP-1-0-0 (3 file(s))
historical,1864,286.095,ppm,CR-CMIP-1-0-0 (3 file(s))
historical,1865,286.254,ppm,CR-CMIP-1-0-0 (3 file(s))
historical,1866,286.413,ppm,CR-CMIP-1-0-0 (3 file(s))
historical,1867,286.583,ppm,CR-CMIP-1-0-0 (3 file(s))
historical,1868,286.762,ppm,CR-CMIP-1-0-0 (3 file(s))
historical,1869,286.942,ppm,CR-CMIP-1-0-0 (3 file(s))
historical,1870,287.12,ppm,CR-CMIP-1-0-0 (3 file(s))
historical,1871,287.311,ppm,CR-CMIP-1-0-0 (3 file(s))
historical,1872,287.494,ppm,CR-CMIP-1-0-0 (3 file(s))
historical,1873,287.685,ppm,CR-CMIP-1-0-0 (3 file(s))
historical,1874,287.858,ppm,CR-CMIP-1-0-0 (3 file(s))
historical,1875,288.04,ppm,CR-CMIP-1-0-0 (3 file(s))
historical,1876,288.229,ppm,CR-CMIP-1-0-0 (3 file(s))
historical,1877,288.417,ppm,CR-CMIP-1-0-0 (3 file(s))
historical,1878,288.625,ppm,CR-CMIP-1-0-0 (3 file(s))
historical,1879,288.847,ppm,CR-CMIP-1-0-0 (3 file(s))
historical,1880,289.084,ppm,CR-CMIP-1-0-0 (3 file(s))
historical,1881,289.344,ppm,CR-CMIP-1-0-0 (3 file(s))
historical,1882,289.626,ppm,CR-CMIP-1-0-0 (3 file(s))
historical,1883,289.919,ppm,CR-CMIP-1-0-0 (3 file(s))
historical,1884,290.218,ppm,CR-CMIP-1-0-0 (3 file(s))
historical,1885,290.526,ppm,CR-CMIP-1-0-0 (3 file(s))
historical,1886,290.854,ppm,CR-CMIP-1-0-0 (3 file(s))
historical,1887,291.187,ppm,CR-CMIP-1-0-0 (3 file(s))
historical,1888,291.545,ppm,CR-CMIP-1-0-0 (3 file(s))
historical,1889,291.893,ppm,CR-CMIP-1-0-0 (3 file(s))
historical,1890,292.251,ppm,CR-CMIP-1-0-0 (3 file(s))
historical,1891,292.604,ppm,CR-CMIP-1-0-0 (3 file(s))
historical,1892,292.952,ppm,CR-CMIP-1-0-0 (3 file(s))
historical,1893,293.298,ppm,CR-CMIP-1-0-0 (3 file(s))
historical,1894,293.63,ppm,CR-CMIP-1-0-0 (3 file(s))
historical,1895,293.966,ppm,CR-CMIP-1-0-0 (3 file(s))
historical,1896,294.298,ppm,CR-CMIP-1-0-0 (3 file(s))
historical,1897,294.622,ppm,CR-CMIP-1-0-0 (3 file(s))
historical,1898,294.949,ppm,CR-CMIP-1-0-0 (3 file(s))
historical,1899,295.292,ppm,CR-CMIP-1-0-0 (3 file(s))
historical,1900,295.629,ppm,CR-CMIP-1-0-0 (3 file(s))
historical,1901,295.963,ppm,CR-CMIP-1-0-0 (3 file(s))
historical,1902,296.295,ppm,CR-CMIP-1-0-0 (3 file(s))
historical,1903,296.641,ppm,CR-CMIP-1-0-0 (3 file(s))
historical,1904,296.971,ppm,CR-CMIP-1-0-0 (3 file(s))
historical,1905,297.313,ppm,CR-CMIP-1-0-0 (3 file(s))
historical,1906,297.653,ppm,CR-CMIP-1-0-0 (3 file(s))
historical,1907,298.005,ppm,CR-CMIP-1-0-0 (3 file(s))
historical,1908,298.312,ppm,CR-CMIP-1-0-0 (3 file(s))
historical,1909,298.639,ppm,CR-CMIP-1-0-0 (3 file(s))
historical,1910,298.971,ppm,CR-CMIP-1-0-0 (3 file(s))
historical,1911,299.294,ppm,CR-CMIP-1-0-0 (3 file(s))
historical,1912,299.636,ppm,CR-CMIP-1-0-0 (3 file(s))
historical,1913,300.011,ppm,CR-CMIP-1-0-0 (3 file(s))
historical,1914,300.335,ppm,CR-CMIP-1-0-0 (3 file(s))
historical,1915,300.706,ppm,CR-CMIP-1-0-0 (3 file(s))
historical,1916,301.118,ppm,CR-CMIP-1-0-0 (3 file(s))
historical,1917,301.538,ppm,CR-CMIP-1-0-0 (3 file(s))
historical,1918,301.96,ppm,CR-CMIP-1-0-0 (3 file(s))
historical,1919,302.341,ppm,CR-CMIP-1-0-0 (3 file(s))
historical,1920,302.818,ppm,CR-CMIP-1-0-0 (3 file(s))
historical,1921,303.191,ppm,CR-CMIP-1-0-0 (3 file(s))
historical,1922,303.605,ppm,CR-CMIP-1-0-0 (3 file(s))
historical,1923,304.036,ppm,CR-CMIP-1-0-0 (3 file(s))
historical,1924,304.405,ppm,CR-CMIP-1-0-0 (3 file(s))
historical,1925,304.746,ppm,CR-CMIP-1-0-0 (3 file(s))
historical,1926,305.067,ppm,CR-CMIP-1-0-0 (3 file(s))
historical,1927,305.43,ppm,CR-CMIP-1-0-0 (3 file(s))
historical,1928,305.736,ppm,CR-CMIP-1-0-0 (3 file(s))
historical,1929,306.084,ppm,CR-CMIP-1-0-0 (3 file(s))
historical,1930,306.378,ppm,CR-CMIP-1-0-0 (3 file(s))
historical,1931,306.662,ppm,CR-CMIP-1-0-0 (3 file(s))
historical,1932,306.974,ppm,CR-CMIP-1-0-0 (3 file(s))
historical,1933,307.359,ppm,CR-CMIP-1-0-0 (3 file(s))
historical,1934,307.766,ppm,CR-CMIP-1-0-0 (3 file(s))
historical,1935,308.193,ppm,CR-CMIP-1-0-0 (3 file(s))
historical,1936,308.648,ppm,CR-CMIP-1-0-0 (3 file(s))
historical,1937,309.106,ppm,CR-CMIP-1-0-0 (3 file(s))
historical,1938,309.507,ppm,CR-CMIP-1-0-0 (3 file(s))
historical,1939,309.94,ppm,CR-CMIP-1-0-0 (3 file(s))
historical,1940,310.354,ppm,CR-CMIP-1-0-0 (3 file(s))
historical,1941,310.712,ppm,CR-CMIP-1-0-0 (3 file(s))
historical,1942,311.031,ppm,CR-CMIP-1-0-0 (3 file(s))
historical,1943,311.336,ppm,CR-CMIP-1-0-0 (3 file(s))
historical,1944,311.598,ppm,CR-CMIP-1-0-0 (3 file(s))
historical,1945,311.749,ppm,CR-CMIP-1-0-0 (3 file(s))
historical,1946,312.031,ppm,CR-CMIP-1-0-0 (3 file(s))
historical,1947,312.301,ppm,CR-CMIP-1-0-0 (3 file(s))
historical,1948,312.555,ppm,CR-CMIP-1-0-0 (3 file(s))
historical,1949,312.783,ppm,CR-CMIP-1-0-0 (3 file(s))
historical,1950,313.079,ppm,CR-CMIP-1-0-0 (3 file(s))
historical,1951,313.41,ppm,CR-CMIP-1-0-0 (3 file(s))
historical,1952,313.725,ppm,CR-CMIP-1-0-0 (3 file(s))
historical,1953,314.07,ppm,CR-CMIP-1-0-0 (3 file(s))
historical,1954,314.433,ppm,CR-CMIP-1-0-0 (3 file(s))
historical,1955,314.872,ppm,CR-CMIP-1-0-0 (3 file(s))
historical,1956,315.316,ppm,CR-CMIP-1-0-0 (3 file(s))
historical,1957,315.759,ppm,CR-CMIP-1-0-0 (3 file(s))
historical,1958,316.232,ppm,CR-CMIP-1-0-0 (3 file(s))
historical,1959,316.745,ppm,CR-CMIP-1-0-0 (3 file(s))
historical,1960,317.505,ppm,CR-CMIP-1-0-0 (3 file(s))
historical,1961,318.268,ppm,CR-CMIP-1-0-0 (3 file(s))
historical,1962,319.038,ppm,CR-CMIP-1-0-0 (3 file(s))
historical,1963,319.819,ppm,CR-CMIP-1-0-0 (3 file(s))
historical,1964,320.621,ppm,CR-CMIP-1-0-0 (3 file(s))
historical,1965,321.451,ppm,CR-CMIP-1-0-0 (3 file(s))
historical,1966,322.316,ppm,CR-CMIP-1-0-0 (3 file(s))
historical,1967,323.219,ppm,CR-CMIP-1-0-0 (3 file(s))
historical,1968,324.164,ppm,CR-CMIP-1-0-0 (3 file(s))
historical,1969,325.153,ppm,CR-CMIP-1-0-0 (3 file(s))
historical,1970,326.187,ppm,CR-CMIP-1-0-0 (3 file(s))
historical,1971,327.266,ppm,CR-CMIP-1-0-0 (3 file(s))
historical,1972,328.39,ppm,CR-CMIP-1-0-0 (3 file(s))
historical,1973,329.561,ppm,CR-CMIP-1-0-0 (3 file(s))
historical,1974,330.775,ppm,CR-CMIP-1-0-0 (3 file(s))
historical,1975,332.034,ppm,CR-CMIP-1-0-0 (3 file(s))
historical,1976,333.339,ppm,CR-CMIP-1-0-0 (3 file(s))
historical,1977,334.688,ppm,CR-CMIP-1-0-0 (3 file(s))
historical,1978,336.077,ppm,CR-CMIP-1-0-0 (3 file(s))
historical,1979,337.5,ppm,CR-CMIP-1-0-0 (3 file(s))
historical,1980,338.949,ppm,CR-CMIP-1-0-0 (3 file(s))
historical,1981,340.418,ppm,CR-CMIP-1-0-0 (3 file(s))
historical,1982,340.89,ppm,CR-CMIP-1-0-0 (3 file(s))
historical,1983,342.399,ppm,CR-CMIP-1-0-0 (3 file(s))
historical,1984,344.063,ppm,CR-CMIP-1-0-0 (3 file(s))
historical,1985,345.518,ppm,CR-CMIP-1-0-0 (3 file(s))
historical,1986,347.001,ppm,CR-CMIP-1-0-0 (3 file(s))
historical,1987,348.772,ppm,CR-CMIP-1-0-0 (3 file(s))
historical,1988,351.275,ppm,CR-CMIP-1-0-0 (3 file(s))
historical,1989,352.87,ppm,CR-CMIP-1-0-0 (3 file(s))
historical,1990,354.091,ppm,CR-CMIP-1-0-0 (3 file(s))
historical,1991,355.409,ppm,CR-CMIP-1-0-0 (3 file(s))
historical,1992,356.3,ppm,CR-CMIP-1-0-0 (3 file(s))
historical,1993,357.017,ppm,CR-CMIP-1-0-0 (3 file(s))
historical,1994,358.37,ppm,CR-CMIP-1-0-0 (3 file(s))
historical,1995,360.332,ppm,CR-CMIP-1-0-0 (3 file(s))
historical,1996,362.126,ppm,CR-CMIP-1-0-0 (3 file(s))
historical,1997,363.353,ppm,CR-CMIP-1-0-0 (3 file(s))
historical,1998,366.078,ppm,CR-CMIP-1-0-0 (3 file(s))
historical,1999,367.934,ppm,CR-CMIP-1-0-0 (3 file(s))
historical,2000,369.233,ppm,CR-CMIP-1-0-0 (3 file(s))
historical,2001,370.8,ppm,CR-CMIP-1-0-0 (3 file(s))
historical,2002,372.908,ppm,CR-CMIP-1-0-0 (3 file(s))
historical,2003,375.438,ppm,CR-CMIP-1-0-0 (3 file(s))
historical,2004,377.1,ppm,CR-CMIP-1-0-0 (3 file(s))
historical,2005,379.019,ppm,CR-CMIP-1-0-0 (3 file(s))
historical,2006,381.16,ppm,CR-CMIP-1-0-0 (3 file(s))
historical,2007,382.763,ppm,CR-CMIP-1-0-0 (3 file(s))
historical,2008,384.928,ppm,CR-CMIP-1-0-0 (3 file(s))
historical,2009,386.49,ppm,CR-CMIP-1-0-0 (3 file(s))
historical,2010,388.901,ppm,CR-CMIP-1-0-0 (3 file(s))
historical,2011,391.092,ppm,CR-CMIP-1-0-0 (3 file(s))
historical,2012,393.244,ppm,CR-CMIP-1-0-0 (3 file(s))
historical,2013,395.946,ppm,CR-CMIP-1-0-0 (3 file(s))
historical,2014,397.833,ppm,CR-CMIP-1-0-0 (3 file(s))
historical,2015,400.136,ppm,CR-CMIP-1-0-0 (3 file(s))
historical,2016,403.249,ppm,CR-CMIP-1-0-0 (3 file(s))
historical,2017,405.274,ppm,CR-CMIP-1-0-0 (3 file(s))
historical,2018,407.763,ppm,CR-CMIP-1-0-0 (3 file(s))
historical,2019,410.367,ppm,CR-CMIP-1-0-0 (3 file(s))
historical,2020,412.874,ppm,CR-CMIP-1-0-0 (3 file(s))
historical,2021,415.126,ppm,CR-CMIP-1-0-0 (3 file(s))
historical,2022,417.32,ppm,CR-CMIP-1-0-0 (3 file(s))
h,2022,417.32,ppm,CR-h-1-0-0 (1 file(s))
h,2023,419.621,ppm,CR-h-1-0-0 (1 file(s))
h,2024,422.179,ppm,CR-h-1-0-0 (1 file(s))
h,2025,424.924,ppm,CR-h-1-0-0 (1 file(s))
h,2026,427.828,ppm,CR-h-1-0-0 (1 file(s))
h,2027,430.9,ppm,CR-h-1-0-0 (1 file(s))
h,2028,434.104,ppm,CR-h-1-0-0 (1 file(s))
h,2029,437.381,ppm,CR-h-1-0-0 (1 file(s))
h,2030,440.753,ppm,CR-h-1-0-0 (1 file(s))
h,2031,444.167,ppm,CR-h-1-0-0 (1 file(s))
h,2032,447.652,ppm,CR-h-1-0-0 (1 file(s))
h,2033,451.153,ppm,CR-h-1-0-0 (1 file(s))
h,2034,454.634,ppm,CR-h-1-0-0 (1 file(s))
h,2035,458.043,ppm,CR-h-1-0-0 (1 file(s))
h,2036,461.366,ppm,CR-h-1-0-0 (1 file(s))
h,2037,464.562,ppm,CR-h-1-0-0 (1 file(s))
h,2038,467.702,ppm,CR-h-1-0-0 (1 file(s))
h,2039,470.895,ppm,CR-h-1-0-0 (1 file(s))
h,2040,474.115,ppm,CR-h-1-0-0 (1 file(s))
h,2041,477.329,ppm,CR-h-1-0-0 (1 file(s))
h,2042,480.554,ppm,CR-h-1-0-0 (1 file(s))
h,2043,483.749,ppm,CR-h-1-0-0 (1 file(s))
h,2044,486.966,ppm,CR-h-1-0-0 (1 file(s))
h,2045,490.244,ppm,CR-h-1-0-0 (1 file(s))
h,2046,493.471,ppm,CR-h-1-0-0 (1 file(s))
h,2047,496.666,ppm,CR-h-1-0-0 (1 file(s))
h,2048,499.896,ppm,CR-h-1-0-0 (1 file(s))
h,2049,503.205,ppm,CR-h-1-0-0 (1 file(s))
h,2050,506.448,ppm,CR-h-1-0-0 (1 file(s))
h,2051,509.673,ppm,CR-h-1-0-0 (1 file(s))
h,2052,512.98,ppm,CR-h-1-0-0 (1 file(s))
h,2053,516.351,ppm,CR-h-1-0-0 (1 file(s))
h,2054,519.699,ppm,CR-h-1-0-0 (1 file(s))
h,2055,523.164,ppm,CR-h-1-0-0 (1 file(s))
h,2056,526.63,ppm,CR-h-1-0-0 (1 file(s))
h,2057,530.105,ppm,CR-h-1-0-0 (1 file(s))
h,2058,533.611,ppm,CR-h-1-0-0 (1 file(s))
h,2059,537.166,ppm,CR-h-1-0-0 (1 file(s))
h,2060,540.716,ppm,CR-h-1-0-0 (1 file(s))
h,2061,544.261,ppm,CR-h-1-0-0 (1 file(s))
h,2062,547.812,ppm,CR-h-1-0-0 (1 file(s))
h,2063,551.389,ppm,CR-h-1-0-0 (1 file(s))
h,2064,555.016,ppm,CR-h-1-0-0 (1 file(s))
h,2065,558.703,ppm,CR-h-1-0-0 (1 file(s))
h,2066,562.266,ppm,CR-h-1-0-0 (1 file(s))
h,2067,565.785,ppm,CR-h-1-0-0 (1 file(s))
h,2068,569.359,ppm,CR-h-1-0-0 (1 file(s))
h,2069,572.98,ppm,CR-h-1-0-0 (1 file(s))
h,2070,576.596,ppm,CR-h-1-0-0 (1 file(s))
h,2071,580.196,ppm,CR-h-1-0-0 (1 file(s))
h,2072,583.87,ppm,CR-h-1-0-0 (1 file(s))
h,2073,587.608,ppm,CR-h-1-0-0 (1 file(s))
h,2074,591.376,ppm,CR-h-1-0-0 (1 file(s))
h,2075,595.122,ppm,CR-h-1-0-0 (1 file(s))
h,2076,598.887,ppm,CR-h-1-0-0 (1 file(s))
h,2077,602.634,ppm,CR-h-1-0-0 (1 file(s))
h,2078,606.383,ppm,CR-h-1-0-0 (1 file(s))
h,2079,610.152,ppm,CR-h-1-0-0 (1 file(s))
h,2080,613.942,ppm,CR-h-1-0-0 (1 file(s))
h,2081,617.754,ppm,CR-h-1-0-0 (1 file(s))
h,2082,621.589,ppm,CR-h-1-0-0 (1 file(s))
h,2083,625.448,ppm,CR-h-1-0-0 (1 file(s))
h,2084,629.348,ppm,CR-h-1-0-0 (1 file(s))
h,2085,633.311,ppm,CR-h-1-0-0 (1 file(s))
h,2086,637.346,ppm,CR-h-1-0-0 (1 file(s))
h,2087,641.479,ppm,CR-h-1-0-0 (1 file(s))
h,2088,645.628,ppm,CR-h-1-0-0 (1 file(s))
h,2089,649.819,ppm,CR-h-1-0-0 (1 file(s))
h,2090,654.048,ppm,CR-h-1-0-0 (1 file(s))
h,2091,658.38,ppm,CR-h-1-0-0 (1 file(s))
h,2092,662.723,ppm,CR-h-1-0-0 (1 file(s))
h,2093,666.981,ppm,CR-h-1-0-0 (1 file(s))
h,2094,671.264,ppm,CR-h-1-0-0 (1 file(s))
h,2095,675.477,ppm,CR-h-1-0-0 (1 file(s))
h,2096,679.619,ppm,CR-h-1-0-0 (1 file(s))
h,2097,683.767,ppm,CR-h-1-0-0 (1 file(s))
h,2098,687.976,ppm,CR-h-1-0-0 (1 file(s))
h,2099,692.267,ppm,CR-h-1-0-0 (1 file(s))
h,2100,696.583,ppm,CR-h-1-0-0 (1 file(s))
vl,2022,417.32,ppm,CR-vl-1-0-0 (1 file(s))
vl,2023,419.621,ppm,CR-vl-1-0-0 (1 file(s))
vl,2024,422.177,ppm,CR-vl-1-0-0 (1 file(s))
vl,2025,424.892,ppm,CR-vl-1-0-0 (1 file(s))
vl,2026,427.746,ppm,CR-vl-1-0-0 (1 file(s))
vl,2027,430.616,ppm,CR-vl-1-0-0 (1 file(s))
vl,2028,433.468,ppm,CR-vl-1-0-0 (1 file(s))
vl,2029,436.213,ppm,CR-vl-1-0-0 (1 file(s))
vl,2030,438.921,ppm,CR-vl-1-0-0 (1 file(s))
vl,2031,441.55,ppm,CR-vl-1-0-0 (1 file(s))
vl,2032,443.907,ppm,CR-vl-1-0-0 (1 file(s))
vl,2033,445.91,ppm,CR-vl-1-0-0 (1 file(s))
vl,2034,447.5,ppm,CR-vl-1-0-0 (1 file(s))
vl,2035,448.751,ppm,CR-vl-1-0-0 (1 file(s))
vl,2036,449.593,ppm,CR-vl-1-0-0 (1 file(s))
vl,2037,450.237,ppm,CR-vl-1-0-0 (1 file(s))
vl,2038,450.622,ppm,CR-vl-1-0-0 (1 file(s))
vl,2039,450.794,ppm,CR-vl-1-0-0 (1 file(s))
vl,2040,450.812,ppm,CR-vl-1-0-0 (1 file(s))
vl,2041,450.647,ppm,CR-vl-1-0-0 (1 file(s))
vl,2042,450.275,ppm,CR-vl-1-0-0 (1 file(s))
vl,2043,449.723,ppm,CR-vl-1-0-0 (1 file(s))
vl,2044,449.1,ppm,CR-vl-1-0-0 (1 file(s))
vl,2045,448.392,ppm,CR-vl-1-0-0 (1 file(s))
vl,2046,447.601,ppm,CR-vl-1-0-0 (1 file(s))
vl,2047,446.696,ppm,CR-vl-1-0-0 (1 file(s))
vl,2048,445.738,ppm,CR-vl-1-0-0 (1 file(s))
vl,2049,444.758,ppm,CR-vl-1-0-0 (1 file(s))
vl,2050,443.702,ppm,CR-vl-1-0-0 (1 file(s))
vl,2051,442.598,ppm,CR-vl-1-0-0 (1 file(s))
vl,2052,441.544,ppm,CR-vl-1-0-0 (1 file(s))
vl,2053,440.489,ppm,CR-vl-1-0-0 (1 file(s))
vl,2054,439.443,ppm,CR-vl-1-0-0 (1 file(s))
vl,2055,438.399,ppm,CR-vl-1-0-0 (1 file(s))
vl,2056,437.372,ppm,CR-vl-1-0-0 (1 file(s))
vl,2057,436.326,ppm,CR-vl-1-0-0 (1 file(s))
vl,2058,435.219,ppm,CR-vl-1-0-0 (1 file(s))
vl,2059,434.321,ppm,CR-vl-1-0-0 (1 file(s))
vl,2060,433.326,ppm,CR-vl-1-0-0 (1 file(s))
vl,2061,432.286,ppm,CR-vl-1-0-0 (1 file(s))
vl,2062,431.265,ppm,CR-vl-1-0-0 (1 file(s))
vl,2063,430.307,ppm,CR-vl-1-0-0 (1 file(s))
vl,2064,429.358,ppm,CR-vl-1-0-0 (1 file(s))
vl,2065,428.458,ppm,CR-vl-1-0-0 (1 file(s))
vl,2066,427.539,ppm,CR-vl-1-0-0 (1 file(s))
vl,2067,426.614,ppm,CR-vl-1-0-0 (1 file(s))
vl,2068,425.77,ppm,CR-vl-1-0-0 (1 file(s))
vl,2069,424.819,ppm,CR-vl-1-0-0 (1 file(s))
vl,2070,423.937,ppm,CR-vl-1-0-0 (1 file(s))
vl,2071,423.073,ppm,CR-vl-1-0-0 (1 file(s))
vl,2072,422.22,ppm,CR-vl-1-0-0 (1 file(s))
vl,2073,421.366,ppm,CR-vl-1-0-0 (1 file(s))
vl,2074,420.411,ppm,CR-vl-1-0-0 (1 file(s))
vl,2075,419.574,ppm,CR-vl-1-0-0 (1 file(s))
vl,2076,418.711,ppm,CR-vl-1-0-0 (1 file(s))
vl,2077,417.852,ppm,CR-vl-1-0-0 (1 file(s))
vl,2078,416.997,ppm,CR-vl-1-0-0 (1 file(s))
vl,2079,416.149,ppm,CR-vl-1-0-0 (1 file(s))
vl,2080,415.393,ppm,CR-vl-1-0-0 (1 file(s))
vl,2081,414.565,ppm,CR-vl-1-0-0 (1 file(s))
vl,2082,413.729,ppm,CR-vl-1-0-0 (1 file(s))
vl,2083,412.899,ppm,CR-vl-1-0-0 (1 file(s))
vl,2084,412.047,ppm,CR-vl-1-0-0 (1 file(s))
vl,2085,411.274,ppm,CR-vl-1-0-0 (1 file(s))
vl,2086,410.579,ppm,CR-vl-1-0-0 (1 file(s))
vl,2087,409.901,ppm,CR-vl-1-0-0 (1 file(s))
vl,2088,409.199,ppm,CR-vl-1-0-0 (1 file(s))
vl,2089,408.488,ppm,CR-vl-1-0-0 (1 file(s))
vl,2090,407.829,ppm,CR-vl-1-0-0 (1 file(s))
vl,2091,407.148,ppm,CR-vl-1-0-0 (1 file(s))
vl,2092,406.474,ppm,CR-vl-1-0-0 (1 file(s))
vl,2093,405.777,ppm,CR-vl-1-0-0 (1 file(s))
vl,2094,405.03,ppm,CR-vl-1-0-0 (1 file(s))
vl,2095,404.326,ppm,CR-vl-1-0-0 (1 file(s))
vl,2096,403.671,ppm,CR-vl-1-0-0 (1 file(s))
vl,2097,403.004,ppm,CR-vl-1-0-0 (1 file(s))
vl,2098,402.301,ppm,CR-vl-1-0-0 (1 file(s))
vl,2099,401.6,ppm,CR-vl-1-0-0 (1 file(s))
vl,2100,400.909,ppm,CR-vl-1-0-0 (1 file(s))
