year,month,value,region,units,source
1850,1,25.9885,nino34,degC,ERSSTv6
1850,2,25.3640,nino34,degC,ERSSTv6
1850,3,25.0872,nino34,degC,ERSSTv6
1850,4,26.2337,nino34,degC,ERSSTv6
1850,5,27.4058,nino34,degC,ERSSTv6
1850,6,26.8611,nino34,degC,ERSSTv6
1850,7,27.3788,nino34,degC,ERSSTv6
1850,8,26.3175,nino34,degC,ERSSTv6
1850,9,26.5684,nino34,degC,ERSSTv6
1850,10,27.0100,nino34,degC,ERSSTv6
1850,11,26.1320,nino34,degC,ERSSTv6
1850,12,25.5721,nino34,degC,ERSSTv6
1851,1,25.7802,nino34,degC,ERSSTv6
1851,2,25.3928,nino34,degC,ERSSTv6
1851,3,26.2251,nino34,degC,ERSSTv6
1851,4,26.3502,nino34,degC,ERSSTv6
1851,5,27.7295,nino34,degC,ERSSTv6
1851,6,27.2404,nino34,degC,ERSSTv6
1851,7,27.2208,nino34,degC,ERSSTv6
1851,8,27.0210,nino34,degC,ERSSTv6
1851,9,27.4822,nino34,degC,ERSSTv6
1851,10,25.4464,nino34,degC,ERSSTv6
1851,11,26.0727,nino34,degC,ERSSTv6
1851,12,26.1592,nino34,degC,ERSSTv6
1852,1,24.7046,nino34,degC,ERSSTv6
1852,2,25.3849,nino34,degC,ERSSTv6
1852,3,26.0101,nino34,degC,ERSSTv6
1852,4,26.7904,nino34,degC,ERSSTv6
1852,5,27.1400,nino34,degC,ERSSTv6
1852,6,26.6554,nino34,degC,ERSSTv6
1852,7,27.6989,nino34,degC,ERSSTv6
1852,8,25.7003,nino34,degC,ERSSTv6
1852,9,27.5184,nino34,degC,ERSSTv6
1852,10,26.8521,nino34,degC,ERSSTv6
1852,11,26.6968,nino34,degC,ERSSTv6
1852,12,25.9367,nino34,degC,ERSSTv6
1853,1,25.9404,nino34,degC,ERSSTv6
1853,2,26.3270,nino34,degC,ERSSTv6
1853,3,26.9668,nino34,degC,ERSSTv6
1853,4,26.9322,nino34,degC,ERSSTv6
1853,5,27.6917,nino34,degC,ERSSTv6
1853,6,28.0505,nino34,degC,ERSSTv6
1853,7,26.6671,nino34,degC,ERSSTv6
1853,8,26.0889,nino34,degC,ERSSTv6
1853,9,25.9126,nino34,degC,ERSSTv6
1853,10,25.9860,nino34,degC,ERSSTv6
1853,11,27.1038,nino34,degC,ERSSTv6
1853,12,26.6178,nino34,degC,ERSSTv6
1854,1,26.1597,nino34,degC,ERSSTv6
1854,2,25.8553,nino34,degC,ERSSTv6
1854,3,26.6644,nino34,degC,ERSSTv6
1854,4,27.4445,nino34,degC,ERSSTv6
1854,5,27.9327,nino34,degC,ERSSTv6
1854,6,27.6471,nino34,degC,ERSSTv6
1854,7,26.7793,nino34,degC,ERSSTv6
1854,8,25.3696,nino34,degC,ERSSTv6
1854,9,25.6667,nino34,degC,ERSSTv6
1854,10,27.0424,nino34,degC,ERSSTv6
1854,11,25.6824,nino34,degC,ERSSTv6
1854,12,25.1402,nino34,degC,ERSSTv6
1855,1,26.3975,nino34,degC,ERSSTv6
1855,2,27.0961,nino34,degC,ERSSTv6
1855,3,26.9051,nino34,degC,ERSSTv6
1855,4,27.7657,nino34,degC,ERSSTv6
1855,5,27.6750,nino34,degC,ERSSTv6
1855,6,27.1101,nino34,degC,ERSSTv6
1855,7,26.9224,nino34,degC,ERSSTv6
1855,8,27.1996,nino34,degC,ERSSTv6
1855,9,26.0203,nino34,degC,ERSSTv6
1855,10,27.1859,nino34,degC,ERSSTv6
1855,11,27.3592,nino34,degC,ERSSTv6
1855,12,28.9092,nino34,degC,ERSSTv6
1856,1,27.1927,nino34,degC,ERSSTv6
1856,2,27.1047,nino34,degC,ERSSTv6
1856,3,27.3344,nino34,degC,ERSSTv6
1856,4,27.0880,nino34,degC,ERSSTv6
1856,5,26.6911,nino34,degC,ERSSTv6
1856,6,26.1901,nino34,degC,ERSSTv6
1856,7,26.3230,nino34,degC,ERSSTv6
1856,8,25.2094,nino34,degC,ERSSTv6
1856,9,24.8384,nino34,degC,ERSSTv6
1856,10,24.5782,nino34,degC,ERSSTv6
1856,11,24.6044,nino34,degC,ERSSTv6
1856,12,23.4481,nino34,degC,ERSSTv6
1857,1,24.3084,nino34,degC,ERSSTv6
1857,2,25.1091,nino34,degC,ERSSTv6
1857,3,24.6964,nino34,degC,ERSSTv6
1857,4,26.5580,nino34,degC,ERSSTv6
1857,5,27.2730,nino34,degC,ERSSTv6
1857,6,27.3777,nino34,degC,ERSSTv6
1857,7,26.2425,nino34,degC,ERSSTv6
1857,8,25.8432,nino34,degC,ERSSTv6
1857,9,26.2108,nino34,degC,ERSSTv6
1857,10,26.0803,nino34,degC,ERSSTv6
1857,11,26.0227,nino34,degC,ERSSTv6
1857,12,25.3990,nino34,degC,ERSSTv6
1858,1,27.4836,nino34,degC,ERSSTv6
1858,2,26.7668,nino34,degC,ERSSTv6
1858,3,26.9616,nino34,degC,ERSSTv6
1858,4,27.0414,nino34,degC,ERSSTv6
1858,5,27.8531,nino34,degC,ERSSTv6
1858,6,27.3002,nino34,degC,ERSSTv6
1858,7,26.5133,nino34,degC,ERSSTv6
1858,8,26.3818,nino34,degC,ERSSTv6
1858,9,26.0481,nino34,degC,ERSSTv6
1858,10,26.2297,nino34,degC,ERSSTv6
1858,11,26.4567,nino34,degC,ERSSTv6
1858,12,26.1958,nino34,degC,ERSSTv6
1859,1,25.6615,nino34,degC,ERSSTv6
1859,2,26.5926,nino34,degC,ERSSTv6
1859,3,26.8676,nino34,degC,ERSSTv6
1859,4,25.7164,nino34,degC,ERSSTv6
1859,5,27.1729,nino34,degC,ERSSTv6
1859,6,26.4841,nino34,degC,ERSSTv6
1859,7,26.0629,nino34,degC,ERSSTv6
1859,8,26.9673,nino34,degC,ERSSTv6
1859,9,24.7399,nino34,degC,ERSSTv6
1859,10,26.4744,nino34,degC,ERSSTv6
1859,11,26.1833,nino34,degC,ERSSTv6
1859,12,25.6339,nino34,degC,ERSSTv6
1860,1,25.4853,nino34,degC,ERSSTv6
1860,2,25.9964,nino34,degC,ERSSTv6
1860,3,26.5042,nino34,degC,ERSSTv6
1860,4,26.0639,nino34,degC,ERSSTv6
1860,5,28.1064,nino34,degC,ERSSTv6
1860,6,27.1595,nino34,degC,ERSSTv6
1860,7,25.3502,nino34,degC,ERSSTv6
1860,8,26.7304,nino34,degC,ERSSTv6
1860,9,26.4451,nino34,degC,ERSSTv6
1860,10,24.2861,nino34,degC,ERSSTv6
1860,11,26.4668,nino34,degC,ERSSTv6
1860,12,25.3025,nino34,degC,ERSSTv6
1861,1,27.0202,nino34,degC,ERSSTv6
1861,2,24.6342,nino34,degC,ERSSTv6
1861,3,24.8551,nino34,degC,ERSSTv6
1861,4,27.3506,nino34,degC,ERSSTv6
1861,5,26.1232,nino34,degC,ERSSTv6
1861,6,27.0004,nino34,degC,ERSSTv6
1861,7,27.1998,nino34,degC,ERSSTv6
1861,8,25.3128,nino34,degC,ERSSTv6
1861,9,24.6226,nino34,degC,ERSSTv6
1861,10,26.9242,nino34,degC,ERSSTv6
1861,11,24.5335,nino34,degC,ERSSTv6
1861,12,25.9662,nino34,degC,ERSSTv6
1862,1,25.1651,nino34,degC,ERSSTv6
1862,2,26.0520,nino34,degC,ERSSTv6
1862,3,26.3804,nino34,degC,ERSSTv6
1862,4,26.7829,nino34,degC,ERSSTv6
1862,5,26.7241,nino34,degC,ERSSTv6
1862,6,27.6002,nino34,degC,ERSSTv6
1862,7,27.6802,nino34,degC,ERSSTv6
1862,8,24.9333,nino34,degC,ERSSTv6
1862,9,25.5091,nino34,degC,ERSSTv6
1862,10,26.9490,nino34,degC,ERSSTv6
1862,11,25.4345,nino34,degC,ERSSTv6
1862,12,23.4106,nino34,degC,ERSSTv6
1863,1,25.9013,nino34,degC,ERSSTv6
1863,2,26.0913,nino34,degC,ERSSTv6
1863,3,25.3368,nino34,degC,ERSSTv6
1863,4,26.4592,nino34,degC,ERSSTv6
1863,5,26.5712,nino34,degC,ERSSTv6
1863,6,24.9772,nino34,degC,ERSSTv6
1863,7,24.4105,nino34,degC,ERSSTv6
1863,8,25.3745,nino34,degC,ERSSTv6
1863,9,23.8571,nino34,degC,ERSSTv6
1863,10,23.7998,nino34,degC,ERSSTv6
1863,11,24.4683,nino34,degC,ERSSTv6
1863,12,25.3345,nino34,degC,ERSSTv6
1864,1,25.1111,nino34,degC,ERSSTv6
1864,2,24.2318,nino34,degC,ERSSTv6
1864,3,25.5406,nino34,degC,ERSSTv6
1864,4,28.5395,nino34,degC,ERSSTv6
1864,5,27.0407,nino34,degC,ERSSTv6
1864,6,27.6580,nino34,degC,ERSSTv6
1864,7,25.8197,nino34,degC,ERSSTv6
1864,8,27.4591,nino34,degC,ERSSTv6
1864,9,27.9896,nino34,degC,ERSSTv6
1864,10,28.0996,nino34,degC,ERSSTv6
1864,11,27.4590,nino34,degC,ERSSTv6
1864,12,27.6641,nino34,degC,ERSSTv6
1865,1,25.2993,nino34,degC,ERSSTv6
1865,2,26.4460,nino34,degC,ERSSTv6
1865,3,26.8127,nino34,degC,ERSSTv6
1865,4,26.7120,nino34,degC,ERSSTv6
1865,5,26.8247,nino34,degC,ERSSTv6
1865,6,28.5084,nino34,degC,ERSSTv6
1865,7,27.7064,nino34,degC,ERSSTv6
1865,8,26.0985,nino34,degC,ERSSTv6
1865,9,25.6893,nino34,degC,ERSSTv6
1865,10,27.2444,nino34,degC,ERSSTv6
1865,11,26.2640,nino34,degC,ERSSTv6
1865,12,26.7418,nino34,degC,ERSSTv6
1866,1,28.4397,nino34,degC,ERSSTv6
1866,2,27.0420,nino34,degC,ERSSTv6
1866,3,28.2902,nino34,degC,ERSSTv6
1866,4,25.1265,nino34,degC,ERSSTv6
1866,5,26.3359,nino34,degC,ERSSTv6
1866,6,28.7520,nino34,degC,ERSSTv6
1866,7,26.6291,nino34,degC,ERSSTv6
1866,8,27.4290,nino34,degC,ERSSTv6
1866,9,25.7713,nino34,degC,ERSSTv6
1866,10,24.5967,nino34,degC,ERSSTv6
1866,11,25.6474,nino34,degC,ERSSTv6
1866,12,23.8733,nino34,degC,ERSSTv6
1867,1,25.4141,nino34,degC,ERSSTv6
1867,2,23.2888,nino34,degC,ERSSTv6
1867,3,27.0999,nino34,degC,ERSSTv6
1867,4,26.1705,nino34,degC,ERSSTv6
1867,5,26.7671,nino34,degC,ERSSTv6
1867,6,28.4909,nino34,degC,ERSSTv6
1867,7,27.1077,nino34,degC,ERSSTv6
1867,8,24.6730,nino34,degC,ERSSTv6
1867,9,26.5062,nino34,degC,ERSSTv6
1867,10,24.0623,nino34,degC,ERSSTv6
1867,11,25.7917,nino34,degC,ERSSTv6
1867,12,25.0000,nino34,degC,ERSSTv6
1868,1,25.0267,nino34,degC,ERSSTv6
1868,2,28.3416,nino34,degC,ERSSTv6
1868,3,27.2433,nino34,degC,ERSSTv6
1868,4,26.2263,nino34,degC,ERSSTv6
1868,5,27.0640,nino34,degC,ERSSTv6
1868,6,27.5487,nino34,degC,ERSSTv6
1868,7,27.0774,nino34,degC,ERSSTv6
1868,8,26.0668,nino34,degC,ERSSTv6
1868,9,25.0749,nino34,degC,ERSSTv6
1868,10,27.2705,nino34,degC,ERSSTv6
1868,11,27.6230,nino34,degC,ERSSTv6
1868,12,26.4870,nino34,degC,ERSSTv6
1869,1,26.8081,nino34,degC,ERSSTv6
1869,2,26.6780,nino34,degC,ERSSTv6
1869,3,28.5513,nino34,degC,ERSSTv6
1869,4,26.2943,nino34,degC,ERSSTv6
1869,5,27.7696,nino34,degC,ERSSTv6
1869,6,26.6997,nino34,degC,ERSSTv6
1869,7,27.1907,nino34,degC,ERSSTv6
1869,8,26.3533,nino34,degC,ERSSTv6
1869,9,24.6588,nino34,degC,ERSSTv6
1869,10,25.8274,nino34,degC,ERSSTv6
1869,11,26.0485,nino34,degC,ERSSTv6
1869,12,25.3461,nino34,degC,ERSSTv6
1870,1,25.1253,nino34,degC,ERSSTv6
1870,2,25.8506,nino34,degC,ERSSTv6
1870,3,24.4070,nino34,degC,ERSSTv6
1870,4,27.7985,nino34,degC,ERSSTv6
1870,5,24.4777,nino34,degC,ERSSTv6
1870,6,24.8962,nino34,degC,ERSSTv6
1870,7,26.2135,nino34,degC,ERSSTv6
1870,8,25.1261,nino34,degC,ERSSTv6
1870,9,25.5939,nino34,degC,ERSSTv6
1870,10,24.5037,nino34,degC,ERSSTv6
1870,11,24.9558,nino34,degC,ERSSTv6
1870,12,25.6307,nino34,degC,ERSSTv6
1871,1,24.9203,nino34,degC,ERSSTv6
1871,2,25.5392,nino34,degC,ERSSTv6
1871,3,25.9976,nino34,degC,ERSSTv6
1871,4,27.4655,nino34,degC,ERSSTv6
1871,5,26.3357,nino34,degC,ERSSTv6
1871,6,26.6550,nino34,degC,ERSSTv6
1871,7,25.1506,nino34,degC,ERSSTv6
1871,8,25.8325,nino34,degC,ERSSTv6
1871,9,26.7822,nino34,degC,ERSSTv6
1871,10,26.8915,nino34,degC,ERSSTv6
1871,11,25.1236,nino34,degC,ERSSTv6
1871,12,26.1004,nino34,degC,ERSSTv6
1872,1,25.8706,nino34,degC,ERSSTv6
1872,2,25.2993,nino34,degC,ERSSTv6
1872,3,26.3029,nino34,degC,ERSSTv6
1872,4,27.6027,nino34,degC,ERSSTv6
1872,5,26.9415,nino34,degC,ERSSTv6
1872,6,26.4750,nino34,degC,ERSSTv6
1872,7,25.9959,nino34,degC,ERSSTv6
1872,8,25.9275,nino34,degC,ERSSTv6
1872,9,25.2406,nino34,degC,ERSSTv6
1872,10,25.5209,nino34,degC,ERSSTv6
1872,11,25.0966,nino34,degC,ERSSTv6
1872,12,25.5607,nino34,degC,ERSSTv6
1873,1,25.5711,nino34,degC,ERSSTv6
1873,2,25.4563,nino34,degC,ERSSTv6
1873,3,25.2980,nino34,degC,ERSSTv6
1873,4,25.0142,nino34,degC,ERSSTv6
1873,5,27.1834,nino34,degC,ERSSTv6
1873,6,27.3361,nino34,degC,ERSSTv6
1873,7,26.7936,nino34,degC,ERSSTv6
1873,8,26.6294,nino34,degC,ERSSTv6
1873,9,25.5164,nino34,degC,ERSSTv6
1873,10,25.8581,nino34,degC,ERSSTv6
1873,11,25.6066,nino34,degC,ERSSTv6
1873,12,25.1085,nino34,degC,ERSSTv6
1874,1,24.9220,nino34,degC,ERSSTv6
1874,2,25.2863,nino34,degC,ERSSTv6
1874,3,25.3044,nino34,degC,ERSSTv6
1874,4,26.0410,nino34,degC,ERSSTv6
1874,5,28.1308,nino34,degC,ERSSTv6
1874,6,25.8858,nino34,degC,ERSSTv6
1874,7,26.8328,nino34,degC,ERSSTv6
1874,8,24.9657,nino34,degC,ERSSTv6
1874,9,25.3123,nino34,degC,ERSSTv6
1874,10,25.2183,nino34,degC,ERSSTv6
1874,11,24.9082,nino34,degC,ERSSTv6
1874,12,24.8857,nino34,degC,ERSSTv6
1875,1,25.9724,nino34,degC,ERSSTv6
1875,2,25.6768,nino34,degC,ERSSTv6
1875,3,26.5707,nino34,degC,ERSSTv6
1875,4,26.6691,nino34,degC,ERSSTv6
1875,5,26.9259,nino34,degC,ERSSTv6
1875,6,26.4440,nino34,degC,ERSSTv6
1875,7,26.4125,nino34,degC,ERSSTv6
1875,8,25.2347,nino34,degC,ERSSTv6
1875,9,25.6742,nino34,degC,ERSSTv6
1875,10,26.3662,nino34,degC,ERSSTv6
1875,11,25.5308,nino34,degC,ERSSTv6
1875,12,26.0270,nino34,degC,ERSSTv6
1876,1,25.8876,nino34,degC,ERSSTv6
1876,2,26.6193,nino34,degC,ERSSTv6
1876,3,26.4366,nino34,degC,ERSSTv6
1876,4,26.2278,nino34,degC,ERSSTv6
1876,5,27.2698,nino34,degC,ERSSTv6
1876,6,26.0588,nino34,degC,ERSSTv6
1876,7,27.0170,nino34,degC,ERSSTv6
1876,8,25.9814,nino34,degC,ERSSTv6
1876,9,25.5278,nino34,degC,ERSSTv6
1876,10,26.8333,nino34,degC,ERSSTv6
1876,11,27.0135,nino34,degC,ERSSTv6
1876,12,27.0678,nino34,degC,ERSSTv6
1877,1,26.6815,nino34,degC,ERSSTv6
1877,2,28.2484,nino34,degC,ERSSTv6
1877,3,26.9126,nino34,degC,ERSSTv6
1877,4,28.9421,nino34,degC,ERSSTv6
1877,5,28.4930,nino34,degC,ERSSTv6
1877,6,28.2898,nino34,degC,ERSSTv6
1877,7,28.9977,nino34,degC,ERSSTv6
1877,8,28.5694,nino34,degC,ERSSTv6
1877,9,28.3350,nino34,degC,ERSSTv6
1877,10,28.6443,nino34,degC,ERSSTv6
1877,11,28.9693,nino34,degC,ERSSTv6
1877,12,28.6646,nino34,degC,ERSSTv6
1878,1,28.7830,nino34,degC,ERSSTv6
1878,2,28.1026,nino34,degC,ERSSTv6
1878,3,28.6282,nino34,degC,ERSSTv6
1878,4,28.5824,nino34,degC,ERSSTv6
1878,5,27.7659,nino34,degC,ERSSTv6
1878,6,28.5841,nino34,degC,ERSSTv6
1878,7,27.2783,nino34,degC,ERSSTv6
1878,8,26.1239,nino34,degC,ERSSTv6
1878,9,25.7426,nino34,degC,ERSSTv6
1878,10,25.4930,nino34,degC,ERSSTv6
1878,11,25.4001,nino34,degC,ERSSTv6
1878,12,25.7114,nino34,degC,ERSSTv6
1879,1,24.7861,nino34,degC,ERSSTv6
1879,2,26.2567,nino34,degC,ERSSTv6
1879,3,26.7167,nino34,degC,ERSSTv6
1879,4,27.2051,nino34,degC,ERSSTv6
1879,5,26.4102,nino34,degC,ERSSTv6
1879,6,26.5753,nino34,degC,ERSSTv6
1879,7,25.3711,nino34,degC,ERSSTv6
1879,8,25.4219,nino34,degC,ERSSTv6
1879,9,26.0012,nino34,degC,ERSSTv6
1879,10,24.9003,nino34,degC,ERSSTv6
1879,11,24.7315,nino34,degC,ERSSTv6
1879,12,25.5751,nino34,degC,ERSSTv6
1880,1,23.9201,nino34,degC,ERSSTv6
1880,2,25.7782,nino34,degC,ERSSTv6
1880,3,25.5538,nino34,degC,ERSSTv6
1880,4,27.6517,nino34,degC,ERSSTv6
1880,5,26.2280,nino34,degC,ERSSTv6
1880,6,26.9026,nino34,degC,ERSSTv6
1880,7,25.7636,nino34,degC,ERSSTv6
1880,8,26.3014,nino34,degC,ERSSTv6
1880,9,25.5017,nino34,degC,ERSSTv6
1880,10,26.8315,nino34,degC,ERSSTv6
1880,11,26.6026,nino34,degC,ERSSTv6
1880,12,26.8678,nino34,degC,ERSSTv6
1881,1,26.4778,nino34,degC,ERSSTv6
1881,2,26.8622,nino34,degC,ERSSTv6
1881,3,26.9315,nino34,degC,ERSSTv6
1881,4,27.4783,nino34,degC,ERSSTv6
1881,5,27.8092,nino34,degC,ERSSTv6
1881,6,27.6798,nino34,degC,ERSSTv6
1881,7,26.8679,nino34,degC,ERSSTv6
1881,8,26.0665,nino34,degC,ERSSTv6
1881,9,26.8077,nino34,degC,ERSSTv6
1881,10,25.9668,nino34,degC,ERSSTv6
1881,11,26.2871,nino34,degC,ERSSTv6
1881,12,25.8752,nino34,degC,ERSSTv6
1882,1,26.2787,nino34,degC,ERSSTv6
1882,2,26.1320,nino34,degC,ERSSTv6
1882,3,26.7005,nino34,degC,ERSSTv6
1882,4,27.8293,nino34,degC,ERSSTv6
1882,5,27.7298,nino34,degC,ERSSTv6
1882,6,26.8069,nino34,degC,ERSSTv6
1882,7,26.3992,nino34,degC,ERSSTv6
1882,8,25.9766,nino34,degC,ERSSTv6
1882,9,26.3315,nino34,degC,ERSSTv6
1882,10,25.4262,nino34,degC,ERSSTv6
1882,11,25.5324,nino34,degC,ERSSTv6
1882,12,24.9669,nino34,degC,ERSSTv6
1883,1,25.5100,nino34,degC,ERSSTv6
1883,2,26.2365,nino34,degC,ERSSTv6
1883,3,27.8008,nino34,degC,ERSSTv6
1883,4,28.4996,nino34,degC,ERSSTv6
1883,5,27.9900,nino34,degC,ERSSTv6
1883,6,27.3394,nino34,degC,ERSSTv6
1883,7,27.0232,nino34,degC,ERSSTv6
1883,8,26.4715,nino34,degC,ERSSTv6
1883,9,26.2389,nino34,degC,ERSSTv6
1883,10,25.9852,nino34,degC,ERSSTv6
1883,11,26.8813,nino34,degC,ERSSTv6
1883,12,26.2671,nino34,degC,ERSSTv6
1884,1,26.1809,nino34,degC,ERSSTv6
1884,2,26.8342,nino34,degC,ERSSTv6
1884,3,27.0488,nino34,degC,ERSSTv6
1884,4,27.2028,nino34,degC,ERSSTv6
1884,5,28.4560,nino34,degC,ERSSTv6
1884,6,27.6412,nino34,degC,ERSSTv6
1884,7,26.8722,nino34,degC,ERSSTv6
1884,8,26.3875,nino34,degC,ERSSTv6
1884,9,26.7344,nino34,degC,ERSSTv6
1884,10,26.6195,nino34,degC,ERSSTv6
1884,11,27.6308,nino34,degC,ERSSTv6
1884,12,26.9156,nino34,degC,ERSSTv6
1885,1,26.7008,nino34,degC,ERSSTv6
1885,2,26.7912,nino34,degC,ERSSTv6
1885,3,26.9684,nino34,degC,ERSSTv6
1885,4,27.2388,nino34,degC,ERSSTv6
1885,5,27.7912,nino34,degC,ERSSTv6
1885,6,27.7194,nino34,degC,ERSSTv6
1885,7,27.0351,nino34,degC,ERSSTv6
1885,8,26.4459,nino34,degC,ERSSTv6
1885,9,26.5851,nino34,degC,ERSSTv6
1885,10,27.7884,nino34,degC,ERSSTv6
1885,11,27.7643,nino34,degC,ERSSTv6
1885,12,27.0217,nino34,degC,ERSSTv6
1886,1,27.1362,nino34,degC,ERSSTv6
1886,2,26.2597,nino34,degC,ERSSTv6
1886,3,26.3900,nino34,degC,ERSSTv6
1886,4,27.3302,nino34,degC,ERSSTv6
1886,5,27.0662,nino34,degC,ERSSTv6
1886,6,25.8548,nino34,degC,ERSSTv6
1886,7,25.6683,nino34,degC,ERSSTv6
1886,8,25.5431,nino34,degC,ERSSTv6
1886,9,25.4393,nino34,degC,ERSSTv6
1886,10,24.8794,nino34,degC,ERSSTv6
1886,11,25.1491,nino34,degC,ERSSTv6
1886,12,24.4541,nino34,degC,ERSSTv6
1887,1,24.4750,nino34,degC,ERSSTv6
1887,2,24.8121,nino34,degC,ERSSTv6
1887,3,25.7322,nino34,degC,ERSSTv6
1887,4,26.2796,nino34,degC,ERSSTv6
1887,5,26.2525,nino34,degC,ERSSTv6
1887,6,26.4166,nino34,degC,ERSSTv6
1887,7,26.5866,nino34,degC,ERSSTv6
1887,8,26.1190,nino34,degC,ERSSTv6
1887,9,26.0761,nino34,degC,ERSSTv6
1887,10,25.7784,nino34,degC,ERSSTv6
1887,11,26.0418,nino34,degC,ERSSTv6
1887,12,26.1969,nino34,degC,ERSSTv6
1888,1,26.5815,nino34,degC,ERSSTv6
1888,2,26.9939,nino34,degC,ERSSTv6
1888,3,27.8043,nino34,degC,ERSSTv6
1888,4,27.9747,nino34,degC,ERSSTv6
1888,5,28.1470,nino34,degC,ERSSTv6
1888,6,27.9750,nino34,degC,ERSSTv6
1888,7,27.4291,nino34,degC,ERSSTv6
1888,8,27.4165,nino34,degC,ERSSTv6
1888,9,26.6733,nino34,degC,ERSSTv6
1888,10,28.1043,nino34,degC,ERSSTv6
1888,11,28.1538,nino34,degC,ERSSTv6
1888,12,28.2836,nino34,degC,ERSSTv6
1889,1,28.6746,nino34,degC,ERSSTv6
1889,2,28.1448,nino34,degC,ERSSTv6
1889,3,27.8777,nino34,degC,ERSSTv6
1889,4,28.3603,nino34,degC,ERSSTv6
1889,5,28.0614,nino34,degC,ERSSTv6
1889,6,27.0737,nino34,degC,ERSSTv6
1889,7,25.8891,nino34,degC,ERSSTv6
1889,8,25.1519,nino34,degC,ERSSTv6
1889,9,24.8852,nino34,degC,ERSSTv6
1889,10,24.0234,nino34,degC,ERSSTv6
1889,11,24.6591,nino34,degC,ERSSTv6
1889,12,25.0903,nino34,degC,ERSSTv6
1890,1,23.6591,nino34,degC,ERSSTv6
1890,2,25.9605,nino34,degC,ERSSTv6
1890,3,26.0816,nino34,degC,ERSSTv6
1890,4,26.5488,nino34,degC,ERSSTv6
1890,5,26.7526,nino34,degC,ERSSTv6
1890,6,26.8014,nino34,degC,ERSSTv6
1890,7,26.1201,nino34,degC,ERSSTv6
1890,8,24.5428,nino34,degC,ERSSTv6
1890,9,25.0490,nino34,degC,ERSSTv6
1890,10,24.8878,nino34,degC,ERSSTv6
1890,11,24.9054,nino34,degC,ERSSTv6
1890,12,26.1734,nino34,degC,ERSSTv6
1891,1,26.7125,nino34,degC,ERSSTv6
1891,2,26.5502,nino34,degC,ERSSTv6
1891,3,27.7847,nino34,degC,ERSSTv6
1891,4,27.3503,nino34,degC,ERSSTv6
1891,5,28.2647,nino34,degC,ERSSTv6
1891,6,27.4771,nino34,degC,ERSSTv6
1891,7,27.0383,nino34,degC,ERSSTv6
1891,8,25.9382,nino34,degC,ERSSTv6
1891,9,26.1095,nino34,degC,ERSSTv6
1891,10,26.5694,nino34,degC,ERSSTv6
1891,11,26.2965,nino34,degC,ERSSTv6
1891,12,25.7308,nino34,degC,ERSSTv6
1892,1,26.5200,nino34,degC,ERSSTv6
1892,2,26.3121,nino34,degC,ERSSTv6
1892,3,26.2838,nino34,degC,ERSSTv6
1892,4,26.6833,nino34,degC,ERSSTv6
1892,5,27.5805,nino34,degC,ERSSTv6
1892,6,26.3944,nino34,degC,ERSSTv6
1892,7,26.4613,nino34,degC,ERSSTv6
1892,8,25.6410,nino34,degC,ERSSTv6
1892,9,24.6788,nino34,degC,ERSSTv6
1892,10,24.1187,nino34,degC,ERSSTv6
1892,11,24.8575,nino34,degC,ERSSTv6
1892,12,24.9480,nino34,degC,ERSSTv6
1893,1,25.3384,nino34,degC,ERSSTv6
1893,2,25.3289,nino34,degC,ERSSTv6
1893,3,26.1790,nino34,degC,ERSSTv6
1893,4,25.9970,nino34,degC,ERSSTv6
1893,5,26.4387,nino34,degC,ERSSTv6
1893,6,26.4074,nino34,degC,ERSSTv6
1893,7,26.0853,nino34,degC,ERSSTv6
1893,8,25.6695,nino34,degC,ERSSTv6
1893,9,24.6746,nino34,degC,ERSSTv6
1893,10,24.7806,nino34,degC,ERSSTv6
1893,11,24.8843,nino34,degC,ERSSTv6
1893,12,25.2271,nino34,degC,ERSSTv6
1894,1,25.1652,nino34,degC,ERSSTv6
1894,2,25.6566,nino34,degC,ERSSTv6
1894,3,25.7773,nino34,degC,ERSSTv6
1894,4,26.3274,nino34,degC,ERSSTv6
1894,5,26.9536,nino34,degC,ERSSTv6
1894,6,26.3047,nino34,degC,ERSSTv6
1894,7,26.9860,nino34,degC,ERSSTv6
1894,8,25.8118,nino34,degC,ERSSTv6
1894,9,25.5025,nino34,degC,ERSSTv6
1894,10,25.3393,nino34,degC,ERSSTv6
1894,11,25.9582,nino34,degC,ERSSTv6
1894,12,25.5050,nino34,degC,ERSSTv6
1895,1,26.4781,nino34,degC,ERSSTv6
1895,2,25.3739,nino34,degC,ERSSTv6
1895,3,26.7452,nino34,degC,ERSSTv6
1895,4,28.0401,nino34,degC,ERSSTv6
1895,5,27.6420,nino34,degC,ERSSTv6
1895,6,27.1424,nino34,degC,ERSSTv6
1895,7,27.0865,nino34,degC,ERSSTv6
1895,8,26.9140,nino34,degC,ERSSTv6
1895,9,27.4653,nino34,degC,ERSSTv6
1895,10,26.8684,nino34,degC,ERSSTv6
1895,11,27.6301,nino34,degC,ERSSTv6
1895,12,26.4884,nino34,degC,ERSSTv6
1896,1,26.7679,nino34,degC,ERSSTv6
1896,2,26.6311,nino34,degC,ERSSTv6
1896,3,27.5355,nino34,degC,ERSSTv6
1896,4,27.6825,nino34,degC,ERSSTv6
1896,5,26.8806,nino34,degC,ERSSTv6
1896,6,27.8780,nino34,degC,ERSSTv6
1896,7,27.9479,nino34,degC,ERSSTv6
1896,8,27.6351,nino34,degC,ERSSTv6
1896,9,27.2779,nino34,degC,ERSSTv6
1896,10,27.5541,nino34,degC,ERSSTv6
1896,11,27.9817,nino34,degC,ERSSTv6
1896,12,28.1481,nino34,degC,ERSSTv6
1897,1,27.5586,nino34,degC,ERSSTv6
1897,2,27.8746,nino34,degC,ERSSTv6
1897,3,27.4556,nino34,degC,ERSSTv6
1897,4,27.3710,nino34,degC,ERSSTv6
1897,5,27.4860,nino34,degC,ERSSTv6
1897,6,27.4573,nino34,degC,ERSSTv6
1897,7,27.1350,nino34,degC,ERSSTv6
1897,8,26.2821,nino34,degC,ERSSTv6
1897,9,26.3865,nino34,degC,ERSSTv6
1897,10,25.8011,nino34,degC,ERSSTv6
1897,11,25.3413,nino34,degC,ERSSTv6
1897,12,25.7406,nino34,degC,ERSSTv6
1898,1,26.0233,nino34,degC,ERSSTv6
1898,2,25.5564,nino34,degC,ERSSTv6
1898,3,26.2560,nino34,degC,ERSSTv6
1898,4,27.0497,nino34,degC,ERSSTv6
1898,5,27.2636,nino34,degC,ERSSTv6
1898,6,26.9735,nino34,degC,ERSSTv6
1898,7,26.1982,nino34,degC,ERSSTv6
1898,8,25.5191,nino34,degC,ERSSTv6
1898,9,25.9131,nino34,degC,ERSSTv6
1898,10,25.4654,nino34,degC,ERSSTv6
1898,11,25.5498,nino34,degC,ERSSTv6
1898,12,25.1300,nino34,degC,ERSSTv6
1899,1,25.5748,nino34,degC,ERSSTv6
1899,2,25.6563,nino34,degC,ERSSTv6
1899,3,25.6733,nino34,degC,ERSSTv6
1899,4,26.8277,nino34,degC,ERSSTv6
1899,5,27.6079,nino34,degC,ERSSTv6
1899,6,27.0266,nino34,degC,ERSSTv6
1899,7,26.9462,nino34,degC,ERSSTv6
1899,8,26.5863,nino34,degC,ERSSTv6
1899,9,26.8404,nino34,degC,ERSSTv6
1899,10,27.4413,nino34,degC,ERSSTv6
1899,11,27.4587,nino34,degC,ERSSTv6
1899,12,27.7746,nino34,degC,ERSSTv6
1900,1,27.8541,nino34,degC,ERSSTv6
1900,2,27.7863,nino34,degC,ERSSTv6
1900,3,27.6533,nino34,degC,ERSSTv6
1900,4,28.5586,nino34,degC,ERSSTv6
1900,5,28.0448,nino34,degC,ERSSTv6
1900,6,28.2267,nino34,degC,ERSSTv6
1900,7,27.4252,nino34,degC,ERSSTv6
1900,8,26.5612,nino34,degC,ERSSTv6
1900,9,26.5991,nino34,degC,ERSSTv6
1900,10,26.8253,nino34,degC,ERSSTv6
1900,11,26.0680,nino34,degC,ERSSTv6
1900,12,26.6165,nino34,degC,ERSSTv6
1901,1,26.6550,nino34,degC,ERSSTv6
1901,2,26.6409,nino34,degC,ERSSTv6
1901,3,26.8395,nino34,degC,ERSSTv6
1901,4,27.8428,nino34,degC,ERSSTv6
1901,5,27.5296,nino34,degC,ERSSTv6
1901,6,26.9946,nino34,degC,ERSSTv6
1901,7,26.4494,nino34,degC,ERSSTv6
1901,8,26.1064,nino34,degC,ERSSTv6
1901,9,25.9686,nino34,degC,ERSSTv6
1901,10,25.5594,nino34,degC,ERSSTv6
1901,11,25.6678,nino34,degC,ERSSTv6
1901,12,25.8822,nino34,degC,ERSSTv6
1902,1,25.9104,nino34,degC,ERSSTv6
1902,2,26.6615,nino34,degC,ERSSTv6
1902,3,26.7793,nino34,degC,ERSSTv6
1902,4,28.1153,nino34,degC,ERSSTv6
1902,5,28.1185,nino34,degC,ERSSTv6
1902,6,28.5295,nino34,degC,ERSSTv6
1902,7,28.1099,nino34,degC,ERSSTv6
1902,8,27.5964,nino34,degC,ERSSTv6
1902,9,27.6398,nino34,degC,ERSSTv6
1902,10,27.7290,nino34,degC,ERSSTv6
1902,11,28.2279,nino34,degC,ERSSTv6
1902,12,28.3468,nino34,degC,ERSSTv6
1903,1,27.6622,nino34,degC,ERSSTv6
1903,2,27.6433,nino34,degC,ERSSTv6
1903,3,27.9546,nino34,degC,ERSSTv6
1903,4,27.7637,nino34,degC,ERSSTv6
1903,5,27.3984,nino34,degC,ERSSTv6
1903,6,27.0370,nino34,degC,ERSSTv6
1903,7,26.1021,nino34,degC,ERSSTv6
1903,8,25.3141,nino34,degC,ERSSTv6
1903,9,25.4912,nino34,degC,ERSSTv6
1903,10,25.1005,nino34,degC,ERSSTv6
1903,11,25.2094,nino34,degC,ERSSTv6
1903,12,25.4322,nino34,degC,ERSSTv6
1904,1,24.9527,nino34,degC,ERSSTv6
1904,2,24.8884,nino34,degC,ERSSTv6
1904,3,26.7732,nino34,degC,ERSSTv6
1904,4,26.3255,nino34,degC,ERSSTv6
1904,5,27.3300,nino34,degC,ERSSTv6
1904,6,26.9150,nino34,degC,ERSSTv6
1904,7,26.9370,nino34,degC,ERSSTv6
1904,8,27.1570,nino34,degC,ERSSTv6
1904,9,26.3334,nino34,degC,ERSSTv6
1904,10,26.9897,nino34,degC,ERSSTv6
1904,11,26.8150,nino34,degC,ERSSTv6
1904,12,27.0045,nino34,degC,ERSSTv6
1905,1,26.9753,nino34,degC,ERSSTv6
1905,2,27.0349,nino34,degC,ERSSTv6
1905,3,27.6349,nino34,degC,ERSSTv6
1905,4,28.2925,nino34,degC,ERSSTv6
1905,5,28.8116,nino34,degC,ERSSTv6
1905,6,28.6529,nino34,degC,ERSSTv6
1905,7,28.3582,nino34,degC,ERSSTv6
1905,8,28.0628,nino34,degC,ERSSTv6
1905,9,27.6583,nino34,degC,ERSSTv6
1905,10,27.4103,nino34,degC,ERSSTv6
1905,11,27.3209,nino34,degC,ERSSTv6
1905,12,27.5770,nino34,degC,ERSSTv6
1906,1,27.2287,nino34,degC,ERSSTv6
1906,2,27.0553,nino34,degC,ERSSTv6
1906,3,27.4349,nino34,degC,ERSSTv6
1906,4,27.6576,nino34,degC,ERSSTv6
1906,5,27.4659,nino34,degC,ERSSTv6
1906,6,26.7238,nino34,degC,ERSSTv6
1906,7,27.0036,nino34,degC,ERSSTv6
1906,8,25.6964,nino34,degC,ERSSTv6
1906,9,26.2740,nino34,degC,ERSSTv6
1906,10,25.3038,nino34,degC,ERSSTv6
1906,11,25.9827,nino34,degC,ERSSTv6
1906,12,26.2064,nino34,degC,ERSSTv6
1907,1,25.4342,nino34,degC,ERSSTv6
1907,2,25.6183,nino34,degC,ERSSTv6
1907,3,26.0513,nino34,degC,ERSSTv6
1907,4,26.8232,nino34,degC,ERSSTv6
1907,5,27.6213,nino34,degC,ERSSTv6
1907,6,27.1560,nino34,degC,ERSSTv6
1907,7,27.2790,nino34,degC,ERSSTv6
1907,8,25.7462,nino34,degC,ERSSTv6
1907,9,26.7832,nino34,degC,ERSSTv6
1907,10,25.9684,nino34,degC,ERSSTv6
1907,11,26.1085,nino34,degC,ERSSTv6
1907,12,26.2836,nino34,degC,ERSSTv6
1908,1,26.2694,nino34,degC,ERSSTv6
1908,2,26.3254,nino34,degC,ERSSTv6
1908,3,26.2227,nino34,degC,ERSSTv6
1908,4,26.6856,nino34,degC,ERSSTv6
1908,5,27.1461,nino34,degC,ERSSTv6
1908,6,26.9025,nino34,degC,ERSSTv6
1908,7,25.9420,nino34,degC,ERSSTv6
1908,8,25.7141,nino34,degC,ERSSTv6
1908,9,25.3716,nino34,degC,ERSSTv6
1908,10,25.2700,nino34,degC,ERSSTv6
1908,11,25.3327,nino34,degC,ERSSTv6
1908,12,25.2050,nino34,degC,ERSSTv6
1909,1,25.2524,nino34,degC,ERSSTv6
1909,2,25.4876,nino34,degC,ERSSTv6
1909,3,26.1853,nino34,degC,ERSSTv6
1909,4,26.8257,nino34,degC,ERSSTv6
1909,5,27.2155,nino34,degC,ERSSTv6
1909,6,26.6873,nino34,degC,ERSSTv6
1909,7,26.0386,nino34,degC,ERSSTv6
1909,8,25.1247,nino34,degC,ERSSTv6
1909,9,25.2196,nino34,degC,ERSSTv6
1909,10,24.7252,nino34,degC,ERSSTv6
1909,11,24.8356,nino34,degC,ERSSTv6
1909,12,24.8111,nino34,degC,ERSSTv6
1910,1,25.2190,nino34,degC,ERSSTv6
1910,2,24.9863,nino34,degC,ERSSTv6
1910,3,25.5011,nino34,degC,ERSSTv6
1910,4,25.9402,nino34,degC,ERSSTv6
1910,5,26.2042,nino34,degC,ERSSTv6
1910,6,26.4783,nino34,degC,ERSSTv6
1910,7,26.0945,nino34,degC,ERSSTv6
1910,8,25.6669,nino34,degC,ERSSTv6
1910,9,25.0597,nino34,degC,ERSSTv6
1910,10,25.0432,nino34,degC,ERSSTv6
1910,11,25.3086,nino34,degC,ERSSTv6
1910,12,25.3694,nino34,degC,ERSSTv6
1911,1,25.5941,nino34,degC,ERSSTv6
1911,2,25.5572,nino34,degC,ERSSTv6
1911,3,26.3719,nino34,degC,ERSSTv6
1911,4,26.3344,nino34,degC,ERSSTv6
1911,5,27.1275,nino34,degC,ERSSTv6
1911,6,27.0083,nino34,degC,ERSSTv6
1911,7,27.1711,nino34,degC,ERSSTv6
1911,8,26.9010,nino34,degC,ERSSTv6
1911,9,27.1145,nino34,degC,ERSSTv6
1911,10,26.9978,nino34,degC,ERSSTv6
1911,11,27.9474,nino34,degC,ERSSTv6
1911,12,27.1415,nino34,degC,ERSSTv6
1912,1,27.5832,nino34,degC,ERSSTv6
1912,2,27.6043,nino34,degC,ERSSTv6
1912,3,27.1366,nino34,degC,ERSSTv6
1912,4,28.6570,nino34,degC,ERSSTv6
1912,5,27.7922,nino34,degC,ERSSTv6
1912,6,26.9388,nino34,degC,ERSSTv6
1912,7,27.0345,nino34,degC,ERSSTv6
1912,8,25.9593,nino34,degC,ERSSTv6
1912,9,26.6291,nino34,degC,ERSSTv6
1912,10,26.2362,nino34,degC,ERSSTv6
1912,11,26.0188,nino34,degC,ERSSTv6
1912,12,25.9473,nino34,degC,ERSSTv6
1913,1,26.0471,nino34,degC,ERSSTv6
1913,2,26.2782,nino34,degC,ERSSTv6
1913,3,26.9442,nino34,degC,ERSSTv6
1913,4,27.1544,nino34,degC,ERSSTv6
1913,5,27.5455,nino34,degC,ERSSTv6
1913,6,27.0837,nino34,degC,ERSSTv6
1913,7,27.1744,nino34,degC,ERSSTv6
1913,8,26.9744,nino34,degC,ERSSTv6
1913,9,26.2613,nino34,degC,ERSSTv6
1913,10,26.3964,nino34,degC,ERSSTv6
1913,11,26.6897,nino34,degC,ERSSTv6
1913,12,27.1996,nino34,degC,ERSSTv6
1914,1,27.1441,nino34,degC,ERSSTv6
1914,2,27.8101,nino34,degC,ERSSTv6
1914,3,27.3534,nino34,degC,ERSSTv6
1914,4,28.0002,nino34,degC,ERSSTv6
1914,5,27.6921,nino34,degC,ERSSTv6
1914,6,27.9311,nino34,degC,ERSSTv6
1914,7,27.0007,nino34,degC,ERSSTv6
1914,8,27.4678,nino34,degC,ERSSTv6
1914,9,27.7684,nino34,degC,ERSSTv6
1914,10,27.0089,nino34,degC,ERSSTv6
1914,11,27.1161,nino34,degC,ERSSTv6
1914,12,27.4612,nino34,degC,ERSSTv6
1915,1,26.7718,nino34,degC,ERSSTv6
1915,2,26.7257,nino34,degC,ERSSTv6
1915,3,27.4706,nino34,degC,ERSSTv6
1915,4,27.5569,nino34,degC,ERSSTv6
1915,5,28.9073,nino34,degC,ERSSTv6
1915,6,27.6495,nino34,degC,ERSSTv6
1915,7,27.8333,nino34,degC,ERSSTv6
1915,8,26.4268,nino34,degC,ERSSTv6
1915,9,26.0176,nino34,degC,ERSSTv6
1915,10,26.2332,nino34,degC,ERSSTv6
1915,11,26.0056,nino34,degC,ERSSTv6
1915,12,25.0729,nino34,degC,ERSSTv6
1916,1,25.7951,nino34,degC,ERSSTv6
1916,2,26.8898,nino34,degC,ERSSTv6
1916,3,26.2368,nino34,degC,ERSSTv6
1916,4,27.7531,nino34,degC,ERSSTv6
1916,5,27.0252,nino34,degC,ERSSTv6
1916,6,27.0204,nino34,degC,ERSSTv6
1916,7,25.6049,nino34,degC,ERSSTv6
1916,8,25.2372,nino34,degC,ERSSTv6
1916,9,25.5818,nino34,degC,ERSSTv6
1916,10,24.0267,nino34,degC,ERSSTv6
1916,11,24.8575,nino34,degC,ERSSTv6
1916,12,24.3760,nino34,degC,ERSSTv6
1917,1,23.9113,nino34,degC,ERSSTv6
1917,2,24.0588,nino34,degC,ERSSTv6
1917,3,25.7914,nino34,degC,ERSSTv6
1917,4,27.5346,nino34,degC,ERSSTv6
1917,5,27.1728,nino34,degC,ERSSTv6
1917,6,26.2866,nino34,degC,ERSSTv6
1917,7,26.2247,nino34,degC,ERSSTv6
1917,8,26.8293,nino34,degC,ERSSTv6
1917,9,25.8983,nino34,degC,ERSSTv6
1917,10,26.2594,nino34,degC,ERSSTv6
1917,11,24.7288,nino34,degC,ERSSTv6
1917,12,25.3107,nino34,degC,ERSSTv6
1918,1,25.5358,nino34,degC,ERSSTv6
1918,2,25.8623,nino34,degC,ERSSTv6
1918,3,26.3223,nino34,degC,ERSSTv6
1918,4,27.4076,nino34,degC,ERSSTv6
1918,5,27.6275,nino34,degC,ERSSTv6
1918,6,27.8210,nino34,degC,ERSSTv6
1918,7,27.1538,nino34,degC,ERSSTv6
1918,8,26.7881,nino34,degC,ERSSTv6
1918,9,28.0816,nino34,degC,ERSSTv6
1918,10,26.6031,nino34,degC,ERSSTv6
1918,11,27.5070,nino34,degC,ERSSTv6
1918,12,27.3983,nino34,degC,ERSSTv6
1919,1,26.9411,nino34,degC,ERSSTv6
1919,2,26.7830,nino34,degC,ERSSTv6
1919,3,27.3379,nino34,degC,ERSSTv6
1919,4,27.8492,nino34,degC,ERSSTv6
1919,5,27.2990,nino34,degC,ERSSTv6
1919,6,27.7511,nino34,degC,ERSSTv6
1919,7,27.2881,nino34,degC,ERSSTv6
1919,8,26.4927,nino34,degC,ERSSTv6
1919,9,27.7591,nino34,degC,ERSSTv6
1919,10,26.1308,nino34,degC,ERSSTv6
1919,11,26.6378,nino34,degC,ERSSTv6
1919,12,27.8941,nino34,degC,ERSSTv6
1920,1,27.0919,nino34,degC,ERSSTv6
1920,2,26.1991,nino34,degC,ERSSTv6
1920,3,27.7509,nino34,degC,ERSSTv6
1920,4,27.4846,nino34,degC,ERSSTv6
1920,5,27.3458,nino34,degC,ERSSTv6
1920,6,27.7888,nino34,degC,ERSSTv6
1920,7,27.4698,nino34,degC,ERSSTv6
1920,8,26.2262,nino34,degC,ERSSTv6
1920,9,27.1855,nino34,degC,ERSSTv6
1920,10,26.3374,nino34,degC,ERSSTv6
1920,11,25.9630,nino34,degC,ERSSTv6
1920,12,25.7090,nino34,degC,ERSSTv6
1921,1,25.9175,nino34,degC,ERSSTv6
1921,2,25.8154,nino34,degC,ERSSTv6
1921,3,25.4554,nino34,degC,ERSSTv6
1921,4,27.0806,nino34,degC,ERSSTv6
1921,5,26.8793,nino34,degC,ERSSTv6
1921,6,26.7690,nino34,degC,ERSSTv6
1921,7,26.6706,nino34,degC,ERSSTv6
1921,8,26.1980,nino34,degC,ERSSTv6
1921,9,26.5857,nino34,degC,ERSSTv6
1921,10,25.9946,nino34,degC,ERSSTv6
1921,11,25.6553,nino34,degC,ERSSTv6
1921,12,26.8571,nino34,degC,ERSSTv6
1922,1,25.3412,nino34,degC,ERSSTv6
1922,2,26.2972,nino34,degC,ERSSTv6
1922,3,27.3245,nino34,degC,ERSSTv6
1922,4,27.1347,nino34,degC,ERSSTv6
1922,5,27.0386,nino34,degC,ERSSTv6
1922,6,26.5802,nino34,degC,ERSSTv6
1922,7,26.2744,nino34,degC,ERSSTv6
1922,8,25.5655,nino34,degC,ERSSTv6
1922,9,25.8648,nino34,degC,ERSSTv6
1922,10,25.5225,nino34,degC,ERSSTv6
1922,11,25.7381,nino34,degC,ERSSTv6
1922,12,25.6848,nino34,degC,ERSSTv6
1923,1,25.2628,nino34,degC,ERSSTv6
1923,2,25.6170,nino34,degC,ERSSTv6
1923,3,26.2528,nino34,degC,ERSSTv6
1923,4,27.4197,nino34,degC,ERSSTv6
1923,5,27.5707,nino34,degC,ERSSTv6
1923,6,27.4175,nino34,degC,ERSSTv6
1923,7,26.8364,nino34,degC,ERSSTv6
1923,8,26.8466,nino34,degC,ERSSTv6
1923,9,26.9449,nino34,degC,ERSSTv6
1923,10,26.7940,nino34,degC,ERSSTv6
1923,11,27.1280,nino34,degC,ERSSTv6
1923,12,26.9913,nino34,degC,ERSSTv6
1924,1,26.5985,nino34,degC,ERSSTv6
1924,2,26.9311,nino34,degC,ERSSTv6
1924,3,26.8204,nino34,degC,ERSSTv6
1924,4,27.1005,nino34,degC,ERSSTv6
1924,5,26.9725,nino34,degC,ERSSTv6
1924,6,26.7098,nino34,degC,ERSSTv6
1924,7,25.7945,nino34,degC,ERSSTv6
1924,8,25.8365,nino34,degC,ERSSTv6
1924,9,25.2664,nino34,degC,ERSSTv6
1924,10,25.2800,nino34,degC,ERSSTv6
1924,11,25.0553,nino34,degC,ERSSTv6
1924,12,25.2438,nino34,degC,ERSSTv6
1925,1,24.8735,nino34,degC,ERSSTv6
1925,2,25.9163,nino34,degC,ERSSTv6
1925,3,26.6708,nino34,degC,ERSSTv6
1925,4,26.9995,nino34,degC,ERSSTv6
1925,5,27.0023,nino34,degC,ERSSTv6
1925,6,27.2469,nino34,degC,ERSSTv6
1925,7,27.0594,nino34,degC,ERSSTv6
1925,8,26.8754,nino34,degC,ERSSTv6
1925,9,26.6756,nino34,degC,ERSSTv6
1925,10,26.9049,nino34,degC,ERSSTv6
1925,11,27.4013,nino34,degC,ERSSTv6
1925,12,27.2731,nino34,degC,ERSSTv6
1926,1,27.0361,nino34,degC,ERSSTv6
1926,2,27.2793,nino34,degC,ERSSTv6
1926,3,27.8615,nino34,degC,ERSSTv6
1926,4,28.2608,nino34,degC,ERSSTv6
1926,5,28.2652,nino34,degC,ERSSTv6
1926,6,27.4317,nino34,degC,ERSSTv6
1926,7,27.1302,nino34,degC,ERSSTv6
1926,8,26.2702,nino34,degC,ERSSTv6
1926,9,26.1704,nino34,degC,ERSSTv6
1926,10,25.3261,nino34,degC,ERSSTv6
1926,11,25.6066,nino34,degC,ERSSTv6
1926,12,25.8042,nino34,degC,ERSSTv6
1927,1,25.7830,nino34,degC,ERSSTv6
1927,2,26.3226,nino34,degC,ERSSTv6
1927,3,26.4847,nino34,degC,ERSSTv6
1927,4,26.7968,nino34,degC,ERSSTv6
1927,5,27.0682,nino34,degC,ERSSTv6
1927,6,27.2018,nino34,degC,ERSSTv6
1927,7,26.3654,nino34,degC,ERSSTv6
1927,8,26.1763,nino34,degC,ERSSTv6
1927,9,26.1893,nino34,degC,ERSSTv6
1927,10,26.7054,nino34,degC,ERSSTv6
1927,11,26.0195,nino34,degC,ERSSTv6
1927,12,26.2230,nino34,degC,ERSSTv6
1928,1,26.4338,nino34,degC,ERSSTv6
1928,2,26.6721,nino34,degC,ERSSTv6
1928,3,26.5104,nino34,degC,ERSSTv6
1928,4,27.5054,nino34,degC,ERSSTv6
1928,5,27.3251,nino34,degC,ERSSTv6
1928,6,26.9543,nino34,degC,ERSSTv6
1928,7,26.7749,nino34,degC,ERSSTv6
1928,8,26.4182,nino34,degC,ERSSTv6
1928,9,26.0636,nino34,degC,ERSSTv6
1928,10,26.2691,nino34,degC,ERSSTv6
1928,11,26.1414,nino34,degC,ERSSTv6
1928,12,25.9600,nino34,degC,ERSSTv6
1929,1,25.6753,nino34,degC,ERSSTv6
1929,2,25.5258,nino34,degC,ERSSTv6
1929,3,26.5884,nino34,degC,ERSSTv6
1929,4,27.0249,nino34,degC,ERSSTv6
1929,5,27.2690,nino34,degC,ERSSTv6
1929,6,27.2659,nino34,degC,ERSSTv6
1929,7,26.8149,nino34,degC,ERSSTv6
1929,8,26.4272,nino34,degC,ERSSTv6
1929,9,26.8487,nino34,degC,ERSSTv6
1929,10,26.4493,nino34,degC,ERSSTv6
1929,11,26.5819,nino34,degC,ERSSTv6
1929,12,26.2935,nino34,degC,ERSSTv6
1930,1,26.7106,nino34,degC,ERSSTv6
1930,2,26.6326,nino34,degC,ERSSTv6
1930,3,27.2251,nino34,degC,ERSSTv6
1930,4,27.7669,nino34,degC,ERSSTv6
1930,5,28.2617,nino34,degC,ERSSTv6
1930,6,27.4723,nino34,degC,ERSSTv6
1930,7,27.5602,nino34,degC,ERSSTv6
1930,8,27.0027,nino34,degC,ERSSTv6
1930,9,27.5320,nino34,degC,ERSSTv6
1930,10,27.5082,nino34,degC,ERSSTv6
1930,11,27.9829,nino34,degC,ERSSTv6
1930,12,27.6048,nino34,degC,ERSSTv6
1931,1,27.5964,nino34,degC,ERSSTv6
1931,2,27.5069,nino34,degC,ERSSTv6
1931,3,27.8310,nino34,degC,ERSSTv6
1931,4,28.0472,nino34,degC,ERSSTv6
1931,5,28.0914,nino34,degC,ERSSTv6
1931,6,27.4531,nino34,degC,ERSSTv6
1931,7,26.8618,nino34,degC,ERSSTv6
1931,8,26.6435,nino34,degC,ERSSTv6
1931,9,25.6464,nino34,degC,ERSSTv6
1931,10,25.4908,nino34,degC,ERSSTv6
1931,11,25.7698,nino34,degC,ERSSTv6
1931,12,25.5436,nino34,degC,ERSSTv6
1932,1,25.3047,nino34,degC,ERSSTv6
1932,2,25.9600,nino34,degC,ERSSTv6
1932,3,26.9908,nino34,degC,ERSSTv6
1932,4,27.6474,nino34,degC,ERSSTv6
1932,5,27.7281,nino34,degC,ERSSTv6
1932,6,27.2873,nino34,degC,ERSSTv6
1932,7,26.7500,nino34,degC,ERSSTv6
1932,8,26.0455,nino34,degC,ERSSTv6
1932,9,26.1448,nino34,degC,ERSSTv6
1932,10,25.9728,nino34,degC,ERSSTv6
1932,11,26.3475,nino34,degC,ERSSTv6
1932,12,25.8785,nino34,degC,ERSSTv6
1933,1,25.9045,nino34,degC,ERSSTv6
1933,2,25.9623,nino34,degC,ERSSTv6
1933,3,26.4480,nino34,degC,ERSSTv6
1933,4,26.9497,nino34,degC,ERSSTv6
1933,5,26.8138,nino34,degC,ERSSTv6
1933,6,26.3480,nino34,degC,ERSSTv6
1933,7,25.9344,nino34,degC,ERSSTv6
1933,8,25.3849,nino34,degC,ERSSTv6
1933,9,25.0579,nino34,degC,ERSSTv6
1933,10,25.3040,nino34,degC,ERSSTv6
1933,11,24.8249,nino34,degC,ERSSTv6
1933,12,24.6410,nino34,degC,ERSSTv6
1934,1,25.1427,nino34,degC,ERSSTv6
1934,2,25.4752,nino34,degC,ERSSTv6
1934,3,25.9638,nino34,degC,ERSSTv6
1934,4,27.2268,nino34,degC,ERSSTv6
1934,5,27.2447,nino34,degC,ERSSTv6
1934,6,27.1166,nino34,degC,ERSSTv6
1934,7,26.9654,nino34,degC,ERSSTv6
1934,8,26.2338,nino34,degC,ERSSTv6
1934,9,25.9519,nino34,degC,ERSSTv6
1934,10,25.8408,nino34,degC,ERSSTv6
1934,11,26.2646,nino34,degC,ERSSTv6
1934,12,25.9091,nino34,degC,ERSSTv6
1935,1,25.6581,nino34,degC,ERSSTv6
1935,2,26.1503,nino34,degC,ERSSTv6
1935,3,26.5745,nino34,degC,ERSSTv6
1935,4,26.8200,nino34,degC,ERSSTv6
1935,5,26.9520,nino34,degC,ERSSTv6
1935,6,27.0351,nino34,degC,ERSSTv6
1935,7,26.5120,nino34,degC,ERSSTv6
1935,8,26.3698,nino34,degC,ERSSTv6
1935,9,26.3084,nino34,degC,ERSSTv6
1935,10,26.4225,nino34,degC,ERSSTv6
1935,11,26.4716,nino34,degC,ERSSTv6
1935,12,25.9565,nino34,degC,ERSSTv6
1936,1,26.4535,nino34,degC,ERSSTv6
1936,2,26.6153,nino34,degC,ERSSTv6
1936,3,26.7356,nino34,degC,ERSSTv6
1936,4,27.3435,nino34,degC,ERSSTv6
1936,5,27.6253,nino34,degC,ERSSTv6
1936,6,26.9225,nino34,degC,ERSSTv6
1936,7,26.4103,nino34,degC,ERSSTv6
1936,8,26.2691,nino34,degC,ERSSTv6
1936,9,26.0789,nino34,degC,ERSSTv6
1936,10,26.1565,nino34,degC,ERSSTv6
1936,11,25.9065,nino34,degC,ERSSTv6
1936,12,25.9390,nino34,degC,ERSSTv6
1937,1,25.5386,nino34,degC,ERSSTv6
1937,2,26.4773,nino34,degC,ERSSTv6
1937,3,27.1385,nino34,degC,ERSSTv6
1937,4,27.2973,nino34,degC,ERSSTv6
1937,5,27.2079,nino34,degC,ERSSTv6
1937,6,26.9834,nino34,degC,ERSSTv6
1937,7,26.6302,nino34,degC,ERSSTv6
1937,8,26.3823,nino34,degC,ERSSTv6
1937,9,26.4356,nino34,degC,ERSSTv6
1937,10,26.0589,nino34,degC,ERSSTv6
1937,11,26.3518,nino34,degC,ERSSTv6
1937,12,26.0541,nino34,degC,ERSSTv6
1938,1,25.4798,nino34,degC,ERSSTv6
1938,2,25.9785,nino34,degC,ERSSTv6
1938,3,26.0267,nino34,degC,ERSSTv6
1938,4,26.9757,nino34,degC,ERSSTv6
1938,5,27.1424,nino34,degC,ERSSTv6
1938,6,26.4227,nino34,degC,ERSSTv6
1938,7,25.5442,nino34,degC,ERSSTv6
1938,8,24.6418,nino34,degC,ERSSTv6
1938,9,25.4271,nino34,degC,ERSSTv6
1938,10,25.7582,nino34,degC,ERSSTv6
1938,11,25.4006,nino34,degC,ERSSTv6
1938,12,25.2753,nino34,degC,ERSSTv6
1939,1,24.9358,nino34,degC,ERSSTv6
1939,2,26.3413,nino34,degC,ERSSTv6
1939,3,26.1114,nino34,degC,ERSSTv6
1939,4,27.4207,nino34,degC,ERSSTv6
1939,5,27.3884,nino34,degC,ERSSTv6
1939,6,27.3364,nino34,degC,ERSSTv6
1939,7,27.3038,nino34,degC,ERSSTv6
1939,8,26.4964,nino34,degC,ERSSTv6
1939,9,26.8987,nino34,degC,ERSSTv6
1939,10,26.3878,nino34,degC,ERSSTv6
1939,11,26.5625,nino34,degC,ERSSTv6
1939,12,26.0388,nino34,degC,ERSSTv6
1940,1,27.1357,nino34,degC,ERSSTv6
1940,2,28.0998,nino34,degC,ERSSTv6
1940,3,27.6943,nino34,degC,ERSSTv6
1940,4,27.7736,nino34,degC,ERSSTv6
1940,5,28.2759,nino34,degC,ERSSTv6
1940,6,27.7695,nino34,degC,ERSSTv6
1940,7,26.8932,nino34,degC,ERSSTv6
1940,8,27.7823,nino34,degC,ERSSTv6
1940,9,26.7282,nino34,degC,ERSSTv6
1940,10,27.1773,nino34,degC,ERSSTv6
1940,11,27.4833,nino34,degC,ERSSTv6
1940,12,27.8828,nino34,degC,ERSSTv6
1941,1,27.9183,nino34,degC,ERSSTv6
1941,2,28.3029,nino34,degC,ERSSTv6
1941,3,27.9012,nino34,degC,ERSSTv6
1941,4,28.6224,nino34,degC,ERSSTv6
1941,5,28.3735,nino34,degC,ERSSTv6
1941,6,28.0696,nino34,degC,ERSSTv6
1941,7,27.7445,nino34,degC,ERSSTv6
1941,8,27.1887,nino34,degC,ERSSTv6
1941,9,27.1994,nino34,degC,ERSSTv6
1941,10,27.1054,nino34,degC,ERSSTv6
1941,11,27.4122,nino34,degC,ERSSTv6
1941,12,27.9375,nino34,degC,ERSSTv6
1942,1,27.0692,nino34,degC,ERSSTv6
1942,2,26.9338,nino34,degC,ERSSTv6
1942,3,27.3505,nino34,degC,ERSSTv6
1942,4,28.1037,nino34,degC,ERSSTv6
1942,5,27.5332,nino34,degC,ERSSTv6
1942,6,26.8672,nino34,degC,ERSSTv6
1942,7,26.1766,nino34,degC,ERSSTv6
1942,8,25.3370,nino34,degC,ERSSTv6
1942,9,24.7160,nino34,degC,ERSSTv6
1942,10,24.8415,nino34,degC,ERSSTv6
1942,11,24.7160,nino34,degC,ERSSTv6
1942,12,25.1436,nino34,degC,ERSSTv6
1943,1,24.7102,nino34,degC,ERSSTv6
1943,2,25.0676,nino34,degC,ERSSTv6
1943,3,25.7238,nino34,degC,ERSSTv6
1943,4,26.7499,nino34,degC,ERSSTv6
1943,5,27.1447,nino34,degC,ERSSTv6
1943,6,27.2424,nino34,degC,ERSSTv6
1943,7,26.9133,nino34,degC,ERSSTv6
1943,8,26.8626,nino34,degC,ERSSTv6
1943,9,26.1358,nino34,degC,ERSSTv6
1943,10,25.9092,nino34,degC,ERSSTv6
1943,11,25.9940,nino34,degC,ERSSTv6
1943,12,25.8487,nino34,degC,ERSSTv6
1944,1,25.7194,nino34,degC,ERSSTv6
1944,2,26.4690,nino34,degC,ERSSTv6
1944,3,26.9905,nino34,degC,ERSSTv6
1944,4,27.9685,nino34,degC,ERSSTv6
1944,5,27.7220,nino34,degC,ERSSTv6
1944,6,27.7428,nino34,degC,ERSSTv6
1944,7,27.2485,nino34,degC,ERSSTv6
1944,8,26.6405,nino34,degC,ERSSTv6
1944,9,25.6396,nino34,degC,ERSSTv6
1944,10,25.6085,nino34,degC,ERSSTv6
1944,11,25.7442,nino34,degC,ERSSTv6
1944,12,25.9472,nino34,degC,ERSSTv6
1945,1,25.6194,nino34,degC,ERSSTv6
1945,2,25.4956,nino34,degC,ERSSTv6
1945,3,26.1261,nino34,degC,ERSSTv6
1945,4,26.8774,nino34,degC,ERSSTv6
1945,5,26.9446,nino34,degC,ERSSTv6
1945,6,28.0563,nino34,degC,ERSSTv6
1945,7,26.0721,nino34,degC,ERSSTv6
1945,8,26.2692,nino34,degC,ERSSTv6
1945,9,25.9226,nino34,degC,ERSSTv6
1945,10,25.9542,nino34,degC,ERSSTv6
1945,11,25.8017,nino34,degC,ERSSTv6
1945,12,26.3703,nino34,degC,ERSSTv6
1946,1,26.0465,nino34,degC,ERSSTv6
1946,2,25.8205,nino34,degC,ERSSTv6
1946,3,26.8589,nino34,degC,ERSSTv6
1946,4,27.0896,nino34,degC,ERSSTv6
1946,5,27.4251,nino34,degC,ERSSTv6
1946,6,27.0970,nino34,degC,ERSSTv6
1946,7,26.5768,nino34,degC,ERSSTv6
1946,8,25.4588,nino34,degC,ERSSTv6
1946,9,27.3940,nino34,degC,ERSSTv6
1946,10,26.6888,nino34,degC,ERSSTv6
1946,11,26.5028,nino34,degC,ERSSTv6
1946,12,25.9031,nino34,degC,ERSSTv6
1947,1,26.6913,nino34,degC,ERSSTv6
1947,2,26.4870,nino34,degC,ERSSTv6
1947,3,26.8899,nino34,degC,ERSSTv6
1947,4,27.7924,nino34,degC,ERSSTv6
1947,5,27.0810,nino34,degC,ERSSTv6
1947,6,27.7632,nino34,degC,ERSSTv6
1947,7,26.9449,nino34,degC,ERSSTv6
1947,8,26.2103,nino34,degC,ERSSTv6
1947,9,25.9370,nino34,degC,ERSSTv6
1947,10,25.4505,nino34,degC,ERSSTv6
1947,11,25.4034,nino34,degC,ERSSTv6
1947,12,26.4278,nino34,degC,ERSSTv6
1948,1,26.1749,nino34,degC,ERSSTv6
1948,2,26.8620,nino34,degC,ERSSTv6
1948,3,27.5148,nino34,degC,ERSSTv6
1948,4,27.7266,nino34,degC,ERSSTv6
1948,5,28.1274,nino34,degC,ERSSTv6
1948,6,27.3753,nino34,degC,ERSSTv6
1948,7,27.1366,nino34,degC,ERSSTv6
1948,8,26.4295,nino34,degC,ERSSTv6
1948,9,26.0621,nino34,degC,ERSSTv6
1948,10,25.5000,nino34,degC,ERSSTv6
1948,11,25.3206,nino34,degC,ERSSTv6
1948,12,26.6845,nino34,degC,ERSSTv6
1949,1,26.0848,nino34,degC,ERSSTv6
1949,2,26.7832,nino34,degC,ERSSTv6
1949,3,26.3112,nino34,degC,ERSSTv6
1949,4,27.6459,nino34,degC,ERSSTv6
1949,5,28.0438,nino34,degC,ERSSTv6
1949,6,26.3338,nino34,degC,ERSSTv6
1949,7,26.6533,nino34,degC,ERSSTv6
1949,8,26.3164,nino34,degC,ERSSTv6
1949,9,25.9149,nino34,degC,ERSSTv6
1949,10,25.9043,nino34,degC,ERSSTv6
1949,11,24.8854,nino34,degC,ERSSTv6
1949,12,25.0899,nino34,degC,ERSSTv6
1950,1,24.8551,nino34,degC,ERSSTv6
1950,2,25.1066,nino34,degC,ERSSTv6
1950,3,26.1167,nino34,degC,ERSSTv6
1950,4,26.4227,nino34,degC,ERSSTv6
1950,5,26.1826,nino34,degC,ERSSTv6
1950,6,26.4513,nino34,degC,ERSSTv6
1950,7,26.3467,nino34,degC,ERSSTv6
1950,8,25.9445,nino34,degC,ERSSTv6
1950,9,25.5499,nino34,degC,ERSSTv6
1950,10,25.7984,nino34,degC,ERSSTv6
1950,11,25.4557,nino34,degC,ERSSTv6
1950,12,25.4209,nino34,degC,ERSSTv6
1951,1,25.3686,nino34,degC,ERSSTv6
1951,2,26.2298,nino34,degC,ERSSTv6
1951,3,27.0174,nino34,degC,ERSSTv6
1951,4,27.6597,nino34,degC,ERSSTv6
1951,5,27.7843,nino34,degC,ERSSTv6
1951,6,27.7251,nino34,degC,ERSSTv6
1951,7,27.6650,nino34,degC,ERSSTv6
1951,8,27.3356,nino34,degC,ERSSTv6
1951,9,27.2398,nino34,degC,ERSSTv6
1951,10,27.4578,nino34,degC,ERSSTv6
1951,11,27.0692,nino34,degC,ERSSTv6
1951,12,27.0273,nino34,degC,ERSSTv6
1952,1,26.6331,nino34,degC,ERSSTv6
1952,2,26.9224,nino34,degC,ERSSTv6
1952,3,26.9314,nino34,degC,ERSSTv6
1952,4,28.1361,nino34,degC,ERSSTv6
1952,5,27.4475,nino34,degC,ERSSTv6
1952,6,26.5627,nino34,degC,ERSSTv6
1952,7,26.3454,nino34,degC,ERSSTv6
1952,8,26.3445,nino34,degC,ERSSTv6
1952,9,26.2504,nino34,degC,ERSSTv6
1952,10,26.4602,nino34,degC,ERSSTv6
1952,11,26.0769,nino34,degC,ERSSTv6
1952,12,25.7938,nino34,degC,ERSSTv6
1953,1,26.9062,nino34,degC,ERSSTv6
1953,2,27.0495,nino34,degC,ERSSTv6
1953,3,27.2222,nino34,degC,ERSSTv6
1953,4,28.1910,nino34,degC,ERSSTv6
1953,5,28.2362,nino34,degC,ERSSTv6
1953,6,28.2338,nino34,degC,ERSSTv6
1953,7,27.4103,nino34,degC,ERSSTv6
1953,8,26.8437,nino34,degC,ERSSTv6
1953,9,27.3268,nino34,degC,ERSSTv6
1953,10,26.5744,nino34,degC,ERSSTv6
1953,11,27.1104,nino34,degC,ERSSTv6
1953,12,26.5398,nino34,degC,ERSSTv6
1954,1,26.6306,nino34,degC,ERSSTv6
1954,2,27.0601,nino34,degC,ERSSTv6
1954,3,27.0453,nino34,degC,ERSSTv6
1954,4,26.9488,nino34,degC,ERSSTv6
1954,5,27.1525,nino34,degC,ERSSTv6
1954,6,26.8077,nino34,degC,ERSSTv6
1954,7,26.2713,nino34,degC,ERSSTv6
1954,8,25.4853,nino34,degC,ERSSTv6
1954,9,25.2908,nino34,degC,ERSSTv6
1954,10,25.9864,nino34,degC,ERSSTv6
1954,11,25.8412,nino34,degC,ERSSTv6
1954,12,25.6480,nino34,degC,ERSSTv6
1955,1,25.7952,nino34,degC,ERSSTv6
1955,2,26.0570,nino34,degC,ERSSTv6
1955,3,26.3941,nino34,degC,ERSSTv6
1955,4,26.8174,nino34,degC,ERSSTv6
1955,5,26.4736,nino34,degC,ERSSTv6
1955,6,26.7243,nino34,degC,ERSSTv6
1955,7,25.8363,nino34,degC,ERSSTv6
1955,8,25.8551,nino34,degC,ERSSTv6
1955,9,25.0887,nino34,degC,ERSSTv6
1955,10,24.6973,nino34,degC,ERSSTv6
1955,11,24.5620,nino34,degC,ERSSTv6
1955,12,24.6512,nino34,degC,ERSSTv6
1956,1,24.9842,nino34,degC,ERSSTv6
1956,2,25.9906,nino34,degC,ERSSTv6
1956,3,26.4927,nino34,degC,ERSSTv6
1956,4,26.9330,nino34,degC,ERSSTv6
1956,5,27.1211,nino34,degC,ERSSTv6
1956,6,26.9736,nino34,degC,ERSSTv6
1956,7,26.3354,nino34,degC,ERSSTv6
1956,8,25.8181,nino34,degC,ERSSTv6
1956,9,25.9251,nino34,degC,ERSSTv6
1956,10,25.9742,nino34,degC,ERSSTv6
1956,11,25.6545,nino34,degC,ERSSTv6
1956,12,25.9828,nino34,degC,ERSSTv6
1957,1,25.9723,nino34,degC,ERSSTv6
1957,2,26.3840,nino34,degC,ERSSTv6
1957,3,27.3578,nino34,degC,ERSSTv6
1957,4,28.1566,nino34,degC,ERSSTv6
1957,5,28.4571,nino34,degC,ERSSTv6
1957,6,28.0372,nino34,degC,ERSSTv6
1957,7,27.7931,nino34,degC,ERSSTv6
1957,8,27.8285,nino34,degC,ERSSTv6
1957,9,27.1107,nino34,degC,ERSSTv6
1957,10,27.4288,nino34,degC,ERSSTv6
1957,11,27.6267,nino34,degC,ERSSTv6
1957,12,27.8330,nino34,degC,ERSSTv6
1958,1,28.1723,nino34,degC,ERSSTv6
1958,2,28.2155,nino34,degC,ERSSTv6
1958,3,28.2669,nino34,degC,ERSSTv6
1958,4,28.1527,nino34,degC,ERSSTv6
1958,5,28.1843,nino34,degC,ERSSTv6
1958,6,27.8631,nino34,degC,ERSSTv6
1958,7,27.2685,nino34,degC,ERSSTv6
1958,8,26.9476,nino34,degC,ERSSTv6
1958,9,26.3781,nino34,degC,ERSSTv6
1958,10,26.5133,nino34,degC,ERSSTv6
1958,11,26.7106,nino34,degC,ERSSTv6
1958,12,26.5799,nino34,degC,ERSSTv6
1959,1,27.1767,nino34,degC,ERSSTv6
1959,2,27.2160,nino34,degC,ERSSTv6
1959,3,27.4172,nino34,degC,ERSSTv6
1959,4,27.9219,nino34,degC,ERSSTv6
1959,5,27.9180,nino34,degC,ERSSTv6
1959,6,27.3749,nino34,degC,ERSSTv6
1959,7,26.5889,nino34,degC,ERSSTv6
1959,8,26.2590,nino34,degC,ERSSTv6
1959,9,26.0939,nino34,degC,ERSSTv6
1959,10,26.5190,nino34,degC,ERSSTv6
1959,11,26.4222,nino34,degC,ERSSTv6
1959,12,26.4853,nino34,degC,ERSSTv6
1960,1,26.2920,nino34,degC,ERSSTv6
1960,2,26.4470,nino34,degC,ERSSTv6
1960,3,27.2221,nino34,degC,ERSSTv6
1960,4,27.6416,nino34,degC,ERSSTv6
1960,5,27.7186,nino34,degC,ERSSTv6
1960,6,27.2572,nino34,degC,ERSSTv6
1960,7,26.8446,nino34,degC,ERSSTv6
1960,8,26.6982,nino34,degC,ERSSTv6
1960,9,26.5521,nino34,degC,ERSSTv6
1960,10,26.3212,nino34,degC,ERSSTv6
1960,11,26.0871,nino34,degC,ERSSTv6
1960,12,26.1254,nino34,degC,ERSSTv6
1961,1,26.2836,nino34,degC,ERSSTv6
1961,2,26.6359,nino34,degC,ERSSTv6
1961,3,26.8835,nino34,degC,ERSSTv6
1961,4,27.4437,nino34,degC,ERSSTv6
1961,5,27.6904,nino34,degC,ERSSTv6
1961,6,27.7334,nino34,degC,ERSSTv6
1961,7,26.8139,nino34,degC,ERSSTv6
1961,8,26.2726,nino34,degC,ERSSTv6
1961,9,25.8839,nino34,degC,ERSSTv6
1961,10,25.8712,nino34,degC,ERSSTv6
1961,11,26.3083,nino34,degC,ERSSTv6
1961,12,26.1138,nino34,degC,ERSSTv6
1962,1,26.0197,nino34,degC,ERSSTv6
1962,2,26.3494,nino34,degC,ERSSTv6
1962,3,26.8574,nino34,degC,ERSSTv6
1962,4,27.2888,nino34,degC,ERSSTv6
1962,5,27.1343,nino34,degC,ERSSTv6
1962,6,27.2229,nino34,degC,ERSSTv6
1962,7,26.8358,nino34,degC,ERSSTv6
1962,8,26.5006,nino34,degC,ERSSTv6
1962,9,25.9258,nino34,degC,ERSSTv6
1962,10,26.0822,nino34,degC,ERSSTv6
1962,11,25.9576,nino34,degC,ERSSTv6
1962,12,25.8238,nino34,degC,ERSSTv6
1963,1,25.8496,nino34,degC,ERSSTv6
1963,2,26.2816,nino34,degC,ERSSTv6
1963,3,27.0793,nino34,degC,ERSSTv6
1963,4,27.6117,nino34,degC,ERSSTv6
1963,5,27.5633,nino34,degC,ERSSTv6
1963,6,27.3954,nino34,degC,ERSSTv6
1963,7,27.9781,nino34,degC,ERSSTv6
1963,8,27.4732,nino34,degC,ERSSTv6
1963,9,27.3854,nino34,degC,ERSSTv6
1963,10,27.4052,nino34,degC,ERSSTv6
1963,11,27.3225,nino34,degC,ERSSTv6
1963,12,27.4525,nino34,degC,ERSSTv6
1964,1,27.2147,nino34,degC,ERSSTv6
1964,2,27.1178,nino34,degC,ERSSTv6
1964,3,26.9595,nino34,degC,ERSSTv6
1964,4,27.0406,nino34,degC,ERSSTv6
1964,5,26.8126,nino34,degC,ERSSTv6
1964,6,26.5459,nino34,degC,ERSSTv6
1964,7,26.2572,nino34,degC,ERSSTv6
1964,8,25.7657,nino34,degC,ERSSTv6
1964,9,25.4344,nino34,degC,ERSSTv6
1964,10,25.6090,nino34,degC,ERSSTv6
1964,11,25.2873,nino34,degC,ERSSTv6
1964,12,25.3496,nino34,degC,ERSSTv6
1965,1,25.7273,nino34,degC,ERSSTv6
1965,2,26.3368,nino34,degC,ERSSTv6
1965,3,26.9212,nino34,degC,ERSSTv6
1965,4,27.5404,nino34,degC,ERSSTv6
1965,5,27.8957,nino34,degC,ERSSTv6
1965,6,28.1713,nino34,degC,ERSSTv6
1965,7,27.8845,nino34,degC,ERSSTv6
1965,8,27.8174,nino34,degC,ERSSTv6
1965,9,27.6725,nino34,degC,ERSSTv6
1965,10,28.1407,nino34,degC,ERSSTv6
1965,11,27.9922,nino34,degC,ERSSTv6
1965,12,27.9465,nino34,degC,ERSSTv6
1966,1,27.5750,nino34,degC,ERSSTv6
1966,2,27.3279,nino34,degC,ERSSTv6
1966,3,27.9174,nino34,degC,ERSSTv6
1966,4,28.1391,nino34,degC,ERSSTv6
1966,5,27.2514,nino34,degC,ERSSTv6
1966,6,27.6764,nino34,degC,ERSSTv6
1966,7,27.4048,nino34,degC,ERSSTv6
1966,8,26.4723,nino34,degC,ERSSTv6
1966,9,26.3129,nino34,degC,ERSSTv6
1966,10,26.2447,nino34,degC,ERSSTv6
1966,11,26.2747,nino34,degC,ERSSTv6
1966,12,25.9876,nino34,degC,ERSSTv6
1967,1,25.8161,nino34,degC,ERSSTv6
1967,2,26.1219,nino34,degC,ERSSTv6
1967,3,26.6032,nino34,degC,ERSSTv6
1967,4,26.8739,nino34,degC,ERSSTv6
1967,5,27.4324,nino34,degC,ERSSTv6
1967,6,27.5984,nino34,degC,ERSSTv6
1967,7,26.9022,nino34,degC,ERSSTv6
1967,8,26.2656,nino34,degC,ERSSTv6
1967,9,25.8430,nino34,degC,ERSSTv6
1967,10,25.9867,nino34,degC,ERSSTv6
1967,11,26.1600,nino34,degC,ERSSTv6
1967,12,25.9612,nino34,degC,ERSSTv6
1968,1,25.7311,nino34,degC,ERSSTv6
1968,2,25.7628,nino34,degC,ERSSTv6
1968,3,26.2898,nino34,degC,ERSSTv6
1968,4,27.1747,nino34,degC,ERSSTv6
1968,5,27.1076,nino34,degC,ERSSTv6
1968,6,27.7752,nino34,degC,ERSSTv6
1968,7,27.4259,nino34,degC,ERSSTv6
1968,8,26.9163,nino34,degC,ERSSTv6
1968,9,26.5889,nino34,degC,ERSSTv6
1968,10,26.8325,nino34,degC,ERSSTv6
1968,11,27.2879,nino34,degC,ERSSTv6
1968,12,27.0658,nino34,degC,ERSSTv6
1969,1,27.5449,nino34,degC,ERSSTv6
1969,2,27.6484,nino34,degC,ERSSTv6
1969,3,27.7236,nino34,degC,ERSSTv6
1969,4,28.0474,nino34,degC,ERSSTv6
1969,5,28.2903,nino34,degC,ERSSTv6
1969,6,27.8689,nino34,degC,ERSSTv6
1969,7,27.0680,nino34,degC,ERSSTv6
1969,8,26.9710,nino34,degC,ERSSTv6
1969,9,26.9786,nino34,degC,ERSSTv6
1969,10,27.1856,nino34,degC,ERSSTv6
1969,11,27.1725,nino34,degC,ERSSTv6
1969,12,27.2758,nino34,degC,ERSSTv6
1970,1,26.7922,nino34,degC,ERSSTv6
1970,2,26.6266,nino34,degC,ERSSTv6
1970,3,27.2645,nino34,degC,ERSSTv6
1970,4,27.9233,nino34,degC,ERSSTv6
1970,5,27.6651,nino34,degC,ERSSTv6
1970,6,27.1119,nino34,degC,ERSSTv6
1970,7,26.2464,nino34,degC,ERSSTv6
1970,8,25.7975,nino34,degC,ERSSTv6
1970,9,25.6062,nino34,degC,ERSSTv6
1970,10,25.8287,nino34,degC,ERSSTv6
1970,11,25.5905,nino34,degC,ERSSTv6
1970,12,25.4301,nino34,degC,ERSSTv6
1971,1,24.8503,nino34,degC,ERSSTv6
1971,2,25.2370,nino34,degC,ERSSTv6
1971,3,25.9314,nino34,degC,ERSSTv6
1971,4,26.7485,nino34,degC,ERSSTv6
1971,5,26.9889,nino34,degC,ERSSTv6
1971,6,26.5436,nino34,degC,ERSSTv6
1971,7,26.3303,nino34,degC,ERSSTv6
1971,8,26.0459,nino34,degC,ERSSTv6
1971,9,25.7842,nino34,degC,ERSSTv6
1971,10,25.6147,nino34,degC,ERSSTv6
1971,11,25.6441,nino34,degC,ERSSTv6
1971,12,25.5292,nino34,degC,ERSSTv6
1972,1,25.8037,nino34,degC,ERSSTv6
1972,2,26.4405,nino34,degC,ERSSTv6
1972,3,27.0274,nino34,degC,ERSSTv6
1972,4,27.8256,nino34,degC,ERSSTv6
1972,5,28.0046,nino34,degC,ERSSTv6
1972,6,28.0480,nino34,degC,ERSSTv6
1972,7,27.9743,nino34,degC,ERSSTv6
1972,8,27.9194,nino34,degC,ERSSTv6
1972,9,27.8471,nino34,degC,ERSSTv6
1972,10,28.1991,nino34,degC,ERSSTv6
1972,11,28.3820,nino34,degC,ERSSTv6
1972,12,28.3215,nino34,degC,ERSSTv6
1973,1,27.9169,nino34,degC,ERSSTv6
1973,2,27.8717,nino34,degC,ERSSTv6
1973,3,27.6827,nino34,degC,ERSSTv6
1973,4,27.2814,nino34,degC,ERSSTv6
1973,5,27.0453,nino34,degC,ERSSTv6
1973,6,26.5819,nino34,degC,ERSSTv6
1973,7,25.9108,nino34,degC,ERSSTv6
1973,8,25.4818,nino34,degC,ERSSTv6
1973,9,25.2417,nino34,degC,ERSSTv6
1973,10,24.9844,nino34,degC,ERSSTv6
1973,11,24.4060,nino34,degC,ERSSTv6
1973,12,24.3203,nino34,degC,ERSSTv6
1974,1,24.4650,nino34,degC,ERSSTv6
1974,2,25.0648,nino34,degC,ERSSTv6
1974,3,25.7880,nino34,degC,ERSSTv6
1974,4,26.6097,nino34,degC,ERSSTv6
1974,5,26.7363,nino34,degC,ERSSTv6
1974,6,26.9844,nino34,degC,ERSSTv6
1974,7,26.2989,nino34,degC,ERSSTv6
1974,8,26.2802,nino34,degC,ERSSTv6
1974,9,26.1879,nino34,degC,ERSSTv6
1974,10,25.6129,nino34,degC,ERSSTv6
1974,11,25.5010,nino34,degC,ERSSTv6
1974,12,25.6190,nino34,degC,ERSSTv6
1975,1,26.0501,nino34,degC,ERSSTv6
1975,2,26.1156,nino34,degC,ERSSTv6
1975,3,26.2862,nino34,degC,ERSSTv6
1975,4,26.9269,nino34,degC,ERSSTv6
1975,5,26.9035,nino34,degC,ERSSTv6
1975,6,26.2277,nino34,degC,ERSSTv6
1975,7,26.0492,nino34,degC,ERSSTv6
1975,8,25.4301,nino34,degC,ERSSTv6
1975,9,25.1403,nino34,degC,ERSSTv6
1975,10,25.0379,nino34,degC,ERSSTv6
1975,11,25.2394,nino34,degC,ERSSTv6
1975,12,24.6723,nino34,degC,ERSSTv6
1976,1,24.6224,nino34,degC,ERSSTv6
1976,2,25.6584,nino34,degC,ERSSTv6
1976,3,26.3939,nino34,degC,ERSSTv6
1976,4,27.0668,nino34,degC,ERSSTv6
1976,5,27.1732,nino34,degC,ERSSTv6
1976,6,27.4163,nino34,degC,ERSSTv6
1976,7,27.2744,nino34,degC,ERSSTv6
1976,8,26.9534,nino34,degC,ERSSTv6
1976,9,27.0625,nino34,degC,ERSSTv6
1976,10,27.3868,nino34,degC,ERSSTv6
1976,11,27.3899,nino34,degC,ERSSTv6
1976,12,27.0885,nino34,degC,ERSSTv6
1977,1,27.3651,nino34,degC,ERSSTv6
1977,2,27.1184,nino34,degC,ERSSTv6
1977,3,27.5170,nino34,degC,ERSSTv6
1977,4,27.4243,nino34,degC,ERSSTv6
1977,5,27.8155,nino34,degC,ERSSTv6
1977,6,27.8854,nino34,degC,ERSSTv6
1977,7,27.5512,nino34,degC,ERSSTv6
1977,8,26.6942,nino34,degC,ERSSTv6
1977,9,26.8758,nino34,degC,ERSSTv6
1977,10,27.3644,nino34,degC,ERSSTv6
1977,11,27.2924,nino34,degC,ERSSTv6
1977,12,27.2942,nino34,degC,ERSSTv6
1978,1,27.1773,nino34,degC,ERSSTv6
1978,2,27.0816,nino34,degC,ERSSTv6
1978,3,27.3177,nino34,degC,ERSSTv6
1978,4,27.1778,nino34,degC,ERSSTv6
1978,5,27.2995,nino34,degC,ERSSTv6
1978,6,27.0351,nino34,degC,ERSSTv6
1978,7,26.8224,nino34,degC,ERSSTv6
1978,8,25.9956,nino34,degC,ERSSTv6
1978,9,26.1448,nino34,degC,ERSSTv6
1978,10,26.1212,nino34,degC,ERSSTv6
1978,11,26.3974,nino34,degC,ERSSTv6
1978,12,26.6943,nino34,degC,ERSSTv6
1979,1,26.5368,nino34,degC,ERSSTv6
1979,2,26.7795,nino34,degC,ERSSTv6
1979,3,27.3355,nino34,degC,ERSSTv6
1979,4,27.8353,nino34,degC,ERSSTv6
1979,5,27.7735,nino34,degC,ERSSTv6
1979,6,27.6001,nino34,degC,ERSSTv6
1979,7,26.9167,nino34,degC,ERSSTv6
1979,8,26.7018,nino34,degC,ERSSTv6
1979,9,27.1100,nino34,degC,ERSSTv6
1979,10,26.7890,nino34,degC,ERSSTv6
1979,11,27.0001,nino34,degC,ERSSTv6
1979,12,27.1299,nino34,degC,ERSSTv6
1980,1,27.0978,nino34,degC,ERSSTv6
1980,2,27.0570,nino34,degC,ERSSTv6
1980,3,27.2783,nino34,degC,ERSSTv6
1980,4,27.7898,nino34,degC,ERSSTv6
1980,5,27.9454,nino34,degC,ERSSTv6
1980,6,27.9652,nino34,degC,ERSSTv6
1980,7,27.1540,nino34,degC,ERSSTv6
1980,8,26.3809,nino34,degC,ERSSTv6
1980,9,26.3481,nino34,degC,ERSSTv6
1980,10,26.3500,nino34,degC,ERSSTv6
1980,11,26.5868,nino34,degC,ERSSTv6
1980,12,26.7272,nino34,degC,ERSSTv6
1981,1,26.0217,nino34,degC,ERSSTv6
1981,2,26.1859,nino34,degC,ERSSTv6
1981,3,26.9969,nino34,degC,ERSSTv6
1981,4,27.0985,nino34,degC,ERSSTv6
1981,5,27.5402,nino34,degC,ERSSTv6
1981,6,27.2782,nino34,degC,ERSSTv6
1981,7,26.5652,nino34,degC,ERSSTv6
1981,8,26.4646,nino34,degC,ERSSTv6
1981,9,26.5090,nino34,degC,ERSSTv6
1981,10,26.5186,nino34,degC,ERSSTv6
1981,11,26.1322,nino34,degC,ERSSTv6
1981,12,26.3788,nino34,degC,ERSSTv6
1982,1,26.7000,nino34,degC,ERSSTv6
1982,2,26.5878,nino34,degC,ERSSTv6
1982,3,27.2208,nino34,degC,ERSSTv6
1982,4,27.9011,nino34,degC,ERSSTv6
1982,5,28.3470,nino34,degC,ERSSTv6
1982,6,28.4677,nino34,degC,ERSSTv6
1982,7,27.5724,nino34,degC,ERSSTv6
1982,8,27.4474,nino34,degC,ERSSTv6
1982,9,28.1549,nino34,degC,ERSSTv6
1982,10,28.4809,nino34,degC,ERSSTv6
1982,11,28.4680,nino34,degC,ERSSTv6
1982,12,28.7353,nino34,degC,ERSSTv6
1983,1,28.7845,nino34,degC,ERSSTv6
1983,2,28.7183,nino34,degC,ERSSTv6
1983,3,28.6916,nino34,degC,ERSSTv6
1983,4,28.6611,nino34,degC,ERSSTv6
1983,5,28.7707,nino34,degC,ERSSTv6
1983,6,28.1677,nino34,degC,ERSSTv6
1983,7,27.1054,nino34,degC,ERSSTv6
1983,8,26.6211,nino34,degC,ERSSTv6
1983,9,26.3090,nino34,degC,ERSSTv6
1983,10,25.4927,nino34,degC,ERSSTv6
1983,11,25.5427,nino34,degC,ERSSTv6
1983,12,25.6635,nino34,degC,ERSSTv6
1984,1,25.7451,nino34,degC,ERSSTv6
1984,2,26.5098,nino34,degC,ERSSTv6
1984,3,26.6628,nino34,degC,ERSSTv6
1984,4,27.1832,nino34,degC,ERSSTv6
1984,5,27.1775,nino34,degC,ERSSTv6
1984,6,26.7635,nino34,degC,ERSSTv6
1984,7,26.6807,nino34,degC,ERSSTv6
1984,8,26.5329,nino34,degC,ERSSTv6
1984,9,26.3304,nino34,degC,ERSSTv6
1984,10,25.8999,nino34,degC,ERSSTv6
1984,11,25.5498,nino34,degC,ERSSTv6
1984,12,25.2812,nino34,degC,ERSSTv6
1985,1,25.6199,nino34,degC,ERSSTv6
1985,2,25.8749,nino34,degC,ERSSTv6
1985,3,26.3807,nino34,degC,ERSSTv6
1985,4,26.6986,nino34,degC,ERSSTv6
1985,5,26.9544,nino34,degC,ERSSTv6
1985,6,26.7524,nino34,degC,ERSSTv6
1985,7,26.6727,nino34,degC,ERSSTv6
1985,8,26.3905,nino34,degC,ERSSTv6
1985,9,26.1734,nino34,degC,ERSSTv6
1985,10,26.2391,nino34,degC,ERSSTv6
1985,11,26.3052,nino34,degC,ERSSTv6
1985,12,26.2141,nino34,degC,ERSSTv6
1986,1,25.9332,nino34,degC,ERSSTv6
1986,2,26.3256,nino34,degC,ERSSTv6
1986,3,26.9039,nino34,degC,ERSSTv6
1986,4,27.4572,nino34,degC,ERSSTv6
1986,5,27.5717,nino34,degC,ERSSTv6
1986,6,27.4740,nino34,degC,ERSSTv6
1986,7,27.2293,nino34,degC,ERSSTv6
1986,8,27.1889,nino34,degC,ERSSTv6
1986,9,27.2683,nino34,degC,ERSSTv6
1986,10,27.2843,nino34,degC,ERSSTv6
1986,11,27.7239,nino34,degC,ERSSTv6
1986,12,27.7199,nino34,degC,ERSSTv6
1987,1,27.6512,nino34,degC,ERSSTv6
1987,2,27.8104,nino34,degC,ERSSTv6
1987,3,28.2299,nino34,degC,ERSSTv6
1987,4,28.4445,nino34,degC,ERSSTv6
1987,5,28.6069,nino34,degC,ERSSTv6
1987,6,28.5641,nino34,degC,ERSSTv6
1987,7,28.3575,nino34,degC,ERSSTv6
1987,8,28.1399,nino34,degC,ERSSTv6
1987,9,28.2018,nino34,degC,ERSSTv6
1987,10,27.9632,nino34,degC,ERSSTv6
1987,11,27.7513,nino34,degC,ERSSTv6
1987,12,27.4465,nino34,degC,ERSSTv6
1988,1,27.2869,nino34,degC,ERSSTv6
1988,2,26.8005,nino34,degC,ERSSTv6
1988,3,27.3167,nino34,degC,ERSSTv6
1988,4,27.2295,nino34,degC,ERSSTv6
1988,5,26.5622,nino34,degC,ERSSTv6
1988,6,26.0123,nino34,degC,ERSSTv6
1988,7,25.7179,nino34,degC,ERSSTv6
1988,8,25.5338,nino34,degC,ERSSTv6
1988,9,25.6352,nino34,degC,ERSSTv6
1988,10,24.8601,nino34,degC,ERSSTv6
1988,11,24.5550,nino34,degC,ERSSTv6
1988,12,24.7008,nino34,degC,ERSSTv6
1989,1,24.6634,nino34,degC,ERSSTv6
1989,2,25.3755,nino34,degC,ERSSTv6
1989,3,26.1329,nino34,degC,ERSSTv6
1989,4,26.6655,nino34,degC,ERSSTv6
1989,5,27.1083,nino34,degC,ERSSTv6
1989,6,27.1751,nino34,degC,ERSSTv6
1989,7,26.7171,nino34,degC,ERSSTv6
1989,8,26.1455,nino34,degC,ERSSTv6
1989,9,26.3715,nino34,degC,ERSSTv6
1989,10,26.3290,nino34,degC,ERSSTv6
1989,11,26.2385,nino34,degC,ERSSTv6
1989,12,26.6250,nino34,degC,ERSSTv6
1990,1,26.4849,nino34,degC,ERSSTv6
1990,2,27.0806,nino34,degC,ERSSTv6
1990,3,27.2968,nino34,degC,ERSSTv6
1990,4,27.9643,nino34,degC,ERSSTv6
1990,5,28.0075,nino34,degC,ERSSTv6
1990,6,27.5487,nino34,degC,ERSSTv6
1990,7,27.3986,nino34,degC,ERSSTv6
1990,8,26.9852,nino34,degC,ERSSTv6
1990,9,26.8794,nino34,degC,ERSSTv6
1990,10,26.8961,nino34,degC,ERSSTv6
1990,11,26.7319,nino34,degC,ERSSTv6
1990,12,26.8518,nino34,degC,ERSSTv6
1991,1,27.0739,nino34,degC,ERSSTv6
1991,2,27.0486,nino34,degC,ERSSTv6
1991,3,27.3811,nino34,degC,ERSSTv6
1991,4,28.0716,nino34,degC,ERSSTv6
1991,5,28.2631,nino34,degC,ERSSTv6
1991,6,28.3048,nino34,degC,ERSSTv6
1991,7,27.9739,nino34,degC,ERSSTv6
1991,8,27.6520,nino34,degC,ERSSTv6
1991,9,27.1844,nino34,degC,ERSSTv6
1991,10,27.6607,nino34,degC,ERSSTv6
1991,11,27.8802,nino34,degC,ERSSTv6
1991,12,28.1303,nino34,degC,ERSSTv6
1992,1,28.2867,nino34,degC,ERSSTv6
1992,2,28.3015,nino34,degC,ERSSTv6
1992,3,28.6170,nino34,degC,ERSSTv6
1992,4,29.1121,nino34,degC,ERSSTv6
1992,5,29.0018,nino34,degC,ERSSTv6
1992,6,28.2979,nino34,degC,ERSSTv6
1992,7,27.5133,nino34,degC,ERSSTv6
1992,8,26.8649,nino34,degC,ERSSTv6
1992,9,26.6453,nino34,degC,ERSSTv6
1992,10,26.3845,nino34,degC,ERSSTv6
1992,11,26.5438,nino34,degC,ERSSTv6
1992,12,26.4849,nino34,degC,ERSSTv6
1993,1,26.8309,nino34,degC,ERSSTv6
1993,2,27.1676,nino34,degC,ERSSTv6
1993,3,27.6390,nino34,degC,ERSSTv6
1993,4,28.5005,nino34,degC,ERSSTv6
1993,5,28.9029,nino34,degC,ERSSTv6
1993,6,28.0442,nino34,degC,ERSSTv6
1993,7,27.3875,nino34,degC,ERSSTv6
1993,8,27.0260,nino34,degC,ERSSTv6
1993,9,27.0239,nino34,degC,ERSSTv6
1993,10,26.9136,nino34,degC,ERSSTv6
1993,11,26.9192,nino34,degC,ERSSTv6
1993,12,26.8920,nino34,degC,ERSSTv6
1994,1,26.7630,nino34,degC,ERSSTv6
1994,2,26.6555,nino34,degC,ERSSTv6
1994,3,27.3022,nino34,degC,ERSSTv6
1994,4,27.9781,nino34,degC,ERSSTv6
1994,5,28.0680,nino34,degC,ERSSTv6
1994,6,27.8914,nino34,degC,ERSSTv6
1994,7,27.3821,nino34,degC,ERSSTv6
1994,8,27.2553,nino34,degC,ERSSTv6
1994,9,27.0390,nino34,degC,ERSSTv6
1994,10,27.4557,nino34,degC,ERSSTv6
1994,11,27.7214,nino34,degC,ERSSTv6
1994,12,27.7445,nino34,degC,ERSSTv6
1995,1,27.4526,nino34,degC,ERSSTv6
1995,2,27.5590,nino34,degC,ERSSTv6
1995,3,27.6679,nino34,degC,ERSSTv6
1995,4,27.9649,nino34,degC,ERSSTv6
1995,5,27.7797,nino34,degC,ERSSTv6
1995,6,27.5117,nino34,degC,ERSSTv6
1995,7,27.0176,nino34,degC,ERSSTv6
1995,8,26.2019,nino34,degC,ERSSTv6
1995,9,25.9242,nino34,degC,ERSSTv6
1995,10,25.8061,nino34,degC,ERSSTv6
1995,11,25.6108,nino34,degC,ERSSTv6
1995,12,25.5812,nino34,degC,ERSSTv6
1996,1,25.7491,nino34,degC,ERSSTv6
1996,2,26.0329,nino34,degC,ERSSTv6
1996,3,26.6815,nino34,degC,ERSSTv6
1996,4,27.4675,nino34,degC,ERSSTv6
1996,5,27.6094,nino34,degC,ERSSTv6
1996,6,27.3776,nino34,degC,ERSSTv6
1996,7,26.9297,nino34,degC,ERSSTv6
1996,8,26.6735,nino34,degC,ERSSTv6
1996,9,26.3457,nino34,degC,ERSSTv6
1996,10,26.3416,nino34,degC,ERSSTv6
1996,11,26.3692,nino34,degC,ERSSTv6
1996,12,26.0209,nino34,degC,ERSSTv6
1997,1,26.1488,nino34,degC,ERSSTv6
1997,2,26.5182,nino34,degC,ERSSTv6
1997,3,27.1223,nino34,degC,ERSSTv6
1997,4,27.9962,nino34,degC,ERSSTv6
1997,5,28.5946,nino34,degC,ERSSTv6
1997,6,28.7422,nino34,degC,ERSSTv6
1997,7,28.6869,nino34,degC,ERSSTv6
1997,8,28.6431,nino34,degC,ERSSTv6
1997,9,28.7868,nino34,degC,ERSSTv6
1997,10,28.9356,nino34,degC,ERSSTv6
1997,11,29.0593,nino34,degC,ERSSTv6
1997,12,28.9303,nino34,degC,ERSSTv6
1998,1,28.8948,nino34,degC,ERSSTv6
1998,2,28.7421,nino34,degC,ERSSTv6
1998,3,28.6691,nino34,degC,ERSSTv6
1998,4,28.5210,nino34,degC,ERSSTv6
1998,5,28.7188,nino34,degC,ERSSTv6
1998,6,27.1542,nino34,degC,ERSSTv6
1998,7,26.5194,nino34,degC,ERSSTv6
1998,8,26.0546,nino34,degC,ERSSTv6
1998,9,25.6897,nino34,degC,ERSSTv6
1998,10,25.4592,nino34,degC,ERSSTv6
1998,11,25.5342,nino34,degC,ERSSTv6
1998,12,24.9767,nino34,degC,ERSSTv6
1999,1,24.8656,nino34,degC,ERSSTv6
1999,2,25.5354,nino34,degC,ERSSTv6
1999,3,26.4137,nino34,degC,ERSSTv6
1999,4,27.0078,nino34,degC,ERSSTv6
1999,5,26.9955,nino34,degC,ERSSTv6
1999,6,26.8141,nino34,degC,ERSSTv6
1999,7,26.3111,nino34,degC,ERSSTv6
1999,8,25.8016,nino34,degC,ERSSTv6
1999,9,25.8128,nino34,degC,ERSSTv6
1999,10,25.6528,nino34,degC,ERSSTv6
1999,11,25.1909,nino34,degC,ERSSTv6
1999,12,24.9932,nino34,degC,ERSSTv6
2000,1,25.0192,nino34,degC,ERSSTv6
2000,2,25.4973,nino34,degC,ERSSTv6
2000,3,26.2621,nino34,degC,ERSSTv6
2000,4,27.0401,nino34,degC,ERSSTv6
2000,5,27.0940,nino34,degC,ERSSTv6
2000,6,27.0496,nino34,degC,ERSSTv6
2000,7,26.6385,nino34,degC,ERSSTv6
2000,8,26.5162,nino34,degC,ERSSTv6
2000,9,26.4094,nino34,degC,ERSSTv6
2000,10,26.0794,nino34,degC,ERSSTv6
2000,11,25.9464,nino34,degC,ERSSTv6
2000,12,25.5843,nino34,degC,ERSSTv6
2001,1,25.8219,nino34,degC,ERSSTv6
2001,2,26.0550,nino34,degC,ERSSTv6
2001,3,26.8927,nino34,degC,ERSSTv6
2001,4,27.4432,nino34,degC,ERSSTv6
2001,5,27.6884,nino34,degC,ERSSTv6
2001,6,27.6443,nino34,degC,ERSSTv6
2001,7,27.2629,nino34,degC,ERSSTv6
2001,8,26.8122,nino34,degC,ERSSTv6
2001,9,26.5108,nino34,degC,ERSSTv6
2001,10,26.6912,nino34,degC,ERSSTv6
2001,11,26.3648,nino34,degC,ERSSTv6
2001,12,26.1656,nino34,degC,ERSSTv6
2002,1,26.4358,nino34,degC,ERSSTv6
2002,2,26.7943,nino34,degC,ERSSTv6
2002,3,27.3681,nino34,degC,ERSSTv6
2002,4,27.8658,nino34,degC,ERSSTv6
2002,5,28.1079,nino34,degC,ERSSTv6
2002,6,28.2693,nino34,degC,ERSSTv6
2002,7,27.8005,nino34,degC,ERSSTv6
2002,8,27.5008,nino34,degC,ERSSTv6
2002,9,27.5856,nino34,degC,ERSSTv6
2002,10,27.7257,nino34,degC,ERSSTv6
2002,11,28.0113,nino34,degC,ERSSTv6
2002,12,28.0328,nino34,degC,ERSSTv6
2003,1,27.1267,nino34,degC,ERSSTv6
2003,2,27.3751,nino34,degC,ERSSTv6
2003,3,27.6706,nino34,degC,ERSSTv6
2003,4,27.7905,nino34,degC,ERSSTv6
2003,5,27.4001,nino34,degC,ERSSTv6
2003,6,27.6245,nino34,degC,ERSSTv6
2003,7,27.3983,nino34,degC,ERSSTv6
2003,8,27.1157,nino34,degC,ERSSTv6
2003,9,26.8804,nino34,degC,ERSSTv6
2003,10,27.1593,nino34,degC,ERSSTv6
2003,11,26.9812,nino34,degC,ERSSTv6
2003,12,26.9346,nino34,degC,ERSSTv6
2004,1,26.8927,nino34,degC,ERSSTv6
2004,2,27.0303,nino34,degC,ERSSTv6
2004,3,27.2803,nino34,degC,ERSSTv6
2004,4,27.9421,nino34,degC,ERSSTv6
2004,5,27.9556,nino34,degC,ERSSTv6
2004,6,27.8041,nino34,degC,ERSSTv6
2004,7,27.7365,nino34,degC,ERSSTv6
2004,8,27.4870,nino34,degC,ERSSTv6
2004,9,27.3885,nino34,degC,ERSSTv6
2004,10,27.3395,nino34,degC,ERSSTv6
2004,11,27.4289,nino34,degC,ERSSTv6
2004,12,27.3591,nino34,degC,ERSSTv6
2005,1,27.2570,nino34,degC,ERSSTv6
2005,2,27.0896,nino34,degC,ERSSTv6
2005,3,27.7091,nino34,degC,ERSSTv6
2005,4,28.0870,nino34,degC,ERSSTv6
2005,5,28.1967,nino34,degC,ERSSTv6
2005,6,27.8736,nino34,degC,ERSSTv6
2005,7,27.0393,nino34,degC,ERSSTv6
2005,8,26.8205,nino34,degC,ERSSTv6
2005,9,26.6949,nino34,degC,ERSSTv6
2005,10,26.6401,nino34,degC,ERSSTv6
2005,11,26.1871,nino34,degC,ERSSTv6
2005,12,25.6715,nino34,degC,ERSSTv6
2006,1,25.7347,nino34,degC,ERSSTv6
2006,2,26.0931,nino34,degC,ERSSTv6
2006,3,26.5094,nino34,degC,ERSSTv6
2006,4,27.5330,nino34,degC,ERSSTv6
2006,5,27.8235,nino34,degC,ERSSTv6
2006,6,27.7388,nino34,degC,ERSSTv6
2006,7,27.3442,nino34,degC,ERSSTv6
2006,8,27.2760,nino34,degC,ERSSTv6
2006,9,27.3432,nino34,degC,ERSSTv6
2006,10,27.4098,nino34,degC,ERSSTv6
2006,11,27.6592,nino34,degC,ERSSTv6
2006,12,27.7445,nino34,degC,ERSSTv6
2007,1,27.2534,nino34,degC,ERSSTv6
2007,2,26.9045,nino34,degC,ERSSTv6
2007,3,27.1441,nino34,degC,ERSSTv6
2007,4,27.6296,nino34,degC,ERSSTv6
2007,5,27.4825,nino34,degC,ERSSTv6
2007,6,27.5166,nino34,degC,ERSSTv6
2007,7,26.8254,nino34,degC,ERSSTv6
2007,8,26.1803,nino34,degC,ERSSTv6
2007,9,25.6601,nino34,degC,ERSSTv6
2007,10,25.4173,nino34,degC,ERSSTv6
2007,11,25.0721,nino34,degC,ERSSTv6
2007,12,24.9615,nino34,degC,ERSSTv6
2008,1,24.8149,nino34,degC,ERSSTv6
2008,2,24.9980,nino34,degC,ERSSTv6
2008,3,26.0737,nino34,degC,ERSSTv6
2008,4,26.8503,nino34,degC,ERSSTv6
2008,5,27.1500,nino34,degC,ERSSTv6
2008,6,27.1165,nino34,degC,ERSSTv6
2008,7,27.1337,nino34,degC,ERSSTv6
2008,8,26.7442,nino34,degC,ERSSTv6
2008,9,26.4867,nino34,degC,ERSSTv6
2008,10,26.4459,nino34,degC,ERSSTv6
2008,11,26.2753,nino34,degC,ERSSTv6
2008,12,25.7351,nino34,degC,ERSSTv6
2009,1,25.6260,nino34,degC,ERSSTv6
2009,2,26.0241,nino34,degC,ERSSTv6
2009,3,26.5747,nino34,degC,ERSSTv6
2009,4,27.5358,nino34,degC,ERSSTv6
2009,5,28.0528,nino34,degC,ERSSTv6
2009,6,28.1675,nino34,degC,ERSSTv6
2009,7,27.8711,nino34,degC,ERSSTv6
2009,8,27.4372,nino34,degC,ERSSTv6
2009,9,27.3430,nino34,degC,ERSSTv6
2009,10,27.6031,nino34,degC,ERSSTv6
2009,11,28.1046,nino34,degC,ERSSTv6
2009,12,28.3693,nino34,degC,ERSSTv6
2010,1,28.0290,nino34,degC,ERSSTv6
2010,2,28.0687,nino34,degC,ERSSTv6
2010,3,28.2576,nino34,degC,ERSSTv6
2010,4,28.3380,nino34,degC,ERSSTv6
2010,5,27.7449,nino34,degC,ERSSTv6
2010,6,27.0969,nino34,degC,ERSSTv6
2010,7,26.2561,nino34,degC,ERSSTv6
2010,8,25.6860,nino34,degC,ERSSTv6
2010,9,25.2960,nino34,degC,ERSSTv6
2010,10,25.1285,nino34,degC,ERSSTv6
2010,11,25.2220,nino34,degC,ERSSTv6
2010,12,25.0907,nino34,degC,ERSSTv6
2011,1,25.1081,nino34,degC,ERSSTv6
2011,2,25.6592,nino34,degC,ERSSTv6
2011,3,26.3916,nino34,degC,ERSSTv6
2011,4,27.0854,nino34,degC,ERSSTv6
2011,5,27.3782,nino34,degC,ERSSTv6
2011,6,27.4335,nino34,degC,ERSSTv6
2011,7,27.0649,nino34,degC,ERSSTv6
2011,8,26.2741,nino34,degC,ERSSTv6
2011,9,26.0378,nino34,degC,ERSSTv6
2011,10,25.6997,nino34,degC,ERSSTv6
2011,11,25.5882,nino34,degC,ERSSTv6
2011,12,25.6136,nino34,degC,ERSSTv6
2012,1,25.7411,nino34,degC,ERSSTv6
2012,2,26.1745,nino34,degC,ERSSTv6
2012,3,26.7603,nino34,degC,ERSSTv6
2012,4,27.4384,nino34,degC,ERSSTv6
2012,5,27.6726,nino34,degC,ERSSTv6
2012,6,27.7573,nino34,degC,ERSSTv6
2012,7,27.5535,nino34,degC,ERSSTv6
2012,8,27.4121,nino34,degC,ERSSTv6
2012,9,27.0912,nino34,degC,ERSSTv6
2012,10,26.9057,nino34,degC,ERSSTv6
2012,11,26.9834,nino34,degC,ERSSTv6
2012,12,26.4710,nino34,degC,ERSSTv6
2013,1,26.1619,nino34,degC,ERSSTv6
2013,2,26.2809,nino34,degC,ERSSTv6
2013,3,27.0604,nino34,degC,ERSSTv6
2013,4,27.6632,nino34,degC,ERSSTv6
2013,5,27.5765,nino34,degC,ERSSTv6
2013,6,27.2413,nino34,degC,ERSSTv6
2013,7,26.9266,nino34,degC,ERSSTv6
2013,8,26.3668,nino34,degC,ERSSTv6
2013,9,26.5614,nino34,degC,ERSSTv6
2013,10,26.4326,nino34,degC,ERSSTv6
2013,11,26.7369,nino34,degC,ERSSTv6
2013,12,26.4229,nino34,degC,ERSSTv6
2014,1,26.2069,nino34,degC,ERSSTv6
2014,2,26.3051,nino34,degC,ERSSTv6
2014,3,27.2077,nino34,degC,ERSSTv6
2014,4,28.1194,nino34,degC,ERSSTv6
2014,5,28.3357,nino34,degC,ERSSTv6
2014,6,27.9787,nino34,degC,ERSSTv6
2014,7,27.2217,nino34,degC,ERSSTv6
2014,8,26.8788,nino34,degC,ERSSTv6
2014,9,27.0101,nino34,degC,ERSSTv6
2014,10,27.1354,nino34,degC,ERSSTv6
2014,11,27.5297,nino34,degC,ERSSTv6
2014,12,27.4005,nino34,degC,ERSSTv6
2015,1,27.1587,nino34,degC,ERSSTv6
2015,2,27.2887,nino34,degC,ERSSTv6
2015,3,27.8426,nino34,degC,ERSSTv6
2015,4,28.7354,nino34,degC,ERSSTv6
2015,5,28.9002,nino34,degC,ERSSTv6
2015,6,28.8805,nino34,degC,ERSSTv6
2015,7,28.6864,nino34,degC,ERSSTv6
2015,8,28.6308,nino34,degC,ERSSTv6
2015,9,28.7734,nino34,degC,ERSSTv6
2015,10,28.9717,nino34,degC,ERSSTv6
2015,11,29.2441,nino34,degC,ERSSTv6
2015,12,29.1054,nino34,degC,ERSSTv6
2016,1,29.1144,nino34,degC,ERSSTv6
2016,2,28.9312,nino34,degC,ERSSTv6
2016,3,28.9340,nino34,degC,ERSSTv6
2016,4,28.8989,nino34,degC,ERSSTv6
2016,5,28.3938,nino34,degC,ERSSTv6
2016,6,27.8217,nino34,degC,ERSSTv6
2016,7,26.9512,nino34,degC,ERSSTv6
2016,8,26.5395,nino34,degC,ERSSTv6
2016,9,26.3880,nino34,degC,ERSSTv6
2016,10,26.1175,nino34,degC,ERSSTv6
2016,11,26.1035,nino34,degC,ERSSTv6
2016,12,26.2568,nino34,degC,ERSSTv6
2017,1,26.2117,nino34,degC,ERSSTv6
2017,2,26.9454,nino34,degC,ERSSTv6
2017,3,27.4297,nino34,degC,ERSSTv6
2017,4,28.1319,nino34,degC,ERSSTv6
2017,5,28.3062,nino34,degC,ERSSTv6
2017,6,28.0172,nino34,degC,ERSSTv6
2017,7,27.5124,nino34,degC,ERSSTv6
2017,8,26.7795,nino34,degC,ERSSTv6
2017,9,26.3996,nino34,degC,ERSSTv6
2017,10,26.4433,nino34,degC,ERSSTv6
2017,11,25.9869,nino34,degC,ERSSTv6
2017,12,25.7056,nino34,degC,ERSSTv6
2018,1,25.7287,nino34,degC,ERSSTv6
2018,2,26.0759,nino34,degC,ERSSTv6
2018,3,26.5254,nino34,degC,ERSSTv6
2018,4,27.4525,nino34,degC,ERSSTv6
2018,5,27.8729,nino34,degC,ERSSTv6
2018,6,27.8560,nino34,degC,ERSSTv6
2018,7,27.5641,nino34,degC,ERSSTv6
2018,8,27.0665,nino34,degC,ERSSTv6
2018,9,27.1464,nino34,degC,ERSSTv6
2018,10,27.6524,nino34,degC,ERSSTv6
2018,11,27.7902,nino34,degC,ERSSTv6
2018,12,27.6482,nino34,degC,ERSSTv6
2019,1,27.4132,nino34,degC,ERSSTv6
2019,2,27.5621,nino34,degC,ERSSTv6
2019,3,28.1837,nino34,degC,ERSSTv6
2019,4,28.5523,nino34,degC,ERSSTv6
2019,5,28.6369,nino34,degC,ERSSTv6
2019,6,28.3252,nino34,degC,ERSSTv6
2019,7,27.6930,nino34,degC,ERSSTv6
2019,8,27.0173,nino34,degC,ERSSTv6
2019,9,26.7912,nino34,degC,ERSSTv6
2019,10,27.4267,nino34,degC,ERSSTv6
2019,11,27.4414,nino34,degC,ERSSTv6
2019,12,27.2403,nino34,degC,ERSSTv6
2020,1,27.2724,nino34,degC,ERSSTv6
2020,2,27.2642,nino34,degC,ERSSTv6
2020,3,27.7957,nino34,degC,ERSSTv6
2020,4,28.3386,nino34,degC,ERSSTv6
2020,5,27.7804,nino34,degC,ERSSTv6
2020,6,27.3858,nino34,degC,ERSSTv6
2020,7,27.1957,nino34,degC,ERSSTv6
2020,8,26.4237,nino34,degC,ERSSTv6
2020,9,25.9662,nino34,degC,ERSSTv6
2020,10,25.5982,nino34,degC,ERSSTv6
2020,11,25.5752,nino34,degC,ERSSTv6
2020,12,25.4632,nino34,degC,ERSSTv6
2021,1,25.4869,nino34,degC,ERSSTv6
2021,2,25.7238,nino34,degC,ERSSTv6
2021,3,26.5651,nino34,degC,ERSSTv6
2021,4,27.1702,nino34,degC,ERSSTv6
2021,5,27.4803,nino34,degC,ERSSTv6
2021,6,27.5356,nino34,degC,ERSSTv6
2021,7,26.9312,nino34,degC,ERSSTv6
2021,8,26.3809,nino34,degC,ERSSTv6
2021,9,26.1801,nino34,degC,ERSSTv6
2021,10,25.8348,nino34,degC,ERSSTv6
2021,11,25.8312,nino34,degC,ERSSTv6
2021,12,25.5665,nino34,degC,ERSSTv6
2022,1,25.8010,nino34,degC,ERSSTv6
2022,2,26.0018,nino34,degC,ERSSTv6
2022,3,26.4897,nino34,degC,ERSSTv6
2022,4,26.8902,nino34,degC,ERSSTv6
2022,5,26.9505,nino34,degC,ERSSTv6
2022,6,27.0525,nino34,degC,ERSSTv6
2022,7,26.6961,nino34,degC,ERSSTv6
2022,8,26.0472,nino34,degC,ERSSTv6
2022,9,25.8002,nino34,degC,ERSSTv6
2022,10,25.8401,nino34,degC,ERSSTv6
2022,11,25.8196,nino34,degC,ERSSTv6
2022,12,25.8476,nino34,degC,ERSSTv6
2023,1,25.9153,nino34,degC,ERSSTv6
2023,2,26.2421,nino34,degC,ERSSTv6
2023,3,27.2003,nino34,degC,ERSSTv6
2023,4,27.9167,nino34,degC,ERSSTv6
2023,5,28.3576,nino34,degC,ERSSTv6
2023,6,28.4991,nino34,degC,ERSSTv6
2023,7,28.2355,nino34,degC,ERSSTv6
2023,8,28.1496,nino34,degC,ERSSTv6
2023,9,28.2609,nino34,degC,ERSSTv6
2023,10,28.3915,nino34,degC,ERSSTv6
2023,11,28.7217,nino34,degC,ERSSTv6
2023,12,28.5524,nino34,degC,ERSSTv6
2024,1,28.3882,nino34,degC,ERSSTv6
2024,2,28.2238,nino34,degC,ERSSTv6
2024,3,28.3141,nino34,degC,ERSSTv6
2024,4,28.6885,nino34,degC,ERSSTv6
2024,5,28.2205,nino34,degC,ERSSTv6
2024,6,27.7843,nino34,degC,ERSSTv6
2024,7,27.4180,nino34,degC,ERSSTv6
2024,8,26.8674,nino34,degC,ERSSTv6
2024,9,26.4888,nino34,degC,ERSSTv6
2024,10,26.5799,nino34,degC,ERSSTv6
2024,11,26.4993,nino34,degC,ERSSTv6
2024,12,25.9962,nino34,degC,ERSSTv6
2025,1,25.9154,nino34,degC,ERSSTv6
2025,2,26.3635,nino34,degC,ERSSTv6
2025,3,27.4001,nino34,degC,ERSSTv6
2025,4,27.6970,nino34,degC,ERSSTv6
2025,5,27.8670,nino34,degC,ERSSTv6
2025,6,27.7168,nino34,degC,ERSSTv6
2025,7,27.2493,nino34,degC,ERSSTv6
2025,8,26.5745,nino34,degC,ERSSTv6
2025,9,26.2765,nino34,degC,ERSSTv6
2025,10,26.1552,nino34,degC,ERSSTv6
2025,11,25.9858,nino34,degC,ERSSTv6
2025,12,25.9915,nino34,degC,ERSSTv6
2026,1,25.9245,nino34,degC,ERSSTv6
2026,2,26.5461,nino34,degC,ERSSTv6
2026,3,27.2499,nino34,degC,ERSSTv6
2026,4,28.2277,nino34,degC,ERSSTv6
2026,5,28.8062,nino34,degC,ERSSTv6
2026,6,29.1682,nino34,degC,ERSSTv6
2026,7,29.0611,nino34,degC,ERSSTv6
2026,8,29.0448,nino34,degC,ERSSTv6
1850,1,26.6672,tropics,degC,ERSSTv6
1850,2,26.8581,tropics,degC,ERSSTv6
1850,3,26.8551,tropics,degC,ERSSTv6
1850,4,27.0920,tropics,degC,ERSSTv6
1850,5,27.3850,tropics,degC,ERSSTv6
1850,6,26.9855,tropics,degC,ERSSTv6
1850,7,26.5759,tropics,degC,ERSSTv6
1850,8,26.2125,tropics,degC,ERSSTv6
1850,9,26.3001,tropics,degC,ERSSTv6
1850,10,26.7289,tropics,degC,ERSSTv6
1850,11,26.7367,tropics,degC,ERSSTv6
1850,12,26.7767,tropics,degC,ERSSTv6
1851,1,26.7123,tropics,degC,ERSSTv6
1851,2,26.6838,tropics,degC,ERSSTv6
1851,3,26.9991,tropics,degC,ERSSTv6
1851,4,27.0873,tropics,degC,ERSSTv6
1851,5,27.1390,tropics,degC,ERSSTv6
1851,6,27.0690,tropics,degC,ERSSTv6
1851,7,26.7344,tropics,degC,ERSSTv6
1851,8,26.5326,tropics,degC,ERSSTv6
1851,9,26.5527,tropics,degC,ERSSTv6
1851,10,26.6498,tropics,degC,ERSSTv6
1851,11,26.9596,tropics,degC,ERSSTv6
1851,12,26.7980,tropics,degC,ERSSTv6
1852,1,26.4972,tropics,degC,ERSSTv6
1852,2,26.4659,tropics,degC,ERSSTv6
1852,3,27.0831,tropics,degC,ERSSTv6
1852,4,27.4547,tropics,degC,ERSSTv6
1852,5,27.3831,tropics,degC,ERSSTv6
1852,6,27.1460,tropics,degC,ERSSTv6
1852,7,26.7649,tropics,degC,ERSSTv6
1852,8,26.3636,tropics,degC,ERSSTv6
1852,9,26.6449,tropics,degC,ERSSTv6
1852,10,26.8974,tropics,degC,ERSSTv6
1852,11,27.0110,tropics,degC,ERSSTv6
1852,12,26.8000,tropics,degC,ERSSTv6
1853,1,26.7039,tropics,degC,ERSSTv6
1853,2,27.0413,tropics,degC,ERSSTv6
1853,3,27.4085,tropics,degC,ERSSTv6
1853,4,27.4720,tropics,degC,ERSSTv6
1853,5,27.3285,tropics,degC,ERSSTv6
1853,6,27.0340,tropics,degC,ERSSTv6
1853,7,26.6970,tropics,degC,ERSSTv6
1853,8,26.3448,tropics,degC,ERSSTv6
1853,9,26.2857,tropics,degC,ERSSTv6
1853,10,26.6562,tropics,degC,ERSSTv6
1853,11,26.9306,tropics,degC,ERSSTv6
1853,12,26.7840,tropics,degC,ERSSTv6
1854,1,26.6646,tropics,degC,ERSSTv6
1854,2,26.9528,tropics,degC,ERSSTv6
1854,3,27.1812,tropics,degC,ERSSTv6
1854,4,27.5613,tropics,degC,ERSSTv6
1854,5,27.5357,tropics,degC,ERSSTv6
1854,6,27.1093,tropics,degC,ERSSTv6
1854,7,26.4343,tropics,degC,ERSSTv6
1854,8,26.2008,tropics,degC,ERSSTv6
1854,9,26.4624,tropics,degC,ERSSTv6
1854,10,26.7363,tropics,degC,ERSSTv6
1854,11,26.5997,tropics,degC,ERSSTv6
1854,12,26.5344,tropics,degC,ERSSTv6
1855,1,26.6420,tropics,degC,ERSSTv6
1855,2,26.9361,tropics,degC,ERSSTv6
1855,3,27.2146,tropics,degC,ERSSTv6
1855,4,27.3240,tropics,degC,ERSSTv6
1855,5,27.1741,tropics,degC,ERSSTv6
1855,6,26.8486,tropics,degC,ERSSTv6
1855,7,26.3229,tropics,degC,ERSSTv6
1855,8,26.3206,tropics,degC,ERSSTv6
1855,9,26.3731,tropics,degC,ERSSTv6
1855,10,26.7494,tropics,degC,ERSSTv6
1855,11,26.9975,tropics,degC,ERSSTv6
1855,12,27.0422,tropics,degC,ERSSTv6
1856,1,26.8656,tropics,degC,ERSSTv6
1856,2,27.0268,tropics,degC,ERSSTv6
1856,3,27.0731,tropics,degC,ERSSTv6
1856,4,27.2168,tropics,degC,ERSSTv6
1856,5,27.2578,tropics,degC,ERSSTv6
1856,6,26.7443,tropics,degC,ERSSTv6
1856,7,26.3795,tropics,degC,ERSSTv6
1856,8,25.9575,tropics,degC,ERSSTv6
1856,9,26.1739,tropics,degC,ERSSTv6
1856,10,26.4977,tropics,degC,ERSSTv6
1856,11,26.4355,tropics,degC,ERSSTv6
1856,12,26.2410,tropics,degC,ERSSTv6
1857,1,26.3578,tropics,degC,ERSSTv6
1857,2,26.6212,tropics,degC,ERSSTv6
1857,3,26.5928,tropics,degC,ERSSTv6
1857,4,27.0227,tropics,degC,ERSSTv6
1857,5,26.8787,tropics,degC,ERSSTv6
1857,6,26.6746,tropics,degC,ERSSTv6
1857,7,26.3208,tropics,degC,ERSSTv6
1857,8,26.0907,tropics,degC,ERSSTv6
1857,9,26.2981,tropics,degC,ERSSTv6
1857,10,26.4005,tropics,degC,ERSSTv6
1857,11,26.5808,tropics,degC,ERSSTv6
1857,12,26.4249,tropics,degC,ERSSTv6
1858,1,26.6871,tropics,degC,ERSSTv6
1858,2,26.6996,tropics,degC,ERSSTv6
1858,3,26.9921,tropics,degC,ERSSTv6
1858,4,27.1579,tropics,degC,ERSSTv6
1858,5,27.1564,tropics,degC,ERSSTv6
1858,6,26.8360,tropics,degC,ERSSTv6
1858,7,26.4733,tropics,degC,ERSSTv6
1858,8,26.4630,tropics,degC,ERSSTv6
1858,9,26.2210,tropics,degC,ERSSTv6
1858,10,26.6904,tropics,degC,ERSSTv6
1858,11,26.8108,tropics,degC,ERSSTv6
1858,12,26.5756,tropics,degC,ERSSTv6
1859,1,26.5795,tropics,degC,ERSSTv6
1859,2,26.8973,tropics,degC,ERSSTv6
1859,3,27.0994,tropics,degC,ERSSTv6
1859,4,27.2726,tropics,degC,ERSSTv6
1859,5,27.3937,tropics,degC,ERSSTv6
1859,6,26.7154,tropics,degC,ERSSTv6
1859,7,26.2342,tropics,degC,ERSSTv6
1859,8,26.4505,tropics,degC,ERSSTv6
1859,9,26.1445,tropics,degC,ERSSTv6
1859,10,26.4648,tropics,degC,ERSSTv6
1859,11,26.7233,tropics,degC,ERSSTv6
1859,12,26.7998,tropics,degC,ERSSTv6
1860,1,26.5833,tropics,degC,ERSSTv6
1860,2,26.8649,tropics,degC,ERSSTv6
1860,3,27.0417,tropics,degC,ERSSTv6
1860,4,27.2437,tropics,degC,ERSSTv6
1860,5,27.3023,tropics,degC,ERSSTv6
1860,6,26.7716,tropics,degC,ERSSTv6
1860,7,26.1448,tropics,degC,ERSSTv6
1860,8,26.4112,tropics,degC,ERSSTv6
1860,9,26.6235,tropics,degC,ERSSTv6
1860,10,26.2320,tropics,degC,ERSSTv6
1860,11,26.6734,tropics,degC,ERSSTv6
1860,12,26.5020,tropics,degC,ERSSTv6
1861,1,26.6954,tropics,degC,ERSSTv6
1861,2,25.9782,tropics,degC,ERSSTv6
1861,3,26.7809,tropics,degC,ERSSTv6
1861,4,27.3440,tropics,degC,ERSSTv6
1861,5,26.7996,tropics,degC,ERSSTv6
1861,6,26.5852,tropics,degC,ERSSTv6
1861,7,26.5084,tropics,degC,ERSSTv6
1861,8,25.9241,tropics,degC,ERSSTv6
1861,9,26.1221,tropics,degC,ERSSTv6
1861,10,26.6814,tropics,degC,ERSSTv6
1861,11,26.6036,tropics,degC,ERSSTv6
1861,12,26.7547,tropics,degC,ERSSTv6
1862,1,26.3213,tropics,degC,ERSSTv6
1862,2,26.5281,tropics,degC,ERSSTv6
1862,3,26.8675,tropics,degC,ERSSTv6
1862,4,27.3501,tropics,degC,ERSSTv6
1862,5,27.1207,tropics,degC,ERSSTv6
1862,6,26.6271,tropics,degC,ERSSTv6
1862,7,26.3393,tropics,degC,ERSSTv6
1862,8,25.9271,tropics,degC,ERSSTv6
1862,9,26.1673,tropics,degC,ERSSTv6
1862,10,26.6028,tropics,degC,ERSSTv6
1862,11,26.4189,tropics,degC,ERSSTv6
1862,12,26.0944,tropics,degC,ERSSTv6
1863,1,26.3748,tropics,degC,ERSSTv6
1863,2,26.7889,tropics,degC,ERSSTv6
1863,3,26.8169,tropics,degC,ERSSTv6
1863,4,27.1736,tropics,degC,ERSSTv6
1863,5,26.9740,tropics,degC,ERSSTv6
1863,6,26.4023,tropics,degC,ERSSTv6
1863,7,25.9614,tropics,degC,ERSSTv6
1863,8,26.0001,tropics,degC,ERSSTv6
1863,9,25.9527,tropics,degC,ERSSTv6
1863,10,26.1516,tropics,degC,ERSSTv6
1863,11,26.5434,tropics,degC,ERSSTv6
1863,12,26.6988,tropics,degC,ERSSTv6
1864,1,26.2305,tropics,degC,ERSSTv6
1864,2,26.0207,tropics,degC,ERSSTv6
1864,3,26.5770,tropics,degC,ERSSTv6
1864,4,27.4201,tropics,degC,ERSSTv6
1864,5,27.2295,tropics,degC,ERSSTv6
1864,6,26.7784,tropics,degC,ERSSTv6
1864,7,26.4538,tropics,degC,ERSSTv6
1864,8,26.0894,tropics,degC,ERSSTv6
1864,9,26.4431,tropics,degC,ERSSTv6
1864,10,26.7848,tropics,degC,ERSSTv6
1864,11,26.9344,tropics,degC,ERSSTv6
1864,12,26.9586,tropics,degC,ERSSTv6
1865,1,26.7222,tropics,degC,ERSSTv6
1865,2,27.1865,tropics,degC,ERSSTv6
1865,3,27.2487,tropics,degC,ERSSTv6
1865,4,27.4845,tropics,degC,ERSSTv6
1865,5,27.3732,tropics,degC,ERSSTv6
1865,6,27.3124,tropics,degC,ERSSTv6
1865,7,26.7906,tropics,degC,ERSSTv6
1865,8,26.3531,tropics,degC,ERSSTv6
1865,9,26.6358,tropics,degC,ERSSTv6
1865,10,27.0348,tropics,degC,ERSSTv6
1865,11,26.7925,tropics,degC,ERSSTv6
1865,12,26.8628,tropics,degC,ERSSTv6
1866,1,27.3577,tropics,degC,ERSSTv6
1866,2,27.0587,tropics,degC,ERSSTv6
1866,3,27.6873,tropics,degC,ERSSTv6
1866,4,26.8928,tropics,degC,ERSSTv6
1866,5,26.8312,tropics,degC,ERSSTv6
1866,6,27.5017,tropics,degC,ERSSTv6
1866,7,26.7590,tropics,degC,ERSSTv6
1866,8,26.5931,tropics,degC,ERSSTv6
1866,9,26.3097,tropics,degC,ERSSTv6
1866,10,26.2278,tropics,degC,ERSSTv6
1866,11,26.8950,tropics,degC,ERSSTv6
1866,12,26.4428,tropics,degC,ERSSTv6
1867,1,26.4654,tropics,degC,ERSSTv6
1867,2,26.3414,tropics,degC,ERSSTv6
1867,3,27.4533,tropics,degC,ERSSTv6
1867,4,27.1659,tropics,degC,ERSSTv6
1867,5,27.3087,tropics,degC,ERSSTv6
1867,6,27.1002,tropics,degC,ERSSTv6
1867,7,26.3663,tropics,degC,ERSSTv6
1867,8,26.1827,tropics,degC,ERSSTv6
1867,9,26.4578,tropics,degC,ERSSTv6
1867,10,26.3710,tropics,degC,ERSSTv6
1867,11,26.7352,tropics,degC,ERSSTv6
1867,12,26.4566,tropics,degC,ERSSTv6
1868,1,26.4431,tropics,degC,ERSSTv6
1868,2,27.1273,tropics,degC,ERSSTv6
1868,3,27.2323,tropics,degC,ERSSTv6
1868,4,27.1939,tropics,degC,ERSSTv6
1868,5,27.3142,tropics,degC,ERSSTv6
1868,6,26.8347,tropics,degC,ERSSTv6
1868,7,26.6119,tropics,degC,ERSSTv6
1868,8,26.2695,tropics,degC,ERSSTv6
1868,9,26.4274,tropics,degC,ERSSTv6
1868,10,26.6751,tropics,degC,ERSSTv6
1868,11,27.0175,tropics,degC,ERSSTv6
1868,12,26.9080,tropics,degC,ERSSTv6
1869,1,26.6835,tropics,degC,ERSSTv6
1869,2,26.9580,tropics,degC,ERSSTv6
1869,3,27.4702,tropics,degC,ERSSTv6
1869,4,27.4798,tropics,degC,ERSSTv6
1869,5,27.5848,tropics,degC,ERSSTv6
1869,6,26.8090,tropics,degC,ERSSTv6
1869,7,26.5078,tropics,degC,ERSSTv6
1869,8,26.3463,tropics,degC,ERSSTv6
1869,9,26.2014,tropics,degC,ERSSTv6
1869,10,26.4928,tropics,degC,ERSSTv6
1869,11,26.7209,tropics,degC,ERSSTv6
1869,12,26.5611,tropics,degC,ERSSTv6
1870,1,26.5947,tropics,degC,ERSSTv6
1870,2,26.9126,tropics,degC,ERSSTv6
1870,3,26.9419,tropics,degC,ERSSTv6
1870,4,27.3402,tropics,degC,ERSSTv6
1870,5,26.8813,tropics,degC,ERSSTv6
1870,6,26.6489,tropics,degC,ERSSTv6
1870,7,26.5749,tropics,degC,ERSSTv6
1870,8,26.0587,tropics,degC,ERSSTv6
1870,9,26.3200,tropics,degC,ERSSTv6
1870,10,26.3216,tropics,degC,ERSSTv6
1870,11,26.4310,tropics,degC,ERSSTv6
1870,12,26.7358,tropics,degC,ERSSTv6
1871,1,26.4998,tropics,degC,ERSSTv6
1871,2,26.7327,tropics,degC,ERSSTv6
1871,3,27.1685,tropics,degC,ERSSTv6
1871,4,27.3710,tropics,degC,ERSSTv6
1871,5,27.2950,tropics,degC,ERSSTv6
1871,6,26.8260,tropics,degC,ERSSTv6
1871,7,26.5833,tropics,degC,ERSSTv6
1871,8,26.2172,tropics,degC,ERSSTv6
1871,9,26.1871,tropics,degC,ERSSTv6
1871,10,26.5644,tropics,degC,ERSSTv6
1871,11,26.5898,tropics,degC,ERSSTv6
1871,12,26.6550,tropics,degC,ERSSTv6
1872,1,26.5205,tropics,degC,ERSSTv6
1872,2,26.8064,tropics,degC,ERSSTv6
1872,3,27.0645,tropics,degC,ERSSTv6
1872,4,27.3080,tropics,degC,ERSSTv6
1872,5,27.1448,tropics,degC,ERSSTv6
1872,6,26.7251,tropics,degC,ERSSTv6
1872,7,26.5171,tropics,degC,ERSSTv6
1872,8,26.2813,tropics,degC,ERSSTv6
1872,9,26.1470,tropics,degC,ERSSTv6
1872,10,26.4784,tropics,degC,ERSSTv6
1872,11,26.5603,tropics,degC,ERSSTv6
1872,12,26.5085,tropics,degC,ERSSTv6
1873,1,26.4888,tropics,degC,ERSSTv6
1873,2,26.7030,tropics,degC,ERSSTv6
1873,3,26.7027,tropics,degC,ERSSTv6
1873,4,27.0333,tropics,degC,ERSSTv6
1873,5,27.1051,tropics,degC,ERSSTv6
1873,6,26.6880,tropics,degC,ERSSTv6
1873,7,26.1391,tropics,degC,ERSSTv6
1873,8,26.1771,tropics,degC,ERSSTv6
1873,9,26.2636,tropics,degC,ERSSTv6
1873,10,26.4078,tropics,degC,ERSSTv6
1873,11,26.7246,tropics,degC,ERSSTv6
1873,12,26.4263,tropics,degC,ERSSTv6
1874,1,26.6301,tropics,degC,ERSSTv6
1874,2,26.3698,tropics,degC,ERSSTv6
1874,3,26.8324,tropics,degC,ERSSTv6
1874,4,26.8974,tropics,degC,ERSSTv6
1874,5,27.0196,tropics,degC,ERSSTv6
1874,6,26.4289,tropics,degC,ERSSTv6
1874,7,26.5419,tropics,degC,ERSSTv6
1874,8,25.8596,tropics,degC,ERSSTv6
1874,9,26.1542,tropics,degC,ERSSTv6
1874,10,26.1234,tropics,degC,ERSSTv6
1874,11,26.2759,tropics,degC,ERSSTv6
1874,12,26.2459,tropics,degC,ERSSTv6
1875,1,26.6191,tropics,degC,ERSSTv6
1875,2,26.7810,tropics,degC,ERSSTv6
1875,3,26.9616,tropics,degC,ERSSTv6
1875,4,27.0326,tropics,degC,ERSSTv6
1875,5,27.1632,tropics,degC,ERSSTv6
1875,6,26.7589,tropics,degC,ERSSTv6
1875,7,26.2911,tropics,degC,ERSSTv6
1875,8,25.8126,tropics,degC,ERSSTv6
1875,9,26.3248,tropics,degC,ERSSTv6
1875,10,26.6004,tropics,degC,ERSSTv6
1875,11,26.7153,tropics,degC,ERSSTv6
1875,12,26.6210,tropics,degC,ERSSTv6
1876,1,26.5141,tropics,degC,ERSSTv6
1876,2,26.7864,tropics,degC,ERSSTv6
1876,3,26.9558,tropics,degC,ERSSTv6
1876,4,27.1920,tropics,degC,ERSSTv6
1876,5,27.0292,tropics,degC,ERSSTv6
1876,6,26.5861,tropics,degC,ERSSTv6
1876,7,26.3554,tropics,degC,ERSSTv6
1876,8,25.9853,tropics,degC,ERSSTv6
1876,9,26.0826,tropics,degC,ERSSTv6
1876,10,26.4427,tropics,degC,ERSSTv6
1876,11,26.6850,tropics,degC,ERSSTv6
1876,12,26.6887,tropics,degC,ERSSTv6
1877,1,26.6610,tropics,degC,ERSSTv6
1877,2,27.1331,tropics,degC,ERSSTv6
1877,3,27.0981,tropics,degC,ERSSTv6
1877,4,27.6276,tropics,degC,ERSSTv6
1877,5,27.2069,tropics,degC,ERSSTv6
1877,6,27.1318,tropics,degC,ERSSTv6
1877,7,26.8590,tropics,degC,ERSSTv6
1877,8,26.7882,tropics,degC,ERSSTv6
1877,9,26.9433,tropics,degC,ERSSTv6
1877,10,27.2689,tropics,degC,ERSSTv6
1877,11,27.3715,tropics,degC,ERSSTv6
1877,12,27.3145,tropics,degC,ERSSTv6
1878,1,27.3999,tropics,degC,ERSSTv6
1878,2,27.5841,tropics,degC,ERSSTv6
1878,3,27.6600,tropics,degC,ERSSTv6
1878,4,27.9218,tropics,degC,ERSSTv6
1878,5,27.7814,tropics,degC,ERSSTv6
1878,6,27.3875,tropics,degC,ERSSTv6
1878,7,26.7936,tropics,degC,ERSSTv6
1878,8,26.4452,tropics,degC,ERSSTv6
1878,9,26.4850,tropics,degC,ERSSTv6
1878,10,26.6697,tropics,degC,ERSSTv6
1878,11,26.8055,tropics,degC,ERSSTv6
1878,12,26.6884,tropics,degC,ERSSTv6
1879,1,26.6297,tropics,degC,ERSSTv6
1879,2,26.8582,tropics,degC,ERSSTv6
1879,3,27.1744,tropics,degC,ERSSTv6
1879,4,27.1875,tropics,degC,ERSSTv6
1879,5,27.1777,tropics,degC,ERSSTv6
1879,6,26.7453,tropics,degC,ERSSTv6
1879,7,26.1913,tropics,degC,ERSSTv6
1879,8,26.1275,tropics,degC,ERSSTv6
1879,9,26.1653,tropics,degC,ERSSTv6
1879,10,26.2344,tropics,degC,ERSSTv6
1879,11,26.5096,tropics,degC,ERSSTv6
1879,12,26.4717,tropics,degC,ERSSTv6
1880,1,26.2082,tropics,degC,ERSSTv6
1880,2,26.7507,tropics,degC,ERSSTv6
1880,3,27.2284,tropics,degC,ERSSTv6
1880,4,27.3495,tropics,degC,ERSSTv6
1880,5,26.9958,tropics,degC,ERSSTv6
1880,6,26.5964,tropics,degC,ERSSTv6
1880,7,26.0656,tropics,degC,ERSSTv6
1880,8,26.1685,tropics,degC,ERSSTv6
1880,9,25.9899,tropics,degC,ERSSTv6
1880,10,26.4753,tropics,degC,ERSSTv6
1880,11,26.6702,tropics,degC,ERSSTv6
1880,12,26.6937,tropics,degC,ERSSTv6
1881,1,26.6559,tropics,degC,ERSSTv6
1881,2,26.8919,tropics,degC,ERSSTv6
1881,3,27.2740,tropics,degC,ERSSTv6
1881,4,27.5668,tropics,degC,ERSSTv6
1881,5,27.4008,tropics,degC,ERSSTv6
1881,6,27.0151,tropics,degC,ERSSTv6
1881,7,26.4835,tropics,degC,ERSSTv6
1881,8,26.2259,tropics,degC,ERSSTv6
1881,9,26.3095,tropics,degC,ERSSTv6
1881,10,26.4824,tropics,degC,ERSSTv6
1881,11,26.6705,tropics,degC,ERSSTv6
1881,12,26.6960,tropics,degC,ERSSTv6
1882,1,26.7316,tropics,degC,ERSSTv6
1882,2,26.8641,tropics,degC,ERSSTv6
1882,3,27.1405,tropics,degC,ERSSTv6
1882,4,27.4671,tropics,degC,ERSSTv6
1882,5,27.2100,tropics,degC,ERSSTv6
1882,6,26.6201,tropics,degC,ERSSTv6
1882,7,26.2360,tropics,degC,ERSSTv6
1882,8,26.0713,tropics,degC,ERSSTv6
1882,9,26.2518,tropics,degC,ERSSTv6
1882,10,26.2838,tropics,degC,ERSSTv6
1882,11,26.6158,tropics,degC,ERSSTv6
1882,12,26.5098,tropics,degC,ERSSTv6
1883,1,26.4863,tropics,degC,ERSSTv6
1883,2,26.5587,tropics,degC,ERSSTv6
1883,3,27.1176,tropics,degC,ERSSTv6
1883,4,27.2509,tropics,degC,ERSSTv6
1883,5,27.3211,tropics,degC,ERSSTv6
1883,6,26.8649,tropics,degC,ERSSTv6
1883,7,26.2476,tropics,degC,ERSSTv6
1883,8,26.0146,tropics,degC,ERSSTv6
1883,9,26.1871,tropics,degC,ERSSTv6
1883,10,26.2042,tropics,degC,ERSSTv6
1883,11,26.6571,tropics,degC,ERSSTv6
1883,12,26.4414,tropics,degC,ERSSTv6
1884,1,26.3284,tropics,degC,ERSSTv6
1884,2,26.8072,tropics,degC,ERSSTv6
1884,3,26.9130,tropics,degC,ERSSTv6
1884,4,27.1429,tropics,degC,ERSSTv6
1884,5,27.2977,tropics,degC,ERSSTv6
1884,6,26.7524,tropics,degC,ERSSTv6
1884,7,26.1887,tropics,degC,ERSSTv6
1884,8,26.0540,tropics,degC,ERSSTv6
1884,9,26.2664,tropics,degC,ERSSTv6
1884,10,26.3615,tropics,degC,ERSSTv6
1884,11,26.5653,tropics,degC,ERSSTv6
1884,12,26.5489,tropics,degC,ERSSTv6
1885,1,26.5409,tropics,degC,ERSSTv6
1885,2,26.7867,tropics,degC,ERSSTv6
1885,3,26.9425,tropics,degC,ERSSTv6
1885,4,27.2584,tropics,degC,ERSSTv6
1885,5,27.1519,tropics,degC,ERSSTv6
1885,6,26.6449,tropics,degC,ERSSTv6
1885,7,26.2057,tropics,degC,ERSSTv6
1885,8,25.9710,tropics,degC,ERSSTv6
1885,9,26.2631,tropics,degC,ERSSTv6
1885,10,26.7370,tropics,degC,ERSSTv6
1885,11,26.8397,tropics,degC,ERSSTv6
1885,12,26.6701,tropics,degC,ERSSTv6
1886,1,26.6335,tropics,degC,ERSSTv6
1886,2,26.6905,tropics,degC,ERSSTv6
1886,3,27.0292,tropics,degC,ERSSTv6
1886,4,27.3186,tropics,degC,ERSSTv6
1886,5,27.2206,tropics,degC,ERSSTv6
1886,6,26.6280,tropics,degC,ERSSTv6
1886,7,26.1547,tropics,degC,ERSSTv6
1886,8,25.9924,tropics,degC,ERSSTv6
1886,9,26.0377,tropics,degC,ERSSTv6
1886,10,26.1712,tropics,degC,ERSSTv6
1886,11,26.4451,tropics,degC,ERSSTv6
1886,12,26.1147,tropics,degC,ERSSTv6
1887,1,26.1425,tropics,degC,ERSSTv6
1887,2,26.3844,tropics,degC,ERSSTv6
1887,3,26.7237,tropics,degC,ERSSTv6
1887,4,26.9075,tropics,degC,ERSSTv6
1887,5,26.8056,tropics,degC,ERSSTv6
1887,6,26.4540,tropics,degC,ERSSTv6
1887,7,26.1649,tropics,degC,ERSSTv6
1887,8,25.9293,tropics,degC,ERSSTv6
1887,9,26.0639,tropics,degC,ERSSTv6
1887,10,26.3192,tropics,degC,ERSSTv6
1887,11,26.5856,tropics,degC,ERSSTv6
1887,12,26.5302,tropics,degC,ERSSTv6
1888,1,26.4881,tropics,degC,ERSSTv6
1888,2,26.7670,tropics,degC,ERSSTv6
1888,3,27.1871,tropics,degC,ERSSTv6
1888,4,27.3003,tropics,degC,ERSSTv6
1888,5,27.3157,tropics,degC,ERSSTv6
1888,6,26.8435,tropics,degC,ERSSTv6
1888,7,26.4860,tropics,degC,ERSSTv6
1888,8,26.2283,tropics,degC,ERSSTv6
1888,9,26.3852,tropics,degC,ERSSTv6
1888,10,26.8071,tropics,degC,ERSSTv6
1888,11,27.0284,tropics,degC,ERSSTv6
1888,12,27.0002,tropics,degC,ERSSTv6
1889,1,27.0635,tropics,degC,ERSSTv6
1889,2,27.1586,tropics,degC,ERSSTv6
1889,3,27.4461,tropics,degC,ERSSTv6
1889,4,27.5373,tropics,degC,ERSSTv6
1889,5,27.4165,tropics,degC,ERSSTv6
1889,6,26.9437,tropics,degC,ERSSTv6
1889,7,26.4958,tropics,degC,ERSSTv6
1889,8,26.1864,tropics,degC,ERSSTv6
1889,9,26.1679,tropics,degC,ERSSTv6
1889,10,26.1876,tropics,degC,ERSSTv6
1889,11,26.5304,tropics,degC,ERSSTv6
1889,12,26.4767,tropics,degC,ERSSTv6
1890,1,26.1962,tropics,degC,ERSSTv6
1890,2,26.5293,tropics,degC,ERSSTv6
1890,3,26.8582,tropics,degC,ERSSTv6
1890,4,27.0253,tropics,degC,ERSSTv6
1890,5,26.9772,tropics,degC,ERSSTv6
1890,6,26.4842,tropics,degC,ERSSTv6
1890,7,26.0498,tropics,degC,ERSSTv6
1890,8,25.5905,tropics,degC,ERSSTv6
1890,9,25.8080,tropics,degC,ERSSTv6
1890,10,26.0117,tropics,degC,ERSSTv6
1890,11,26.1039,tropics,degC,ERSSTv6
1890,12,26.5527,tropics,degC,ERSSTv6
1891,1,26.3598,tropics,degC,ERSSTv6
1891,2,26.6684,tropics,degC,ERSSTv6
1891,3,26.9633,tropics,degC,ERSSTv6
1891,4,27.2785,tropics,degC,ERSSTv6
1891,5,27.3329,tropics,degC,ERSSTv6
1891,6,26.7201,tropics,degC,ERSSTv6
1891,7,26.2059,tropics,degC,ERSSTv6
1891,8,26.0438,tropics,degC,ERSSTv6
1891,9,26.1501,tropics,degC,ERSSTv6
1891,10,26.4871,tropics,degC,ERSSTv6
1891,11,26.5569,tropics,degC,ERSSTv6
1891,12,26.5620,tropics,degC,ERSSTv6
1892,1,26.6415,tropics,degC,ERSSTv6
1892,2,26.8332,tropics,degC,ERSSTv6
1892,3,26.9436,tropics,degC,ERSSTv6
1892,4,27.0673,tropics,degC,ERSSTv6
1892,5,26.9878,tropics,degC,ERSSTv6
1892,6,26.4443,tropics,degC,ERSSTv6
1892,7,25.8703,tropics,degC,ERSSTv6
1892,8,25.6786,tropics,degC,ERSSTv6
1892,9,25.8612,tropics,degC,ERSSTv6
1892,10,25.8992,tropics,degC,ERSSTv6
1892,11,26.0084,tropics,degC,ERSSTv6
1892,12,26.2916,tropics,degC,ERSSTv6
1893,1,26.2425,tropics,degC,ERSSTv6
1893,2,26.5130,tropics,degC,ERSSTv6
1893,3,26.8039,tropics,degC,ERSSTv6
1893,4,26.9143,tropics,degC,ERSSTv6
1893,5,26.8689,tropics,degC,ERSSTv6
1893,6,26.5257,tropics,degC,ERSSTv6
1893,7,26.1794,tropics,degC,ERSSTv6
1893,8,25.9133,tropics,degC,ERSSTv6
1893,9,25.9171,tropics,degC,ERSSTv6
1893,10,26.2033,tropics,degC,ERSSTv6
1893,11,26.1504,tropics,degC,ERSSTv6
1893,12,26.2507,tropics,degC,ERSSTv6
1894,1,26.2122,tropics,degC,ERSSTv6
1894,2,26.4562,tropics,degC,ERSSTv6
1894,3,26.7456,tropics,degC,ERSSTv6
1894,4,27.0011,tropics,degC,ERSSTv6
1894,5,26.8830,tropics,degC,ERSSTv6
1894,6,26.5006,tropics,degC,ERSSTv6
1894,7,26.2028,tropics,degC,ERSSTv6
1894,8,25.9117,tropics,degC,ERSSTv6
1894,9,26.0696,tropics,degC,ERSSTv6
1894,10,26.1976,tropics,degC,ERSSTv6
1894,11,26.3246,tropics,degC,ERSSTv6
1894,12,26.4011,tropics,degC,ERSSTv6
1895,1,26.5873,tropics,degC,ERSSTv6
1895,2,26.7196,tropics,degC,ERSSTv6
1895,3,26.9515,tropics,degC,ERSSTv6
1895,4,27.3454,tropics,degC,ERSSTv6
1895,5,27.1919,tropics,degC,ERSSTv6
1895,6,26.7016,tropics,degC,ERSSTv6
1895,7,26.3500,tropics,degC,ERSSTv6
1895,8,26.2896,tropics,degC,ERSSTv6
1895,9,26.3421,tropics,degC,ERSSTv6
1895,10,26.5389,tropics,degC,ERSSTv6
1895,11,26.8847,tropics,degC,ERSSTv6
1895,12,26.6450,tropics,degC,ERSSTv6
1896,1,26.6763,tropics,degC,ERSSTv6
1896,2,26.8007,tropics,degC,ERSSTv6
1896,3,27.3158,tropics,degC,ERSSTv6
1896,4,27.4629,tropics,degC,ERSSTv6
1896,5,27.3462,tropics,degC,ERSSTv6
1896,6,26.9264,tropics,degC,ERSSTv6
1896,7,26.6420,tropics,degC,ERSSTv6
1896,8,26.4774,tropics,degC,ERSSTv6
1896,9,26.5213,tropics,degC,ERSSTv6
1896,10,26.6734,tropics,degC,ERSSTv6
1896,11,27.0859,tropics,degC,ERSSTv6
1896,12,27.0879,tropics,degC,ERSSTv6
1897,1,26.9968,tropics,degC,ERSSTv6
1897,2,27.1744,tropics,degC,ERSSTv6
1897,3,27.4828,tropics,degC,ERSSTv6
1897,4,27.5821,tropics,degC,ERSSTv6
1897,5,27.3820,tropics,degC,ERSSTv6
1897,6,26.8935,tropics,degC,ERSSTv6
1897,7,26.5356,tropics,degC,ERSSTv6
1897,8,26.4077,tropics,degC,ERSSTv6
1897,9,26.3216,tropics,degC,ERSSTv6
1897,10,26.5963,tropics,degC,ERSSTv6
1897,11,26.5494,tropics,degC,ERSSTv6
1897,12,26.5718,tropics,degC,ERSSTv6
1898,1,26.4802,tropics,degC,ERSSTv6
1898,2,26.5681,tropics,degC,ERSSTv6
1898,3,26.7717,tropics,degC,ERSSTv6
1898,4,27.0456,tropics,degC,ERSSTv6
1898,5,26.9476,tropics,degC,ERSSTv6
1898,6,26.6337,tropics,degC,ERSSTv6
1898,7,26.1796,tropics,degC,ERSSTv6
1898,8,25.8671,tropics,degC,ERSSTv6
1898,9,26.0739,tropics,degC,ERSSTv6
1898,10,26.2094,tropics,degC,ERSSTv6
1898,11,26.4768,tropics,degC,ERSSTv6
1898,12,26.4371,tropics,degC,ERSSTv6
1899,1,26.4229,tropics,degC,ERSSTv6
1899,2,26.5133,tropics,degC,ERSSTv6
1899,3,26.8301,tropics,degC,ERSSTv6
1899,4,27.0650,tropics,degC,ERSSTv6
1899,5,27.1706,tropics,degC,ERSSTv6
1899,6,26.5224,tropics,degC,ERSSTv6
1899,7,26.2966,tropics,degC,ERSSTv6
1899,8,26.2520,tropics,degC,ERSSTv6
1899,9,26.2374,tropics,degC,ERSSTv6
1899,10,26.6532,tropics,degC,ERSSTv6
1899,11,26.7377,tropics,degC,ERSSTv6
1899,12,26.9112,tropics,degC,ERSSTv6
1900,1,26.8299,tropics,degC,ERSSTv6
1900,2,27.1021,tropics,degC,ERSSTv6
1900,3,27.1542,tropics,degC,ERSSTv6
1900,4,27.6365,tropics,degC,ERSSTv6
1900,5,27.3492,tropics,degC,ERSSTv6
1900,6,26.9762,tropics,degC,ERSSTv6
1900,7,26.5245,tropics,degC,ERSSTv6
1900,8,26.2298,tropics,degC,ERSSTv6
1900,9,26.3686,tropics,degC,ERSSTv6
1900,10,26.6159,tropics,degC,ERSSTv6
1900,11,26.6497,tropics,degC,ERSSTv6
1900,12,26.8234,tropics,degC,ERSSTv6
1901,1,26.8147,tropics,degC,ERSSTv6
1901,2,26.8289,tropics,degC,ERSSTv6
1901,3,27.1375,tropics,degC,ERSSTv6
1901,4,27.3421,tropics,degC,ERSSTv6
1901,5,27.2090,tropics,degC,ERSSTv6
1901,6,26.5978,tropics,degC,ERSSTv6
1901,7,26.2147,tropics,degC,ERSSTv6
1901,8,26.1366,tropics,degC,ERSSTv6
1901,9,25.9767,tropics,degC,ERSSTv6
1901,10,26.3087,tropics,degC,ERSSTv6
1901,11,26.5532,tropics,degC,ERSSTv6
1901,12,26.4130,tropics,degC,ERSSTv6
1902,1,26.3983,tropics,degC,ERSSTv6
1902,2,26.6302,tropics,degC,ERSSTv6
1902,3,26.8369,tropics,degC,ERSSTv6
1902,4,27.3855,tropics,degC,ERSSTv6
1902,5,27.2254,tropics,degC,ERSSTv6
1902,6,26.7276,tropics,degC,ERSSTv6
1902,7,26.4074,tropics,degC,ERSSTv6
1902,8,26.1583,tropics,degC,ERSSTv6
1902,9,26.1864,tropics,degC,ERSSTv6
1902,10,26.4308,tropics,degC,ERSSTv6
1902,11,26.6263,tropics,degC,ERSSTv6
1902,12,26.7256,tropics,degC,ERSSTv6
1903,1,26.6525,tropics,degC,ERSSTv6
1903,2,26.6885,tropics,degC,ERSSTv6
1903,3,26.8899,tropics,degC,ERSSTv6
1903,4,27.0832,tropics,degC,ERSSTv6
1903,5,26.9781,tropics,degC,ERSSTv6
1903,6,26.5966,tropics,degC,ERSSTv6
1903,7,26.1472,tropics,degC,ERSSTv6
1903,8,25.7973,tropics,degC,ERSSTv6
1903,9,25.9028,tropics,degC,ERSSTv6
1903,10,26.1302,tropics,degC,ERSSTv6
1903,11,26.1976,tropics,degC,ERSSTv6
1903,12,26.1838,tropics,degC,ERSSTv6
1904,1,26.0034,tropics,degC,ERSSTv6
1904,2,26.0670,tropics,degC,ERSSTv6
1904,3,26.6268,tropics,degC,ERSSTv6
1904,4,26.7522,tropics,degC,ERSSTv6
1904,5,26.7473,tropics,degC,ERSSTv6
1904,6,26.3106,tropics,degC,ERSSTv6
1904,7,25.9405,tropics,degC,ERSSTv6
1904,8,25.8441,tropics,degC,ERSSTv6
1904,9,25.9348,tropics,degC,ERSSTv6
1904,10,26.2647,tropics,degC,ERSSTv6
1904,11,26.4116,tropics,degC,ERSSTv6
1904,12,26.4904,tropics,degC,ERSSTv6
1905,1,26.3943,tropics,degC,ERSSTv6
1905,2,26.5427,tropics,degC,ERSSTv6
1905,3,26.9604,tropics,degC,ERSSTv6
1905,4,27.1511,tropics,degC,ERSSTv6
1905,5,27.1694,tropics,degC,ERSSTv6
1905,6,26.8372,tropics,degC,ERSSTv6
1905,7,26.3291,tropics,degC,ERSSTv6
1905,8,26.1500,tropics,degC,ERSSTv6
1905,9,26.2153,tropics,degC,ERSSTv6
1905,10,26.4206,tropics,degC,ERSSTv6
1905,11,26.6050,tropics,degC,ERSSTv6
1905,12,26.6416,tropics,degC,ERSSTv6
1906,1,26.6766,tropics,degC,ERSSTv6
1906,2,26.8522,tropics,degC,ERSSTv6
1906,3,27.0799,tropics,degC,ERSSTv6
1906,4,27.2541,tropics,degC,ERSSTv6
1906,5,27.0721,tropics,degC,ERSSTv6
1906,6,26.6557,tropics,degC,ERSSTv6
1906,7,26.3034,tropics,degC,ERSSTv6
1906,8,25.9573,tropics,degC,ERSSTv6
1906,9,26.0583,tropics,degC,ERSSTv6
1906,10,26.0250,tropics,degC,ERSSTv6
1906,11,26.3813,tropics,degC,ERSSTv6
1906,12,26.4539,tropics,degC,ERSSTv6
1907,1,26.2439,tropics,degC,ERSSTv6
1907,2,26.4452,tropics,degC,ERSSTv6
1907,3,26.7646,tropics,degC,ERSSTv6
1907,4,27.0259,tropics,degC,ERSSTv6
1907,5,26.9874,tropics,degC,ERSSTv6
1907,6,26.5958,tropics,degC,ERSSTv6
1907,7,26.2269,tropics,degC,ERSSTv6
1907,8,25.9149,tropics,degC,ERSSTv6
1907,9,26.1132,tropics,degC,ERSSTv6
1907,10,26.2345,tropics,degC,ERSSTv6
1907,11,26.4569,tropics,degC,ERSSTv6
1907,12,26.3748,tropics,degC,ERSSTv6
1908,1,26.3844,tropics,degC,ERSSTv6
1908,2,26.4781,tropics,degC,ERSSTv6
1908,3,26.5673,tropics,degC,ERSSTv6
1908,4,26.8593,tropics,degC,ERSSTv6
1908,5,26.9197,tropics,degC,ERSSTv6
1908,6,26.3712,tropics,degC,ERSSTv6
1908,7,25.9307,tropics,degC,ERSSTv6
1908,8,25.7006,tropics,degC,ERSSTv6
1908,9,25.8959,tropics,degC,ERSSTv6
1908,10,26.0392,tropics,degC,ERSSTv6
1908,11,26.1761,tropics,degC,ERSSTv6
1908,12,26.0799,tropics,degC,ERSSTv6
1909,1,26.2314,tropics,degC,ERSSTv6
1909,2,26.3810,tropics,degC,ERSSTv6
1909,3,26.6219,tropics,degC,ERSSTv6
1909,4,26.9278,tropics,degC,ERSSTv6
1909,5,26.9240,tropics,degC,ERSSTv6
1909,6,26.4237,tropics,degC,ERSSTv6
1909,7,25.8900,tropics,degC,ERSSTv6
1909,8,25.6658,tropics,degC,ERSSTv6
1909,9,25.8141,tropics,degC,ERSSTv6
1909,10,25.9203,tropics,degC,ERSSTv6
1909,11,26.0724,tropics,degC,ERSSTv6
1909,12,26.0502,tropics,degC,ERSSTv6
1910,1,26.1193,tropics,degC,ERSSTv6
1910,2,26.2505,tropics,degC,ERSSTv6
1910,3,26.4124,tropics,degC,ERSSTv6
1910,4,26.7251,tropics,degC,ERSSTv6
1910,5,26.7469,tropics,degC,ERSSTv6
1910,6,26.5194,tropics,degC,ERSSTv6
1910,7,25.9609,tropics,degC,ERSSTv6
1910,8,25.7182,tropics,degC,ERSSTv6
1910,9,25.8439,tropics,degC,ERSSTv6
1910,10,26.0311,tropics,degC,ERSSTv6
1910,11,26.1171,tropics,degC,ERSSTv6
1910,12,26.1462,tropics,degC,ERSSTv6
1911,1,26.2537,tropics,degC,ERSSTv6
1911,2,26.2362,tropics,degC,ERSSTv6
1911,3,26.5845,tropics,degC,ERSSTv6
1911,4,26.6861,tropics,degC,ERSSTv6
1911,5,26.6547,tropics,degC,ERSSTv6
1911,6,26.3419,tropics,degC,ERSSTv6
1911,7,25.9334,tropics,degC,ERSSTv6
1911,8,25.8057,tropics,degC,ERSSTv6
1911,9,26.0917,tropics,degC,ERSSTv6
1911,10,26.2839,tropics,degC,ERSSTv6
1911,11,26.5455,tropics,degC,ERSSTv6
1911,12,26.4965,tropics,degC,ERSSTv6
1912,1,26.5446,tropics,degC,ERSSTv6
1912,2,26.7147,tropics,degC,ERSSTv6
1912,3,27.0236,tropics,degC,ERSSTv6
1912,4,27.3958,tropics,degC,ERSSTv6
1912,5,27.0735,tropics,degC,ERSSTv6
1912,6,26.7198,tropics,degC,ERSSTv6
1912,7,26.2338,tropics,degC,ERSSTv6
1912,8,25.9164,tropics,degC,ERSSTv6
1912,9,26.1350,tropics,degC,ERSSTv6
1912,10,26.2665,tropics,degC,ERSSTv6
1912,11,26.4150,tropics,degC,ERSSTv6
1912,12,26.3761,tropics,degC,ERSSTv6
1913,1,26.3480,tropics,degC,ERSSTv6
1913,2,26.6536,tropics,degC,ERSSTv6
1913,3,26.8020,tropics,degC,ERSSTv6
1913,4,26.9669,tropics,degC,ERSSTv6
1913,5,27.0176,tropics,degC,ERSSTv6
1913,6,26.5862,tropics,degC,ERSSTv6
1913,7,26.2129,tropics,degC,ERSSTv6
1913,8,25.9874,tropics,degC,ERSSTv6
1913,9,25.9455,tropics,degC,ERSSTv6
1913,10,26.3388,tropics,degC,ERSSTv6
1913,11,26.5410,tropics,degC,ERSSTv6
1913,12,26.6223,tropics,degC,ERSSTv6
1914,1,26.6055,tropics,degC,ERSSTv6
1914,2,26.7800,tropics,degC,ERSSTv6
1914,3,26.9726,tropics,degC,ERSSTv6
1914,4,27.3466,tropics,degC,ERSSTv6
1914,5,27.1653,tropics,degC,ERSSTv6
1914,6,26.7197,tropics,degC,ERSSTv6
1914,7,26.2596,tropics,degC,ERSSTv6
1914,8,26.1324,tropics,degC,ERSSTv6
1914,9,26.2858,tropics,degC,ERSSTv6
1914,10,26.4453,tropics,degC,ERSSTv6
1914,11,26.7780,tropics,degC,ERSSTv6
1914,12,26.7109,tropics,degC,ERSSTv6
1915,1,26.5166,tropics,degC,ERSSTv6
1915,2,26.6881,tropics,degC,ERSSTv6
1915,3,27.2453,tropics,degC,ERSSTv6
1915,4,27.4185,tropics,degC,ERSSTv6
1915,5,27.3189,tropics,degC,ERSSTv6
1915,6,26.8888,tropics,degC,ERSSTv6
1915,7,26.6015,tropics,degC,ERSSTv6
1915,8,26.3186,tropics,degC,ERSSTv6
1915,9,26.3364,tropics,degC,ERSSTv6
1915,10,26.4121,tropics,degC,ERSSTv6
1915,11,26.5459,tropics,degC,ERSSTv6
1915,12,26.3944,tropics,degC,ERSSTv6
1916,1,26.4993,tropics,degC,ERSSTv6
1916,2,26.5844,tropics,degC,ERSSTv6
1916,3,26.7952,tropics,degC,ERSSTv6
1916,4,27.1634,tropics,degC,ERSSTv6
1916,5,26.9734,tropics,degC,ERSSTv6
1916,6,26.5882,tropics,degC,ERSSTv6
1916,7,26.0180,tropics,degC,ERSSTv6
1916,8,25.7915,tropics,degC,ERSSTv6
1916,9,25.9182,tropics,degC,ERSSTv6
1916,10,25.9173,tropics,degC,ERSSTv6
1916,11,26.0985,tropics,degC,ERSSTv6
1916,12,25.9446,tropics,degC,ERSSTv6
1917,1,25.7470,tropics,degC,ERSSTv6
1917,2,25.9890,tropics,degC,ERSSTv6
1917,3,26.2824,tropics,degC,ERSSTv6
1917,4,26.8261,tropics,degC,ERSSTv6
1917,5,26.6856,tropics,degC,ERSSTv6
1917,6,26.4365,tropics,degC,ERSSTv6
1917,7,26.1525,tropics,degC,ERSSTv6
1917,8,26.0272,tropics,degC,ERSSTv6
1917,9,25.9535,tropics,degC,ERSSTv6
1917,10,26.1269,tropics,degC,ERSSTv6
1917,11,26.0793,tropics,degC,ERSSTv6
1917,12,26.1951,tropics,degC,ERSSTv6
1918,1,26.2221,tropics,degC,ERSSTv6
1918,2,26.2054,tropics,degC,ERSSTv6
1918,3,26.5703,tropics,degC,ERSSTv6
1918,4,26.9182,tropics,degC,ERSSTv6
1918,5,26.9251,tropics,degC,ERSSTv6
1918,6,26.4302,tropics,degC,ERSSTv6
1918,7,26.2571,tropics,degC,ERSSTv6
1918,8,25.9372,tropics,degC,ERSSTv6
1918,9,26.1932,tropics,degC,ERSSTv6
1918,10,26.5399,tropics,degC,ERSSTv6
1918,11,26.7992,tropics,degC,ERSSTv6
1918,12,26.8215,tropics,degC,ERSSTv6
1919,1,26.6440,tropics,degC,ERSSTv6
1919,2,26.8909,tropics,degC,ERSSTv6
1919,3,27.0197,tropics,degC,ERSSTv6
1919,4,27.3410,tropics,degC,ERSSTv6
1919,5,27.0545,tropics,degC,ERSSTv6
1919,6,26.6957,tropics,degC,ERSSTv6
1919,7,26.1408,tropics,degC,ERSSTv6
1919,8,25.8862,tropics,degC,ERSSTv6
1919,9,26.2103,tropics,degC,ERSSTv6
1919,10,26.1832,tropics,degC,ERSSTv6
1919,11,26.3729,tropics,degC,ERSSTv6
1919,12,26.4196,tropics,degC,ERSSTv6
1920,1,26.5071,tropics,degC,ERSSTv6
1920,2,26.6424,tropics,degC,ERSSTv6
1920,3,27.1610,tropics,degC,ERSSTv6
1920,4,27.1041,tropics,degC,ERSSTv6
1920,5,27.1155,tropics,degC,ERSSTv6
1920,6,26.6661,tropics,degC,ERSSTv6
1920,7,26.2399,tropics,degC,ERSSTv6
1920,8,25.9158,tropics,degC,ERSSTv6
1920,9,26.2251,tropics,degC,ERSSTv6
1920,10,26.3652,tropics,degC,ERSSTv6
1920,11,26.4282,tropics,degC,ERSSTv6
1920,12,26.3843,tropics,degC,ERSSTv6
1921,1,26.4592,tropics,degC,ERSSTv6
1921,2,26.5686,tropics,degC,ERSSTv6
1921,3,26.6209,tropics,degC,ERSSTv6
1921,4,27.0982,tropics,degC,ERSSTv6
1921,5,26.9109,tropics,degC,ERSSTv6
1921,6,26.5889,tropics,degC,ERSSTv6
1921,7,26.2486,tropics,degC,ERSSTv6
1921,8,25.9399,tropics,degC,ERSSTv6
1921,9,26.1286,tropics,degC,ERSSTv6
1921,10,26.3930,tropics,degC,ERSSTv6
1921,11,26.4603,tropics,degC,ERSSTv6
1921,12,26.6090,tropics,degC,ERSSTv6
1922,1,26.2426,tropics,degC,ERSSTv6
1922,2,26.6191,tropics,degC,ERSSTv6
1922,3,26.9940,tropics,degC,ERSSTv6
1922,4,27.0499,tropics,degC,ERSSTv6
1922,5,26.9544,tropics,degC,ERSSTv6
1922,6,26.4454,tropics,degC,ERSSTv6
1922,7,26.0646,tropics,degC,ERSSTv6
1922,8,25.7934,tropics,degC,ERSSTv6
1922,9,25.9563,tropics,degC,ERSSTv6
1922,10,26.2300,tropics,degC,ERSSTv6
1922,11,26.3735,tropics,degC,ERSSTv6
1922,12,26.3406,tropics,degC,ERSSTv6
1923,1,26.2716,tropics,degC,ERSSTv6
1923,2,26.4161,tropics,degC,ERSSTv6
1923,3,26.6225,tropics,degC,ERSSTv6
1923,4,27.0953,tropics,degC,ERSSTv6
1923,5,26.9596,tropics,degC,ERSSTv6
1923,6,26.5926,tropics,degC,ERSSTv6
1923,7,26.1423,tropics,degC,ERSSTv6
1923,8,25.8456,tropics,degC,ERSSTv6
1923,9,26.0679,tropics,degC,ERSSTv6
1923,10,26.3181,tropics,degC,ERSSTv6
1923,11,26.6416,tropics,degC,ERSSTv6
1923,12,26.7245,tropics,degC,ERSSTv6
1924,1,26.5086,tropics,degC,ERSSTv6
1924,2,26.8100,tropics,degC,ERSSTv6
1924,3,27.0381,tropics,degC,ERSSTv6
1924,4,27.3749,tropics,degC,ERSSTv6
1924,5,27.1632,tropics,degC,ERSSTv6
1924,6,26.6541,tropics,degC,ERSSTv6
1924,7,26.1436,tropics,degC,ERSSTv6
1924,8,25.8266,tropics,degC,ERSSTv6
1924,9,25.9101,tropics,degC,ERSSTv6
1924,10,26.0975,tropics,degC,ERSSTv6
1924,11,26.1293,tropics,degC,ERSSTv6
1924,12,26.0419,tropics,degC,ERSSTv6
1925,1,26.0589,tropics,degC,ERSSTv6
1925,2,26.3543,tropics,degC,ERSSTv6
1925,3,26.8172,tropics,degC,ERSSTv6
1925,4,26.9628,tropics,degC,ERSSTv6
1925,5,27.0107,tropics,degC,ERSSTv6
1925,6,26.6812,tropics,degC,ERSSTv6
1925,7,26.3814,tropics,degC,ERSSTv6
1925,8,26.1405,tropics,degC,ERSSTv6
1925,9,26.2009,tropics,degC,ERSSTv6
1925,10,26.3977,tropics,degC,ERSSTv6
1925,11,26.7481,tropics,degC,ERSSTv6
1925,12,26.7433,tropics,degC,ERSSTv6
1926,1,26.7661,tropics,degC,ERSSTv6
1926,2,26.8609,tropics,degC,ERSSTv6
1926,3,27.2632,tropics,degC,ERSSTv6
1926,4,27.4935,tropics,degC,ERSSTv6
1926,5,27.3722,tropics,degC,ERSSTv6
1926,6,26.9003,tropics,degC,ERSSTv6
1926,7,26.4184,tropics,degC,ERSSTv6
1926,8,26.2132,tropics,degC,ERSSTv6
1926,9,26.2818,tropics,degC,ERSSTv6
1926,10,26.4354,tropics,degC,ERSSTv6
1926,11,26.5208,tropics,degC,ERSSTv6
1926,12,26.5595,tropics,degC,ERSSTv6
1927,1,26.4551,tropics,degC,ERSSTv6
1927,2,26.7405,tropics,degC,ERSSTv6
1927,3,26.8945,tropics,degC,ERSSTv6
1927,4,27.1352,tropics,degC,ERSSTv6
1927,5,26.9796,tropics,degC,ERSSTv6
1927,6,26.6661,tropics,degC,ERSSTv6
1927,7,26.2220,tropics,degC,ERSSTv6
1927,8,26.0751,tropics,degC,ERSSTv6
1927,9,26.1586,tropics,degC,ERSSTv6
1927,10,26.4870,tropics,degC,ERSSTv6
1927,11,26.6765,tropics,degC,ERSSTv6
1927,12,26.6595,tropics,degC,ERSSTv6
1928,1,26.6626,tropics,degC,ERSSTv6
1928,2,26.7652,tropics,degC,ERSSTv6
1928,3,26.9439,tropics,degC,ERSSTv6
1928,4,27.1778,tropics,degC,ERSSTv6
1928,5,27.0550,tropics,degC,ERSSTv6
1928,6,26.5835,tropics,degC,ERSSTv6
1928,7,26.1810,tropics,degC,ERSSTv6
1928,8,25.9235,tropics,degC,ERSSTv6
1928,9,26.0048,tropics,degC,ERSSTv6
1928,10,26.2557,tropics,degC,ERSSTv6
1928,11,26.4246,tropics,degC,ERSSTv6
1928,12,26.3848,tropics,degC,ERSSTv6
1929,1,26.2730,tropics,degC,ERSSTv6
1929,2,26.4202,tropics,degC,ERSSTv6
1929,3,26.8593,tropics,degC,ERSSTv6
1929,4,27.1104,tropics,degC,ERSSTv6
1929,5,26.9139,tropics,degC,ERSSTv6
1929,6,26.5463,tropics,degC,ERSSTv6
1929,7,26.0911,tropics,degC,ERSSTv6
1929,8,26.0091,tropics,degC,ERSSTv6
1929,9,26.1300,tropics,degC,ERSSTv6
1929,10,26.3115,tropics,degC,ERSSTv6
1929,11,26.5383,tropics,degC,ERSSTv6
1929,12,26.4505,tropics,degC,ERSSTv6
1930,1,26.4654,tropics,degC,ERSSTv6
1930,2,26.5908,tropics,degC,ERSSTv6
1930,3,26.9070,tropics,degC,ERSSTv6
1930,4,27.2649,tropics,degC,ERSSTv6
1930,5,27.1086,tropics,degC,ERSSTv6
1930,6,26.6676,tropics,degC,ERSSTv6
1930,7,26.2978,tropics,degC,ERSSTv6
1930,8,26.0982,tropics,degC,ERSSTv6
1930,9,26.3401,tropics,degC,ERSSTv6
1930,10,26.6495,tropics,degC,ERSSTv6
1930,11,26.8994,tropics,degC,ERSSTv6
1930,12,26.7635,tropics,degC,ERSSTv6
1931,1,26.8424,tropics,degC,ERSSTv6
1931,2,26.9819,tropics,degC,ERSSTv6
1931,3,27.3091,tropics,degC,ERSSTv6
1931,4,27.4393,tropics,degC,ERSSTv6
1931,5,27.4095,tropics,degC,ERSSTv6
1931,6,26.9645,tropics,degC,ERSSTv6
1931,7,26.4804,tropics,degC,ERSSTv6
1931,8,26.1711,tropics,degC,ERSSTv6
1931,9,26.2602,tropics,degC,ERSSTv6
1931,10,26.4089,tropics,degC,ERSSTv6
1931,11,26.5028,tropics,degC,ERSSTv6
1931,12,26.4689,tropics,degC,ERSSTv6
1932,1,26.4010,tropics,degC,ERSSTv6
1932,2,26.6090,tropics,degC,ERSSTv6
1932,3,27.0462,tropics,degC,ERSSTv6
1932,4,27.2286,tropics,degC,ERSSTv6
1932,5,27.1692,tropics,degC,ERSSTv6
1932,6,26.6892,tropics,degC,ERSSTv6
1932,7,26.1831,tropics,degC,ERSSTv6
1932,8,26.0609,tropics,degC,ERSSTv6
1932,9,26.1887,tropics,degC,ERSSTv6
1932,10,26.1795,tropics,degC,ERSSTv6
1932,11,26.4554,tropics,degC,ERSSTv6
1932,12,26.4384,tropics,degC,ERSSTv6
1933,1,26.4980,tropics,degC,ERSSTv6
1933,2,26.6344,tropics,degC,ERSSTv6
1933,3,26.9261,tropics,degC,ERSSTv6
1933,4,27.1168,tropics,degC,ERSSTv6
1933,5,27.0027,tropics,degC,ERSSTv6
1933,6,26.5096,tropics,degC,ERSSTv6
1933,7,26.0342,tropics,degC,ERSSTv6
1933,8,25.8839,tropics,degC,ERSSTv6
1933,9,25.8775,tropics,degC,ERSSTv6
1933,10,26.1452,tropics,degC,ERSSTv6
1933,11,26.1928,tropics,degC,ERSSTv6
1933,12,26.1575,tropics,degC,ERSSTv6
1934,1,26.1570,tropics,degC,ERSSTv6
1934,2,26.3565,tropics,degC,ERSSTv6
1934,3,26.6439,tropics,degC,ERSSTv6
1934,4,27.0709,tropics,degC,ERSSTv6
1934,5,26.9368,tropics,degC,ERSSTv6
1934,6,26.7003,tropics,degC,ERSSTv6
1934,7,26.2635,tropics,degC,ERSSTv6
1934,8,26.0764,tropics,degC,ERSSTv6
1934,9,26.2030,tropics,degC,ERSSTv6
1934,10,26.3376,tropics,degC,ERSSTv6
1934,11,26.5112,tropics,degC,ERSSTv6
1934,12,26.4393,tropics,degC,ERSSTv6
1935,1,26.4142,tropics,degC,ERSSTv6
1935,2,26.5600,tropics,degC,ERSSTv6
1935,3,26.8347,tropics,degC,ERSSTv6
1935,4,27.1285,tropics,degC,ERSSTv6
1935,5,27.0502,tropics,degC,ERSSTv6
1935,6,26.6547,tropics,degC,ERSSTv6
1935,7,26.1414,tropics,degC,ERSSTv6
1935,8,26.0402,tropics,degC,ERSSTv6
1935,9,26.1102,tropics,degC,ERSSTv6
1935,10,26.3708,tropics,degC,ERSSTv6
1935,11,26.5517,tropics,degC,ERSSTv6
1935,12,26.4947,tropics,degC,ERSSTv6
1936,1,26.4831,tropics,degC,ERSSTv6
1936,2,26.7080,tropics,degC,ERSSTv6
1936,3,26.9973,tropics,degC,ERSSTv6
1936,4,27.3224,tropics,degC,ERSSTv6
1936,5,27.1780,tropics,degC,ERSSTv6
1936,6,26.5931,tropics,degC,ERSSTv6
1936,7,26.1815,tropics,degC,ERSSTv6
1936,8,26.1121,tropics,degC,ERSSTv6
1936,9,26.2133,tropics,degC,ERSSTv6
1936,10,26.4337,tropics,degC,ERSSTv6
1936,11,26.4957,tropics,degC,ERSSTv6
1936,12,26.4941,tropics,degC,ERSSTv6
1937,1,26.4021,tropics,degC,ERSSTv6
1937,2,26.7876,tropics,degC,ERSSTv6
1937,3,27.1600,tropics,degC,ERSSTv6
1937,4,27.3198,tropics,degC,ERSSTv6
1937,5,27.2393,tropics,degC,ERSSTv6
1937,6,26.8485,tropics,degC,ERSSTv6
1937,7,26.4229,tropics,degC,ERSSTv6
1937,8,26.2002,tropics,degC,ERSSTv6
1937,9,26.3232,tropics,degC,ERSSTv6
1937,10,26.4535,tropics,degC,ERSSTv6
1937,11,26.6559,tropics,degC,ERSSTv6
1937,12,26.6927,tropics,degC,ERSSTv6
1938,1,26.5022,tropics,degC,ERSSTv6
1938,2,26.7446,tropics,degC,ERSSTv6
1938,3,26.9845,tropics,degC,ERSSTv6
1938,4,27.0977,tropics,degC,ERSSTv6
1938,5,27.0206,tropics,degC,ERSSTv6
1938,6,26.6010,tropics,degC,ERSSTv6
1938,7,26.0997,tropics,degC,ERSSTv6
1938,8,25.8568,tropics,degC,ERSSTv6
1938,9,26.0325,tropics,degC,ERSSTv6
1938,10,26.3307,tropics,degC,ERSSTv6
1938,11,26.3694,tropics,degC,ERSSTv6
1938,12,26.2214,tropics,degC,ERSSTv6
1939,1,26.2804,tropics,degC,ERSSTv6
1939,2,26.5017,tropics,degC,ERSSTv6
1939,3,26.7405,tropics,degC,ERSSTv6
1939,4,27.1570,tropics,degC,ERSSTv6
1939,5,27.0798,tropics,degC,ERSSTv6
1939,6,26.7661,tropics,degC,ERSSTv6
1939,7,26.4319,tropics,degC,ERSSTv6
1939,8,26.1957,tropics,degC,ERSSTv6
1939,9,26.4783,tropics,degC,ERSSTv6
1939,10,26.4595,tropics,degC,ERSSTv6
1939,11,26.7105,tropics,degC,ERSSTv6
1939,12,26.7968,tropics,degC,ERSSTv6
1940,1,27.0119,tropics,degC,ERSSTv6
1940,2,27.2070,tropics,degC,ERSSTv6
1940,3,27.3537,tropics,degC,ERSSTv6
1940,4,27.6278,tropics,degC,ERSSTv6
1940,5,27.6338,tropics,degC,ERSSTv6
1940,6,27.0633,tropics,degC,ERSSTv6
1940,7,26.5688,tropics,degC,ERSSTv6
1940,8,26.5887,tropics,degC,ERSSTv6
1940,9,26.6682,tropics,degC,ERSSTv6
1940,10,26.8812,tropics,degC,ERSSTv6
1940,11,27.0066,tropics,degC,ERSSTv6
1940,12,27.0257,tropics,degC,ERSSTv6
1941,1,27.1707,tropics,degC,ERSSTv6
1941,2,27.3412,tropics,degC,ERSSTv6
1941,3,27.6620,tropics,degC,ERSSTv6
1941,4,27.8820,tropics,degC,ERSSTv6
1941,5,27.6583,tropics,degC,ERSSTv6
1941,6,27.3711,tropics,degC,ERSSTv6
1941,7,26.9245,tropics,degC,ERSSTv6
1941,8,26.6155,tropics,degC,ERSSTv6
1941,9,26.6414,tropics,degC,ERSSTv6
1941,10,27.1739,tropics,degC,ERSSTv6
1941,11,27.2443,tropics,degC,ERSSTv6
1941,12,27.3147,tropics,degC,ERSSTv6
1942,1,26.9711,tropics,degC,ERSSTv6
1942,2,27.0457,tropics,degC,ERSSTv6
1942,3,27.3335,tropics,degC,ERSSTv6
1942,4,27.5771,tropics,degC,ERSSTv6
1942,5,27.4919,tropics,degC,ERSSTv6
1942,6,26.9252,tropics,degC,ERSSTv6
1942,7,26.4476,tropics,degC,ERSSTv6
1942,8,26.1762,tropics,degC,ERSSTv6
1942,9,26.1902,tropics,degC,ERSSTv6
1942,10,26.3414,tropics,degC,ERSSTv6
1942,11,26.4751,tropics,degC,ERSSTv6
1942,12,26.5119,tropics,degC,ERSSTv6
1943,1,26.5230,tropics,degC,ERSSTv6
1943,2,26.7248,tropics,degC,ERSSTv6
1943,3,26.9460,tropics,degC,ERSSTv6
1943,4,27.2697,tropics,degC,ERSSTv6
1943,5,27.3278,tropics,degC,ERSSTv6
1943,6,26.9159,tropics,degC,ERSSTv6
1943,7,26.4595,tropics,degC,ERSSTv6
1943,8,26.3503,tropics,degC,ERSSTv6
1943,9,26.2592,tropics,degC,ERSSTv6
1943,10,26.6446,tropics,degC,ERSSTv6
1943,11,26.7406,tropics,degC,ERSSTv6
1943,12,26.6940,tropics,degC,ERSSTv6
1944,1,26.5733,tropics,degC,ERSSTv6
1944,2,26.9171,tropics,degC,ERSSTv6
1944,3,27.3714,tropics,degC,ERSSTv6
1944,4,27.6552,tropics,degC,ERSSTv6
1944,5,27.5414,tropics,degC,ERSSTv6
1944,6,27.2753,tropics,degC,ERSSTv6
1944,7,26.8323,tropics,degC,ERSSTv6
1944,8,26.4888,tropics,degC,ERSSTv6
1944,9,26.5203,tropics,degC,ERSSTv6
1944,10,26.7199,tropics,degC,ERSSTv6
1944,11,26.5612,tropics,degC,ERSSTv6
1944,12,26.9461,tropics,degC,ERSSTv6
1945,1,26.9210,tropics,degC,ERSSTv6
1945,2,27.1765,tropics,degC,ERSSTv6
1945,3,27.3250,tropics,degC,ERSSTv6
1945,4,27.6215,tropics,degC,ERSSTv6
1945,5,27.4969,tropics,degC,ERSSTv6
1945,6,27.1443,tropics,degC,ERSSTv6
1945,7,26.4853,tropics,degC,ERSSTv6
1945,8,26.5248,tropics,degC,ERSSTv6
1945,9,26.4338,tropics,degC,ERSSTv6
1945,10,26.7319,tropics,degC,ERSSTv6
1945,11,26.7928,tropics,degC,ERSSTv6
1945,12,26.8765,tropics,degC,ERSSTv6
1946,1,26.8271,tropics,degC,ERSSTv6
1946,2,26.9220,tropics,degC,ERSSTv6
1946,3,27.3011,tropics,degC,ERSSTv6
1946,4,27.4170,tropics,degC,ERSSTv6
1946,5,27.1329,tropics,degC,ERSSTv6
1946,6,26.6836,tropics,degC,ERSSTv6
1946,7,26.2643,tropics,degC,ERSSTv6
1946,8,26.0777,tropics,degC,ERSSTv6
1946,9,26.4729,tropics,degC,ERSSTv6
1946,10,26.6005,tropics,degC,ERSSTv6
1946,11,26.6099,tropics,degC,ERSSTv6
1946,12,26.6328,tropics,degC,ERSSTv6
1947,1,26.7302,tropics,degC,ERSSTv6
1947,2,26.7755,tropics,degC,ERSSTv6
1947,3,27.1330,tropics,degC,ERSSTv6
1947,4,27.3568,tropics,degC,ERSSTv6
1947,5,27.2104,tropics,degC,ERSSTv6
1947,6,26.8775,tropics,degC,ERSSTv6
1947,7,26.3930,tropics,degC,ERSSTv6
1947,8,26.0883,tropics,degC,ERSSTv6
1947,9,26.1324,tropics,degC,ERSSTv6
1947,10,26.2614,tropics,degC,ERSSTv6
1947,11,26.4672,tropics,degC,ERSSTv6
1947,12,26.5580,tropics,degC,ERSSTv6
1948,1,26.4381,tropics,degC,ERSSTv6
1948,2,26.7254,tropics,degC,ERSSTv6
1948,3,27.1192,tropics,degC,ERSSTv6
1948,4,27.2482,tropics,degC,ERSSTv6
1948,5,27.3114,tropics,degC,ERSSTv6
1948,6,26.8342,tropics,degC,ERSSTv6
1948,7,26.3236,tropics,degC,ERSSTv6
1948,8,26.1956,tropics,degC,ERSSTv6
1948,9,26.0329,tropics,degC,ERSSTv6
1948,10,26.2921,tropics,degC,ERSSTv6
1948,11,26.4176,tropics,degC,ERSSTv6
1948,12,26.5619,tropics,degC,ERSSTv6
1949,1,26.4791,tropics,degC,ERSSTv6
1949,2,26.7755,tropics,degC,ERSSTv6
1949,3,26.9441,tropics,degC,ERSSTv6
1949,4,27.2716,tropics,degC,ERSSTv6
1949,5,27.1854,tropics,degC,ERSSTv6
1949,6,26.6801,tropics,degC,ERSSTv6
1949,7,26.3450,tropics,degC,ERSSTv6
1949,8,26.1460,tropics,degC,ERSSTv6
1949,9,26.0248,tropics,degC,ERSSTv6
1949,10,26.3019,tropics,degC,ERSSTv6
1949,11,26.3458,tropics,degC,ERSSTv6
1949,12,26.4312,tropics,degC,ERSSTv6
1950,1,26.4238,tropics,degC,ERSSTv6
1950,2,26.5117,tropics,degC,ERSSTv6
1950,3,26.9378,tropics,degC,ERSSTv6
1950,4,27.0989,tropics,degC,ERSSTv6
1950,5,26.9787,tropics,degC,ERSSTv6
1950,6,26.6107,tropics,degC,ERSSTv6
1950,7,26.1950,tropics,degC,ERSSTv6
1950,8,25.9556,tropics,degC,ERSSTv6
1950,9,26.0171,tropics,degC,ERSSTv6
1950,10,26.2095,tropics,degC,ERSSTv6
1950,11,26.2651,tropics,degC,ERSSTv6
1950,12,26.2708,tropics,degC,ERSSTv6
1951,1,26.3302,tropics,degC,ERSSTv6
1951,2,26.5589,tropics,degC,ERSSTv6
1951,3,26.8105,tropics,degC,ERSSTv6
1951,4,27.1836,tropics,degC,ERSSTv6
1951,5,27.1508,tropics,degC,ERSSTv6
1951,6,26.9119,tropics,degC,ERSSTv6
1951,7,26.5263,tropics,degC,ERSSTv6
1951,8,26.3599,tropics,degC,ERSSTv6
1951,9,26.4233,tropics,degC,ERSSTv6
1951,10,26.7992,tropics,degC,ERSSTv6
1951,11,26.8603,tropics,degC,ERSSTv6
1951,12,26.7792,tropics,degC,ERSSTv6
1952,1,26.7540,tropics,degC,ERSSTv6
1952,2,26.9653,tropics,degC,ERSSTv6
1952,3,27.2326,tropics,degC,ERSSTv6
1952,4,27.4803,tropics,degC,ERSSTv6
1952,5,27.3619,tropics,degC,ERSSTv6
1952,6,26.8354,tropics,degC,ERSSTv6
1952,7,26.3166,tropics,degC,ERSSTv6
1952,8,26.1710,tropics,degC,ERSSTv6
1952,9,26.3101,tropics,degC,ERSSTv6
1952,10,26.5287,tropics,degC,ERSSTv6
1952,11,26.5957,tropics,degC,ERSSTv6
1952,12,26.6213,tropics,degC,ERSSTv6
1953,1,26.7111,tropics,degC,ERSSTv6
1953,2,26.9268,tropics,degC,ERSSTv6
1953,3,27.2210,tropics,degC,ERSSTv6
1953,4,27.5135,tropics,degC,ERSSTv6
1953,5,27.3989,tropics,degC,ERSSTv6
1953,6,27.0172,tropics,degC,ERSSTv6
1953,7,26.5330,tropics,degC,ERSSTv6
1953,8,26.3138,tropics,degC,ERSSTv6
1953,9,26.4056,tropics,degC,ERSSTv6
1953,10,26.5516,tropics,degC,ERSSTv6
1953,11,26.7230,tropics,degC,ERSSTv6
1953,12,26.7175,tropics,degC,ERSSTv6
1954,1,26.6230,tropics,degC,ERSSTv6
1954,2,26.8440,tropics,degC,ERSSTv6
1954,3,27.0462,tropics,degC,ERSSTv6
1954,4,27.1392,tropics,degC,ERSSTv6
1954,5,27.0669,tropics,degC,ERSSTv6
1954,6,26.6509,tropics,degC,ERSSTv6
1954,7,26.0909,tropics,degC,ERSSTv6
1954,8,26.0286,tropics,degC,ERSSTv6
1954,9,26.0109,tropics,degC,ERSSTv6
1954,10,26.2517,tropics,degC,ERSSTv6
1954,11,26.3542,tropics,degC,ERSSTv6
1954,12,26.2747,tropics,degC,ERSSTv6
1955,1,26.4913,tropics,degC,ERSSTv6
1955,2,26.4861,tropics,degC,ERSSTv6
1955,3,26.8503,tropics,degC,ERSSTv6
1955,4,26.9433,tropics,degC,ERSSTv6
1955,5,26.7965,tropics,degC,ERSSTv6
1955,6,26.4776,tropics,degC,ERSSTv6
1955,7,26.0605,tropics,degC,ERSSTv6
1955,8,25.9556,tropics,degC,ERSSTv6
1955,9,26.0294,tropics,degC,ERSSTv6
1955,10,26.0698,tropics,degC,ERSSTv6
1955,11,26.2377,tropics,degC,ERSSTv6
1955,12,26.2223,tropics,degC,ERSSTv6
1956,1,26.3189,tropics,degC,ERSSTv6
1956,2,26.5236,tropics,degC,ERSSTv6
1956,3,26.8455,tropics,degC,ERSSTv6
1956,4,27.0385,tropics,degC,ERSSTv6
1956,5,26.9305,tropics,degC,ERSSTv6
1956,6,26.5260,tropics,degC,ERSSTv6
1956,7,26.0826,tropics,degC,ERSSTv6
1956,8,25.9707,tropics,degC,ERSSTv6
1956,9,25.9899,tropics,degC,ERSSTv6
1956,10,26.2411,tropics,degC,ERSSTv6
1956,11,26.3979,tropics,degC,ERSSTv6
1956,12,26.4941,tropics,degC,ERSSTv6
1957,1,26.5248,tropics,degC,ERSSTv6
1957,2,26.7985,tropics,degC,ERSSTv6
1957,3,27.1590,tropics,degC,ERSSTv6
1957,4,27.4911,tropics,degC,ERSSTv6
1957,5,27.5509,tropics,degC,ERSSTv6
1957,6,27.0349,tropics,degC,ERSSTv6
1957,7,26.6200,tropics,degC,ERSSTv6
1957,8,26.4799,tropics,degC,ERSSTv6
1957,9,26.4729,tropics,degC,ERSSTv6
1957,10,26.7065,tropics,degC,ERSSTv6
1957,11,26.8479,tropics,degC,ERSSTv6
1957,12,26.9501,tropics,degC,ERSSTv6
1958,1,26.9828,tropics,degC,ERSSTv6
1958,2,27.2313,tropics,degC,ERSSTv6
1958,3,27.4873,tropics,degC,ERSSTv6
1958,4,27.6510,tropics,degC,ERSSTv6
1958,5,27.4288,tropics,degC,ERSSTv6
1958,6,27.0290,tropics,degC,ERSSTv6
1958,7,26.5932,tropics,degC,ERSSTv6
1958,8,26.3994,tropics,degC,ERSSTv6
1958,9,26.4366,tropics,degC,ERSSTv6
1958,10,26.5934,tropics,degC,ERSSTv6
1958,11,26.7149,tropics,degC,ERSSTv6
1958,12,26.7816,tropics,degC,ERSSTv6
1959,1,26.8279,tropics,degC,ERSSTv6
1959,2,26.9954,tropics,degC,ERSSTv6
1959,3,27.2831,tropics,degC,ERSSTv6
1959,4,27.5492,tropics,degC,ERSSTv6
1959,5,27.4353,tropics,degC,ERSSTv6
1959,6,26.9117,tropics,degC,ERSSTv6
1959,7,26.4217,tropics,degC,ERSSTv6
1959,8,26.2438,tropics,degC,ERSSTv6
1959,9,26.3637,tropics,degC,ERSSTv6
1959,10,26.6076,tropics,degC,ERSSTv6
1959,11,26.7131,tropics,degC,ERSSTv6
1959,12,26.6989,tropics,degC,ERSSTv6
1960,1,26.6532,tropics,degC,ERSSTv6
1960,2,26.8540,tropics,degC,ERSSTv6
1960,3,27.2658,tropics,degC,ERSSTv6
1960,4,27.4309,tropics,degC,ERSSTv6
1960,5,27.4056,tropics,degC,ERSSTv6
1960,6,26.8357,tropics,degC,ERSSTv6
1960,7,26.5074,tropics,degC,ERSSTv6
1960,8,26.2162,tropics,degC,ERSSTv6
1960,9,26.3807,tropics,degC,ERSSTv6
1960,10,26.4892,tropics,degC,ERSSTv6
1960,11,26.6421,tropics,degC,ERSSTv6
1960,12,26.7599,tropics,degC,ERSSTv6
1961,1,26.7115,tropics,degC,ERSSTv6
1961,2,26.9873,tropics,degC,ERSSTv6
1961,3,27.1789,tropics,degC,ERSSTv6
1961,4,27.4443,tropics,degC,ERSSTv6
1961,5,27.3210,tropics,degC,ERSSTv6
1961,6,26.9317,tropics,degC,ERSSTv6
1961,7,26.3231,tropics,degC,ERSSTv6
1961,8,26.1341,tropics,degC,ERSSTv6
1961,9,26.1937,tropics,degC,ERSSTv6
1961,10,26.4363,tropics,degC,ERSSTv6
1961,11,26.5835,tropics,degC,ERSSTv6
1961,12,26.6008,tropics,degC,ERSSTv6
1962,1,26.6098,tropics,degC,ERSSTv6
1962,2,26.7630,tropics,degC,ERSSTv6
1962,3,27.1339,tropics,degC,ERSSTv6
1962,4,27.3255,tropics,degC,ERSSTv6
1962,5,27.2386,tropics,degC,ERSSTv6
1962,6,26.8534,tropics,degC,ERSSTv6
1962,7,26.4724,tropics,degC,ERSSTv6
1962,8,26.2625,tropics,degC,ERSSTv6
1962,9,26.2889,tropics,degC,ERSSTv6
1962,10,26.4964,tropics,degC,ERSSTv6
1962,11,26.6766,tropics,degC,ERSSTv6
1962,12,26.5910,tropics,degC,ERSSTv6
1963,1,26.6542,tropics,degC,ERSSTv6
1963,2,26.8872,tropics,degC,ERSSTv6
1963,3,27.2328,tropics,degC,ERSSTv6
1963,4,27.4927,tropics,degC,ERSSTv6
1963,5,27.4683,tropics,degC,ERSSTv6
1963,6,26.9862,tropics,degC,ERSSTv6
1963,7,26.6162,tropics,degC,ERSSTv6
1963,8,26.4651,tropics,degC,ERSSTv6
1963,9,26.5303,tropics,degC,ERSSTv6
1963,10,26.7551,tropics,degC,ERSSTv6
1963,11,26.9443,tropics,degC,ERSSTv6
1963,12,26.9273,tropics,degC,ERSSTv6
1964,1,26.9234,tropics,degC,ERSSTv6
1964,2,27.0118,tropics,degC,ERSSTv6
1964,3,27.1840,tropics,degC,ERSSTv6
1964,4,27.3751,tropics,degC,ERSSTv6
1964,5,27.1502,tropics,degC,ERSSTv6
1964,6,26.7854,tropics,degC,ERSSTv6
1964,7,26.3263,tropics,degC,ERSSTv6
1964,8,25.9877,tropics,degC,ERSSTv6
1964,9,26.0377,tropics,degC,ERSSTv6
1964,10,26.2776,tropics,degC,ERSSTv6
1964,11,26.3286,tropics,degC,ERSSTv6
1964,12,26.2432,tropics,degC,ERSSTv6
1965,1,26.3509,tropics,degC,ERSSTv6
1965,2,26.6846,tropics,degC,ERSSTv6
1965,3,26.9876,tropics,degC,ERSSTv6
1965,4,27.3535,tropics,degC,ERSSTv6
1965,5,27.2799,tropics,degC,ERSSTv6
1965,6,26.8887,tropics,degC,ERSSTv6
1965,7,26.4072,tropics,degC,ERSSTv6
1965,8,26.2920,tropics,degC,ERSSTv6
1965,9,26.4162,tropics,degC,ERSSTv6
1965,10,26.6789,tropics,degC,ERSSTv6
1965,11,26.8494,tropics,degC,ERSSTv6
1965,12,26.8499,tropics,degC,ERSSTv6
1966,1,26.8114,tropics,degC,ERSSTv6
1966,2,26.9755,tropics,degC,ERSSTv6
1966,3,27.2689,tropics,degC,ERSSTv6
1966,4,27.5081,tropics,degC,ERSSTv6
1966,5,27.2876,tropics,degC,ERSSTv6
1966,6,26.9748,tropics,degC,ERSSTv6
1966,7,26.5750,tropics,degC,ERSSTv6
1966,8,26.2719,tropics,degC,ERSSTv6
1966,9,26.3747,tropics,degC,ERSSTv6
1966,10,26.5380,tropics,degC,ERSSTv6
1966,11,26.7327,tropics,degC,ERSSTv6
1966,12,26.7084,tropics,degC,ERSSTv6
1967,1,26.5753,tropics,degC,ERSSTv6
1967,2,26.7345,tropics,degC,ERSSTv6
1967,3,27.0430,tropics,degC,ERSSTv6
1967,4,27.3154,tropics,degC,ERSSTv6
1967,5,27.2993,tropics,degC,ERSSTv6
1967,6,26.8592,tropics,degC,ERSSTv6
1967,7,26.3151,tropics,degC,ERSSTv6
1967,8,26.0528,tropics,degC,ERSSTv6
1967,9,26.1672,tropics,degC,ERSSTv6
1967,10,26.3199,tropics,degC,ERSSTv6
1967,11,26.4391,tropics,degC,ERSSTv6
1967,12,26.4888,tropics,degC,ERSSTv6
1968,1,26.3890,tropics,degC,ERSSTv6
1968,2,26.5964,tropics,degC,ERSSTv6
1968,3,26.8913,tropics,degC,ERSSTv6
1968,4,27.2023,tropics,degC,ERSSTv6
1968,5,27.1274,tropics,degC,ERSSTv6
1968,6,26.9392,tropics,degC,ERSSTv6
1968,7,26.5013,tropics,degC,ERSSTv6
1968,8,26.3342,tropics,degC,ERSSTv6
1968,9,26.4358,tropics,degC,ERSSTv6
1968,10,26.7454,tropics,degC,ERSSTv6
1968,11,26.8786,tropics,degC,ERSSTv6
1968,12,26.9181,tropics,degC,ERSSTv6
1969,1,27.0321,tropics,degC,ERSSTv6
1969,2,27.2173,tropics,degC,ERSSTv6
1969,3,27.5694,tropics,degC,ERSSTv6
1969,4,27.8252,tropics,degC,ERSSTv6
1969,5,27.7598,tropics,degC,ERSSTv6
1969,6,27.1973,tropics,degC,ERSSTv6
1969,7,26.6333,tropics,degC,ERSSTv6
1969,8,26.4368,tropics,degC,ERSSTv6
1969,9,26.5848,tropics,degC,ERSSTv6
1969,10,26.8452,tropics,degC,ERSSTv6
1969,11,26.9803,tropics,degC,ERSSTv6
1969,12,27.0008,tropics,degC,ERSSTv6
1970,1,27.0002,tropics,degC,ERSSTv6
1970,2,27.0422,tropics,degC,ERSSTv6
1970,3,27.3980,tropics,degC,ERSSTv6
1970,4,27.5699,tropics,degC,ERSSTv6
1970,5,27.4239,tropics,degC,ERSSTv6
1970,6,26.8566,tropics,degC,ERSSTv6
1970,7,26.4033,tropics,degC,ERSSTv6
1970,8,26.1625,tropics,degC,ERSSTv6
1970,9,26.2160,tropics,degC,ERSSTv6
1970,10,26.4073,tropics,degC,ERSSTv6
1970,11,26.5489,tropics,degC,ERSSTv6
1970,12,26.4117,tropics,degC,ERSSTv6
1971,1,26.3811,tropics,degC,ERSSTv6
1971,2,26.4717,tropics,degC,ERSSTv6
1971,3,26.7803,tropics,degC,ERSSTv6
1971,4,27.1561,tropics,degC,ERSSTv6
1971,5,27.0717,tropics,degC,ERSSTv6
1971,6,26.5586,tropics,degC,ERSSTv6
1971,7,26.1792,tropics,degC,ERSSTv6
1971,8,25.9962,tropics,degC,ERSSTv6
1971,9,26.1238,tropics,degC,ERSSTv6
1971,10,26.2435,tropics,degC,ERSSTv6
1971,11,26.4055,tropics,degC,ERSSTv6
1971,12,26.3358,tropics,degC,ERSSTv6
1972,1,26.5640,tropics,degC,ERSSTv6
1972,2,26.8565,tropics,degC,ERSSTv6
1972,3,27.0525,tropics,degC,ERSSTv6
1972,4,27.3967,tropics,degC,ERSSTv6
1972,5,27.3507,tropics,degC,ERSSTv6
1972,6,27.0272,tropics,degC,ERSSTv6
1972,7,26.6227,tropics,degC,ERSSTv6
1972,8,26.4828,tropics,degC,ERSSTv6
1972,9,26.6011,tropics,degC,ERSSTv6
1972,10,26.9351,tropics,degC,ERSSTv6
1972,11,27.1249,tropics,degC,ERSSTv6
1972,12,27.1885,tropics,degC,ERSSTv6
1973,1,27.1343,tropics,degC,ERSSTv6
1973,2,27.1978,tropics,degC,ERSSTv6
1973,3,27.4458,tropics,degC,ERSSTv6
1973,4,27.5550,tropics,degC,ERSSTv6
1973,5,27.4384,tropics,degC,ERSSTv6
1973,6,26.9915,tropics,degC,ERSSTv6
1973,7,26.5375,tropics,degC,ERSSTv6
1973,8,26.2729,tropics,degC,ERSSTv6
1973,9,26.3607,tropics,degC,ERSSTv6
1973,10,26.5037,tropics,degC,ERSSTv6
1973,11,26.5563,tropics,degC,ERSSTv6
1973,12,26.4054,tropics,degC,ERSSTv6
1974,1,26.2861,tropics,degC,ERSSTv6
1974,2,26.4757,tropics,degC,ERSSTv6
1974,3,26.8168,tropics,degC,ERSSTv6
1974,4,27.1094,tropics,degC,ERSSTv6
1974,5,27.1443,tropics,degC,ERSSTv6
1974,6,26.7404,tropics,degC,ERSSTv6
1974,7,26.3682,tropics,degC,ERSSTv6
1974,8,26.2050,tropics,degC,ERSSTv6
1974,9,26.2419,tropics,degC,ERSSTv6
1974,10,26.3865,tropics,degC,ERSSTv6
1974,11,26.5154,tropics,degC,ERSSTv6
1974,12,26.4554,tropics,degC,ERSSTv6
1975,1,26.4487,tropics,degC,ERSSTv6
1975,2,26.6557,tropics,degC,ERSSTv6
1975,3,26.8953,tropics,degC,ERSSTv6
1975,4,27.1509,tropics,degC,ERSSTv6
1975,5,27.0757,tropics,degC,ERSSTv6
1975,6,26.6513,tropics,degC,ERSSTv6
1975,7,26.2886,tropics,degC,ERSSTv6
1975,8,26.0191,tropics,degC,ERSSTv6
1975,9,26.0423,tropics,degC,ERSSTv6
1975,10,26.1826,tropics,degC,ERSSTv6
1975,11,26.2820,tropics,degC,ERSSTv6
1975,12,26.1607,tropics,degC,ERSSTv6
1976,1,26.1925,tropics,degC,ERSSTv6
1976,2,26.4878,tropics,degC,ERSSTv6
1976,3,26.7984,tropics,degC,ERSSTv6
1976,4,27.1439,tropics,degC,ERSSTv6
1976,5,27.0714,tropics,degC,ERSSTv6
1976,6,26.7928,tropics,degC,ERSSTv6
1976,7,26.3795,tropics,degC,ERSSTv6
1976,8,26.2348,tropics,degC,ERSSTv6
1976,9,26.3613,tropics,degC,ERSSTv6
1976,10,26.7373,tropics,degC,ERSSTv6
1976,11,26.8989,tropics,degC,ERSSTv6
1976,12,26.8265,tropics,degC,ERSSTv6
1977,1,26.8916,tropics,degC,ERSSTv6
1977,2,27.0244,tropics,degC,ERSSTv6
1977,3,27.2464,tropics,degC,ERSSTv6
1977,4,27.4407,tropics,degC,ERSSTv6
1977,5,27.4128,tropics,degC,ERSSTv6
1977,6,27.0726,tropics,degC,ERSSTv6
1977,7,26.5830,tropics,degC,ERSSTv6
1977,8,26.3516,tropics,degC,ERSSTv6
1977,9,26.4866,tropics,degC,ERSSTv6
1977,10,26.7284,tropics,degC,ERSSTv6
1977,11,26.8670,tropics,degC,ERSSTv6
1977,12,26.8294,tropics,degC,ERSSTv6
1978,1,26.8993,tropics,degC,ERSSTv6
1978,2,26.9865,tropics,degC,ERSSTv6
1978,3,27.2744,tropics,degC,ERSSTv6
1978,4,27.4166,tropics,degC,ERSSTv6
1978,5,27.3112,tropics,degC,ERSSTv6
1978,6,26.9336,tropics,degC,ERSSTv6
1978,7,26.5690,tropics,degC,ERSSTv6
1978,8,26.2317,tropics,degC,ERSSTv6
1978,9,26.3629,tropics,degC,ERSSTv6
1978,10,26.5211,tropics,degC,ERSSTv6
1978,11,26.7236,tropics,degC,ERSSTv6
1978,12,26.7840,tropics,degC,ERSSTv6
1979,1,26.8719,tropics,degC,ERSSTv6
1979,2,26.9998,tropics,degC,ERSSTv6
1979,3,27.3388,tropics,degC,ERSSTv6
1979,4,27.6485,tropics,degC,ERSSTv6
1979,5,27.5260,tropics,degC,ERSSTv6
1979,6,27.1494,tropics,degC,ERSSTv6
1979,7,26.6257,tropics,degC,ERSSTv6
1979,8,26.4024,tropics,degC,ERSSTv6
1979,9,26.5577,tropics,degC,ERSSTv6
1979,10,26.7800,tropics,degC,ERSSTv6
1979,11,27.0209,tropics,degC,ERSSTv6
1979,12,27.0286,tropics,degC,ERSSTv6
1980,1,27.0289,tropics,degC,ERSSTv6
1980,2,27.1327,tropics,degC,ERSSTv6
1980,3,27.4573,tropics,degC,ERSSTv6
1980,4,27.6731,tropics,degC,ERSSTv6
1980,5,27.6444,tropics,degC,ERSSTv6
1980,6,27.1452,tropics,degC,ERSSTv6
1980,7,26.6628,tropics,degC,ERSSTv6
1980,8,26.4366,tropics,degC,ERSSTv6
1980,9,26.5529,tropics,degC,ERSSTv6
1980,10,26.7179,tropics,degC,ERSSTv6
1980,11,26.9105,tropics,degC,ERSSTv6
1980,12,26.8668,tropics,degC,ERSSTv6
1981,1,26.7387,tropics,degC,ERSSTv6
1981,2,26.8578,tropics,degC,ERSSTv6
1981,3,27.2933,tropics,degC,ERSSTv6
1981,4,27.4736,tropics,degC,ERSSTv6
1981,5,27.4650,tropics,degC,ERSSTv6
1981,6,27.0428,tropics,degC,ERSSTv6
1981,7,26.5770,tropics,degC,ERSSTv6
1981,8,26.3246,tropics,degC,ERSSTv6
1981,9,26.5480,tropics,degC,ERSSTv6
1981,10,26.8510,tropics,degC,ERSSTv6
1981,11,26.9302,tropics,degC,ERSSTv6
1981,12,26.9415,tropics,degC,ERSSTv6
1982,1,26.9432,tropics,degC,ERSSTv6
1982,2,27.0047,tropics,degC,ERSSTv6
1982,3,27.3015,tropics,degC,ERSSTv6
1982,4,27.6140,tropics,degC,ERSSTv6
1982,5,27.6036,tropics,degC,ERSSTv6
1982,6,27.1922,tropics,degC,ERSSTv6
1982,7,26.6591,tropics,degC,ERSSTv6
1982,8,26.4710,tropics,degC,ERSSTv6
1982,9,26.6814,tropics,degC,ERSSTv6
1982,10,26.9972,tropics,degC,ERSSTv6
1982,11,27.1426,tropics,degC,ERSSTv6
1982,12,27.2304,tropics,degC,ERSSTv6
1983,1,27.2766,tropics,degC,ERSSTv6
1983,2,27.4452,tropics,degC,ERSSTv6
1983,3,27.6819,tropics,degC,ERSSTv6
1983,4,27.8608,tropics,degC,ERSSTv6
1983,5,27.7847,tropics,degC,ERSSTv6
1983,6,27.4282,tropics,degC,ERSSTv6
1983,7,26.8558,tropics,degC,ERSSTv6
1983,8,26.6261,tropics,degC,ERSSTv6
1983,9,26.6503,tropics,degC,ERSSTv6
1983,10,26.7993,tropics,degC,ERSSTv6
1983,11,26.8709,tropics,degC,ERSSTv6
1983,12,26.9247,tropics,degC,ERSSTv6
1984,1,26.8931,tropics,degC,ERSSTv6
1984,2,27.0849,tropics,degC,ERSSTv6
1984,3,27.4054,tropics,degC,ERSSTv6
1984,4,27.5961,tropics,degC,ERSSTv6
1984,5,27.4030,tropics,degC,ERSSTv6
1984,6,26.9494,tropics,degC,ERSSTv6
1984,7,26.5358,tropics,degC,ERSSTv6
1984,8,26.3479,tropics,degC,ERSSTv6
1984,9,26.6008,tropics,degC,ERSSTv6
1984,10,26.6653,tropics,degC,ERSSTv6
1984,11,26.7553,tropics,degC,ERSSTv6
1984,12,26.6597,tropics,degC,ERSSTv6
1985,1,26.7000,tropics,degC,ERSSTv6
1985,2,26.8972,tropics,degC,ERSSTv6
1985,3,27.1257,tropics,degC,ERSSTv6
1985,4,27.3407,tropics,degC,ERSSTv6
1985,5,27.3213,tropics,degC,ERSSTv6
1985,6,26.8925,tropics,degC,ERSSTv6
1985,7,26.5163,tropics,degC,ERSSTv6
1985,8,26.2910,tropics,degC,ERSSTv6
1985,9,26.4366,tropics,degC,ERSSTv6
1985,10,26.6464,tropics,degC,ERSSTv6
1985,11,26.8156,tropics,degC,ERSSTv6
1985,12,26.8119,tropics,degC,ERSSTv6
1986,1,26.7333,tropics,degC,ERSSTv6
1986,2,27.0193,tropics,degC,ERSSTv6
1986,3,27.3051,tropics,degC,ERSSTv6
1986,4,27.5130,tropics,degC,ERSSTv6
1986,5,27.5025,tropics,degC,ERSSTv6
1986,6,27.1376,tropics,degC,ERSSTv6
1986,7,26.7077,tropics,degC,ERSSTv6
1986,8,26.4523,tropics,degC,ERSSTv6
1986,9,26.6083,tropics,degC,ERSSTv6
1986,10,26.8733,tropics,degC,ERSSTv6
1986,11,27.0726,tropics,degC,ERSSTv6
1986,12,26.9803,tropics,degC,ERSSTv6
1987,1,26.9904,tropics,degC,ERSSTv6
1987,2,27.1744,tropics,degC,ERSSTv6
1987,3,27.6216,tropics,degC,ERSSTv6
1987,4,27.8095,tropics,degC,ERSSTv6
1987,5,27.8645,tropics,degC,ERSSTv6
1987,6,27.4260,tropics,degC,ERSSTv6
1987,7,27.0347,tropics,degC,ERSSTv6
1987,8,26.8726,tropics,degC,ERSSTv6
1987,9,27.0047,tropics,degC,ERSSTv6
1987,10,27.2398,tropics,degC,ERSSTv6
1987,11,27.4318,tropics,degC,ERSSTv6
1987,12,27.2557,tropics,degC,ERSSTv6
1988,1,27.2578,tropics,degC,ERSSTv6
1988,2,27.4065,tropics,degC,ERSSTv6
1988,3,27.7187,tropics,degC,ERSSTv6
1988,4,27.8350,tropics,degC,ERSSTv6
1988,5,27.6320,tropics,degC,ERSSTv6
1988,6,27.1738,tropics,degC,ERSSTv6
1988,7,26.7118,tropics,degC,ERSSTv6
1988,8,26.5377,tropics,degC,ERSSTv6
1988,9,26.5919,tropics,degC,ERSSTv6
1988,10,26.6962,tropics,degC,ERSSTv6
1988,11,26.7307,tropics,degC,ERSSTv6
1988,12,26.6631,tropics,degC,ERSSTv6
1989,1,26.6591,tropics,degC,ERSSTv6
1989,2,26.8424,tropics,degC,ERSSTv6
1989,3,27.1505,tropics,degC,ERSSTv6
1989,4,27.4137,tropics,degC,ERSSTv6
1989,5,27.3819,tropics,degC,ERSSTv6
1989,6,26.9909,tropics,degC,ERSSTv6
1989,7,26.7008,tropics,degC,ERSSTv6
1989,8,26.4424,tropics,degC,ERSSTv6
1989,9,26.5810,tropics,degC,ERSSTv6
1989,10,26.7758,tropics,degC,ERSSTv6
1989,11,26.8989,tropics,degC,ERSSTv6
1989,12,26.8996,tropics,degC,ERSSTv6
1990,1,26.8192,tropics,degC,ERSSTv6
1990,2,27.1803,tropics,degC,ERSSTv6
1990,3,27.4212,tropics,degC,ERSSTv6
1990,4,27.7285,tropics,degC,ERSSTv6
1990,5,27.6158,tropics,degC,ERSSTv6
1990,6,27.1632,tropics,degC,ERSSTv6
1990,7,26.7600,tropics,degC,ERSSTv6
1990,8,26.5421,tropics,degC,ERSSTv6
1990,9,26.6461,tropics,degC,ERSSTv6
1990,10,26.9214,tropics,degC,ERSSTv6
1990,11,27.0188,tropics,degC,ERSSTv6
1990,12,26.9934,tropics,degC,ERSSTv6
1991,1,26.9950,tropics,degC,ERSSTv6
1991,2,27.1011,tropics,degC,ERSSTv6
1991,3,27.4274,tropics,degC,ERSSTv6
1991,4,27.7412,tropics,degC,ERSSTv6
1991,5,27.7015,tropics,degC,ERSSTv6
1991,6,27.3212,tropics,degC,ERSSTv6
1991,7,26.9139,tropics,degC,ERSSTv6
1991,8,26.6078,tropics,degC,ERSSTv6
1991,9,26.6875,tropics,degC,ERSSTv6
1991,10,26.8456,tropics,degC,ERSSTv6
1991,11,26.9590,tropics,degC,ERSSTv6
1991,12,26.9754,tropics,degC,ERSSTv6
1992,1,26.9699,tropics,degC,ERSSTv6
1992,2,27.1588,tropics,degC,ERSSTv6
1992,3,27.4698,tropics,degC,ERSSTv6
1992,4,27.7438,tropics,degC,ERSSTv6
1992,5,27.7039,tropics,degC,ERSSTv6
1992,6,27.2441,tropics,degC,ERSSTv6
1992,7,26.7562,tropics,degC,ERSSTv6
1992,8,26.4672,tropics,degC,ERSSTv6
1992,9,26.5411,tropics,degC,ERSSTv6
1992,10,26.7335,tropics,degC,ERSSTv6
1992,11,26.8024,tropics,degC,ERSSTv6
1992,12,26.7645,tropics,degC,ERSSTv6
1993,1,26.8498,tropics,degC,ERSSTv6
1993,2,27.0216,tropics,degC,ERSSTv6
1993,3,27.3824,tropics,degC,ERSSTv6
1993,4,27.6870,tropics,degC,ERSSTv6
1993,5,27.6965,tropics,degC,ERSSTv6
1993,6,27.2295,tropics,degC,ERSSTv6
1993,7,26.6898,tropics,degC,ERSSTv6
1993,8,26.4792,tropics,degC,ERSSTv6
1993,9,26.6129,tropics,degC,ERSSTv6
1993,10,26.8273,tropics,degC,ERSSTv6
1993,11,27.0211,tropics,degC,ERSSTv6
1993,12,26.9859,tropics,degC,ERSSTv6
1994,1,26.9565,tropics,degC,ERSSTv6
1994,2,27.0445,tropics,degC,ERSSTv6
1994,3,27.4215,tropics,degC,ERSSTv6
1994,4,27.6766,tropics,degC,ERSSTv6
1994,5,27.6150,tropics,degC,ERSSTv6
1994,6,27.1428,tropics,degC,ERSSTv6
1994,7,26.6597,tropics,degC,ERSSTv6
1994,8,26.4543,tropics,degC,ERSSTv6
1994,9,26.5567,tropics,degC,ERSSTv6
1994,10,26.9260,tropics,degC,ERSSTv6
1994,11,27.0873,tropics,degC,ERSSTv6
1994,12,27.0628,tropics,degC,ERSSTv6
1995,1,27.0486,tropics,degC,ERSSTv6
1995,2,27.2999,tropics,degC,ERSSTv6
1995,3,27.5643,tropics,degC,ERSSTv6
1995,4,27.7886,tropics,degC,ERSSTv6
1995,5,27.6889,tropics,degC,ERSSTv6
1995,6,27.3584,tropics,degC,ERSSTv6
1995,7,26.8931,tropics,degC,ERSSTv6
1995,8,26.5919,tropics,degC,ERSSTv6
1995,9,26.6148,tropics,degC,ERSSTv6
1995,10,26.8082,tropics,degC,ERSSTv6
1995,11,26.9694,tropics,degC,ERSSTv6
1995,12,26.9025,tropics,degC,ERSSTv6
1996,1,26.8882,tropics,degC,ERSSTv6
1996,2,27.1376,tropics,degC,ERSSTv6
1996,3,27.4570,tropics,degC,ERSSTv6
1996,4,27.6362,tropics,degC,ERSSTv6
1996,5,27.5676,tropics,degC,ERSSTv6
1996,6,27.2239,tropics,degC,ERSSTv6
1996,7,26.7701,tropics,degC,ERSSTv6
1996,8,26.5485,tropics,degC,ERSSTv6
1996,9,26.6566,tropics,degC,ERSSTv6
1996,10,26.8217,tropics,degC,ERSSTv6
1996,11,26.9356,tropics,degC,ERSSTv6
1996,12,26.8902,tropics,degC,ERSSTv6
1997,1,26.8138,tropics,degC,ERSSTv6
1997,2,26.9595,tropics,degC,ERSSTv6
1997,3,27.3642,tropics,degC,ERSSTv6
1997,4,27.6592,tropics,degC,ERSSTv6
1997,5,27.7202,tropics,degC,ERSSTv6
1997,6,27.4533,tropics,degC,ERSSTv6
1997,7,27.0243,tropics,degC,ERSSTv6
1997,8,26.8786,tropics,degC,ERSSTv6
1997,9,27.0638,tropics,degC,ERSSTv6
1997,10,27.3996,tropics,degC,ERSSTv6
1997,11,27.5743,tropics,degC,ERSSTv6
1997,12,27.6177,tropics,degC,ERSSTv6
1998,1,27.5537,tropics,degC,ERSSTv6
1998,2,27.7495,tropics,degC,ERSSTv6
1998,3,27.9779,tropics,degC,ERSSTv6
1998,4,28.1406,tropics,degC,ERSSTv6
1998,5,28.0605,tropics,degC,ERSSTv6
1998,6,27.5340,tropics,degC,ERSSTv6
1998,7,27.0797,tropics,degC,ERSSTv6
1998,8,26.8304,tropics,degC,ERSSTv6
1998,9,26.7504,tropics,degC,ERSSTv6
1998,10,26.9107,tropics,degC,ERSSTv6
1998,11,27.0566,tropics,degC,ERSSTv6
1998,12,26.8971,tropics,degC,ERSSTv6
1999,1,26.7433,tropics,degC,ERSSTv6
1999,2,26.9619,tropics,degC,ERSSTv6
1999,3,27.3897,tropics,degC,ERSSTv6
1999,4,27.5663,tropics,degC,ERSSTv6
1999,5,27.4724,tropics,degC,ERSSTv6
1999,6,27.0163,tropics,degC,ERSSTv6
1999,7,26.6686,tropics,degC,ERSSTv6
1999,8,26.4077,tropics,degC,ERSSTv6
1999,9,26.5397,tropics,degC,ERSSTv6
1999,10,26.6837,tropics,degC,ERSSTv6
1999,11,26.8000,tropics,degC,ERSSTv6
1999,12,26.8082,tropics,degC,ERSSTv6
2000,1,26.7939,tropics,degC,ERSSTv6
2000,2,26.9986,tropics,degC,ERSSTv6
2000,3,27.3269,tropics,degC,ERSSTv6
2000,4,27.6070,tropics,degC,ERSSTv6
2000,5,27.4812,tropics,degC,ERSSTv6
2000,6,27.0222,tropics,degC,ERSSTv6
2000,7,26.6083,tropics,degC,ERSSTv6
2000,8,26.5250,tropics,degC,ERSSTv6
2000,9,26.6819,tropics,degC,ERSSTv6
2000,10,26.8614,tropics,degC,ERSSTv6
2000,11,26.9896,tropics,degC,ERSSTv6
2000,12,26.8795,tropics,degC,ERSSTv6
2001,1,26.8819,tropics,degC,ERSSTv6
2001,2,27.0709,tropics,degC,ERSSTv6
2001,3,27.5256,tropics,degC,ERSSTv6
2001,4,27.7766,tropics,degC,ERSSTv6
2001,5,27.7032,tropics,degC,ERSSTv6
2001,6,27.3165,tropics,degC,ERSSTv6
2001,7,26.8173,tropics,degC,ERSSTv6
2001,8,26.6189,tropics,degC,ERSSTv6
2001,9,26.7085,tropics,degC,ERSSTv6
2001,10,26.9714,tropics,degC,ERSSTv6
2001,11,27.0680,tropics,degC,ERSSTv6
2001,12,27.0316,tropics,degC,ERSSTv6
2002,1,27.0403,tropics,degC,ERSSTv6
2002,2,27.1910,tropics,degC,ERSSTv6
2002,3,27.6161,tropics,degC,ERSSTv6
2002,4,27.8799,tropics,degC,ERSSTv6
2002,5,27.8079,tropics,degC,ERSSTv6
2002,6,27.4391,tropics,degC,ERSSTv6
2002,7,26.9201,tropics,degC,ERSSTv6
2002,8,26.6785,tropics,degC,ERSSTv6
2002,9,26.7769,tropics,degC,ERSSTv6
2002,10,27.1051,tropics,degC,ERSSTv6
2002,11,27.2556,tropics,degC,ERSSTv6
2002,12,27.3388,tropics,degC,ERSSTv6
2003,1,27.2242,tropics,degC,ERSSTv6
2003,2,27.3980,tropics,degC,ERSSTv6
2003,3,27.7120,tropics,degC,ERSSTv6
2003,4,27.9117,tropics,degC,ERSSTv6
2003,5,27.7372,tropics,degC,ERSSTv6
2003,6,27.3233,tropics,degC,ERSSTv6
2003,7,26.9597,tropics,degC,ERSSTv6
2003,8,26.8326,tropics,degC,ERSSTv6
2003,9,26.8903,tropics,degC,ERSSTv6
2003,10,27.1858,tropics,degC,ERSSTv6
2003,11,27.2736,tropics,degC,ERSSTv6
2003,12,27.1892,tropics,degC,ERSSTv6
2004,1,27.2095,tropics,degC,ERSSTv6
2004,2,27.3869,tropics,degC,ERSSTv6
2004,3,27.5903,tropics,degC,ERSSTv6
2004,4,27.8369,tropics,degC,ERSSTv6
2004,5,27.6304,tropics,degC,ERSSTv6
2004,6,27.2137,tropics,degC,ERSSTv6
2004,7,26.8369,tropics,degC,ERSSTv6
2004,8,26.6761,tropics,degC,ERSSTv6
2004,9,26.8547,tropics,degC,ERSSTv6
2004,10,27.0729,tropics,degC,ERSSTv6
2004,11,27.2501,tropics,degC,ERSSTv6
2004,12,27.2624,tropics,degC,ERSSTv6
2005,1,27.2675,tropics,degC,ERSSTv6
2005,2,27.3513,tropics,degC,ERSSTv6
2005,3,27.7585,tropics,degC,ERSSTv6
2005,4,27.9120,tropics,degC,ERSSTv6
2005,5,27.8382,tropics,degC,ERSSTv6
2005,6,27.3630,tropics,degC,ERSSTv6
2005,7,26.8729,tropics,degC,ERSSTv6
2005,8,26.7153,tropics,degC,ERSSTv6
2005,9,26.7688,tropics,degC,ERSSTv6
2005,10,26.9454,tropics,degC,ERSSTv6
2005,11,26.9922,tropics,degC,ERSSTv6
2005,12,26.9756,tropics,degC,ERSSTv6
2006,1,26.9870,tropics,degC,ERSSTv6
2006,2,27.1717,tropics,degC,ERSSTv6
2006,3,27.4842,tropics,degC,ERSSTv6
2006,4,27.7690,tropics,degC,ERSSTv6
2006,5,27.7740,tropics,degC,ERSSTv6
2006,6,27.3825,tropics,degC,ERSSTv6
2006,7,26.9210,tropics,degC,ERSSTv6
2006,8,26.7540,tropics,degC,ERSSTv6
2006,9,26.9025,tropics,degC,ERSSTv6
2006,10,27.1220,tropics,degC,ERSSTv6
2006,11,27.3334,tropics,degC,ERSSTv6
2006,12,27.3203,tropics,degC,ERSSTv6
2007,1,27.2324,tropics,degC,ERSSTv6
2007,2,27.3726,tropics,degC,ERSSTv6
2007,3,27.5572,tropics,degC,ERSSTv6
2007,4,27.8062,tropics,degC,ERSSTv6
2007,5,27.6924,tropics,degC,ERSSTv6
2007,6,27.3462,tropics,degC,ERSSTv6
2007,7,26.8997,tropics,degC,ERSSTv6
2007,8,26.6141,tropics,degC,ERSSTv6
2007,9,26.6559,tropics,degC,ERSSTv6
2007,10,26.7512,tropics,degC,ERSSTv6
2007,11,26.7813,tropics,degC,ERSSTv6
2007,12,26.7477,tropics,degC,ERSSTv6
2008,1,26.7364,tropics,degC,ERSSTv6
2008,2,26.9206,tropics,degC,ERSSTv6
2008,3,27.2962,tropics,degC,ERSSTv6
2008,4,27.5968,tropics,degC,ERSSTv6
2008,5,27.5576,tropics,degC,ERSSTv6
2008,6,27.1594,tropics,degC,ERSSTv6
2008,7,26.8081,tropics,degC,ERSSTv6
2008,8,26.6850,tropics,degC,ERSSTv6
2008,9,26.8257,tropics,degC,ERSSTv6
2008,10,26.9937,tropics,degC,ERSSTv6
2008,11,27.0802,tropics,degC,ERSSTv6
2008,12,27.0422,tropics,degC,ERSSTv6
2009,1,27.0093,tropics,degC,ERSSTv6
2009,2,27.1127,tropics,degC,ERSSTv6
2009,3,27.5134,tropics,degC,ERSSTv6
2009,4,27.8148,tropics,degC,ERSSTv6
2009,5,27.8676,tropics,degC,ERSSTv6
2009,6,27.5656,tropics,degC,ERSSTv6
2009,7,27.1336,tropics,degC,ERSSTv6
2009,8,26.9575,tropics,degC,ERSSTv6
2009,9,27.0130,tropics,degC,ERSSTv6
2009,10,27.2610,tropics,degC,ERSSTv6
2009,11,27.3914,tropics,degC,ERSSTv6
2009,12,27.4464,tropics,degC,ERSSTv6
2010,1,27.4216,tropics,degC,ERSSTv6
2010,2,27.6180,tropics,degC,ERSSTv6
2010,3,27.9720,tropics,degC,ERSSTv6
2010,4,28.2034,tropics,degC,ERSSTv6
2010,5,28.0269,tropics,degC,ERSSTv6
2010,6,27.5357,tropics,degC,ERSSTv6
2010,7,26.9667,tropics,degC,ERSSTv6
2010,8,26.6589,tropics,degC,ERSSTv6
2010,9,26.6451,tropics,degC,ERSSTv6
2010,10,26.8436,tropics,degC,ERSSTv6
2010,11,26.9040,tropics,degC,ERSSTv6
2010,12,26.8738,tropics,degC,ERSSTv6
2011,1,26.8291,tropics,degC,ERSSTv6
2011,2,27.0460,tropics,degC,ERSSTv6
2011,3,27.3909,tropics,degC,ERSSTv6
2011,4,27.6207,tropics,degC,ERSSTv6
2011,5,27.5977,tropics,degC,ERSSTv6
2011,6,27.2538,tropics,degC,ERSSTv6
2011,7,26.7694,tropics,degC,ERSSTv6
2011,8,26.5592,tropics,degC,ERSSTv6
2011,9,26.5999,tropics,degC,ERSSTv6
2011,10,26.7826,tropics,degC,ERSSTv6
2011,11,26.9362,tropics,degC,ERSSTv6
2011,12,26.8779,tropics,degC,ERSSTv6
2012,1,26.8762,tropics,degC,ERSSTv6
2012,2,27.1000,tropics,degC,ERSSTv6
2012,3,27.3788,tropics,degC,ERSSTv6
2012,4,27.7422,tropics,degC,ERSSTv6
2012,5,27.7544,tropics,degC,ERSSTv6
2012,6,27.3331,tropics,degC,ERSSTv6
2012,7,26.8951,tropics,degC,ERSSTv6
2012,8,26.7239,tropics,degC,ERSSTv6
2012,9,26.8557,tropics,degC,ERSSTv6
2012,10,27.0755,tropics,degC,ERSSTv6
2012,11,27.2763,tropics,degC,ERSSTv6
2012,12,27.2608,tropics,degC,ERSSTv6
2013,1,27.1451,tropics,degC,ERSSTv6
2013,2,27.3032,tropics,degC,ERSSTv6
2013,3,27.6550,tropics,degC,ERSSTv6
2013,4,27.8902,tropics,degC,ERSSTv6
2013,5,27.8088,tropics,degC,ERSSTv6
2013,6,27.2753,tropics,degC,ERSSTv6
2013,7,26.8623,tropics,degC,ERSSTv6
2013,8,26.6641,tropics,degC,ERSSTv6
2013,9,26.8088,tropics,degC,ERSSTv6
2013,10,27.0108,tropics,degC,ERSSTv6
2013,11,27.2037,tropics,degC,ERSSTv6
2013,12,27.1363,tropics,degC,ERSSTv6
2014,1,27.0923,tropics,degC,ERSSTv6
2014,2,27.2100,tropics,degC,ERSSTv6
2014,3,27.5892,tropics,degC,ERSSTv6
2014,4,27.9196,tropics,degC,ERSSTv6
2014,5,27.9830,tropics,degC,ERSSTv6
2014,6,27.6041,tropics,degC,ERSSTv6
2014,7,27.0415,tropics,degC,ERSSTv6
2014,8,26.8643,tropics,degC,ERSSTv6
2014,9,26.9594,tropics,degC,ERSSTv6
2014,10,27.2305,tropics,degC,ERSSTv6
2014,11,27.3673,tropics,degC,ERSSTv6
2014,12,27.3301,tropics,degC,ERSSTv6
2015,1,27.2737,tropics,degC,ERSSTv6
2015,2,27.4123,tropics,degC,ERSSTv6
2015,3,27.7633,tropics,degC,ERSSTv6
2015,4,28.0938,tropics,degC,ERSSTv6
2015,5,28.1032,tropics,degC,ERSSTv6
2015,6,27.6953,tropics,degC,ERSSTv6
2015,7,27.2804,tropics,degC,ERSSTv6
2015,8,27.0939,tropics,degC,ERSSTv6
2015,9,27.3178,tropics,degC,ERSSTv6
2015,10,27.6107,tropics,degC,ERSSTv6
2015,11,27.7750,tropics,degC,ERSSTv6
2015,12,27.7687,tropics,degC,ERSSTv6
2016,1,27.8397,tropics,degC,ERSSTv6
2016,2,27.8854,tropics,degC,ERSSTv6
2016,3,28.2612,tropics,degC,ERSSTv6
2016,4,28.3717,tropics,degC,ERSSTv6
2016,5,28.2182,tropics,degC,ERSSTv6
2016,6,27.8051,tropics,degC,ERSSTv6
2016,7,27.2936,tropics,degC,ERSSTv6
2016,8,27.0564,tropics,degC,ERSSTv6
2016,9,27.0826,tropics,degC,ERSSTv6
2016,10,27.2729,tropics,degC,ERSSTv6
2016,11,27.3753,tropics,degC,ERSSTv6
2016,12,27.3695,tropics,degC,ERSSTv6
2017,1,27.3973,tropics,degC,ERSSTv6
2017,2,27.5761,tropics,degC,ERSSTv6
2017,3,27.9176,tropics,degC,ERSSTv6
2017,4,28.1508,tropics,degC,ERSSTv6
2017,5,28.0989,tropics,degC,ERSSTv6
2017,6,27.6598,tropics,degC,ERSSTv6
2017,7,27.2442,tropics,degC,ERSSTv6
2017,8,27.0586,tropics,degC,ERSSTv6
2017,9,27.0651,tropics,degC,ERSSTv6
2017,10,27.2256,tropics,degC,ERSSTv6
2017,11,27.3118,tropics,degC,ERSSTv6
2017,12,27.1615,tropics,degC,ERSSTv6
2018,1,27.1365,tropics,degC,ERSSTv6
2018,2,27.2816,tropics,degC,ERSSTv6
2018,3,27.6072,tropics,degC,ERSSTv6
2018,4,27.9359,tropics,degC,ERSSTv6
2018,5,27.9038,tropics,degC,ERSSTv6
2018,6,27.4645,tropics,degC,ERSSTv6
2018,7,27.0276,tropics,degC,ERSSTv6
2018,8,26.8619,tropics,degC,ERSSTv6
2018,9,26.9964,tropics,degC,ERSSTv6
2018,10,27.3205,tropics,degC,ERSSTv6
2018,11,27.4750,tropics,degC,ERSSTv6
2018,12,27.4683,tropics,degC,ERSSTv6
2019,1,27.4152,tropics,degC,ERSSTv6
2019,2,27.5895,tropics,degC,ERSSTv6
2019,3,27.9315,tropics,degC,ERSSTv6
2019,4,28.2011,tropics,degC,ERSSTv6
2019,5,28.1377,tropics,degC,ERSSTv6
2019,6,27.7548,tropics,degC,ERSSTv6
2019,7,27.2685,tropics,degC,ERSSTv6
2019,8,27.0006,tropics,degC,ERSSTv6
2019,9,27.0544,tropics,degC,ERSSTv6
2019,10,27.3927,tropics,degC,ERSSTv6
2019,11,27.5914,tropics,degC,ERSSTv6
2019,12,27.6047,tropics,degC,ERSSTv6
2020,1,27.6247,tropics,degC,ERSSTv6
2020,2,27.6900,tropics,degC,ERSSTv6
2020,3,28.0562,tropics,degC,ERSSTv6
2020,4,28.3303,tropics,degC,ERSSTv6
2020,5,28.1715,tropics,degC,ERSSTv6
2020,6,27.6957,tropics,degC,ERSSTv6
2020,7,27.2695,tropics,degC,ERSSTv6
2020,8,27.0038,tropics,degC,ERSSTv6
2020,9,26.9682,tropics,degC,ERSSTv6
2020,10,27.1022,tropics,degC,ERSSTv6
2020,11,27.1979,tropics,degC,ERSSTv6
2020,12,27.1158,tropics,degC,ERSSTv6
2021,1,27.0061,tropics,degC,ERSSTv6
2021,2,27.2063,tropics,degC,ERSSTv6
2021,3,27.5926,tropics,degC,ERSSTv6
2021,4,27.8373,tropics,degC,ERSSTv6
2021,5,27.8236,tropics,degC,ERSSTv6
2021,6,27.4556,tropics,degC,ERSSTv6
2021,7,27.0925,tropics,degC,ERSSTv6
2021,8,26.8972,tropics,degC,ERSSTv6
2021,9,26.9421,tropics,degC,ERSSTv6
2021,10,27.1039,tropics,degC,ERSSTv6
2021,11,27.2311,tropics,degC,ERSSTv6
2021,12,27.1243,tropics,degC,ERSSTv6
2022,1,27.2283,tropics,degC,ERSSTv6
2022,2,27.3156,tropics,degC,ERSSTv6
2022,3,27.6569,tropics,degC,ERSSTv6
2022,4,27.8225,tropics,degC,ERSSTv6
2022,5,27.7153,tropics,degC,ERSSTv6
2022,6,27.3933,tropics,degC,ERSSTv6
2022,7,26.8989,tropics,degC,ERSSTv6
2022,8,26.7392,tropics,degC,ERSSTv6
2022,9,26.8076,tropics,degC,ERSSTv6
2022,10,26.9898,tropics,degC,ERSSTv6
2022,11,27.1405,tropics,degC,ERSSTv6
2022,12,27.1480,tropics,degC,ERSSTv6
2023,1,27.1165,tropics,degC,ERSSTv6
2023,2,27.2860,tropics,degC,ERSSTv6
2023,3,27.8225,tropics,degC,ERSSTv6
2023,4,28.2332,tropics,degC,ERSSTv6
2023,5,28.1834,tropics,degC,ERSSTv6
2023,6,27.8333,tropics,degC,ERSSTv6
2023,7,27.4520,tropics,degC,ERSSTv6
2023,8,27.3022,tropics,degC,ERSSTv6
2023,9,27.4196,tropics,degC,ERSSTv6
2023,10,27.6424,tropics,degC,ERSSTv6
2023,11,27.8501,tropics,degC,ERSSTv6
2023,12,27.8631,tropics,degC,ERSSTv6
2024,1,27.9366,tropics,degC,ERSSTv6
2024,2,28.1109,tropics,degC,ERSSTv6
2024,3,28.3018,tropics,degC,ERSSTv6
2024,4,28.5688,tropics,degC,ERSSTv6
2024,5,28.3405,tropics,degC,ERSSTv6
2024,6,27.8445,tropics,degC,ERSSTv6
2024,7,27.3841,tropics,degC,ERSSTv6
2024,8,27.1443,tropics,degC,ERSSTv6
2024,9,27.1867,tropics,degC,ERSSTv6
2024,10,27.4585,tropics,degC,ERSSTv6
2024,11,27.5562,tropics,degC,ERSSTv6
2024,12,27.4016,tropics,degC,ERSSTv6
2025,1,27.3964,tropics,degC,ERSSTv6
2025,2,27.5879,tropics,degC,ERSSTv6
2025,3,27.9566,tropics,degC,ERSSTv6
2025,4,28.1303,tropics,degC,ERSSTv6
2025,5,28.0565,tropics,degC,ERSSTv6
2025,6,27.5613,tropics,degC,ERSSTv6
2025,7,27.1448,tropics,degC,ERSSTv6
2025,8,26.9286,tropics,degC,ERSSTv6
2025,9,27.0280,tropics,degC,ERSSTv6
2025,10,27.1755,tropics,degC,ERSSTv6
2025,11,27.2635,tropics,degC,ERSSTv6
2025,12,27.2692,tropics,degC,ERSSTv6
2026,1,27.2929,tropics,degC,ERSSTv6
2026,2,27.5550,tropics,degC,ERSSTv6
2026,3,27.9196,tropics,degC,ERSSTv6
2026,4,28.2860,tropics,degC,ERSSTv6
2026,5,28.2469,tropics,degC,ERSSTv6
2026,6,27.9611,tropics,degC,ERSSTv6
2026,7,27.5551,tropics,degC,ERSSTv6
2026,8,27.4341,tropics,degC,ERSSTv6
