source_id,experiment_id,variant_label,grid_label,variable_id,year,value,units,family,driving,source,anomaly,baseline,baseline_member
UKESM1-3-LL,1pctCO2,r1i1p1f1,g110,tas,1850,13.4611,degrees_C,,concentration,ref,,,ensemble-mean
UKESM1-3-LL,1pctCO2,r1i1p1f1,g110,tas,1851,13.4841,degrees_C,,concentration,ref,,,ensemble-mean
UKESM1-3-LL,1pctCO2,r1i1p1f1,g110,tas,1852,13.3863,degrees_C,,concentration,ref,,,ensemble-mean
UKESM1-3-LL,1pctCO2,r1i1p1f1,g110,tas,1853,13.4694,degrees_C,,concentration,ref,,,ensemble-mean
UKESM1-3-LL,1pctCO2,r1i1p1f1,g110,tas,1854,13.5198,degrees_C,,concentration,ref,,,ensemble-mean
UKESM1-3-LL,1pctCO2,r1i1p1f1,g110,tas,1855,13.5677,degrees_C,,concentration,ref,,,ensemble-mean
UKESM1-3-LL,1pctCO2,r1i1p1f1,g110,tas,1856,13.4633,degrees_C,,concentration,ref,,,ensemble-mean
UKESM1-3-LL,1pctCO2,r1i1p1f1,g110,tas,1857,13.4895,degrees_C,,concentration,ref,,,ensemble-mean
UKESM1-3-LL,1pctCO2,r1i1p1f1,g110,tas,1858,13.5478,degrees_C,,concentration,ref,,,ensemble-mean
UKESM1-3-LL,1pctCO2,r1i1p1f1,g110,tas,1859,13.6096,degrees_C,,concentration,ref,,,ensemble-mean
UKESM1-3-LL,1pctCO2,r1i1p1f1,g110,tas,1860,13.6111,degrees_C,,concentration,ref,,,ensemble-mean
UKESM1-3-LL,1pctCO2,r1i1p1f1,g110,tas,1861,13.673,degrees_C,,concentration,ref,,,ensemble-mean
UKESM1-3-LL,1pctCO2,r1i1p1f1,g110,tas,1862,13.673,degrees_C,,concentration,ref,,,ensemble-mean
UKESM1-3-LL,1pctCO2,r1i1p1f1,g110,tas,1863,13.6436,degrees_C,,concentration,ref,,,ensemble-mean
UKESM1-3-LL,1pctCO2,r1i1p1f1,g110,tas,1864,13.7068,degrees_C,,concentration,ref,,,ensemble-mean
UKESM1-3-LL,1pctCO2,r1i1p1f1,g110,tas,1865,13.608,degrees_C,,concentration,ref,,,ensemble-mean
UKESM1-3-LL,1pctCO2,r1i1p1f1,g110,tas,1866,13.7911,degrees_C,,concentration,ref,,,ensemble-mean
UKESM1-3-LL,1pctCO2,r1i1p1f1,g110,tas,1867,13.8849,degrees_C,,concentration,ref,,,ensemble-mean
UKESM1-3-LL,1pctCO2,r1i1p1f1,g110,tas,1868,13.8841,degrees_C,,concentration,ref,,,ensemble-mean
UKESM1-3-LL,1pctCO2,r1i1p1f1,g110,tas,1869,13.6886,degrees_C,,concentration,ref,,,ensemble-mean
UKESM1-3-LL,1pctCO2,r1i1p1f1,g110,tas,1870,13.8488,degrees_C,,concentration,ref,,,ensemble-mean
UKESM1-3-LL,1pctCO2,r1i1p1f1,g110,tas,1871,13.9511,degrees_C,,concentration,ref,,,ensemble-mean
UKESM1-3-LL,1pctCO2,r1i1p1f1,g110,tas,1872,13.8513,degrees_C,,concentration,ref,,,ensemble-mean
UKESM1-3-LL,1pctCO2,r1i1p1f1,g110,tas,1873,14.1065,degrees_C,,concentration,ref,,,ensemble-mean
UKESM1-3-LL,1pctCO2,r1i1p1f1,g110,tas,1874,13.9895,degrees_C,,concentration,ref,,,ensemble-mean
UKESM1-3-LL,1pctCO2,r1i1p1f1,g110,tas,1875,13.891,degrees_C,,concentration,ref,,,ensemble-mean
UKESM1-3-LL,1pctCO2,r1i1p1f1,g110,tas,1876,13.9828,degrees_C,,concentration,ref,,,ensemble-mean
UKESM1-3-LL,1pctCO2,r1i1p1f1,g110,tas,1877,14.0519,degrees_C,,concentration,ref,,,ensemble-mean
UKESM1-3-LL,1pctCO2,r1i1p1f1,g110,tas,1878,14.1668,degrees_C,,concentration,ref,,,ensemble-mean
UKESM1-3-LL,1pctCO2,r1i1p1f1,g110,tas,1879,14.218,degrees_C,,concentration,ref,,,ensemble-mean
UKESM1-3-LL,1pctCO2,r1i1p1f1,g110,tas,1880,14.4453,degrees_C,,concentration,ref,,,ensemble-mean
UKESM1-3-LL,1pctCO2,r1i1p1f1,g110,tas,1881,14.4588,degrees_C,,concentration,ref,,,ensemble-mean
UKESM1-3-LL,1pctCO2,r1i1p1f1,g110,tas,1882,14.2793,degrees_C,,concentration,ref,,,ensemble-mean
UKESM1-3-LL,1pctCO2,r1i1p1f1,g110,tas,1883,14.3173,degrees_C,,concentration,ref,,,ensemble-mean
UKESM1-3-LL,1pctCO2,r1i1p1f1,g110,tas,1884,14.441,degrees_C,,concentration,ref,,,ensemble-mean
UKESM1-3-LL,1pctCO2,r1i1p1f1,g110,tas,1885,14.5831,degrees_C,,concentration,ref,,,ensemble-mean
UKESM1-3-LL,1pctCO2,r1i1p1f1,g110,tas,1886,14.6448,degrees_C,,concentration,ref,,,ensemble-mean
UKESM1-3-LL,1pctCO2,r1i1p1f1,g110,tas,1887,14.6113,degrees_C,,concentration,ref,,,ensemble-mean
UKESM1-3-LL,1pctCO2,r1i1p1f1,g110,tas,1888,14.8004,degrees_C,,concentration,ref,,,ensemble-mean
UKESM1-3-LL,1pctCO2,r1i1p1f1,g110,tas,1889,14.782,degrees_C,,concentration,ref,,,ensemble-mean
UKESM1-3-LL,1pctCO2,r1i1p1f1,g110,tas,1890,14.7528,degrees_C,,concentration,ref,,,ensemble-mean
UKESM1-3-LL,1pctCO2,r1i1p1f1,g110,tas,1891,14.9755,degrees_C,,concentration,ref,,,ensemble-mean
UKESM1-3-LL,1pctCO2,r1i1p1f1,g110,tas,1892,15.1161,degrees_C,,concentration,ref,,,ensemble-mean
UKESM1-3-LL,1pctCO2,r1i1p1f1,g110,tas,1893,14.7919,degrees_C,,concentration,ref,,,ensemble-mean
UKESM1-3-LL,1pctCO2,r1i1p1f1,g110,tas,1894,14.7632,degrees_C,,concentration,ref,,,ensemble-mean
UKESM1-3-LL,1pctCO2,r1i1p1f1,g110,tas,1895,14.9997,degrees_C,,concentration,ref,,,ensemble-mean
UKESM1-3-LL,1pctCO2,r1i1p1f1,g110,tas,1896,15.1003,degrees_C,,concentration,ref,,,ensemble-mean
UKESM1-3-LL,1pctCO2,r1i1p1f1,g110,tas,1897,14.918,degrees_C,,concentration,ref,,,ensemble-mean
UKESM1-3-LL,1pctCO2,r1i1p1f1,g110,tas,1898,14.9857,degrees_C,,concentration,ref,,,ensemble-mean
UKESM1-3-LL,1pctCO2,r1i1p1f1,g110,tas,1899,15.179,degrees_C,,concentration,ref,,,ensemble-mean
UKESM1-3-LL,1pctCO2,r1i1p1f1,g110,tas,1900,15.2033,degrees_C,,concentration,ref,,,ensemble-mean
UKESM1-3-LL,1pctCO2,r1i1p1f1,g110,tas,1901,15.3231,degrees_C,,concentration,ref,,,ensemble-mean
UKESM1-3-LL,1pctCO2,r1i1p1f1,g110,tas,1902,15.2949,degrees_C,,concentration,ref,,,ensemble-mean
UKESM1-3-LL,1pctCO2,r1i1p1f1,g110,tas,1903,15.2807,degrees_C,,concentration,ref,,,ensemble-mean
UKESM1-3-LL,1pctCO2,r1i1p1f1,g110,tas,1904,15.2688,degrees_C,,concentration,ref,,,ensemble-mean
UKESM1-3-LL,1pctCO2,r1i1p1f1,g110,tas,1905,15.3953,degrees_C,,concentration,ref,,,ensemble-mean
UKESM1-3-LL,1pctCO2,r1i1p1f1,g110,tas,1906,15.493,degrees_C,,concentration,ref,,,ensemble-mean
UKESM1-3-LL,1pctCO2,r1i1p1f1,g110,tas,1907,15.4321,degrees_C,,concentration,ref,,,ensemble-mean
UKESM1-3-LL,1pctCO2,r1i1p1f1,g110,tas,1908,15.4463,degrees_C,,concentration,ref,,,ensemble-mean
UKESM1-3-LL,1pctCO2,r1i1p1f1,g110,tas,1909,15.3056,degrees_C,,concentration,ref,,,ensemble-mean
UKESM1-3-LL,1pctCO2,r1i1p1f1,g110,tas,1910,15.4945,degrees_C,,concentration,ref,,,ensemble-mean
UKESM1-3-LL,1pctCO2,r1i1p1f1,g110,tas,1911,15.6103,degrees_C,,concentration,ref,,,ensemble-mean
UKESM1-3-LL,1pctCO2,r1i1p1f1,g110,tas,1912,15.7098,degrees_C,,concentration,ref,,,ensemble-mean
UKESM1-3-LL,1pctCO2,r1i1p1f1,g110,tas,1913,15.8033,degrees_C,,concentration,ref,,,ensemble-mean
UKESM1-3-LL,1pctCO2,r1i1p1f1,g110,tas,1914,15.7531,degrees_C,,concentration,ref,,,ensemble-mean
UKESM1-3-LL,1pctCO2,r1i1p1f1,g110,tas,1915,15.7647,degrees_C,,concentration,ref,,,ensemble-mean
UKESM1-3-LL,1pctCO2,r1i1p1f1,g110,tas,1916,15.843,degrees_C,,concentration,ref,,,ensemble-mean
UKESM1-3-LL,1pctCO2,r1i1p1f1,g110,tas,1917,15.8884,degrees_C,,concentration,ref,,,ensemble-mean
UKESM1-3-LL,1pctCO2,r1i1p1f1,g110,tas,1918,15.974,degrees_C,,concentration,ref,,,ensemble-mean
UKESM1-3-LL,1pctCO2,r1i1p1f1,g110,tas,1919,15.9224,degrees_C,,concentration,ref,,,ensemble-mean
UKESM1-3-LL,1pctCO2,r1i1p1f1,g110,tas,1920,15.9268,degrees_C,,concentration,ref,,,ensemble-mean
UKESM1-3-LL,1pctCO2,r1i1p1f1,g110,tas,1921,16.0471,degrees_C,,concentration,ref,,,ensemble-mean
UKESM1-3-LL,1pctCO2,r1i1p1f1,g110,tas,1922,16.1592,degrees_C,,concentration,ref,,,ensemble-mean
UKESM1-3-LL,1pctCO2,r1i1p1f1,g110,tas,1923,16.0699,degrees_C,,concentration,ref,,,ensemble-mean
UKESM1-3-LL,1pctCO2,r1i1p1f1,g110,tas,1924,15.9493,degrees_C,,concentration,ref,,,ensemble-mean
UKESM1-3-LL,1pctCO2,r1i1p1f1,g110,tas,1925,16.0594,degrees_C,,concentration,ref,,,ensemble-mean
UKESM1-3-LL,1pctCO2,r1i1p1f1,g110,tas,1926,16.1926,degrees_C,,concentration,ref,,,ensemble-mean
UKESM1-3-LL,1pctCO2,r1i1p1f1,g110,tas,1927,16.2073,degrees_C,,concentration,ref,,,ensemble-mean
UKESM1-3-LL,1pctCO2,r1i1p1f1,g110,tas,1928,16.4598,degrees_C,,concentration,ref,,,ensemble-mean
UKESM1-3-LL,1pctCO2,r1i1p1f1,g110,tas,1929,16.4985,degrees_C,,concentration,ref,,,ensemble-mean
UKESM1-3-LL,1pctCO2,r1i1p1f1,g110,tas,1930,16.3372,degrees_C,,concentration,ref,,,ensemble-mean
UKESM1-3-LL,1pctCO2,r1i1p1f1,g110,tas,1931,16.5337,degrees_C,,concentration,ref,,,ensemble-mean
UKESM1-3-LL,1pctCO2,r1i1p1f1,g110,tas,1932,16.714,degrees_C,,concentration,ref,,,ensemble-mean
UKESM1-3-LL,1pctCO2,r1i1p1f1,g110,tas,1933,16.6556,degrees_C,,concentration,ref,,,ensemble-mean
UKESM1-3-LL,1pctCO2,r1i1p1f1,g110,tas,1934,16.7491,degrees_C,,concentration,ref,,,ensemble-mean
UKESM1-3-LL,1pctCO2,r1i1p1f1,g110,tas,1935,16.6603,degrees_C,,concentration,ref,,,ensemble-mean
UKESM1-3-LL,1pctCO2,r1i1p1f1,g110,tas,1936,16.775,degrees_C,,concentration,ref,,,ensemble-mean
UKESM1-3-LL,1pctCO2,r1i1p1f1,g110,tas,1937,16.8815,degrees_C,,concentration,ref,,,ensemble-mean
UKESM1-3-LL,1pctCO2,r1i1p1f1,g110,tas,1938,16.9201,degrees_C,,concentration,ref,,,ensemble-mean
UKESM1-3-LL,1pctCO2,r1i1p1f1,g110,tas,1939,16.9191,degrees_C,,concentration,ref,,,ensemble-mean
UKESM1-3-LL,1pctCO2,r1i1p1f1,g110,tas,1940,16.9816,degrees_C,,concentration,ref,,,ensemble-mean
UKESM1-3-LL,1pctCO2,r1i1p1f1,g110,tas,1941,17.0456,degrees_C,,concentration,ref,,,ensemble-mean
UKESM1-3-LL,1pctCO2,r1i1p1f1,g110,tas,1942,17.1014,degrees_C,,concentration,ref,,,ensemble-mean
UKESM1-3-LL,1pctCO2,r1i1p1f1,g110,tas,1943,17.0784,degrees_C,,concentration,ref,,,ensemble-mean
UKESM1-3-LL,1pctCO2,r1i1p1f1,g110,tas,1944,17.1936,degrees_C,,concentration,ref,,,ensemble-mean
UKESM1-3-LL,1pctCO2,r1i1p1f1,g110,tas,1945,17.2217,degrees_C,,concentration,ref,,,ensemble-mean
UKESM1-3-LL,1pctCO2,r1i1p1f1,g110,tas,1946,17.1849,degrees_C,,concentration,ref,,,ensemble-mean
UKESM1-3-LL,1pctCO2,r1i1p1f1,g110,tas,1947,17.3734,degrees_C,,concentration,ref,,,ensemble-mean
UKESM1-3-LL,1pctCO2,r1i1p1f1,g110,tas,1948,17.6102,degrees_C,,concentration,ref,,,ensemble-mean
UKESM1-3-LL,1pctCO2,r1i1p1f1,g110,tas,1949,17.5314,degrees_C,,concentration,ref,,,ensemble-mean
UKESM1-3-LL,1pctCO2,r1i1p1f1,g110,tas,1950,17.5602,degrees_C,,concentration,ref,,,ensemble-mean
UKESM1-3-LL,1pctCO2,r1i1p1f1,g110,tas,1951,17.6298,degrees_C,,concentration,ref,,,ensemble-mean
UKESM1-3-LL,1pctCO2,r1i1p1f1,g110,tas,1952,17.6048,degrees_C,,concentration,ref,,,ensemble-mean
UKESM1-3-LL,1pctCO2,r1i1p1f1,g110,tas,1953,17.6577,degrees_C,,concentration,ref,,,ensemble-mean
UKESM1-3-LL,1pctCO2,r1i1p1f1,g110,tas,1954,17.7975,degrees_C,,concentration,ref,,,ensemble-mean
UKESM1-3-LL,1pctCO2,r1i1p1f1,g110,tas,1955,17.9764,degrees_C,,concentration,ref,,,ensemble-mean
UKESM1-3-LL,1pctCO2,r1i1p1f1,g110,tas,1956,17.8186,degrees_C,,concentration,ref,,,ensemble-mean
UKESM1-3-LL,1pctCO2,r1i1p1f1,g110,tas,1957,17.8079,degrees_C,,concentration,ref,,,ensemble-mean
UKESM1-3-LL,1pctCO2,r1i1p1f1,g110,tas,1958,18.0376,degrees_C,,concentration,ref,,,ensemble-mean
UKESM1-3-LL,1pctCO2,r1i1p1f1,g110,tas,1959,17.9823,degrees_C,,concentration,ref,,,ensemble-mean
UKESM1-3-LL,1pctCO2,r1i1p1f1,g110,tas,1960,18.2751,degrees_C,,concentration,ref,,,ensemble-mean
UKESM1-3-LL,1pctCO2,r1i1p1f1,g110,tas,1961,18.3458,degrees_C,,concentration,ref,,,ensemble-mean
UKESM1-3-LL,1pctCO2,r1i1p1f1,g110,tas,1962,18.2175,degrees_C,,concentration,ref,,,ensemble-mean
UKESM1-3-LL,1pctCO2,r1i1p1f1,g110,tas,1963,18.2542,degrees_C,,concentration,ref,,,ensemble-mean
UKESM1-3-LL,1pctCO2,r1i1p1f1,g110,tas,1964,18.4699,degrees_C,,concentration,ref,,,ensemble-mean
UKESM1-3-LL,1pctCO2,r1i1p1f1,g110,tas,1965,18.2948,degrees_C,,concentration,ref,,,ensemble-mean
UKESM1-3-LL,1pctCO2,r1i1p1f1,g110,tas,1966,18.3112,degrees_C,,concentration,ref,,,ensemble-mean
UKESM1-3-LL,1pctCO2,r1i1p1f1,g110,tas,1967,18.3546,degrees_C,,concentration,ref,,,ensemble-mean
UKESM1-3-LL,1pctCO2,r1i1p1f1,g110,tas,1968,18.2487,degrees_C,,concentration,ref,,,ensemble-mean
UKESM1-3-LL,1pctCO2,r1i1p1f1,g110,tas,1969,18.4866,degrees_C,,concentration,ref,,,ensemble-mean
UKESM1-3-LL,1pctCO2,r1i1p1f1,g110,tas,1970,18.6559,degrees_C,,concentration,ref,,,ensemble-mean
UKESM1-3-LL,1pctCO2,r1i1p1f1,g110,tas,1971,18.4568,degrees_C,,concentration,ref,,,ensemble-mean
UKESM1-3-LL,1pctCO2,r1i1p1f1,g110,tas,1972,18.6083,degrees_C,,concentration,ref,,,ensemble-mean
UKESM1-3-LL,1pctCO2,r1i1p1f1,g110,tas,1973,18.752,degrees_C,,concentration,ref,,,ensemble-mean
UKESM1-3-LL,1pctCO2,r1i1p1f1,g110,tas,1974,18.8995,degrees_C,,concentration,ref,,,ensemble-mean
UKESM1-3-LL,1pctCO2,r1i1p1f1,g110,tas,1975,18.9759,degrees_C,,concentration,ref,,,ensemble-mean
UKESM1-3-LL,1pctCO2,r1i1p1f1,g110,tas,1976,18.969,degrees_C,,concentration,ref,,,ensemble-mean
UKESM1-3-LL,1pctCO2,r1i1p1f1,g110,tas,1977,18.8802,degrees_C,,concentration,ref,,,ensemble-mean
UKESM1-3-LL,1pctCO2,r1i1p1f1,g110,tas,1978,18.7692,degrees_C,,concentration,ref,,,ensemble-mean
UKESM1-3-LL,1pctCO2,r1i1p1f1,g110,tas,1979,18.8712,degrees_C,,concentration,ref,,,ensemble-mean
UKESM1-3-LL,1pctCO2,r1i1p1f1,g110,tas,1980,18.8908,degrees_C,,concentration,ref,,,ensemble-mean
UKESM1-3-LL,1pctCO2,r1i1p1f1,g110,tas,1981,19.117,degrees_C,,concentration,ref,,,ensemble-mean
UKESM1-3-LL,1pctCO2,r1i1p1f1,g110,tas,1982,19.0276,degrees_C,,concentration,ref,,,ensemble-mean
UKESM1-3-LL,1pctCO2,r1i1p1f1,g110,tas,1983,19.1344,degrees_C,,concentration,ref,,,ensemble-mean
UKESM1-3-LL,1pctCO2,r1i1p1f1,g110,tas,1984,19.299,degrees_C,,concentration,ref,,,ensemble-mean
UKESM1-3-LL,1pctCO2,r1i1p1f1,g110,tas,1985,19.4868,degrees_C,,concentration,ref,,,ensemble-mean
UKESM1-3-LL,1pctCO2,r1i1p1f1,g110,tas,1986,19.5632,degrees_C,,concentration,ref,,,ensemble-mean
UKESM1-3-LL,1pctCO2,r1i1p1f1,g110,tas,1987,19.5482,degrees_C,,concentration,ref,,,ensemble-mean
UKESM1-3-LL,1pctCO2,r1i1p1f1,g110,tas,1988,19.3782,degrees_C,,concentration,ref,,,ensemble-mean
UKESM1-3-LL,1pctCO2,r1i1p1f1,g110,tas,1989,19.5568,degrees_C,,concentration,ref,,,ensemble-mean
UKESM1-3-LL,1pctCO2,r1i1p1f1,g110,tas,1990,19.5352,degrees_C,,concentration,ref,,,ensemble-mean
UKESM1-3-LL,1pctCO2,r1i1p1f1,g110,tas,1991,19.6629,degrees_C,,concentration,ref,,,ensemble-mean
UKESM1-3-LL,1pctCO2,r1i1p1f1,g110,tas,1992,19.6941,degrees_C,,concentration,ref,,,ensemble-mean
UKESM1-3-LL,1pctCO2,r1i1p1f1,g110,tas,1993,19.7391,degrees_C,,concentration,ref,,,ensemble-mean
UKESM1-3-LL,1pctCO2,r1i1p1f1,g110,tas,1994,19.8849,degrees_C,,concentration,ref,,,ensemble-mean
UKESM1-3-LL,1pctCO2,r1i1p1f1,g110,tas,1995,19.8729,degrees_C,,concentration,ref,,,ensemble-mean
UKESM1-3-LL,1pctCO2,r1i1p1f1,g110,tas,1996,19.9524,degrees_C,,concentration,ref,,,ensemble-mean
UKESM1-3-LL,1pctCO2,r1i1p1f1,g110,tas,1997,19.9691,degrees_C,,concentration,ref,,,ensemble-mean
UKESM1-3-LL,1pctCO2,r1i1p1f1,g110,tas,1998,20.0727,degrees_C,,concentration,ref,,,ensemble-mean
UKESM1-3-LL,1pctCO2,r1i1p1f1,g110,tas,1999,20.136,degrees_C,,concentration,ref,,,ensemble-mean
UKESM1-3-LL,1pctCO2,r1i1p1f1,g110,tas,2000,20.1734,degrees_C,,concentration,ref,,,ensemble-mean
UKESM1-3-LL,1pctCO2,r1i1p1f1,g110,tas,2001,20.2858,degrees_C,,concentration,ref,,,ensemble-mean
UKESM1-3-LL,1pctCO2,r1i1p1f1,g110,tas,2002,20.3837,degrees_C,,concentration,ref,,,ensemble-mean
UKESM1-3-LL,1pctCO2,r1i1p1f1,g110,tas,2003,20.1427,degrees_C,,concentration,ref,,,ensemble-mean
UKESM1-3-LL,1pctCO2,r1i1p1f1,g110,tas,2004,20.3661,degrees_C,,concentration,ref,,,ensemble-mean
UKESM1-3-LL,1pctCO2,r1i1p1f1,g110,tas,2005,20.5891,degrees_C,,concentration,ref,,,ensemble-mean
UKESM1-3-LL,1pctCO2,r1i1p1f1,g110,tas,2006,20.5561,degrees_C,,concentration,ref,,,ensemble-mean
UKESM1-3-LL,1pctCO2,r1i1p1f1,g110,tas,2007,20.6455,degrees_C,,concentration,ref,,,ensemble-mean
UKESM1-3-LL,1pctCO2,r1i1p1f1,g110,tas,2008,20.7234,degrees_C,,concentration,ref,,,ensemble-mean
UKESM1-3-LL,1pctCO2,r1i1p1f1,g110,tas,2009,20.7957,degrees_C,,concentration,ref,,,ensemble-mean
UKESM1-3-LL,abrupt-4xCO2,r1i1p1f1,g110,tas,1850,14.6498,degrees_C,,concentration,ref,,,ensemble-mean
UKESM1-3-LL,abrupt-4xCO2,r1i1p1f1,g110,tas,1851,15.327,degrees_C,,concentration,ref,,,ensemble-mean
UKESM1-3-LL,abrupt-4xCO2,r1i1p1f1,g110,tas,1852,15.7279,degrees_C,,concentration,ref,,,ensemble-mean
UKESM1-3-LL,abrupt-4xCO2,r1i1p1f1,g110,tas,1853,15.9856,degrees_C,,concentration,ref,,,ensemble-mean
UKESM1-3-LL,abrupt-4xCO2,r1i1p1f1,g110,tas,1854,16.4344,degrees_C,,concentration,ref,,,ensemble-mean
UKESM1-3-LL,abrupt-4xCO2,r1i1p1f1,g110,tas,1855,16.8948,degrees_C,,concentration,ref,,,ensemble-mean
UKESM1-3-LL,abrupt-4xCO2,r1i1p1f1,g110,tas,1856,17.1655,degrees_C,,concentration,ref,,,ensemble-mean
UKESM1-3-LL,abrupt-4xCO2,r1i1p1f1,g110,tas,1857,17.2704,degrees_C,,concentration,ref,,,ensemble-mean
UKESM1-3-LL,abrupt-4xCO2,r1i1p1f1,g110,tas,1858,17.3404,degrees_C,,concentration,ref,,,ensemble-mean
UKESM1-3-LL,abrupt-4xCO2,r1i1p1f1,g110,tas,1859,17.5412,degrees_C,,concentration,ref,,,ensemble-mean
UKESM1-3-LL,abrupt-4xCO2,r1i1p1f1,g110,tas,1860,17.7698,degrees_C,,concentration,ref,,,ensemble-mean
UKESM1-3-LL,abrupt-4xCO2,r1i1p1f1,g110,tas,1861,17.8343,degrees_C,,concentration,ref,,,ensemble-mean
UKESM1-3-LL,abrupt-4xCO2,r1i1p1f1,g110,tas,1862,17.8605,degrees_C,,concentration,ref,,,ensemble-mean
UKESM1-3-LL,abrupt-4xCO2,r1i1p1f1,g110,tas,1863,17.9219,degrees_C,,concentration,ref,,,ensemble-mean
UKESM1-3-LL,abrupt-4xCO2,r1i1p1f1,g110,tas,1864,18.0274,degrees_C,,concentration,ref,,,ensemble-mean
UKESM1-3-LL,abrupt-4xCO2,r1i1p1f1,g110,tas,1865,18.2582,degrees_C,,concentration,ref,,,ensemble-mean
UKESM1-3-LL,abrupt-4xCO2,r1i1p1f1,g110,tas,1866,18.3659,degrees_C,,concentration,ref,,,ensemble-mean
UKESM1-3-LL,abrupt-4xCO2,r1i1p1f1,g110,tas,1867,18.3881,degrees_C,,concentration,ref,,,ensemble-mean
UKESM1-3-LL,abrupt-4xCO2,r1i1p1f1,g110,tas,1868,18.3992,degrees_C,,concentration,ref,,,ensemble-mean
UKESM1-3-LL,abrupt-4xCO2,r1i1p1f1,g110,tas,1869,18.4183,degrees_C,,concentration,ref,,,ensemble-mean
UKESM1-3-LL,abrupt-4xCO2,r1i1p1f1,g110,tas,1870,18.4991,degrees_C,,concentration,ref,,,ensemble-mean
UKESM1-3-LL,abrupt-4xCO2,r1i1p1f1,g110,tas,1871,18.7301,degrees_C,,concentration,ref,,,ensemble-mean
UKESM1-3-LL,abrupt-4xCO2,r1i1p1f1,g110,tas,1872,18.6164,degrees_C,,concentration,ref,,,ensemble-mean
UKESM1-3-LL,abrupt-4xCO2,r1i1p1f1,g110,tas,1873,18.5926,degrees_C,,concentration,ref,,,ensemble-mean
UKESM1-3-LL,abrupt-4xCO2,r1i1p1f1,g110,tas,1874,18.8494,degrees_C,,concentration,ref,,,ensemble-mean
UKESM1-3-LL,abrupt-4xCO2,r1i1p1f1,g110,tas,1875,18.9569,degrees_C,,concentration,ref,,,ensemble-mean
UKESM1-3-LL,abrupt-4xCO2,r1i1p1f1,g110,tas,1876,18.8281,degrees_C,,concentration,ref,,,ensemble-mean
UKESM1-3-LL,abrupt-4xCO2,r1i1p1f1,g110,tas,1877,18.9518,degrees_C,,concentration,ref,,,ensemble-mean
UKESM1-3-LL,abrupt-4xCO2,r1i1p1f1,g110,tas,1878,18.9642,degrees_C,,concentration,ref,,,ensemble-mean
UKESM1-3-LL,abrupt-4xCO2,r1i1p1f1,g110,tas,1879,19.0708,degrees_C,,concentration,ref,,,ensemble-mean
UKESM1-3-LL,abrupt-4xCO2,r1i1p1f1,g110,tas,1880,18.9416,degrees_C,,concentration,ref,,,ensemble-mean
UKESM1-3-LL,abrupt-4xCO2,r1i1p1f1,g110,tas,1881,19.0304,degrees_C,,concentration,ref,,,ensemble-mean
UKESM1-3-LL,abrupt-4xCO2,r1i1p1f1,g110,tas,1882,19.2068,degrees_C,,concentration,ref,,,ensemble-mean
UKESM1-3-LL,abrupt-4xCO2,r1i1p1f1,g110,tas,1883,19.1082,degrees_C,,concentration,ref,,,ensemble-mean
UKESM1-3-LL,abrupt-4xCO2,r1i1p1f1,g110,tas,1884,19.0251,degrees_C,,concentration,ref,,,ensemble-mean
UKESM1-3-LL,abrupt-4xCO2,r1i1p1f1,g110,tas,1885,19.2374,degrees_C,,concentration,ref,,,ensemble-mean
UKESM1-3-LL,abrupt-4xCO2,r1i1p1f1,g110,tas,1886,19.6174,degrees_C,,concentration,ref,,,ensemble-mean
UKESM1-3-LL,abrupt-4xCO2,r1i1p1f1,g110,tas,1887,19.2924,degrees_C,,concentration,ref,,,ensemble-mean
UKESM1-3-LL,abrupt-4xCO2,r1i1p1f1,g110,tas,1888,19.2776,degrees_C,,concentration,ref,,,ensemble-mean
UKESM1-3-LL,abrupt-4xCO2,r1i1p1f1,g110,tas,1889,19.5573,degrees_C,,concentration,ref,,,ensemble-mean
UKESM1-3-LL,abrupt-4xCO2,r1i1p1f1,g110,tas,1890,19.6262,degrees_C,,concentration,ref,,,ensemble-mean
UKESM1-3-LL,abrupt-4xCO2,r1i1p1f1,g110,tas,1891,19.5768,degrees_C,,concentration,ref,,,ensemble-mean
UKESM1-3-LL,abrupt-4xCO2,r1i1p1f1,g110,tas,1892,19.5313,degrees_C,,concentration,ref,,,ensemble-mean
UKESM1-3-LL,abrupt-4xCO2,r1i1p1f1,g110,tas,1893,19.5819,degrees_C,,concentration,ref,,,ensemble-mean
UKESM1-3-LL,abrupt-4xCO2,r1i1p1f1,g110,tas,1894,19.7684,degrees_C,,concentration,ref,,,ensemble-mean
UKESM1-3-LL,abrupt-4xCO2,r1i1p1f1,g110,tas,1895,19.5584,degrees_C,,concentration,ref,,,ensemble-mean
UKESM1-3-LL,abrupt-4xCO2,r1i1p1f1,g110,tas,1896,19.6249,degrees_C,,concentration,ref,,,ensemble-mean
UKESM1-3-LL,abrupt-4xCO2,r1i1p1f1,g110,tas,1897,19.7536,degrees_C,,concentration,ref,,,ensemble-mean
UKESM1-3-LL,abrupt-4xCO2,r1i1p1f1,g110,tas,1898,19.731,degrees_C,,concentration,ref,,,ensemble-mean
UKESM1-3-LL,abrupt-4xCO2,r1i1p1f1,g110,tas,1899,19.7561,degrees_C,,concentration,ref,,,ensemble-mean
UKESM1-3-LL,abrupt-4xCO2,r1i1p1f1,g110,tas,1900,19.7585,degrees_C,,concentration,ref,,,ensemble-mean
UKESM1-3-LL,abrupt-4xCO2,r1i1p1f1,g110,tas,1901,19.7068,degrees_C,,concentration,ref,,,ensemble-mean
UKESM1-3-LL,abrupt-4xCO2,r1i1p1f1,g110,tas,1902,19.9045,degrees_C,,concentration,ref,,,ensemble-mean
UKESM1-3-LL,abrupt-4xCO2,r1i1p1f1,g110,tas,1903,19.7935,degrees_C,,concentration,ref,,,ensemble-mean
UKESM1-3-LL,abrupt-4xCO2,r1i1p1f1,g110,tas,1904,19.7073,degrees_C,,concentration,ref,,,ensemble-mean
UKESM1-3-LL,abrupt-4xCO2,r1i1p1f1,g110,tas,1905,19.9142,degrees_C,,concentration,ref,,,ensemble-mean
UKESM1-3-LL,abrupt-4xCO2,r1i1p1f1,g110,tas,1906,19.8526,degrees_C,,concentration,ref,,,ensemble-mean
UKESM1-3-LL,abrupt-4xCO2,r1i1p1f1,g110,tas,1907,19.8337,degrees_C,,concentration,ref,,,ensemble-mean
UKESM1-3-LL,abrupt-4xCO2,r1i1p1f1,g110,tas,1908,19.9362,degrees_C,,concentration,ref,,,ensemble-mean
UKESM1-3-LL,abrupt-4xCO2,r1i1p1f1,g110,tas,1909,20.088,degrees_C,,concentration,ref,,,ensemble-mean
UKESM1-3-LL,abrupt-4xCO2,r1i1p1f1,g110,tas,1910,19.9562,degrees_C,,concentration,ref,,,ensemble-mean
UKESM1-3-LL,abrupt-4xCO2,r1i1p1f1,g110,tas,1911,20.0592,degrees_C,,concentration,ref,,,ensemble-mean
UKESM1-3-LL,abrupt-4xCO2,r1i1p1f1,g110,tas,1912,19.9503,degrees_C,,concentration,ref,,,ensemble-mean
UKESM1-3-LL,abrupt-4xCO2,r1i1p1f1,g110,tas,1913,19.9631,degrees_C,,concentration,ref,,,ensemble-mean
UKESM1-3-LL,abrupt-4xCO2,r1i1p1f1,g110,tas,1914,20.1031,degrees_C,,concentration,ref,,,ensemble-mean
UKESM1-3-LL,abrupt-4xCO2,r1i1p1f1,g110,tas,1915,20.0258,degrees_C,,concentration,ref,,,ensemble-mean
UKESM1-3-LL,abrupt-4xCO2,r1i1p1f1,g110,tas,1916,19.9637,degrees_C,,concentration,ref,,,ensemble-mean
UKESM1-3-LL,abrupt-4xCO2,r1i1p1f1,g110,tas,1917,20.0578,degrees_C,,concentration,ref,,,ensemble-mean
UKESM1-3-LL,abrupt-4xCO2,r1i1p1f1,g110,tas,1918,20.2307,degrees_C,,concentration,ref,,,ensemble-mean
UKESM1-3-LL,abrupt-4xCO2,r1i1p1f1,g110,tas,1919,20.1023,degrees_C,,concentration,ref,,,ensemble-mean
UKESM1-3-LL,abrupt-4xCO2,r1i1p1f1,g110,tas,1920,20.0324,degrees_C,,concentration,ref,,,ensemble-mean
UKESM1-3-LL,abrupt-4xCO2,r1i1p1f1,g110,tas,1921,20.0573,degrees_C,,concentration,ref,,,ensemble-mean
UKESM1-3-LL,abrupt-4xCO2,r1i1p1f1,g110,tas,1922,20.2159,degrees_C,,concentration,ref,,,ensemble-mean
UKESM1-3-LL,abrupt-4xCO2,r1i1p1f1,g110,tas,1923,20.3118,degrees_C,,concentration,ref,,,ensemble-mean
UKESM1-3-LL,abrupt-4xCO2,r1i1p1f1,g110,tas,1924,20.0362,degrees_C,,concentration,ref,,,ensemble-mean
UKESM1-3-LL,abrupt-4xCO2,r1i1p1f1,g110,tas,1925,20.0626,degrees_C,,concentration,ref,,,ensemble-mean
UKESM1-3-LL,abrupt-4xCO2,r1i1p1f1,g110,tas,1926,20.1465,degrees_C,,concentration,ref,,,ensemble-mean
UKESM1-3-LL,abrupt-4xCO2,r1i1p1f1,g110,tas,1927,20.124,degrees_C,,concentration,ref,,,ensemble-mean
UKESM1-3-LL,abrupt-4xCO2,r1i1p1f1,g110,tas,1928,20.161,degrees_C,,concentration,ref,,,ensemble-mean
UKESM1-3-LL,abrupt-4xCO2,r1i1p1f1,g110,tas,1929,20.1758,degrees_C,,concentration,ref,,,ensemble-mean
UKESM1-3-LL,abrupt-4xCO2,r1i1p1f1,g110,tas,1930,20.2004,degrees_C,,concentration,ref,,,ensemble-mean
UKESM1-3-LL,abrupt-4xCO2,r1i1p1f1,g110,tas,1931,20.293,degrees_C,,concentration,ref,,,ensemble-mean
UKESM1-3-LL,abrupt-4xCO2,r1i1p1f1,g110,tas,1932,20.1843,degrees_C,,concentration,ref,,,ensemble-mean
UKESM1-3-LL,abrupt-4xCO2,r1i1p1f1,g110,tas,1933,20.285,degrees_C,,concentration,ref,,,ensemble-mean
UKESM1-3-LL,abrupt-4xCO2,r1i1p1f1,g110,tas,1934,20.1669,degrees_C,,concentration,ref,,,ensemble-mean
UKESM1-3-LL,abrupt-4xCO2,r1i1p1f1,g110,tas,1935,20.1716,degrees_C,,concentration,ref,,,ensemble-mean
UKESM1-3-LL,abrupt-4xCO2,r1i1p1f1,g110,tas,1936,20.1533,degrees_C,,concentration,ref,,,ensemble-mean
UKESM1-3-LL,abrupt-4xCO2,r1i1p1f1,g110,tas,1937,20.3162,degrees_C,,concentration,ref,,,ensemble-mean
UKESM1-3-LL,abrupt-4xCO2,r1i1p1f1,g110,tas,1938,20.2273,degrees_C,,concentration,ref,,,ensemble-mean
UKESM1-3-LL,abrupt-4xCO2,r1i1p1f1,g110,tas,1939,20.2168,degrees_C,,concentration,ref,,,ensemble-mean
UKESM1-3-LL,abrupt-4xCO2,r1i1p1f1,g110,tas,1940,20.3656,degrees_C,,concentration,ref,,,ensemble-mean
UKESM1-3-LL,abrupt-4xCO2,r1i1p1f1,g110,tas,1941,20.3117,degrees_C,,concentration,ref,,,ensemble-mean
UKESM1-3-LL,abrupt-4xCO2,r1i1p1f1,g110,tas,1942,20.3482,degrees_C,,concentration,ref,,,ensemble-mean
UKESM1-3-LL,abrupt-4xCO2,r1i1p1f1,g110,tas,1943,20.3381,degrees_C,,concentration,ref,,,ensemble-mean
UKESM1-3-LL,abrupt-4xCO2,r1i1p1f1,g110,tas,1944,20.2867,degrees_C,,concentration,ref,,,ensemble-mean
UKESM1-3-LL,abrupt-4xCO2,r1i1p1f1,g110,tas,1945,20.3066,degrees_C,,concentration,ref,,,ensemble-mean
UKESM1-3-LL,abrupt-4xCO2,r1i1p1f1,g110,tas,1946,20.411,degrees_C,,concentration,ref,,,ensemble-mean
UKESM1-3-LL,abrupt-4xCO2,r1i1p1f1,g110,tas,1947,20.3806,degrees_C,,concentration,ref,,,ensemble-mean
UKESM1-3-LL,abrupt-4xCO2,r1i1p1f1,g110,tas,1948,20.429,degrees_C,,concentration,ref,,,ensemble-mean
UKESM1-3-LL,abrupt-4xCO2,r1i1p1f1,g110,tas,1949,20.4078,degrees_C,,concentration,ref,,,ensemble-mean
UKESM1-3-LL,abrupt-4xCO2,r1i1p1f1,g110,tas,1950,20.2981,degrees_C,,concentration,ref,,,ensemble-mean
UKESM1-3-LL,abrupt-4xCO2,r1i1p1f1,g110,tas,1951,20.3728,degrees_C,,concentration,ref,,,ensemble-mean
UKESM1-3-LL,abrupt-4xCO2,r1i1p1f1,g110,tas,1952,20.5073,degrees_C,,concentration,ref,,,ensemble-mean
UKESM1-3-LL,abrupt-4xCO2,r1i1p1f1,g110,tas,1953,20.5057,degrees_C,,concentration,ref,,,ensemble-mean
UKESM1-3-LL,abrupt-4xCO2,r1i1p1f1,g110,tas,1954,20.3238,degrees_C,,concentration,ref,,,ensemble-mean
UKESM1-3-LL,abrupt-4xCO2,r1i1p1f1,g110,tas,1955,20.2512,degrees_C,,concentration,ref,,,ensemble-mean
UKESM1-3-LL,abrupt-4xCO2,r1i1p1f1,g110,tas,1956,20.5063,degrees_C,,concentration,ref,,,ensemble-mean
UKESM1-3-LL,abrupt-4xCO2,r1i1p1f1,g110,tas,1957,20.7058,degrees_C,,concentration,ref,,,ensemble-mean
UKESM1-3-LL,abrupt-4xCO2,r1i1p1f1,g110,tas,1958,20.5071,degrees_C,,concentration,ref,,,ensemble-mean
UKESM1-3-LL,abrupt-4xCO2,r1i1p1f1,g110,tas,1959,20.4654,degrees_C,,concentration,ref,,,ensemble-mean
UKESM1-3-LL,abrupt-4xCO2,r1i1p1f1,g110,tas,1960,20.5597,degrees_C,,concentration,ref,,,ensemble-mean
UKESM1-3-LL,abrupt-4xCO2,r1i1p1f1,g110,tas,1961,20.6877,degrees_C,,concentration,ref,,,ensemble-mean
UKESM1-3-LL,abrupt-4xCO2,r1i1p1f1,g110,tas,1962,20.5859,degrees_C,,concentration,ref,,,ensemble-mean
UKESM1-3-LL,abrupt-4xCO2,r1i1p1f1,g110,tas,1963,20.4443,degrees_C,,concentration,ref,,,ensemble-mean
UKESM1-3-LL,abrupt-4xCO2,r1i1p1f1,g110,tas,1964,20.5626,degrees_C,,concentration,ref,,,ensemble-mean
UKESM1-3-LL,abrupt-4xCO2,r1i1p1f1,g110,tas,1965,20.4635,degrees_C,,concentration,ref,,,ensemble-mean
UKESM1-3-LL,abrupt-4xCO2,r1i1p1f1,g110,tas,1966,20.6461,degrees_C,,concentration,ref,,,ensemble-mean
UKESM1-3-LL,abrupt-4xCO2,r1i1p1f1,g110,tas,1967,20.5856,degrees_C,,concentration,ref,,,ensemble-mean
UKESM1-3-LL,abrupt-4xCO2,r1i1p1f1,g110,tas,1968,20.3779,degrees_C,,concentration,ref,,,ensemble-mean
UKESM1-3-LL,abrupt-4xCO2,r1i1p1f1,g110,tas,1969,20.5745,degrees_C,,concentration,ref,,,ensemble-mean
UKESM1-3-LL,abrupt-4xCO2,r1i1p1f1,g110,tas,1970,20.8032,degrees_C,,concentration,ref,,,ensemble-mean
UKESM1-3-LL,abrupt-4xCO2,r1i1p1f1,g110,tas,1971,20.7118,degrees_C,,concentration,ref,,,ensemble-mean
UKESM1-3-LL,abrupt-4xCO2,r1i1p1f1,g110,tas,1972,20.706,degrees_C,,concentration,ref,,,ensemble-mean
UKESM1-3-LL,abrupt-4xCO2,r1i1p1f1,g110,tas,1973,20.7768,degrees_C,,concentration,ref,,,ensemble-mean
UKESM1-3-LL,abrupt-4xCO2,r1i1p1f1,g110,tas,1974,20.7366,degrees_C,,concentration,ref,,,ensemble-mean
UKESM1-3-LL,abrupt-4xCO2,r1i1p1f1,g110,tas,1975,20.8615,degrees_C,,concentration,ref,,,ensemble-mean
UKESM1-3-LL,abrupt-4xCO2,r1i1p1f1,g110,tas,1976,20.8596,degrees_C,,concentration,ref,,,ensemble-mean
UKESM1-3-LL,abrupt-4xCO2,r1i1p1f1,g110,tas,1977,20.6879,degrees_C,,concentration,ref,,,ensemble-mean
UKESM1-3-LL,abrupt-4xCO2,r1i1p1f1,g110,tas,1978,20.7274,degrees_C,,concentration,ref,,,ensemble-mean
UKESM1-3-LL,abrupt-4xCO2,r1i1p1f1,g110,tas,1979,20.8113,degrees_C,,concentration,ref,,,ensemble-mean
UKESM1-3-LL,abrupt-4xCO2,r1i1p1f1,g110,tas,1980,20.8208,degrees_C,,concentration,ref,,,ensemble-mean
UKESM1-3-LL,abrupt-4xCO2,r1i1p1f1,g110,tas,1981,20.7,degrees_C,,concentration,ref,,,ensemble-mean
UKESM1-3-LL,abrupt-4xCO2,r1i1p1f1,g110,tas,1982,20.6563,degrees_C,,concentration,ref,,,ensemble-mean
UKESM1-3-LL,abrupt-4xCO2,r1i1p1f1,g110,tas,1983,20.8074,degrees_C,,concentration,ref,,,ensemble-mean
UKESM1-3-LL,abrupt-4xCO2,r1i1p1f1,g110,tas,1984,20.7754,degrees_C,,concentration,ref,,,ensemble-mean
UKESM1-3-LL,abrupt-4xCO2,r1i1p1f1,g110,tas,1985,20.8486,degrees_C,,concentration,ref,,,ensemble-mean
UKESM1-3-LL,abrupt-4xCO2,r1i1p1f1,g110,tas,1986,20.759,degrees_C,,concentration,ref,,,ensemble-mean
UKESM1-3-LL,abrupt-4xCO2,r1i1p1f1,g110,tas,1987,20.642,degrees_C,,concentration,ref,,,ensemble-mean
UKESM1-3-LL,abrupt-4xCO2,r1i1p1f1,g110,tas,1988,20.8249,degrees_C,,concentration,ref,,,ensemble-mean
UKESM1-3-LL,abrupt-4xCO2,r1i1p1f1,g110,tas,1989,20.7916,degrees_C,,concentration,ref,,,ensemble-mean
UKESM1-3-LL,abrupt-4xCO2,r1i1p1f1,g110,tas,1990,20.6564,degrees_C,,concentration,ref,,,ensemble-mean
UKESM1-3-LL,abrupt-4xCO2,r1i1p1f1,g110,tas,1991,20.8481,degrees_C,,concentration,ref,,,ensemble-mean
UKESM1-3-LL,abrupt-4xCO2,r1i1p1f1,g110,tas,1992,20.6538,degrees_C,,concentration,ref,,,ensemble-mean
UKESM1-3-LL,abrupt-4xCO2,r1i1p1f1,g110,tas,1993,20.7764,degrees_C,,concentration,ref,,,ensemble-mean
UKESM1-3-LL,abrupt-4xCO2,r1i1p1f1,g110,tas,1994,20.8884,degrees_C,,concentration,ref,,,ensemble-mean
UKESM1-3-LL,abrupt-4xCO2,r1i1p1f1,g110,tas,1995,20.7756,degrees_C,,concentration,ref,,,ensemble-mean
UKESM1-3-LL,abrupt-4xCO2,r1i1p1f1,g110,tas,1996,20.7902,degrees_C,,concentration,ref,,,ensemble-mean
UKESM1-3-LL,abrupt-4xCO2,r1i1p1f1,g110,tas,1997,21.1539,degrees_C,,concentration,ref,,,ensemble-mean
UKESM1-3-LL,abrupt-4xCO2,r1i1p1f1,g110,tas,1998,20.8105,degrees_C,,concentration,ref,,,ensemble-mean
UKESM1-3-LL,abrupt-4xCO2,r1i1p1f1,g110,tas,1999,20.7383,degrees_C,,concentration,ref,,,ensemble-mean
UKESM1-3-LL,abrupt-4xCO2,r1i1p1f1,g110,tas,2000,21.0482,degrees_C,,concentration,ref,,,ensemble-mean
UKESM1-3-LL,abrupt-4xCO2,r1i1p1f1,g110,tas,2001,21.0245,degrees_C,,concentration,ref,,,ensemble-mean
UKESM1-3-LL,abrupt-4xCO2,r1i1p1f1,g110,tas,2002,20.9915,degrees_C,,concentration,ref,,,ensemble-mean
UKESM1-3-LL,abrupt-4xCO2,r1i1p1f1,g110,tas,2003,20.9001,degrees_C,,concentration,ref,,,ensemble-mean
UKESM1-3-LL,abrupt-4xCO2,r1i1p1f1,g110,tas,2004,20.9251,degrees_C,,concentration,ref,,,ensemble-mean
UKESM1-3-LL,abrupt-4xCO2,r1i1p1f1,g110,tas,2005,20.9933,degrees_C,,concentration,ref,,,ensemble-mean
UKESM1-3-LL,abrupt-4xCO2,r1i1p1f1,g110,tas,2006,21.0942,degrees_C,,concentration,ref,,,ensemble-mean
UKESM1-3-LL,abrupt-4xCO2,r1i1p1f1,g110,tas,2007,20.9204,degrees_C,,concentration,ref,,,ensemble-mean
UKESM1-3-LL,abrupt-4xCO2,r1i1p1f1,g110,tas,2008,20.997,degrees_C,,concentration,ref,,,ensemble-mean
UKESM1-3-LL,abrupt-4xCO2,r1i1p1f1,g110,tas,2009,21.1945,degrees_C,,concentration,ref,,,ensemble-mean
UKESM1-3-LL,abrupt-4xCO2,r1i1p1f1,g110,tas,2010,21.198,degrees_C,,concentration,ref,,,ensemble-mean
UKESM1-3-LL,abrupt-4xCO2,r1i1p1f1,g110,tas,2011,21.0551,degrees_C,,concentration,ref,,,ensemble-mean
UKESM1-3-LL,abrupt-4xCO2,r1i1p1f1,g110,tas,2012,21.15,degrees_C,,concentration,ref,,,ensemble-mean
UKESM1-3-LL,abrupt-4xCO2,r1i1p1f1,g110,tas,2013,21.0272,degrees_C,,concentration,ref,,,ensemble-mean
UKESM1-3-LL,abrupt-4xCO2,r1i1p1f1,g110,tas,2014,20.8771,degrees_C,,concentration,ref,,,ensemble-mean
UKESM1-3-LL,abrupt-4xCO2,r1i1p1f1,g110,tas,2015,20.987,degrees_C,,concentration,ref,,,ensemble-mean
UKESM1-3-LL,abrupt-4xCO2,r1i1p1f1,g110,tas,2016,21.0963,degrees_C,,concentration,ref,,,ensemble-mean
UKESM1-3-LL,abrupt-4xCO2,r1i1p1f1,g110,tas,2017,21.0662,degrees_C,,concentration,ref,,,ensemble-mean
UKESM1-3-LL,abrupt-4xCO2,r1i1p1f1,g110,tas,2018,21.0979,degrees_C,,concentration,ref,,,ensemble-mean
UKESM1-3-LL,abrupt-4xCO2,r1i1p1f1,g110,tas,2019,21.0309,degrees_C,,concentration,ref,,,ensemble-mean
UKESM1-3-LL,abrupt-4xCO2,r1i1p1f1,g110,tas,2020,21.2234,degrees_C,,concentration,ref,,,ensemble-mean
UKESM1-3-LL,abrupt-4xCO2,r1i1p1f1,g110,tas,2021,21.1439,degrees_C,,concentration,ref,,,ensemble-mean
UKESM1-3-LL,abrupt-4xCO2,r1i1p1f1,g110,tas,2022,21.2084,degrees_C,,concentration,ref,,,ensemble-mean
UKESM1-3-LL,abrupt-4xCO2,r1i1p1f1,g110,tas,2023,21.0987,degrees_C,,concentration,ref,,,ensemble-mean
UKESM1-3-LL,abrupt-4xCO2,r1i1p1f1,g110,tas,2024,21.1696,degrees_C,,concentration,ref,,,ensemble-mean
UKESM1-3-LL,abrupt-4xCO2,r1i1p1f1,g110,tas,2025,21.0663,degrees_C,,concentration,ref,,,ensemble-mean
UKESM1-3-LL,abrupt-4xCO2,r1i1p1f1,g110,tas,2026,20.9814,degrees_C,,concentration,ref,,,ensemble-mean
UKESM1-3-LL,abrupt-4xCO2,r1i1p1f1,g110,tas,2027,20.9213,degrees_C,,concentration,ref,,,ensemble-mean
UKESM1-3-LL,abrupt-4xCO2,r1i1p1f1,g110,tas,2028,21.1612,degrees_C,,concentration,ref,,,ensemble-mean
UKESM1-3-LL,abrupt-4xCO2,r1i1p1f1,g110,tas,2029,21.095,degrees_C,,concentration,ref,,,ensemble-mean
UKESM1-3-LL,abrupt-4xCO2,r1i1p1f1,g110,tas,2030,21.136,degrees_C,,concentration,ref,,,ensemble-mean
UKESM1-3-LL,abrupt-4xCO2,r1i1p1f1,g110,tas,2031,21.1708,degrees_C,,concentration,ref,,,ensemble-mean
UKESM1-3-LL,abrupt-4xCO2,r1i1p1f1,g110,tas,2032,21.2161,degrees_C,,concentration,ref,,,ensemble-mean
UKESM1-3-LL,abrupt-4xCO2,r1i1p1f1,g110,tas,2033,21.0781,degrees_C,,concentration,ref,,,ensemble-mean
UKESM1-3-LL,abrupt-4xCO2,r1i1p1f1,g110,tas,2034,21.2412,degrees_C,,concentration,ref,,,ensemble-mean
UKESM1-3-LL,abrupt-4xCO2,r1i1p1f1,g110,tas,2035,21.11,degrees_C,,concentration,ref,,,ensemble-mean
UKESM1-3-LL,abrupt-4xCO2,r1i1p1f1,g110,tas,2036,21.1675,degrees_C,,concentration,ref,,,ensemble-mean
UKESM1-3-LL,abrupt-4xCO2,r1i1p1f1,g110,tas,2037,21.1074,degrees_C,,concentration,ref,,,ensemble-mean
UKESM1-3-LL,abrupt-4xCO2,r1i1p1f1,g110,tas,2038,21.2659,degrees_C,,concentration,ref,,,ensemble-mean
UKESM1-3-LL,abrupt-4xCO2,r1i1p1f1,g110,tas,2039,21.1173,degrees_C,,concentration,ref,,,ensemble-mean
UKESM1-3-LL,abrupt-4xCO2,r1i1p1f1,g110,tas,2040,21.014,degrees_C,,concentration,ref,,,ensemble-mean
UKESM1-3-LL,abrupt-4xCO2,r1i1p1f1,g110,tas,2041,21.1371,degrees_C,,concentration,ref,,,ensemble-mean
UKESM1-3-LL,abrupt-4xCO2,r1i1p1f1,g110,tas,2042,21.2324,degrees_C,,concentration,ref,,,ensemble-mean
UKESM1-3-LL,abrupt-4xCO2,r1i1p1f1,g110,tas,2043,21.3333,degrees_C,,concentration,ref,,,ensemble-mean
UKESM1-3-LL,abrupt-4xCO2,r1i1p1f1,g110,tas,2044,21.495,degrees_C,,concentration,ref,,,ensemble-mean
UKESM1-3-LL,abrupt-4xCO2,r1i1p1f1,g110,tas,2045,21.445,degrees_C,,concentration,ref,,,ensemble-mean
UKESM1-3-LL,abrupt-4xCO2,r1i1p1f1,g110,tas,2046,21.2898,degrees_C,,concentration,ref,,,ensemble-mean
UKESM1-3-LL,abrupt-4xCO2,r1i1p1f1,g110,tas,2047,21.391,degrees_C,,concentration,ref,,,ensemble-mean
UKESM1-3-LL,abrupt-4xCO2,r1i1p1f1,g110,tas,2048,21.3574,degrees_C,,concentration,ref,,,ensemble-mean
UKESM1-3-LL,abrupt-4xCO2,r1i1p1f1,g110,tas,2049,21.1936,degrees_C,,concentration,ref,,,ensemble-mean
UKESM1-3-LL,abrupt-4xCO2,r1i1p1f1,g110,tas,2050,21.2519,degrees_C,,concentration,ref,,,ensemble-mean
UKESM1-3-LL,abrupt-4xCO2,r1i1p1f1,g110,tas,2051,21.3375,degrees_C,,concentration,ref,,,ensemble-mean
UKESM1-3-LL,abrupt-4xCO2,r1i1p1f1,g110,tas,2052,21.1245,degrees_C,,concentration,ref,,,ensemble-mean
UKESM1-3-LL,abrupt-4xCO2,r1i1p1f1,g110,tas,2053,21.2216,degrees_C,,concentration,ref,,,ensemble-mean
UKESM1-3-LL,abrupt-4xCO2,r1i1p1f1,g110,tas,2054,21.5493,degrees_C,,concentration,ref,,,ensemble-mean
UKESM1-3-LL,abrupt-4xCO2,r1i1p1f1,g110,tas,2055,21.4131,degrees_C,,concentration,ref,,,ensemble-mean
UKESM1-3-LL,abrupt-4xCO2,r1i1p1f1,g110,tas,2056,21.369,degrees_C,,concentration,ref,,,ensemble-mean
UKESM1-3-LL,abrupt-4xCO2,r1i1p1f1,g110,tas,2057,21.4336,degrees_C,,concentration,ref,,,ensemble-mean
UKESM1-3-LL,abrupt-4xCO2,r1i1p1f1,g110,tas,2058,21.3803,degrees_C,,concentration,ref,,,ensemble-mean
UKESM1-3-LL,abrupt-4xCO2,r1i1p1f1,g110,tas,2059,21.4155,degrees_C,,concentration,ref,,,ensemble-mean
UKESM1-3-LL,abrupt-4xCO2,r1i1p1f1,g110,tas,2060,21.4817,degrees_C,,concentration,ref,,,ensemble-mean
UKESM1-3-LL,abrupt-4xCO2,r1i1p1f1,g110,tas,2061,21.441,degrees_C,,concentration,ref,,,ensemble-mean
UKESM1-3-LL,abrupt-4xCO2,r1i1p1f1,g110,tas,2062,21.5463,degrees_C,,concentration,ref,,,ensemble-mean
UKESM1-3-LL,abrupt-4xCO2,r1i1p1f1,g110,tas,2063,21.4227,degrees_C,,concentration,ref,,,ensemble-mean
UKESM1-3-LL,abrupt-4xCO2,r1i1p1f1,g110,tas,2064,21.4307,degrees_C,,concentration,ref,,,ensemble-mean
UKESM1-3-LL,abrupt-4xCO2,r1i1p1f1,g110,tas,2065,21.55,degrees_C,,concentration,ref,,,ensemble-mean
UKESM1-3-LL,abrupt-4xCO2,r1i1p1f1,g110,tas,2066,21.3603,degrees_C,,concentration,ref,,,ensemble-mean
UKESM1-3-LL,abrupt-4xCO2,r1i1p1f1,g110,tas,2067,21.407,degrees_C,,concentration,ref,,,ensemble-mean
UKESM1-3-LL,abrupt-4xCO2,r1i1p1f1,g110,tas,2068,21.6132,degrees_C,,concentration,ref,,,ensemble-mean
UKESM1-3-LL,abrupt-4xCO2,r1i1p1f1,g110,tas,2069,21.455,degrees_C,,concentration,ref,,,ensemble-mean
UKESM1-3-LL,abrupt-4xCO2,r1i1p1f1,g110,tas,2070,21.4444,degrees_C,,concentration,ref,,,ensemble-mean
UKESM1-3-LL,abrupt-4xCO2,r1i1p1f1,g110,tas,2071,21.3819,degrees_C,,concentration,ref,,,ensemble-mean
UKESM1-3-LL,abrupt-4xCO2,r1i1p1f1,g110,tas,2072,21.4259,degrees_C,,concentration,ref,,,ensemble-mean
UKESM1-3-LL,abrupt-4xCO2,r1i1p1f1,g110,tas,2073,21.4221,degrees_C,,concentration,ref,,,ensemble-mean
UKESM1-3-LL,abrupt-4xCO2,r1i1p1f1,g110,tas,2074,21.3273,degrees_C,,concentration,ref,,,ensemble-mean
UKESM1-3-LL,abrupt-4xCO2,r1i1p1f1,g110,tas,2075,21.5118,degrees_C,,concentration,ref,,,ensemble-mean
UKESM1-3-LL,abrupt-4xCO2,r1i1p1f1,g110,tas,2076,21.6953,degrees_C,,concentration,ref,,,ensemble-mean
UKESM1-3-LL,abrupt-4xCO2,r1i1p1f1,g110,tas,2077,21.6502,degrees_C,,concentration,ref,,,ensemble-mean
UKESM1-3-LL,abrupt-4xCO2,r1i1p1f1,g110,tas,2078,21.4761,degrees_C,,concentration,ref,,,ensemble-mean
UKESM1-3-LL,abrupt-4xCO2,r1i1p1f1,g110,tas,2079,21.5062,degrees_C,,concentration,ref,,,ensemble-mean
UKESM1-3-LL,abrupt-4xCO2,r1i1p1f1,g110,tas,2080,21.6437,degrees_C,,concentration,ref,,,ensemble-mean
UKESM1-3-LL,abrupt-4xCO2,r1i1p1f1,g110,tas,2081,21.4996,degrees_C,,concentration,ref,,,ensemble-mean
UKESM1-3-LL,abrupt-4xCO2,r1i1p1f1,g110,tas,2082,21.5108,degrees_C,,concentration,ref,,,ensemble-mean
UKESM1-3-LL,abrupt-4xCO2,r1i1p1f1,g110,tas,2083,21.6564,degrees_C,,concentration,ref,,,ensemble-mean
UKESM1-3-LL,abrupt-4xCO2,r1i1p1f1,g110,tas,2084,21.5448,degrees_C,,concentration,ref,,,ensemble-mean
UKESM1-3-LL,abrupt-4xCO2,r1i1p1f1,g110,tas,2085,21.6036,degrees_C,,concentration,ref,,,ensemble-mean
UKESM1-3-LL,abrupt-4xCO2,r1i1p1f1,g110,tas,2086,21.6247,degrees_C,,concentration,ref,,,ensemble-mean
UKESM1-3-LL,abrupt-4xCO2,r1i1p1f1,g110,tas,2087,21.5465,degrees_C,,concentration,ref,,,ensemble-mean
UKESM1-3-LL,abrupt-4xCO2,r1i1p1f1,g110,tas,2088,21.5511,degrees_C,,concentration,ref,,,ensemble-mean
UKESM1-3-LL,abrupt-4xCO2,r1i1p1f1,g110,tas,2089,21.5799,degrees_C,,concentration,ref,,,ensemble-mean
UKESM1-3-LL,abrupt-4xCO2,r1i1p1f1,g110,tas,2090,21.49,degrees_C,,concentration,ref,,,ensemble-mean
UKESM1-3-LL,abrupt-4xCO2,r1i1p1f1,g110,tas,2091,21.6983,degrees_C,,concentration,ref,,,ensemble-mean
UKESM1-3-LL,abrupt-4xCO2,r1i1p1f1,g110,tas,2092,21.8389,degrees_C,,concentration,ref,,,ensemble-mean
UKESM1-3-LL,abrupt-4xCO2,r1i1p1f1,g110,tas,2093,21.5583,degrees_C,,concentration,ref,,,ensemble-mean
UKESM1-3-LL,abrupt-4xCO2,r1i1p1f1,g110,tas,2094,21.7088,degrees_C,,concentration,ref,,,ensemble-mean
UKESM1-3-LL,abrupt-4xCO2,r1i1p1f1,g110,tas,2095,21.735,degrees_C,,concentration,ref,,,ensemble-mean
UKESM1-3-LL,abrupt-4xCO2,r1i1p1f1,g110,tas,2096,21.5924,degrees_C,,concentration,ref,,,ensemble-mean
UKESM1-3-LL,abrupt-4xCO2,r1i1p1f1,g110,tas,2097,21.6153,degrees_C,,concentration,ref,,,ensemble-mean
UKESM1-3-LL,abrupt-4xCO2,r1i1p1f1,g110,tas,2098,21.7786,degrees_C,,concentration,ref,,,ensemble-mean
UKESM1-3-LL,abrupt-4xCO2,r1i1p1f1,g110,tas,2099,21.6369,degrees_C,,concentration,ref,,,ensemble-mean
UKESM1-3-LL,abrupt-4xCO2,r1i1p1f1,g110,tas,2100,21.5856,degrees_C,,concentration,ref,,,ensemble-mean
UKESM1-3-LL,abrupt-4xCO2,r1i1p1f1,g110,tas,2101,21.4608,degrees_C,,concentration,ref,,,ensemble-mean
UKESM1-3-LL,abrupt-4xCO2,r1i1p1f1,g110,tas,2102,21.5367,degrees_C,,concentration,ref,,,ensemble-mean
UKESM1-3-LL,abrupt-4xCO2,r1i1p1f1,g110,tas,2103,21.7671,degrees_C,,concentration,ref,,,ensemble-mean
UKESM1-3-LL,abrupt-4xCO2,r1i1p1f1,g110,tas,2104,21.6537,degrees_C,,concentration,ref,,,ensemble-mean
UKESM1-3-LL,abrupt-4xCO2,r1i1p1f1,g110,tas,2105,21.5627,degrees_C,,concentration,ref,,,ensemble-mean
UKESM1-3-LL,abrupt-4xCO2,r1i1p1f1,g110,tas,2106,21.6024,degrees_C,,concentration,ref,,,ensemble-mean
UKESM1-3-LL,abrupt-4xCO2,r1i1p1f1,g110,tas,2107,21.7631,degrees_C,,concentration,ref,,,ensemble-mean
UKESM1-3-LL,abrupt-4xCO2,r1i1p1f1,g110,tas,2108,21.5897,degrees_C,,concentration,ref,,,ensemble-mean
UKESM1-3-LL,abrupt-4xCO2,r1i1p1f1,g110,tas,2109,21.6496,degrees_C,,concentration,ref,,,ensemble-mean
UKESM1-3-LL,abrupt-4xCO2,r1i1p1f1,g110,tas,2110,21.5951,degrees_C,,concentration,ref,,,ensemble-mean
UKESM1-3-LL,abrupt-4xCO2,r1i1p1f1,g110,tas,2111,21.749,degrees_C,,concentration,ref,,,ensemble-mean
UKESM1-3-LL,abrupt-4xCO2,r1i1p1f1,g110,tas,2112,21.7101,degrees_C,,concentration,ref,,,ensemble-mean
UKESM1-3-LL,abrupt-4xCO2,r1i1p1f1,g110,tas,2113,21.8842,degrees_C,,concentration,ref,,,ensemble-mean
UKESM1-3-LL,abrupt-4xCO2,r1i1p1f1,g110,tas,2114,21.5933,degrees_C,,concentration,ref,,,ensemble-mean
UKESM1-3-LL,abrupt-4xCO2,r1i1p1f1,g110,tas,2115,21.6773,degrees_C,,concentration,ref,,,ensemble-mean
UKESM1-3-LL,abrupt-4xCO2,r1i1p1f1,g110,tas,2116,21.8852,degrees_C,,concentration,ref,,,ensemble-mean
UKESM1-3-LL,abrupt-4xCO2,r1i1p1f1,g110,tas,2117,21.7225,degrees_C,,concentration,ref,,,ensemble-mean
UKESM1-3-LL,abrupt-4xCO2,r1i1p1f1,g110,tas,2118,21.7913,degrees_C,,concentration,ref,,,ensemble-mean
UKESM1-3-LL,abrupt-4xCO2,r1i1p1f1,g110,tas,2119,21.6694,degrees_C,,concentration,ref,,,ensemble-mean
UKESM1-3-LL,abrupt-4xCO2,r1i1p1f1,g110,tas,2120,21.6022,degrees_C,,concentration,ref,,,ensemble-mean
UKESM1-3-LL,abrupt-4xCO2,r1i1p1f1,g110,tas,2121,21.8412,degrees_C,,concentration,ref,,,ensemble-mean
UKESM1-3-LL,abrupt-4xCO2,r1i1p1f1,g110,tas,2122,21.7464,degrees_C,,concentration,ref,,,ensemble-mean
UKESM1-3-LL,abrupt-4xCO2,r1i1p1f1,g110,tas,2123,21.8103,degrees_C,,concentration,ref,,,ensemble-mean
UKESM1-3-LL,abrupt-4xCO2,r1i1p1f1,g110,tas,2124,22.0014,degrees_C,,concentration,ref,,,ensemble-mean
UKESM1-3-LL,abrupt-4xCO2,r1i1p1f1,g110,tas,2125,21.6289,degrees_C,,concentration,ref,,,ensemble-mean
UKESM1-3-LL,abrupt-4xCO2,r1i1p1f1,g110,tas,2126,21.6462,degrees_C,,concentration,ref,,,ensemble-mean
UKESM1-3-LL,abrupt-4xCO2,r1i1p1f1,g110,tas,2127,21.568,degrees_C,,concentration,ref,,,ensemble-mean
UKESM1-3-LL,abrupt-4xCO2,r1i1p1f1,g110,tas,2128,21.8536,degrees_C,,concentration,ref,,,ensemble-mean
UKESM1-3-LL,abrupt-4xCO2,r1i1p1f1,g110,tas,2129,21.8545,degrees_C,,concentration,ref,,,ensemble-mean
UKESM1-3-LL,abrupt-4xCO2,r1i1p1f1,g110,tas,2130,21.6573,degrees_C,,concentration,ref,,,ensemble-mean
UKESM1-3-LL,abrupt-4xCO2,r1i1p1f1,g110,tas,2131,21.7866,degrees_C,,concentration,ref,,,ensemble-mean
UKESM1-3-LL,abrupt-4xCO2,r1i1p1f1,g110,tas,2132,21.9768,degrees_C,,concentration,ref,,,ensemble-mean
UKESM1-3-LL,abrupt-4xCO2,r1i1p1f1,g110,tas,2133,21.6998,degrees_C,,concentration,ref,,,ensemble-mean
UKESM1-3-LL,abrupt-4xCO2,r1i1p1f1,g110,tas,2134,21.8705,degrees_C,,concentration,ref,,,ensemble-mean
UKESM1-3-LL,abrupt-4xCO2,r1i1p1f1,g110,tas,2135,22.0651,degrees_C,,concentration,ref,,,ensemble-mean
UKESM1-3-LL,abrupt-4xCO2,r1i1p1f1,g110,tas,2136,21.8141,degrees_C,,concentration,ref,,,ensemble-mean
UKESM1-3-LL,abrupt-4xCO2,r1i1p1f1,g110,tas,2137,21.7887,degrees_C,,concentration,ref,,,ensemble-mean
UKESM1-3-LL,abrupt-4xCO2,r1i1p1f1,g110,tas,2138,21.9673,degrees_C,,concentration,ref,,,ensemble-mean
UKESM1-3-LL,abrupt-4xCO2,r1i1p1f1,g110,tas,2139,21.894,degrees_C,,concentration,ref,,,ensemble-mean
UKESM1-3-LL,abrupt-4xCO2,r1i1p1f1,g110,tas,2140,21.9265,degrees_C,,concentration,ref,,,ensemble-mean
UKESM1-3-LL,abrupt-4xCO2,r1i1p1f1,g110,tas,2141,21.9737,degrees_C,,concentration,ref,,,ensemble-mean
UKESM1-3-LL,abrupt-4xCO2,r1i1p1f1,g110,tas,2142,21.7012,degrees_C,,concentration,ref,,,ensemble-mean
UKESM1-3-LL,abrupt-4xCO2,r1i1p1f1,g110,tas,2143,21.871,degrees_C,,concentration,ref,,,ensemble-mean
UKESM1-3-LL,abrupt-4xCO2,r1i1p1f1,g110,tas,2144,21.9518,degrees_C,,concentration,ref,,,ensemble-mean
UKESM1-3-LL,abrupt-4xCO2,r1i1p1f1,g110,tas,2145,21.8287,degrees_C,,concentration,ref,,,ensemble-mean
UKESM1-3-LL,abrupt-4xCO2,r1i1p1f1,g110,tas,2146,21.9412,degrees_C,,concentration,ref,,,ensemble-mean
UKESM1-3-LL,abrupt-4xCO2,r1i1p1f1,g110,tas,2147,21.7057,degrees_C,,concentration,ref,,,ensemble-mean
UKESM1-3-LL,abrupt-4xCO2,r1i1p1f1,g110,tas,2148,21.8434,degrees_C,,concentration,ref,,,ensemble-mean
UKESM1-3-LL,abrupt-4xCO2,r1i1p1f1,g110,tas,2149,22.0401,degrees_C,,concentration,ref,,,ensemble-mean
UKESM1-3-LL,abrupt-4xCO2,r1i1p1f1,g110,tas,2150,21.8513,degrees_C,,concentration,ref,,,ensemble-mean
UKESM1-3-LL,abrupt-4xCO2,r1i1p1f1,g110,tas,2151,21.822,degrees_C,,concentration,ref,,,ensemble-mean
UKESM1-3-LL,abrupt-4xCO2,r1i1p1f1,g110,tas,2152,21.9665,degrees_C,,concentration,ref,,,ensemble-mean
UKESM1-3-LL,abrupt-4xCO2,r1i1p1f1,g110,tas,2153,21.9661,degrees_C,,concentration,ref,,,ensemble-mean
UKESM1-3-LL,abrupt-4xCO2,r1i1p1f1,g110,tas,2154,21.7304,degrees_C,,concentration,ref,,,ensemble-mean
UKESM1-3-LL,abrupt-4xCO2,r1i1p1f1,g110,tas,2155,21.972,degrees_C,,concentration,ref,,,ensemble-mean
UKESM1-3-LL,abrupt-4xCO2,r1i1p1f1,g110,tas,2156,21.9065,degrees_C,,concentration,ref,,,ensemble-mean
UKESM1-3-LL,abrupt-4xCO2,r1i1p1f1,g110,tas,2157,21.89,degrees_C,,concentration,ref,,,ensemble-mean
UKESM1-3-LL,abrupt-4xCO2,r1i1p1f1,g110,tas,2158,22.0053,degrees_C,,concentration,ref,,,ensemble-mean
UKESM1-3-LL,abrupt-4xCO2,r1i1p1f1,g110,tas,2159,22.0792,degrees_C,,concentration,ref,,,ensemble-mean
UKESM1-3-LL,abrupt-4xCO2,r1i1p1f1,g110,tas,2160,21.8727,degrees_C,,concentration,ref,,,ensemble-mean
UKESM1-3-LL,abrupt-4xCO2,r1i1p1f1,g110,tas,2161,22.0585,degrees_C,,concentration,ref,,,ensemble-mean
UKESM1-3-LL,abrupt-4xCO2,r1i1p1f1,g110,tas,2162,21.9859,degrees_C,,concentration,ref,,,ensemble-mean
UKESM1-3-LL,abrupt-4xCO2,r1i1p1f1,g110,tas,2163,21.9195,degrees_C,,concentration,ref,,,ensemble-mean
UKESM1-3-LL,abrupt-4xCO2,r1i1p1f1,g110,tas,2164,21.9497,degrees_C,,concentration,ref,,,ensemble-mean
UKESM1-3-LL,abrupt-4xCO2,r1i1p1f1,g110,tas,2165,21.8801,degrees_C,,concentration,ref,,,ensemble-mean
UKESM1-3-LL,abrupt-4xCO2,r1i1p1f1,g110,tas,2166,21.8595,degrees_C,,concentration,ref,,,ensemble-mean
UKESM1-3-LL,abrupt-4xCO2,r1i1p1f1,g110,tas,2167,22.0412,degrees_C,,concentration,ref,,,ensemble-mean
UKESM1-3-LL,abrupt-4xCO2,r1i1p1f1,g110,tas,2168,21.959,degrees_C,,concentration,ref,,,ensemble-mean
UKESM1-3-LL,abrupt-4xCO2,r1i1p1f1,g110,tas,2169,21.8927,degrees_C,,concentration,ref,,,ensemble-mean
UKESM1-3-LL,abrupt-4xCO2,r1i1p1f1,g110,tas,2170,22.068,degrees_C,,concentration,ref,,,ensemble-mean
UKESM1-3-LL,abrupt-4xCO2,r1i1p1f1,g110,tas,2171,21.853,degrees_C,,concentration,ref,,,ensemble-mean
UKESM1-3-LL,abrupt-4xCO2,r1i1p1f1,g110,tas,2172,21.8306,degrees_C,,concentration,ref,,,ensemble-mean
UKESM1-3-LL,abrupt-4xCO2,r1i1p1f1,g110,tas,2173,22.0249,degrees_C,,concentration,ref,,,ensemble-mean
UKESM1-3-LL,abrupt-4xCO2,r1i1p1f1,g110,tas,2174,22.0439,degrees_C,,concentration,ref,,,ensemble-mean
UKESM1-3-LL,abrupt-4xCO2,r1i1p1f1,g110,tas,2175,22.1167,degrees_C,,concentration,ref,,,ensemble-mean
UKESM1-3-LL,abrupt-4xCO2,r1i1p1f1,g110,tas,2176,21.8035,degrees_C,,concentration,ref,,,ensemble-mean
UKESM1-3-LL,abrupt-4xCO2,r1i1p1f1,g110,tas,2177,21.8622,degrees_C,,concentration,ref,,,ensemble-mean
UKESM1-3-LL,abrupt-4xCO2,r1i1p1f1,g110,tas,2178,22.102,degrees_C,,concentration,ref,,,ensemble-mean
UKESM1-3-LL,abrupt-4xCO2,r1i1p1f1,g110,tas,2179,22.1327,degrees_C,,concentration,ref,,,ensemble-mean
UKESM1-3-LL,abrupt-4xCO2,r1i1p1f1,g110,tas,2180,22.0514,degrees_C,,concentration,ref,,,ensemble-mean
UKESM1-3-LL,abrupt-4xCO2,r1i1p1f1,g110,tas,2181,22.1558,degrees_C,,concentration,ref,,,ensemble-mean
UKESM1-3-LL,abrupt-4xCO2,r1i1p1f1,g110,tas,2182,22.0198,degrees_C,,concentration,ref,,,ensemble-mean
UKESM1-3-LL,abrupt-4xCO2,r1i1p1f1,g110,tas,2183,22.1925,degrees_C,,concentration,ref,,,ensemble-mean
UKESM1-3-LL,abrupt-4xCO2,r1i1p1f1,g110,tas,2184,22.038,degrees_C,,concentration,ref,,,ensemble-mean
UKESM1-3-LL,abrupt-4xCO2,r1i1p1f1,g110,tas,2185,22.1327,degrees_C,,concentration,ref,,,ensemble-mean
UKESM1-3-LL,abrupt-4xCO2,r1i1p1f1,g110,tas,2186,22.1158,degrees_C,,concentration,ref,,,ensemble-mean
UKESM1-3-LL,abrupt-4xCO2,r1i1p1f1,g110,tas,2187,21.9268,degrees_C,,concentration,ref,,,ensemble-mean
UKESM1-3-LL,abrupt-4xCO2,r1i1p1f1,g110,tas,2188,22.0225,degrees_C,,concentration,ref,,,ensemble-mean
UKESM1-3-LL,abrupt-4xCO2,r1i1p1f1,g110,tas,2189,22.1697,degrees_C,,concentration,ref,,,ensemble-mean
UKESM1-3-LL,abrupt-4xCO2,r1i1p1f1,g110,tas,2190,22.1844,degrees_C,,concentration,ref,,,ensemble-mean
UKESM1-3-LL,abrupt-4xCO2,r1i1p1f1,g110,tas,2191,21.9928,degrees_C,,concentration,ref,,,ensemble-mean
UKESM1-3-LL,abrupt-4xCO2,r1i1p1f1,g110,tas,2192,22.0428,degrees_C,,concentration,ref,,,ensemble-mean
UKESM1-3-LL,abrupt-4xCO2,r1i1p1f1,g110,tas,2193,21.9489,degrees_C,,concentration,ref,,,ensemble-mean
UKESM1-3-LL,esm-hist,r1i1p1f1,g110,tas,1850,13.0228,degrees_C,historical,emissions,ref,-0.164658,13.1875,r1i1p1f1
UKESM1-3-LL,esm-hist,r1i1p1f1,g110,tas,1851,13.1159,degrees_C,historical,emissions,ref,-0.0715793,13.1875,r1i1p1f1
UKESM1-3-LL,esm-hist,r1i1p1f1,g110,tas,1852,13.3664,degrees_C,historical,emissions,ref,0.17897,13.1875,r1i1p1f1
UKESM1-3-LL,esm-hist,r1i1p1f1,g110,tas,1853,13.3876,degrees_C,historical,emissions,ref,0.200088,13.1875,r1i1p1f1
UKESM1-3-LL,esm-hist,r1i1p1f1,g110,tas,1854,13.2086,degrees_C,historical,emissions,ref,0.0211636,13.1875,r1i1p1f1
UKESM1-3-LL,esm-hist,r1i1p1f1,g110,tas,1855,13.2206,degrees_C,historical,emissions,ref,0.033096,13.1875,r1i1p1f1
UKESM1-3-LL,esm-hist,r1i1p1f1,g110,tas,1856,13.2936,degrees_C,historical,emissions,ref,0.106155,13.1875,r1i1p1f1
UKESM1-3-LL,esm-hist,r1i1p1f1,g110,tas,1857,13.3342,degrees_C,historical,emissions,ref,0.146682,13.1875,r1i1p1f1
UKESM1-3-LL,esm-hist,r1i1p1f1,g110,tas,1858,13.1849,degrees_C,historical,emissions,ref,-0.00260955,13.1875,r1i1p1f1
UKESM1-3-LL,esm-hist,r1i1p1f1,g110,tas,1859,13.3007,degrees_C,historical,emissions,ref,0.113205,13.1875,r1i1p1f1
UKESM1-3-LL,esm-hist,r1i1p1f1,g110,tas,1860,13.3486,degrees_C,historical,emissions,ref,0.161148,13.1875,r1i1p1f1
UKESM1-3-LL,esm-hist,r1i1p1f1,g110,tas,1861,13.459,degrees_C,historical,emissions,ref,0.27156,13.1875,r1i1p1f1
UKESM1-3-LL,esm-hist,r1i1p1f1,g110,tas,1862,13.2583,degrees_C,historical,emissions,ref,0.0707852,13.1875,r1i1p1f1
UKESM1-3-LL,esm-hist,r1i1p1f1,g110,tas,1863,12.9265,degrees_C,historical,emissions,ref,-0.261002,13.1875,r1i1p1f1
UKESM1-3-LL,esm-hist,r1i1p1f1,g110,tas,1864,13.189,degrees_C,historical,emissions,ref,0.00151032,13.1875,r1i1p1f1
UKESM1-3-LL,esm-hist,r1i1p1f1,g110,tas,1865,13.2675,degrees_C,historical,emissions,ref,0.0800015,13.1875,r1i1p1f1
UKESM1-3-LL,esm-hist,r1i1p1f1,g110,tas,1866,13.3019,degrees_C,historical,emissions,ref,0.114395,13.1875,r1i1p1f1
UKESM1-3-LL,esm-hist,r1i1p1f1,g110,tas,1867,13.2284,degrees_C,historical,emissions,ref,0.0409695,13.1875,r1i1p1f1
UKESM1-3-LL,esm-hist,r1i1p1f1,g110,tas,1868,13.3435,degrees_C,historical,emissions,ref,0.15599,13.1875,r1i1p1f1
UKESM1-3-LL,esm-hist,r1i1p1f1,g110,tas,1869,13.4362,degrees_C,historical,emissions,ref,0.248703,13.1875,r1i1p1f1
UKESM1-3-LL,esm-hist,r1i1p1f1,g110,tas,1870,13.4872,degrees_C,historical,emissions,ref,0.299728,13.1875,r1i1p1f1
UKESM1-3-LL,esm-hist,r1i1p1f1,g110,tas,1871,13.2924,degrees_C,historical,emissions,ref,0.104934,13.1875,r1i1p1f1
UKESM1-3-LL,esm-hist,r1i1p1f1,g110,tas,1872,13.3753,degrees_C,historical,emissions,ref,0.18779,13.1875,r1i1p1f1
UKESM1-3-LL,esm-hist,r1i1p1f1,g110,tas,1873,13.3241,degrees_C,historical,emissions,ref,0.136612,13.1875,r1i1p1f1
UKESM1-3-LL,esm-hist,r1i1p1f1,g110,tas,1874,13.3113,degrees_C,historical,emissions,ref,0.123855,13.1875,r1i1p1f1
UKESM1-3-LL,esm-hist,r1i1p1f1,g110,tas,1875,13.1922,degrees_C,historical,emissions,ref,0.00471467,13.1875,r1i1p1f1
UKESM1-3-LL,esm-hist,r1i1p1f1,g110,tas,1876,13.256,degrees_C,historical,emissions,ref,0.0685574,13.1875,r1i1p1f1
UKESM1-3-LL,esm-hist,r1i1p1f1,g110,tas,1877,13.2651,degrees_C,historical,emissions,ref,0.0775906,13.1875,r1i1p1f1
UKESM1-3-LL,esm-hist,r1i1p1f1,g110,tas,1878,13.1764,degrees_C,historical,emissions,ref,-0.0110629,13.1875,r1i1p1f1
UKESM1-3-LL,esm-hist,r1i1p1f1,g110,tas,1879,13.464,degrees_C,historical,emissions,ref,0.276504,13.1875,r1i1p1f1
UKESM1-3-LL,esm-hist,r1i1p1f1,g110,tas,1880,13.4394,degrees_C,historical,emissions,ref,0.251938,13.1875,r1i1p1f1
UKESM1-3-LL,esm-hist,r1i1p1f1,g110,tas,1881,13.3274,degrees_C,historical,emissions,ref,0.139908,13.1875,r1i1p1f1
UKESM1-3-LL,esm-hist,r1i1p1f1,g110,tas,1882,13.3056,degrees_C,historical,emissions,ref,0.118118,13.1875,r1i1p1f1
UKESM1-3-LL,esm-hist,r1i1p1f1,g110,tas,1883,13.3012,degrees_C,historical,emissions,ref,0.113723,13.1875,r1i1p1f1
UKESM1-3-LL,esm-hist,r1i1p1f1,g110,tas,1884,13.066,degrees_C,historical,emissions,ref,-0.121445,13.1875,r1i1p1f1
UKESM1-3-LL,esm-hist,r1i1p1f1,g110,tas,1885,12.7386,degrees_C,historical,emissions,ref,-0.448838,13.1875,r1i1p1f1
UKESM1-3-LL,esm-hist,r1i1p1f1,g110,tas,1886,12.746,degrees_C,historical,emissions,ref,-0.441513,13.1875,r1i1p1f1
UKESM1-3-LL,esm-hist,r1i1p1f1,g110,tas,1887,12.8002,degrees_C,historical,emissions,ref,-0.387284,13.1875,r1i1p1f1
UKESM1-3-LL,esm-hist,r1i1p1f1,g110,tas,1888,12.8531,degrees_C,historical,emissions,ref,-0.334336,13.1875,r1i1p1f1
UKESM1-3-LL,esm-hist,r1i1p1f1,g110,tas,1889,12.9974,degrees_C,historical,emissions,ref,-0.190079,13.1875,r1i1p1f1
UKESM1-3-LL,esm-hist,r1i1p1f1,g110,tas,1890,13.1887,degrees_C,historical,emissions,ref,0.00117463,13.1875,r1i1p1f1
UKESM1-3-LL,esm-hist,r1i1p1f1,g110,tas,1891,12.9808,degrees_C,historical,emissions,ref,-0.20665,13.1875,r1i1p1f1
UKESM1-3-LL,esm-hist,r1i1p1f1,g110,tas,1892,13.0689,degrees_C,historical,emissions,ref,-0.118546,13.1875,r1i1p1f1
UKESM1-3-LL,esm-hist,r1i1p1f1,g110,tas,1893,13.1686,degrees_C,historical,emissions,ref,-0.0189059,13.1875,r1i1p1f1
UKESM1-3-LL,esm-hist,r1i1p1f1,g110,tas,1894,13.0019,degrees_C,historical,emissions,ref,-0.185623,13.1875,r1i1p1f1
UKESM1-3-LL,esm-hist,r1i1p1f1,g110,tas,1895,13.0268,degrees_C,historical,emissions,ref,-0.160691,13.1875,r1i1p1f1
UKESM1-3-LL,esm-hist,r1i1p1f1,g110,tas,1896,12.9385,degrees_C,historical,emissions,ref,-0.249008,13.1875,r1i1p1f1
UKESM1-3-LL,esm-hist,r1i1p1f1,g110,tas,1897,13.0298,degrees_C,historical,emissions,ref,-0.1577,13.1875,r1i1p1f1
UKESM1-3-LL,esm-hist,r1i1p1f1,g110,tas,1898,13.0065,degrees_C,historical,emissions,ref,-0.180954,13.1875,r1i1p1f1
UKESM1-3-LL,esm-hist,r1i1p1f1,g110,tas,1899,13.0649,degrees_C,historical,emissions,ref,-0.122605,13.1875,r1i1p1f1
UKESM1-3-LL,esm-hist,r1i1p1f1,g110,tas,1900,13.173,degrees_C,historical,emissions,ref,-0.0144809,13.1875,r1i1p1f1
UKESM1-3-LL,esm-hist,r1i1p1f1,g110,tas,1901,13.0037,degrees_C,historical,emissions,ref,-0.183792,13.1875,r1i1p1f1
UKESM1-3-LL,esm-hist,r1i1p1f1,g110,tas,1902,12.9739,degrees_C,historical,emissions,ref,-0.213547,13.1875,r1i1p1f1
UKESM1-3-LL,esm-hist,r1i1p1f1,g110,tas,1903,12.9483,degrees_C,historical,emissions,ref,-0.239151,13.1875,r1i1p1f1
UKESM1-3-LL,esm-hist,r1i1p1f1,g110,tas,1904,12.9355,degrees_C,historical,emissions,ref,-0.251999,13.1875,r1i1p1f1
UKESM1-3-LL,esm-hist,r1i1p1f1,g110,tas,1905,12.784,degrees_C,historical,emissions,ref,-0.403488,13.1875,r1i1p1f1
UKESM1-3-LL,esm-hist,r1i1p1f1,g110,tas,1906,12.9481,degrees_C,historical,emissions,ref,-0.239426,13.1875,r1i1p1f1
UKESM1-3-LL,esm-hist,r1i1p1f1,g110,tas,1907,12.9471,degrees_C,historical,emissions,ref,-0.240341,13.1875,r1i1p1f1
UKESM1-3-LL,esm-hist,r1i1p1f1,g110,tas,1908,12.9835,degrees_C,historical,emissions,ref,-0.203995,13.1875,r1i1p1f1
UKESM1-3-LL,esm-hist,r1i1p1f1,g110,tas,1909,13.0875,degrees_C,historical,emissions,ref,-0.0999301,13.1875,r1i1p1f1
UKESM1-3-LL,esm-hist,r1i1p1f1,g110,tas,1910,13.1953,degrees_C,historical,emissions,ref,0.00782746,13.1875,r1i1p1f1
UKESM1-3-LL,esm-hist,r1i1p1f1,g110,tas,1911,13.1092,degrees_C,historical,emissions,ref,-0.0782321,13.1875,r1i1p1f1
UKESM1-3-LL,esm-hist,r1i1p1f1,g110,tas,1912,13.1169,degrees_C,historical,emissions,ref,-0.0706027,13.1875,r1i1p1f1
UKESM1-3-LL,esm-hist,r1i1p1f1,g110,tas,1913,12.9919,degrees_C,historical,emissions,ref,-0.195572,13.1875,r1i1p1f1
UKESM1-3-LL,esm-hist,r1i1p1f1,g110,tas,1914,13.1047,degrees_C,historical,emissions,ref,-0.0828097,13.1875,r1i1p1f1
UKESM1-3-LL,esm-hist,r1i1p1f1,g110,tas,1915,13.0609,degrees_C,historical,emissions,ref,-0.126572,13.1875,r1i1p1f1
UKESM1-3-LL,esm-hist,r1i1p1f1,g110,tas,1916,13.0784,degrees_C,historical,emissions,ref,-0.109085,13.1875,r1i1p1f1
UKESM1-3-LL,esm-hist,r1i1p1f1,g110,tas,1917,13.04,degrees_C,historical,emissions,ref,-0.147507,13.1875,r1i1p1f1
UKESM1-3-LL,esm-hist,r1i1p1f1,g110,tas,1918,13.1027,degrees_C,historical,emissions,ref,-0.0847324,13.1875,r1i1p1f1
UKESM1-3-LL,esm-hist,r1i1p1f1,g110,tas,1919,12.9779,degrees_C,historical,emissions,ref,-0.20961,13.1875,r1i1p1f1
UKESM1-3-LL,esm-hist,r1i1p1f1,g110,tas,1920,13.1456,degrees_C,historical,emissions,ref,-0.0418552,13.1875,r1i1p1f1
UKESM1-3-LL,esm-hist,r1i1p1f1,g110,tas,1921,13.2333,degrees_C,historical,emissions,ref,0.0458524,13.1875,r1i1p1f1
UKESM1-3-LL,esm-hist,r1i1p1f1,g110,tas,1922,13.2108,degrees_C,historical,emissions,ref,0.0233609,13.1875,r1i1p1f1
UKESM1-3-LL,esm-hist,r1i1p1f1,g110,tas,1923,13.2001,degrees_C,historical,emissions,ref,0.0126492,13.1875,r1i1p1f1
UKESM1-3-LL,esm-hist,r1i1p1f1,g110,tas,1924,13.3615,degrees_C,historical,emissions,ref,0.174026,13.1875,r1i1p1f1
UKESM1-3-LL,esm-hist,r1i1p1f1,g110,tas,1925,13.2613,degrees_C,historical,emissions,ref,0.073837,13.1875,r1i1p1f1
UKESM1-3-LL,esm-hist,r1i1p1f1,g110,tas,1926,13.2718,degrees_C,historical,emissions,ref,0.0843045,13.1875,r1i1p1f1
UKESM1-3-LL,esm-hist,r1i1p1f1,g110,tas,1927,13.3087,degrees_C,historical,emissions,ref,0.121261,13.1875,r1i1p1f1
UKESM1-3-LL,esm-hist,r1i1p1f1,g110,tas,1928,13.431,degrees_C,historical,emissions,ref,0.243545,13.1875,r1i1p1f1
UKESM1-3-LL,esm-hist,r1i1p1f1,g110,tas,1929,13.5886,degrees_C,historical,emissions,ref,0.401169,13.1875,r1i1p1f1
UKESM1-3-LL,esm-hist,r1i1p1f1,g110,tas,1930,13.3419,degrees_C,historical,emissions,ref,0.154434,13.1875,r1i1p1f1
UKESM1-3-LL,esm-hist,r1i1p1f1,g110,tas,1931,13.281,degrees_C,historical,emissions,ref,0.0935208,13.1875,r1i1p1f1
UKESM1-3-LL,esm-hist,r1i1p1f1,g110,tas,1932,13.3054,degrees_C,historical,emissions,ref,0.117904,13.1875,r1i1p1f1
UKESM1-3-LL,esm-hist,r1i1p1f1,g110,tas,1933,13.3159,degrees_C,historical,emissions,ref,0.128372,13.1875,r1i1p1f1
UKESM1-3-LL,esm-hist,r1i1p1f1,g110,tas,1934,13.2476,degrees_C,historical,emissions,ref,0.0601651,13.1875,r1i1p1f1
UKESM1-3-LL,esm-hist,r1i1p1f1,g110,tas,1935,13.2256,degrees_C,historical,emissions,ref,0.0381619,13.1875,r1i1p1f1
UKESM1-3-LL,esm-hist,r1i1p1f1,g110,tas,1936,13.3959,degrees_C,historical,emissions,ref,0.20842,13.1875,r1i1p1f1
UKESM1-3-LL,esm-hist,r1i1p1f1,g110,tas,1937,13.4511,degrees_C,historical,emissions,ref,0.263626,13.1875,r1i1p1f1
UKESM1-3-LL,esm-hist,r1i1p1f1,g110,tas,1938,13.4041,degrees_C,historical,emissions,ref,0.216659,13.1875,r1i1p1f1
UKESM1-3-LL,esm-hist,r1i1p1f1,g110,tas,1939,13.3478,degrees_C,historical,emissions,ref,0.160354,13.1875,r1i1p1f1
UKESM1-3-LL,esm-hist,r1i1p1f1,g110,tas,1940,13.3791,degrees_C,historical,emissions,ref,0.191574,13.1875,r1i1p1f1
UKESM1-3-LL,esm-hist,r1i1p1f1,g110,tas,1941,13.2433,degrees_C,historical,emissions,ref,0.0558621,13.1875,r1i1p1f1
UKESM1-3-LL,esm-hist,r1i1p1f1,g110,tas,1942,13.0759,degrees_C,historical,emissions,ref,-0.111618,13.1875,r1i1p1f1
UKESM1-3-LL,esm-hist,r1i1p1f1,g110,tas,1943,13.0908,degrees_C,historical,emissions,ref,-0.0966647,13.1875,r1i1p1f1
UKESM1-3-LL,esm-hist,r1i1p1f1,g110,tas,1944,13.2602,degrees_C,historical,emissions,ref,0.0727689,13.1875,r1i1p1f1
UKESM1-3-LL,esm-hist,r1i1p1f1,g110,tas,1945,13.1981,degrees_C,historical,emissions,ref,0.0106351,13.1875,r1i1p1f1
UKESM1-3-LL,esm-hist,r1i1p1f1,g110,tas,1946,13.2387,degrees_C,historical,emissions,ref,0.0511929,13.1875,r1i1p1f1
UKESM1-3-LL,esm-hist,r1i1p1f1,g110,tas,1947,13.1468,degrees_C,historical,emissions,ref,-0.0406955,13.1875,r1i1p1f1
UKESM1-3-LL,esm-hist,r1i1p1f1,g110,tas,1948,13.1168,degrees_C,historical,emissions,ref,-0.0707248,13.1875,r1i1p1f1
UKESM1-3-LL,esm-hist,r1i1p1f1,g110,tas,1949,13.2993,degrees_C,historical,emissions,ref,0.111831,13.1875,r1i1p1f1
UKESM1-3-LL,esm-hist,r1i1p1f1,g110,tas,1950,13.3961,degrees_C,historical,emissions,ref,0.208572,13.1875,r1i1p1f1
UKESM1-3-LL,esm-hist,r1i1p1f1,g110,tas,1951,13.3231,degrees_C,historical,emissions,ref,0.135635,13.1875,r1i1p1f1
UKESM1-3-LL,esm-hist,r1i1p1f1,g110,tas,1952,13.0783,degrees_C,historical,emissions,ref,-0.109177,13.1875,r1i1p1f1
UKESM1-3-LL,esm-hist,r1i1p1f1,g110,tas,1953,13.1332,degrees_C,historical,emissions,ref,-0.0543063,13.1875,r1i1p1f1
UKESM1-3-LL,esm-hist,r1i1p1f1,g110,tas,1954,13.1285,degrees_C,historical,emissions,ref,-0.059006,13.1875,r1i1p1f1
UKESM1-3-LL,esm-hist,r1i1p1f1,g110,tas,1955,13.1728,degrees_C,historical,emissions,ref,-0.0146335,13.1875,r1i1p1f1
UKESM1-3-LL,esm-hist,r1i1p1f1,g110,tas,1956,13.3341,degrees_C,historical,emissions,ref,0.146652,13.1875,r1i1p1f1
UKESM1-3-LL,esm-hist,r1i1p1f1,g110,tas,1957,13.3919,degrees_C,historical,emissions,ref,0.204391,13.1875,r1i1p1f1
UKESM1-3-LL,esm-hist,r1i1p1f1,g110,tas,1958,13.3254,degrees_C,historical,emissions,ref,0.137893,13.1875,r1i1p1f1
UKESM1-3-LL,esm-hist,r1i1p1f1,g110,tas,1959,13.3097,degrees_C,historical,emissions,ref,0.122177,13.1875,r1i1p1f1
UKESM1-3-LL,esm-hist,r1i1p1f1,g110,tas,1960,13.5344,degrees_C,historical,emissions,ref,0.346939,13.1875,r1i1p1f1
UKESM1-3-LL,esm-hist,r1i1p1f1,g110,tas,1961,13.292,degrees_C,historical,emissions,ref,0.104477,13.1875,r1i1p1f1
UKESM1-3-LL,esm-hist,r1i1p1f1,g110,tas,1962,13.2847,degrees_C,historical,emissions,ref,0.0971829,13.1875,r1i1p1f1
UKESM1-3-LL,esm-hist,r1i1p1f1,g110,tas,1963,13.3831,degrees_C,historical,emissions,ref,0.195633,13.1875,r1i1p1f1
UKESM1-3-LL,esm-hist,r1i1p1f1,g110,tas,1964,13.2945,degrees_C,historical,emissions,ref,0.107071,13.1875,r1i1p1f1
UKESM1-3-LL,esm-hist,r1i1p1f1,g110,tas,1965,13.207,degrees_C,historical,emissions,ref,0.0195157,13.1875,r1i1p1f1
UKESM1-3-LL,esm-hist,r1i1p1f1,g110,tas,1966,13.3595,degrees_C,historical,emissions,ref,0.172012,13.1875,r1i1p1f1
UKESM1-3-LL,esm-hist,r1i1p1f1,g110,tas,1967,13.4125,degrees_C,historical,emissions,ref,0.225052,13.1875,r1i1p1f1
UKESM1-3-LL,esm-hist,r1i1p1f1,g110,tas,1968,13.2355,degrees_C,historical,emissions,ref,0.0480496,13.1875,r1i1p1f1
UKESM1-3-LL,esm-hist,r1i1p1f1,g110,tas,1969,13.2105,degrees_C,historical,emissions,ref,0.0230557,13.1875,r1i1p1f1
UKESM1-3-LL,esm-hist,r1i1p1f1,g110,tas,1970,13.2457,degrees_C,historical,emissions,ref,0.0581815,13.1875,r1i1p1f1
UKESM1-3-LL,esm-hist,r1i1p1f1,g110,tas,1971,13.1409,degrees_C,historical,emissions,ref,-0.0465549,13.1875,r1i1p1f1
UKESM1-3-LL,esm-hist,r1i1p1f1,g110,tas,1972,13.1579,degrees_C,historical,emissions,ref,-0.0295566,13.1875,r1i1p1f1
UKESM1-3-LL,esm-hist,r1i1p1f1,g110,tas,1973,13.3033,degrees_C,historical,emissions,ref,0.115799,13.1875,r1i1p1f1
UKESM1-3-LL,esm-hist,r1i1p1f1,g110,tas,1974,13.3102,degrees_C,historical,emissions,ref,0.122696,13.1875,r1i1p1f1
UKESM1-3-LL,esm-hist,r1i1p1f1,g110,tas,1975,13.298,degrees_C,historical,emissions,ref,0.11055,13.1875,r1i1p1f1
UKESM1-3-LL,esm-hist,r1i1p1f1,g110,tas,1976,13.4291,degrees_C,historical,emissions,ref,0.241592,13.1875,r1i1p1f1
UKESM1-3-LL,esm-hist,r1i1p1f1,g110,tas,1977,13.5451,degrees_C,historical,emissions,ref,0.35762,13.1875,r1i1p1f1
UKESM1-3-LL,esm-hist,r1i1p1f1,g110,tas,1978,13.3596,degrees_C,historical,emissions,ref,0.172134,13.1875,r1i1p1f1
UKESM1-3-LL,esm-hist,r1i1p1f1,g110,tas,1979,13.328,degrees_C,historical,emissions,ref,0.140487,13.1875,r1i1p1f1
UKESM1-3-LL,esm-hist,r1i1p1f1,g110,tas,1980,13.27,degrees_C,historical,emissions,ref,0.0825345,13.1875,r1i1p1f1
UKESM1-3-LL,esm-hist,r1i1p1f1,g110,tas,1981,13.4889,degrees_C,historical,emissions,ref,0.301468,13.1875,r1i1p1f1
UKESM1-3-LL,esm-hist,r1i1p1f1,g110,tas,1982,13.6973,degrees_C,historical,emissions,ref,0.509811,13.1875,r1i1p1f1
UKESM1-3-LL,esm-hist,r1i1p1f1,g110,tas,1983,13.5227,degrees_C,historical,emissions,ref,0.33522,13.1875,r1i1p1f1
UKESM1-3-LL,esm-hist,r1i1p1f1,g110,tas,1984,13.5494,degrees_C,historical,emissions,ref,0.361892,13.1875,r1i1p1f1
UKESM1-3-LL,esm-hist,r1i1p1f1,g110,tas,1985,13.3705,degrees_C,historical,emissions,ref,0.183029,13.1875,r1i1p1f1
UKESM1-3-LL,esm-hist,r1i1p1f1,g110,tas,1986,13.4866,degrees_C,historical,emissions,ref,0.299087,13.1875,r1i1p1f1
UKESM1-3-LL,esm-hist,r1i1p1f1,g110,tas,1987,13.4585,degrees_C,historical,emissions,ref,0.270981,13.1875,r1i1p1f1
UKESM1-3-LL,esm-hist,r1i1p1f1,g110,tas,1988,13.3384,degrees_C,historical,emissions,ref,0.150955,13.1875,r1i1p1f1
UKESM1-3-LL,esm-hist,r1i1p1f1,g110,tas,1989,13.5666,degrees_C,historical,emissions,ref,0.379074,13.1875,r1i1p1f1
UKESM1-3-LL,esm-hist,r1i1p1f1,g110,tas,1990,13.6873,degrees_C,historical,emissions,ref,0.499801,13.1875,r1i1p1f1
UKESM1-3-LL,esm-hist,r1i1p1f1,g110,tas,1991,13.551,degrees_C,historical,emissions,ref,0.363479,13.1875,r1i1p1f1
UKESM1-3-LL,esm-hist,r1i1p1f1,g110,tas,1992,13.331,degrees_C,historical,emissions,ref,0.14357,13.1875,r1i1p1f1
UKESM1-3-LL,esm-hist,r1i1p1f1,g110,tas,1993,13.5213,degrees_C,historical,emissions,ref,0.333786,13.1875,r1i1p1f1
UKESM1-3-LL,esm-hist,r1i1p1f1,g110,tas,1994,13.4989,degrees_C,historical,emissions,ref,0.311416,13.1875,r1i1p1f1
UKESM1-3-LL,esm-hist,r1i1p1f1,g110,tas,1995,13.5358,degrees_C,historical,emissions,ref,0.348343,13.1875,r1i1p1f1
UKESM1-3-LL,esm-hist,r1i1p1f1,g110,tas,1996,13.6255,degrees_C,historical,emissions,ref,0.438003,13.1875,r1i1p1f1
UKESM1-3-LL,esm-hist,r1i1p1f1,g110,tas,1997,13.8494,degrees_C,historical,emissions,ref,0.661941,13.1875,r1i1p1f1
UKESM1-3-LL,esm-hist,r1i1p1f1,g110,tas,1998,14.0357,degrees_C,historical,emissions,ref,0.848221,13.1875,r1i1p1f1
UKESM1-3-LL,esm-hist,r1i1p1f1,g110,tas,1999,14.094,degrees_C,historical,emissions,ref,0.906509,13.1875,r1i1p1f1
UKESM1-3-LL,esm-hist,r1i1p1f1,g110,tas,2000,13.8046,degrees_C,historical,emissions,ref,0.617141,13.1875,r1i1p1f1
UKESM1-3-LL,esm-hist,r1i1p1f1,g110,tas,2001,13.8347,degrees_C,historical,emissions,ref,0.647171,13.1875,r1i1p1f1
UKESM1-3-LL,esm-hist,r1i1p1f1,g110,tas,2002,13.9576,degrees_C,historical,emissions,ref,0.770126,13.1875,r1i1p1f1
UKESM1-3-LL,esm-hist,r1i1p1f1,g110,tas,2003,13.9492,degrees_C,historical,emissions,ref,0.761673,13.1875,r1i1p1f1
UKESM1-3-LL,esm-hist,r1i1p1f1,g110,tas,2004,14.0519,degrees_C,historical,emissions,ref,0.864395,13.1875,r1i1p1f1
UKESM1-3-LL,esm-hist,r1i1p1f1,g110,tas,2005,14.0461,degrees_C,historical,emissions,ref,0.858627,13.1875,r1i1p1f1
UKESM1-3-LL,esm-hist,r1i1p1f1,g110,tas,2006,13.9631,degrees_C,historical,emissions,ref,0.77565,13.1875,r1i1p1f1
UKESM1-3-LL,esm-hist,r1i1p1f1,g110,tas,2007,14.167,degrees_C,historical,emissions,ref,0.979568,13.1875,r1i1p1f1
UKESM1-3-LL,esm-hist,r1i1p1f1,g110,tas,2008,14.0046,degrees_C,historical,emissions,ref,0.817093,13.1875,r1i1p1f1
UKESM1-3-LL,esm-hist,r1i1p1f1,g110,tas,2009,13.9204,degrees_C,historical,emissions,ref,0.732925,13.1875,r1i1p1f1
UKESM1-3-LL,esm-hist,r1i1p1f1,g110,tas,2010,14.0416,degrees_C,historical,emissions,ref,0.85408,13.1875,r1i1p1f1
UKESM1-3-LL,esm-hist,r1i1p1f1,g110,tas,2011,14.2051,degrees_C,historical,emissions,ref,1.01759,13.1875,r1i1p1f1
UKESM1-3-LL,esm-hist,r1i1p1f1,g110,tas,2012,14.3857,degrees_C,historical,emissions,ref,1.1982,13.1875,r1i1p1f1
UKESM1-3-LL,esm-hist,r1i1p1f1,g110,tas,2013,14.2273,degrees_C,historical,emissions,ref,1.03978,13.1875,r1i1p1f1
UKESM1-3-LL,esm-hist,r1i1p1f1,g110,tas,2014,14.2842,degrees_C,historical,emissions,ref,1.09669,13.1875,r1i1p1f1
UKESM1-3-LL,esm-hist,r1i1p1f1,g110,tas,2015,14.3463,degrees_C,historical,emissions,ref,1.1588,13.1875,r1i1p1f1
UKESM1-3-LL,esm-hist,r1i1p1f1,g110,tas,2016,14.4024,degrees_C,historical,emissions,ref,1.21492,13.1875,r1i1p1f1
UKESM1-3-LL,esm-hist,r1i1p1f1,g110,tas,2017,14.5037,degrees_C,historical,emissions,ref,1.31627,13.1875,r1i1p1f1
UKESM1-3-LL,esm-hist,r1i1p1f1,g110,tas,2018,14.572,degrees_C,historical,emissions,ref,1.38448,13.1875,r1i1p1f1
UKESM1-3-LL,esm-hist,r1i1p1f1,g110,tas,2019,14.5751,degrees_C,historical,emissions,ref,1.38759,13.1875,r1i1p1f1
UKESM1-3-LL,esm-hist,r1i1p1f1,g110,tas,2020,14.6544,degrees_C,historical,emissions,ref,1.46693,13.1875,r1i1p1f1
UKESM1-3-LL,esm-hist,r1i1p1f1,g110,tas,2021,14.8137,degrees_C,historical,emissions,ref,1.62624,13.1875,r1i1p1f1
UKESM1-3-LL,esm-hist,r5i1p1f1,g110,tas,1850,13.2129,degrees_C,historical,emissions,ref,-0.0225872,13.2355,r5i1p1f1
UKESM1-3-LL,esm-hist,r5i1p1f1,g110,tas,1851,13.2602,degrees_C,historical,emissions,ref,0.0247761,13.2355,r5i1p1f1
UKESM1-3-LL,esm-hist,r5i1p1f1,g110,tas,1852,13.3751,degrees_C,historical,emissions,ref,0.139614,13.2355,r5i1p1f1
UKESM1-3-LL,esm-hist,r5i1p1f1,g110,tas,1853,13.265,degrees_C,historical,emissions,ref,0.0295063,13.2355,r5i1p1f1
UKESM1-3-LL,esm-hist,r5i1p1f1,g110,tas,1854,13.2822,degrees_C,historical,emissions,ref,0.0467487,13.2355,r5i1p1f1
UKESM1-3-LL,esm-hist,r5i1p1f1,g110,tas,1855,13.1077,degrees_C,historical,emissions,ref,-0.127812,13.2355,r5i1p1f1
UKESM1-3-LL,esm-hist,r5i1p1f1,g110,tas,1856,13.2297,degrees_C,historical,emissions,ref,-0.00574149,13.2355,r5i1p1f1
UKESM1-3-LL,esm-hist,r5i1p1f1,g110,tas,1857,13.1974,degrees_C,historical,emissions,ref,-0.0380596,13.2355,r5i1p1f1
UKESM1-3-LL,esm-hist,r5i1p1f1,g110,tas,1858,13.0897,degrees_C,historical,emissions,ref,-0.145726,13.2355,r5i1p1f1
UKESM1-3-LL,esm-hist,r5i1p1f1,g110,tas,1859,13.0499,degrees_C,historical,emissions,ref,-0.185551,13.2355,r5i1p1f1
UKESM1-3-LL,esm-hist,r5i1p1f1,g110,tas,1860,12.9041,degrees_C,historical,emissions,ref,-0.331395,13.2355,r5i1p1f1
UKESM1-3-LL,esm-hist,r5i1p1f1,g110,tas,1861,12.9663,degrees_C,historical,emissions,ref,-0.269169,13.2355,r5i1p1f1
UKESM1-3-LL,esm-hist,r5i1p1f1,g110,tas,1862,13.0506,degrees_C,historical,emissions,ref,-0.184849,13.2355,r5i1p1f1
UKESM1-3-LL,esm-hist,r5i1p1f1,g110,tas,1863,13.0243,degrees_C,historical,emissions,ref,-0.211186,13.2355,r5i1p1f1
UKESM1-3-LL,esm-hist,r5i1p1f1,g110,tas,1864,13.0858,degrees_C,historical,emissions,ref,-0.149693,13.2355,r5i1p1f1
UKESM1-3-LL,esm-hist,r5i1p1f1,g110,tas,1865,13.1655,degrees_C,historical,emissions,ref,-0.069981,13.2355,r5i1p1f1
UKESM1-3-LL,esm-hist,r5i1p1f1,g110,tas,1866,13.2018,degrees_C,historical,emissions,ref,-0.0336346,13.2355,r5i1p1f1
UKESM1-3-LL,esm-hist,r5i1p1f1,g110,tas,1867,13.2569,degrees_C,historical,emissions,ref,0.0214497,13.2355,r5i1p1f1
UKESM1-3-LL,esm-hist,r5i1p1f1,g110,tas,1868,13.1919,degrees_C,historical,emissions,ref,-0.0435833,13.2355,r5i1p1f1
UKESM1-3-LL,esm-hist,r5i1p1f1,g110,tas,1869,13.2369,degrees_C,historical,emissions,ref,0.00146066,13.2355,r5i1p1f1
UKESM1-3-LL,esm-hist,r5i1p1f1,g110,tas,1870,13.5112,degrees_C,historical,emissions,ref,0.275692,13.2355,r5i1p1f1
UKESM1-3-LL,esm-hist,r5i1p1f1,g110,tas,1871,13.4968,degrees_C,historical,emissions,ref,0.261287,13.2355,r5i1p1f1
UKESM1-3-LL,esm-hist,r5i1p1f1,g110,tas,1872,13.375,degrees_C,historical,emissions,ref,0.139553,13.2355,r5i1p1f1
UKESM1-3-LL,esm-hist,r5i1p1f1,g110,tas,1873,13.2867,degrees_C,historical,emissions,ref,0.0512043,13.2355,r5i1p1f1
UKESM1-3-LL,esm-hist,r5i1p1f1,g110,tas,1874,13.3439,degrees_C,historical,emissions,ref,0.108394,13.2355,r5i1p1f1
UKESM1-3-LL,esm-hist,r5i1p1f1,g110,tas,1875,13.177,degrees_C,historical,emissions,ref,-0.0584454,13.2355,r5i1p1f1
UKESM1-3-LL,esm-hist,r5i1p1f1,g110,tas,1876,13.2651,degrees_C,historical,emissions,ref,0.0296589,13.2355,r5i1p1f1
UKESM1-3-LL,esm-hist,r5i1p1f1,g110,tas,1877,13.4371,degrees_C,historical,emissions,ref,0.201595,13.2355,r5i1p1f1
UKESM1-3-LL,esm-hist,r5i1p1f1,g110,tas,1878,13.4977,degrees_C,historical,emissions,ref,0.262264,13.2355,r5i1p1f1
UKESM1-3-LL,esm-hist,r5i1p1f1,g110,tas,1879,13.5402,degrees_C,historical,emissions,ref,0.304744,13.2355,r5i1p1f1
UKESM1-3-LL,esm-hist,r5i1p1f1,g110,tas,1880,13.4899,degrees_C,historical,emissions,ref,0.25439,13.2355,r5i1p1f1
UKESM1-3-LL,esm-hist,r5i1p1f1,g110,tas,1881,13.3044,degrees_C,historical,emissions,ref,0.0689655,13.2355,r5i1p1f1
UKESM1-3-LL,esm-hist,r5i1p1f1,g110,tas,1882,13.3277,degrees_C,historical,emissions,ref,0.0922199,13.2355,r5i1p1f1
UKESM1-3-LL,esm-hist,r5i1p1f1,g110,tas,1883,13.4693,degrees_C,historical,emissions,ref,0.233821,13.2355,r5i1p1f1
UKESM1-3-LL,esm-hist,r5i1p1f1,g110,tas,1884,13.1472,degrees_C,historical,emissions,ref,-0.0882305,13.2355,r5i1p1f1
UKESM1-3-LL,esm-hist,r5i1p1f1,g110,tas,1885,13.029,degrees_C,historical,emissions,ref,-0.206425,13.2355,r5i1p1f1
UKESM1-3-LL,esm-hist,r5i1p1f1,g110,tas,1886,13.126,degrees_C,historical,emissions,ref,-0.109471,13.2355,r5i1p1f1
UKESM1-3-LL,esm-hist,r5i1p1f1,g110,tas,1887,13.2281,degrees_C,historical,emissions,ref,-0.00732841,13.2355,r5i1p1f1
UKESM1-3-LL,esm-hist,r5i1p1f1,g110,tas,1888,13.0623,degrees_C,historical,emissions,ref,-0.173191,13.2355,r5i1p1f1
UKESM1-3-LL,esm-hist,r5i1p1f1,g110,tas,1889,13.0504,degrees_C,historical,emissions,ref,-0.185093,13.2355,r5i1p1f1
UKESM1-3-LL,esm-hist,r5i1p1f1,g110,tas,1890,13.1843,degrees_C,historical,emissions,ref,-0.0511516,13.2355,r5i1p1f1
UKESM1-3-LL,esm-hist,r5i1p1f1,g110,tas,1891,13.1792,degrees_C,historical,emissions,ref,-0.0562786,13.2355,r5i1p1f1
UKESM1-3-LL,esm-hist,r5i1p1f1,g110,tas,1892,13.3012,degrees_C,historical,emissions,ref,0.0657002,13.2355,r5i1p1f1
UKESM1-3-LL,esm-hist,r5i1p1f1,g110,tas,1893,13.2381,degrees_C,historical,emissions,ref,0.00262032,13.2355,r5i1p1f1
UKESM1-3-LL,esm-hist,r5i1p1f1,g110,tas,1894,13.2293,degrees_C,historical,emissions,ref,-0.00619926,13.2355,r5i1p1f1
UKESM1-3-LL,esm-hist,r5i1p1f1,g110,tas,1895,13.2537,degrees_C,historical,emissions,ref,0.0182758,13.2355,r5i1p1f1
UKESM1-3-LL,esm-hist,r5i1p1f1,g110,tas,1896,13.2566,degrees_C,historical,emissions,ref,0.021114,13.2355,r5i1p1f1
UKESM1-3-LL,esm-hist,r5i1p1f1,g110,tas,1897,13.2632,degrees_C,historical,emissions,ref,0.0277668,13.2355,r5i1p1f1
UKESM1-3-LL,esm-hist,r5i1p1f1,g110,tas,1898,13.2312,degrees_C,historical,emissions,ref,-0.00427665,13.2355,r5i1p1f1
UKESM1-3-LL,esm-hist,r5i1p1f1,g110,tas,1899,13.2563,degrees_C,historical,emissions,ref,0.0208698,13.2355,r5i1p1f1
UKESM1-3-LL,esm-hist,r5i1p1f1,g110,tas,1900,13.2968,degrees_C,historical,emissions,ref,0.0613667,13.2355,r5i1p1f1
UKESM1-3-LL,esm-hist,r5i1p1f1,g110,tas,1901,13.462,degrees_C,historical,emissions,ref,0.226497,13.2355,r5i1p1f1
UKESM1-3-LL,esm-hist,r5i1p1f1,g110,tas,1902,13.4367,degrees_C,historical,emissions,ref,0.201259,13.2355,r5i1p1f1
UKESM1-3-LL,esm-hist,r5i1p1f1,g110,tas,1903,13.3796,degrees_C,historical,emissions,ref,0.144161,13.2355,r5i1p1f1
UKESM1-3-LL,esm-hist,r5i1p1f1,g110,tas,1904,13.3185,degrees_C,historical,emissions,ref,0.0830647,13.2355,r5i1p1f1
UKESM1-3-LL,esm-hist,r5i1p1f1,g110,tas,1905,13.2953,degrees_C,historical,emissions,ref,0.0598408,13.2355,r5i1p1f1
UKESM1-3-LL,esm-hist,r5i1p1f1,g110,tas,1906,13.3198,degrees_C,historical,emissions,ref,0.0843464,13.2355,r5i1p1f1
UKESM1-3-LL,esm-hist,r5i1p1f1,g110,tas,1907,13.0208,degrees_C,historical,emissions,ref,-0.214695,13.2355,r5i1p1f1
UKESM1-3-LL,esm-hist,r5i1p1f1,g110,tas,1908,13.1912,degrees_C,historical,emissions,ref,-0.0442852,13.2355,r5i1p1f1
UKESM1-3-LL,esm-hist,r5i1p1f1,g110,tas,1909,13.3541,degrees_C,historical,emissions,ref,0.118587,13.2355,r5i1p1f1
UKESM1-3-LL,esm-hist,r5i1p1f1,g110,tas,1910,13.1255,degrees_C,historical,emissions,ref,-0.11002,13.2355,r5i1p1f1
UKESM1-3-LL,esm-hist,r5i1p1f1,g110,tas,1911,13.1343,degrees_C,historical,emissions,ref,-0.10117,13.2355,r5i1p1f1
UKESM1-3-LL,esm-hist,r5i1p1f1,g110,tas,1912,13.2606,degrees_C,historical,emissions,ref,0.0251423,13.2355,r5i1p1f1
UKESM1-3-LL,esm-hist,r5i1p1f1,g110,tas,1913,13.1832,degrees_C,historical,emissions,ref,-0.0522503,13.2355,r5i1p1f1
UKESM1-3-LL,esm-hist,r5i1p1f1,g110,tas,1914,13.2515,degrees_C,historical,emissions,ref,0.0160481,13.2355,r5i1p1f1
UKESM1-3-LL,esm-hist,r5i1p1f1,g110,tas,1915,13.1932,degrees_C,historical,emissions,ref,-0.0423016,13.2355,r5i1p1f1
UKESM1-3-LL,esm-hist,r5i1p1f1,g110,tas,1916,13.283,degrees_C,historical,emissions,ref,0.0474812,13.2355,r5i1p1f1
UKESM1-3-LL,esm-hist,r5i1p1f1,g110,tas,1917,13.2945,degrees_C,historical,emissions,ref,0.0590473,13.2355,r5i1p1f1
UKESM1-3-LL,esm-hist,r5i1p1f1,g110,tas,1918,13.2003,degrees_C,historical,emissions,ref,-0.0352215,13.2355,r5i1p1f1
UKESM1-3-LL,esm-hist,r5i1p1f1,g110,tas,1919,13.0771,degrees_C,historical,emissions,ref,-0.158421,13.2355,r5i1p1f1
UKESM1-3-LL,esm-hist,r5i1p1f1,g110,tas,1920,13.1177,degrees_C,historical,emissions,ref,-0.117802,13.2355,r5i1p1f1
UKESM1-3-LL,esm-hist,r5i1p1f1,g110,tas,1921,13.3204,degrees_C,historical,emissions,ref,0.0848957,13.2355,r5i1p1f1
UKESM1-3-LL,esm-hist,r5i1p1f1,g110,tas,1922,13.3631,degrees_C,historical,emissions,ref,0.127651,13.2355,r5i1p1f1
UKESM1-3-LL,esm-hist,r5i1p1f1,g110,tas,1923,13.4787,degrees_C,historical,emissions,ref,0.24319,13.2355,r5i1p1f1
UKESM1-3-LL,esm-hist,r5i1p1f1,g110,tas,1924,13.506,degrees_C,historical,emissions,ref,0.270504,13.2355,r5i1p1f1
UKESM1-3-LL,esm-hist,r5i1p1f1,g110,tas,1925,13.5356,degrees_C,historical,emissions,ref,0.300167,13.2355,r5i1p1f1
UKESM1-3-LL,esm-hist,r5i1p1f1,g110,tas,1926,13.4733,degrees_C,historical,emissions,ref,0.237789,13.2355,r5i1p1f1
UKESM1-3-LL,esm-hist,r5i1p1f1,g110,tas,1927,13.2812,degrees_C,historical,emissions,ref,0.0457722,13.2355,r5i1p1f1
UKESM1-3-LL,esm-hist,r5i1p1f1,g110,tas,1928,13.2257,degrees_C,historical,emissions,ref,-0.00976981,13.2355,r5i1p1f1
UKESM1-3-LL,esm-hist,r5i1p1f1,g110,tas,1929,13.286,degrees_C,historical,emissions,ref,0.0505024,13.2355,r5i1p1f1
UKESM1-3-LL,esm-hist,r5i1p1f1,g110,tas,1930,13.5705,degrees_C,historical,emissions,ref,0.335018,13.2355,r5i1p1f1
UKESM1-3-LL,esm-hist,r5i1p1f1,g110,tas,1931,13.6585,degrees_C,historical,emissions,ref,0.423061,13.2355,r5i1p1f1
UKESM1-3-LL,esm-hist,r5i1p1f1,g110,tas,1932,13.6151,degrees_C,historical,emissions,ref,0.379634,13.2355,r5i1p1f1
UKESM1-3-LL,esm-hist,r5i1p1f1,g110,tas,1933,13.3436,degrees_C,historical,emissions,ref,0.108089,13.2355,r5i1p1f1
UKESM1-3-LL,esm-hist,r5i1p1f1,g110,tas,1934,13.1803,degrees_C,historical,emissions,ref,-0.05518,13.2355,r5i1p1f1
UKESM1-3-LL,esm-hist,r5i1p1f1,g110,tas,1935,13.2815,degrees_C,historical,emissions,ref,0.0460774,13.2355,r5i1p1f1
UKESM1-3-LL,esm-hist,r5i1p1f1,g110,tas,1936,13.2896,degrees_C,historical,emissions,ref,0.0541645,13.2355,r5i1p1f1
UKESM1-3-LL,esm-hist,r5i1p1f1,g110,tas,1937,13.2682,degrees_C,historical,emissions,ref,0.0327412,13.2355,r5i1p1f1
UKESM1-3-LL,esm-hist,r5i1p1f1,g110,tas,1938,13.3238,degrees_C,historical,emissions,ref,0.0883747,13.2355,r5i1p1f1
UKESM1-3-LL,esm-hist,r5i1p1f1,g110,tas,1939,13.3871,degrees_C,historical,emissions,ref,0.151668,13.2355,r5i1p1f1
UKESM1-3-LL,esm-hist,r5i1p1f1,g110,tas,1940,13.4364,degrees_C,historical,emissions,ref,0.200924,13.2355,r5i1p1f1
UKESM1-3-LL,esm-hist,r5i1p1f1,g110,tas,1941,13.3285,degrees_C,historical,emissions,ref,0.0930134,13.2355,r5i1p1f1
UKESM1-3-LL,esm-hist,r5i1p1f1,g110,tas,1942,13.2932,degrees_C,historical,emissions,ref,0.0577046,13.2355,r5i1p1f1
UKESM1-3-LL,esm-hist,r5i1p1f1,g110,tas,1943,13.2778,degrees_C,historical,emissions,ref,0.0423237,13.2355,r5i1p1f1
UKESM1-3-LL,esm-hist,r5i1p1f1,g110,tas,1944,13.3218,degrees_C,historical,emissions,ref,0.0863606,13.2355,r5i1p1f1
UKESM1-3-LL,esm-hist,r5i1p1f1,g110,tas,1945,13.223,degrees_C,historical,emissions,ref,-0.0125164,13.2355,r5i1p1f1
UKESM1-3-LL,esm-hist,r5i1p1f1,g110,tas,1946,13.3597,degrees_C,historical,emissions,ref,0.124263,13.2355,r5i1p1f1
UKESM1-3-LL,esm-hist,r5i1p1f1,g110,tas,1947,13.5467,degrees_C,historical,emissions,ref,0.311275,13.2355,r5i1p1f1
UKESM1-3-LL,esm-hist,r5i1p1f1,g110,tas,1948,13.3086,degrees_C,historical,emissions,ref,0.073177,13.2355,r5i1p1f1
UKESM1-3-LL,esm-hist,r5i1p1f1,g110,tas,1949,13.2747,degrees_C,historical,emissions,ref,0.0392109,13.2355,r5i1p1f1
UKESM1-3-LL,esm-hist,r5i1p1f1,g110,tas,1950,13.2145,degrees_C,historical,emissions,ref,-0.0210003,13.2355,r5i1p1f1
UKESM1-3-LL,esm-hist,r5i1p1f1,g110,tas,1951,13.278,degrees_C,historical,emissions,ref,0.0425373,13.2355,r5i1p1f1
UKESM1-3-LL,esm-hist,r5i1p1f1,g110,tas,1952,13.4425,degrees_C,historical,emissions,ref,0.207027,13.2355,r5i1p1f1
UKESM1-3-LL,esm-hist,r5i1p1f1,g110,tas,1953,13.2677,degrees_C,historical,emissions,ref,0.0321919,13.2355,r5i1p1f1
UKESM1-3-LL,esm-hist,r5i1p1f1,g110,tas,1954,13.3426,degrees_C,historical,emissions,ref,0.107113,13.2355,r5i1p1f1
UKESM1-3-LL,esm-hist,r5i1p1f1,g110,tas,1955,13.2807,degrees_C,historical,emissions,ref,0.0452229,13.2355,r5i1p1f1
UKESM1-3-LL,esm-hist,r5i1p1f1,g110,tas,1956,13.3133,degrees_C,historical,emissions,ref,0.0778767,13.2355,r5i1p1f1
UKESM1-3-LL,esm-hist,r5i1p1f1,g110,tas,1957,13.4689,degrees_C,historical,emissions,ref,0.233455,13.2355,r5i1p1f1
UKESM1-3-LL,esm-hist,r5i1p1f1,g110,tas,1958,13.6999,degrees_C,historical,emissions,ref,0.464443,13.2355,r5i1p1f1
UKESM1-3-LL,esm-hist,r5i1p1f1,g110,tas,1959,13.5854,degrees_C,historical,emissions,ref,0.34988,13.2355,r5i1p1f1
UKESM1-3-LL,esm-hist,r5i1p1f1,g110,tas,1960,13.4707,degrees_C,historical,emissions,ref,0.235225,13.2355,r5i1p1f1
UKESM1-3-LL,esm-hist,r5i1p1f1,g110,tas,1961,13.2737,degrees_C,historical,emissions,ref,0.0382038,13.2355,r5i1p1f1
UKESM1-3-LL,esm-hist,r5i1p1f1,g110,tas,1962,13.4249,degrees_C,historical,emissions,ref,0.189388,13.2355,r5i1p1f1
UKESM1-3-LL,esm-hist,r5i1p1f1,g110,tas,1963,13.5195,degrees_C,historical,emissions,ref,0.283992,13.2355,r5i1p1f1
UKESM1-3-LL,esm-hist,r5i1p1f1,g110,tas,1964,13.3251,degrees_C,historical,emissions,ref,0.0896565,13.2355,r5i1p1f1
UKESM1-3-LL,esm-hist,r5i1p1f1,g110,tas,1965,13.3645,degrees_C,historical,emissions,ref,0.129055,13.2355,r5i1p1f1
UKESM1-3-LL,esm-hist,r5i1p1f1,g110,tas,1966,13.3543,degrees_C,historical,emissions,ref,0.118862,13.2355,r5i1p1f1
UKESM1-3-LL,esm-hist,r5i1p1f1,g110,tas,1967,13.4355,degrees_C,historical,emissions,ref,0.200039,13.2355,r5i1p1f1
UKESM1-3-LL,esm-hist,r5i1p1f1,g110,tas,1968,13.2634,degrees_C,historical,emissions,ref,0.0279194,13.2355,r5i1p1f1
UKESM1-3-LL,esm-hist,r5i1p1f1,g110,tas,1969,13.274,degrees_C,historical,emissions,ref,0.038509,13.2355,r5i1p1f1
UKESM1-3-LL,esm-hist,r5i1p1f1,g110,tas,1970,13.3274,degrees_C,historical,emissions,ref,0.0919758,13.2355,r5i1p1f1
UKESM1-3-LL,esm-hist,r5i1p1f1,g110,tas,1971,13.4335,degrees_C,historical,emissions,ref,0.197994,13.2355,r5i1p1f1
UKESM1-3-LL,esm-hist,r5i1p1f1,g110,tas,1972,13.5037,degrees_C,historical,emissions,ref,0.268184,13.2355,r5i1p1f1
UKESM1-3-LL,esm-hist,r5i1p1f1,g110,tas,1973,13.2203,degrees_C,historical,emissions,ref,-0.0151409,13.2355,r5i1p1f1
UKESM1-3-LL,esm-hist,r5i1p1f1,g110,tas,1974,13.2396,degrees_C,historical,emissions,ref,0.00417672,13.2355,r5i1p1f1
UKESM1-3-LL,esm-hist,r5i1p1f1,g110,tas,1975,13.3277,degrees_C,historical,emissions,ref,0.0922504,13.2355,r5i1p1f1
UKESM1-3-LL,esm-hist,r5i1p1f1,g110,tas,1976,13.356,degrees_C,historical,emissions,ref,0.12054,13.2355,r5i1p1f1
UKESM1-3-LL,esm-hist,r5i1p1f1,g110,tas,1977,13.3198,degrees_C,historical,emissions,ref,0.0843159,13.2355,r5i1p1f1
UKESM1-3-LL,esm-hist,r5i1p1f1,g110,tas,1978,13.4598,degrees_C,historical,emissions,ref,0.2243,13.2355,r5i1p1f1
UKESM1-3-LL,esm-hist,r5i1p1f1,g110,tas,1979,13.3965,degrees_C,historical,emissions,ref,0.161068,13.2355,r5i1p1f1
UKESM1-3-LL,esm-hist,r5i1p1f1,g110,tas,1980,13.2747,degrees_C,historical,emissions,ref,0.0392109,13.2355,r5i1p1f1
UKESM1-3-LL,esm-hist,r5i1p1f1,g110,tas,1981,13.3431,degrees_C,historical,emissions,ref,0.107662,13.2355,r5i1p1f1
UKESM1-3-LL,esm-hist,r5i1p1f1,g110,tas,1982,13.2009,degrees_C,historical,emissions,ref,-0.0345501,13.2355,r5i1p1f1
UKESM1-3-LL,esm-hist,r5i1p1f1,g110,tas,1983,13.1556,degrees_C,historical,emissions,ref,-0.0798992,13.2355,r5i1p1f1
UKESM1-3-LL,esm-hist,r5i1p1f1,g110,tas,1984,13.4213,degrees_C,historical,emissions,ref,0.185787,13.2355,r5i1p1f1
UKESM1-3-LL,esm-hist,r5i1p1f1,g110,tas,1985,13.4325,degrees_C,historical,emissions,ref,0.197048,13.2355,r5i1p1f1
UKESM1-3-LL,esm-hist,r5i1p1f1,g110,tas,1986,13.3807,degrees_C,historical,emissions,ref,0.145259,13.2355,r5i1p1f1
UKESM1-3-LL,esm-hist,r5i1p1f1,g110,tas,1987,13.4994,degrees_C,historical,emissions,ref,0.263973,13.2355,r5i1p1f1
UKESM1-3-LL,esm-hist,r5i1p1f1,g110,tas,1988,13.5705,degrees_C,historical,emissions,ref,0.334987,13.2355,r5i1p1f1
UKESM1-3-LL,esm-hist,r5i1p1f1,g110,tas,1989,13.326,degrees_C,historical,emissions,ref,0.0905415,13.2355,r5i1p1f1
UKESM1-3-LL,esm-hist,r5i1p1f1,g110,tas,1990,13.3385,degrees_C,historical,emissions,ref,0.103023,13.2355,r5i1p1f1
UKESM1-3-LL,esm-hist,r5i1p1f1,g110,tas,1991,13.5656,degrees_C,historical,emissions,ref,0.330104,13.2355,r5i1p1f1
UKESM1-3-LL,esm-hist,r5i1p1f1,g110,tas,1992,13.4183,degrees_C,historical,emissions,ref,0.182796,13.2355,r5i1p1f1
UKESM1-3-LL,esm-hist,r5i1p1f1,g110,tas,1993,13.2828,degrees_C,historical,emissions,ref,0.0472981,13.2355,r5i1p1f1
UKESM1-3-LL,esm-hist,r5i1p1f1,g110,tas,1994,13.1557,degrees_C,historical,emissions,ref,-0.0797466,13.2355,r5i1p1f1
UKESM1-3-LL,esm-hist,r5i1p1f1,g110,tas,1995,13.3747,degrees_C,historical,emissions,ref,0.139217,13.2355,r5i1p1f1
UKESM1-3-LL,esm-hist,r5i1p1f1,g110,tas,1996,13.7211,degrees_C,historical,emissions,ref,0.485592,13.2355,r5i1p1f1
UKESM1-3-LL,esm-hist,r5i1p1f1,g110,tas,1997,13.9988,degrees_C,historical,emissions,ref,0.763363,13.2355,r5i1p1f1
UKESM1-3-LL,esm-hist,r5i1p1f1,g110,tas,1998,13.9279,degrees_C,historical,emissions,ref,0.692409,13.2355,r5i1p1f1
UKESM1-3-LL,esm-hist,r5i1p1f1,g110,tas,1999,13.7935,degrees_C,historical,emissions,ref,0.558071,13.2355,r5i1p1f1
UKESM1-3-LL,esm-hist,r5i1p1f1,g110,tas,2000,13.8935,degrees_C,historical,emissions,ref,0.657985,13.2355,r5i1p1f1
UKESM1-3-LL,esm-hist,r5i1p1f1,g110,tas,2001,14.1414,degrees_C,historical,emissions,ref,0.905971,13.2355,r5i1p1f1
UKESM1-3-LL,esm-hist,r5i1p1f1,g110,tas,2002,13.8979,degrees_C,historical,emissions,ref,0.662441,13.2355,r5i1p1f1
UKESM1-3-LL,esm-hist,r5i1p1f1,g110,tas,2003,13.9877,degrees_C,historical,emissions,ref,0.752193,13.2355,r5i1p1f1
UKESM1-3-LL,esm-hist,r5i1p1f1,g110,tas,2004,14.0029,degrees_C,historical,emissions,ref,0.767391,13.2355,r5i1p1f1
UKESM1-3-LL,esm-hist,r5i1p1f1,g110,tas,2005,13.9911,degrees_C,historical,emissions,ref,0.755611,13.2355,r5i1p1f1
UKESM1-3-LL,esm-hist,r5i1p1f1,g110,tas,2006,13.7697,degrees_C,historical,emissions,ref,0.534237,13.2355,r5i1p1f1
UKESM1-3-LL,esm-hist,r5i1p1f1,g110,tas,2007,13.8921,degrees_C,historical,emissions,ref,0.656673,13.2355,r5i1p1f1
UKESM1-3-LL,esm-hist,r5i1p1f1,g110,tas,2008,14.1453,degrees_C,historical,emissions,ref,0.909847,13.2355,r5i1p1f1
UKESM1-3-LL,esm-hist,r5i1p1f1,g110,tas,2009,14.241,degrees_C,historical,emissions,ref,1.00549,13.2355,r5i1p1f1
UKESM1-3-LL,esm-hist,r5i1p1f1,g110,tas,2010,14.3114,degrees_C,historical,emissions,ref,1.07595,13.2355,r5i1p1f1
UKESM1-3-LL,esm-hist,r5i1p1f1,g110,tas,2011,14.2716,degrees_C,historical,emissions,ref,1.03616,13.2355,r5i1p1f1
UKESM1-3-LL,esm-hist,r5i1p1f1,g110,tas,2012,14.3892,degrees_C,historical,emissions,ref,1.15368,13.2355,r5i1p1f1
UKESM1-3-LL,esm-hist,r5i1p1f1,g110,tas,2013,14.4605,degrees_C,historical,emissions,ref,1.22503,13.2355,r5i1p1f1
UKESM1-3-LL,esm-hist,r5i1p1f1,g110,tas,2014,14.4477,degrees_C,historical,emissions,ref,1.21225,13.2355,r5i1p1f1
UKESM1-3-LL,esm-hist,r5i1p1f1,g110,tas,2015,14.3522,degrees_C,historical,emissions,ref,1.11676,13.2355,r5i1p1f1
UKESM1-3-LL,esm-hist,r5i1p1f1,g110,tas,2016,14.5486,degrees_C,historical,emissions,ref,1.31311,13.2355,r5i1p1f1
UKESM1-3-LL,esm-hist,r5i1p1f1,g110,tas,2017,14.5309,degrees_C,historical,emissions,ref,1.29544,13.2355,r5i1p1f1
UKESM1-3-LL,esm-hist,r5i1p1f1,g110,tas,2018,14.5956,degrees_C,historical,emissions,ref,1.3601,13.2355,r5i1p1f1
UKESM1-3-LL,esm-hist,r5i1p1f1,g110,tas,2019,14.4247,degrees_C,historical,emissions,ref,1.18924,13.2355,r5i1p1f1
UKESM1-3-LL,esm-hist,r5i1p1f1,g110,tas,2020,14.5607,degrees_C,historical,emissions,ref,1.32519,13.2355,r5i1p1f1
UKESM1-3-LL,esm-hist,r5i1p1f1,g110,tas,2021,14.6005,degrees_C,historical,emissions,ref,1.36508,13.2355,r5i1p1f1
UKESM1-3-LL,esm-hist,r7i1p1f2,g110,tas,1850,13.4801,degrees_C,historical,emissions,ref,0.212559,13.2676,r7i1p1f2
UKESM1-3-LL,esm-hist,r7i1p1f2,g110,tas,1851,13.7312,degrees_C,historical,emissions,ref,0.463597,13.2676,r7i1p1f2
UKESM1-3-LL,esm-hist,r7i1p1f2,g110,tas,1852,13.5647,degrees_C,historical,emissions,ref,0.297093,13.2676,r7i1p1f2
UKESM1-3-LL,esm-hist,r7i1p1f2,g110,tas,1853,13.554,degrees_C,historical,emissions,ref,0.286442,13.2676,r7i1p1f2
UKESM1-3-LL,esm-hist,r7i1p1f2,g110,tas,1854,13.6345,degrees_C,historical,emissions,ref,0.366887,13.2676,r7i1p1f2
UKESM1-3-LL,esm-hist,r7i1p1f2,g110,tas,1855,13.535,degrees_C,historical,emissions,ref,0.26746,13.2676,r7i1p1f2
UKESM1-3-LL,esm-hist,r7i1p1f2,g110,tas,1856,13.4529,degrees_C,historical,emissions,ref,0.185368,13.2676,r7i1p1f2
UKESM1-3-LL,esm-hist,r7i1p1f2,g110,tas,1857,13.3573,degrees_C,historical,emissions,ref,0.0897259,13.2676,r7i1p1f2
UKESM1-3-LL,esm-hist,r7i1p1f2,g110,tas,1858,13.4106,degrees_C,historical,emissions,ref,0.14301,13.2676,r7i1p1f2
UKESM1-3-LL,esm-hist,r7i1p1f2,g110,tas,1859,13.4015,degrees_C,historical,emissions,ref,0.133946,13.2676,r7i1p1f2
UKESM1-3-LL,esm-hist,r7i1p1f2,g110,tas,1860,13.4657,degrees_C,historical,emissions,ref,0.198155,13.2676,r7i1p1f2
UKESM1-3-LL,esm-hist,r7i1p1f2,g110,tas,1861,13.538,degrees_C,historical,emissions,ref,0.27039,13.2676,r7i1p1f2
UKESM1-3-LL,esm-hist,r7i1p1f2,g110,tas,1862,13.3553,degrees_C,historical,emissions,ref,0.0877117,13.2676,r7i1p1f2
UKESM1-3-LL,esm-hist,r7i1p1f2,g110,tas,1863,13.2479,degrees_C,historical,emissions,ref,-0.0196186,13.2676,r7i1p1f2
UKESM1-3-LL,esm-hist,r7i1p1f2,g110,tas,1864,13.2564,degrees_C,historical,emissions,ref,-0.0111347,13.2676,r7i1p1f2
UKESM1-3-LL,esm-hist,r7i1p1f2,g110,tas,1865,13.2883,degrees_C,historical,emissions,ref,0.0207561,13.2676,r7i1p1f2
UKESM1-3-LL,esm-hist,r7i1p1f2,g110,tas,1866,13.4988,degrees_C,historical,emissions,ref,0.231236,13.2676,r7i1p1f2
UKESM1-3-LL,esm-hist,r7i1p1f2,g110,tas,1867,13.4672,degrees_C,historical,emissions,ref,0.199589,13.2676,r7i1p1f2
UKESM1-3-LL,esm-hist,r7i1p1f2,g110,tas,1868,13.3589,degrees_C,historical,emissions,ref,0.0913738,13.2676,r7i1p1f2
UKESM1-3-LL,esm-hist,r7i1p1f2,g110,tas,1869,13.3923,degrees_C,historical,emissions,ref,0.124699,13.2676,r7i1p1f2
UKESM1-3-LL,esm-hist,r7i1p1f2,g110,tas,1870,13.3091,degrees_C,historical,emissions,ref,0.0415081,13.2676,r7i1p1f2
UKESM1-3-LL,esm-hist,r7i1p1f2,g110,tas,1871,13.3269,degrees_C,historical,emissions,ref,0.0593304,13.2676,r7i1p1f2
UKESM1-3-LL,esm-hist,r7i1p1f2,g110,tas,1872,13.294,degrees_C,historical,emissions,ref,0.0264019,13.2676,r7i1p1f2
UKESM1-3-LL,esm-hist,r7i1p1f2,g110,tas,1873,13.0993,degrees_C,historical,emissions,ref,-0.16827,13.2676,r7i1p1f2
UKESM1-3-LL,esm-hist,r7i1p1f2,g110,tas,1874,13.1814,degrees_C,historical,emissions,ref,-0.0861469,13.2676,r7i1p1f2
UKESM1-3-LL,esm-hist,r7i1p1f2,g110,tas,1875,13.1131,degrees_C,historical,emissions,ref,-0.154476,13.2676,r7i1p1f2
UKESM1-3-LL,esm-hist,r7i1p1f2,g110,tas,1876,13.2093,degrees_C,historical,emissions,ref,-0.0582844,13.2676,r7i1p1f2
UKESM1-3-LL,esm-hist,r7i1p1f2,g110,tas,1877,13.4095,degrees_C,historical,emissions,ref,0.141941,13.2676,r7i1p1f2
UKESM1-3-LL,esm-hist,r7i1p1f2,g110,tas,1878,13.6465,degrees_C,historical,emissions,ref,0.378941,13.2676,r7i1p1f2
UKESM1-3-LL,esm-hist,r7i1p1f2,g110,tas,1879,13.4831,degrees_C,historical,emissions,ref,0.215519,13.2676,r7i1p1f2
UKESM1-3-LL,esm-hist,r7i1p1f2,g110,tas,1880,13.28,degrees_C,historical,emissions,ref,0.0124248,13.2676,r7i1p1f2
UKESM1-3-LL,esm-hist,r7i1p1f2,g110,tas,1881,13.1882,degrees_C,historical,emissions,ref,-0.0794025,13.2676,r7i1p1f2
UKESM1-3-LL,esm-hist,r7i1p1f2,g110,tas,1882,13.1748,degrees_C,historical,emissions,ref,-0.0927692,13.2676,r7i1p1f2
UKESM1-3-LL,esm-hist,r7i1p1f2,g110,tas,1883,13.3166,degrees_C,historical,emissions,ref,0.0489849,13.2676,r7i1p1f2
UKESM1-3-LL,esm-hist,r7i1p1f2,g110,tas,1884,12.8805,degrees_C,historical,emissions,ref,-0.38702,13.2676,r7i1p1f2
UKESM1-3-LL,esm-hist,r7i1p1f2,g110,tas,1885,12.8151,degrees_C,historical,emissions,ref,-0.45251,13.2676,r7i1p1f2
UKESM1-3-LL,esm-hist,r7i1p1f2,g110,tas,1886,12.7955,degrees_C,historical,emissions,ref,-0.472103,13.2676,r7i1p1f2
UKESM1-3-LL,esm-hist,r7i1p1f2,g110,tas,1887,12.7819,degrees_C,historical,emissions,ref,-0.485653,13.2676,r7i1p1f2
UKESM1-3-LL,esm-hist,r7i1p1f2,g110,tas,1888,12.8488,degrees_C,historical,emissions,ref,-0.418728,13.2676,r7i1p1f2
UKESM1-3-LL,esm-hist,r7i1p1f2,g110,tas,1889,13.055,degrees_C,historical,emissions,ref,-0.212551,13.2676,r7i1p1f2
UKESM1-3-LL,esm-hist,r7i1p1f2,g110,tas,1890,13.2477,degrees_C,historical,emissions,ref,-0.0198322,13.2676,r7i1p1f2
UKESM1-3-LL,esm-hist,r7i1p1f2,g110,tas,1891,13.2696,degrees_C,historical,emissions,ref,0.00198783,13.2676,r7i1p1f2
UKESM1-3-LL,esm-hist,r7i1p1f2,g110,tas,1892,13.1432,degrees_C,historical,emissions,ref,-0.124324,13.2676,r7i1p1f2
UKESM1-3-LL,esm-hist,r7i1p1f2,g110,tas,1893,13.0634,degrees_C,historical,emissions,ref,-0.204158,13.2676,r7i1p1f2
UKESM1-3-LL,esm-hist,r7i1p1f2,g110,tas,1894,13.0868,degrees_C,historical,emissions,ref,-0.180812,13.2676,r7i1p1f2
UKESM1-3-LL,esm-hist,r7i1p1f2,g110,tas,1895,13.0264,degrees_C,historical,emissions,ref,-0.241176,13.2676,r7i1p1f2
UKESM1-3-LL,esm-hist,r7i1p1f2,g110,tas,1896,13.0629,degrees_C,historical,emissions,ref,-0.204708,13.2676,r7i1p1f2
UKESM1-3-LL,esm-hist,r7i1p1f2,g110,tas,1897,13.0867,degrees_C,historical,emissions,ref,-0.180904,13.2676,r7i1p1f2
UKESM1-3-LL,esm-hist,r7i1p1f2,g110,tas,1898,13.1646,degrees_C,historical,emissions,ref,-0.102962,13.2676,r7i1p1f2
UKESM1-3-LL,esm-hist,r7i1p1f2,g110,tas,1899,13.1299,degrees_C,historical,emissions,ref,-0.137661,13.2676,r7i1p1f2
UKESM1-3-LL,esm-hist,r7i1p1f2,g110,tas,1900,13.1657,degrees_C,historical,emissions,ref,-0.101833,13.2676,r7i1p1f2
UKESM1-3-LL,esm-hist,r7i1p1f2,g110,tas,1901,13.2098,degrees_C,historical,emissions,ref,-0.0577961,13.2676,r7i1p1f2
UKESM1-3-LL,esm-hist,r7i1p1f2,g110,tas,1902,13.2736,degrees_C,historical,emissions,ref,0.00604667,13.2676,r7i1p1f2
UKESM1-3-LL,esm-hist,r7i1p1f2,g110,tas,1903,13.3207,degrees_C,historical,emissions,ref,0.0531048,13.2676,r7i1p1f2
UKESM1-3-LL,esm-hist,r7i1p1f2,g110,tas,1904,13.3113,degrees_C,historical,emissions,ref,0.0437664,13.2676,r7i1p1f2
UKESM1-3-LL,esm-hist,r7i1p1f2,g110,tas,1905,13.3385,degrees_C,historical,emissions,ref,0.070927,13.2676,r7i1p1f2
UKESM1-3-LL,esm-hist,r7i1p1f2,g110,tas,1906,13.3384,degrees_C,historical,emissions,ref,0.070805,13.2676,r7i1p1f2
UKESM1-3-LL,esm-hist,r7i1p1f2,g110,tas,1907,13.3713,degrees_C,historical,emissions,ref,0.103703,13.2676,r7i1p1f2
UKESM1-3-LL,esm-hist,r7i1p1f2,g110,tas,1908,13.2237,degrees_C,historical,emissions,ref,-0.0438801,13.2676,r7i1p1f2
UKESM1-3-LL,esm-hist,r7i1p1f2,g110,tas,1909,13.0043,degrees_C,historical,emissions,ref,-0.263301,13.2676,r7i1p1f2
UKESM1-3-LL,esm-hist,r7i1p1f2,g110,tas,1910,12.9982,degrees_C,historical,emissions,ref,-0.269374,13.2676,r7i1p1f2
UKESM1-3-LL,esm-hist,r7i1p1f2,g110,tas,1911,13.2565,degrees_C,historical,emissions,ref,-0.0111042,13.2676,r7i1p1f2
UKESM1-3-LL,esm-hist,r7i1p1f2,g110,tas,1912,13.3072,degrees_C,historical,emissions,ref,0.0395855,13.2676,r7i1p1f2
UKESM1-3-LL,esm-hist,r7i1p1f2,g110,tas,1913,13.2335,degrees_C,historical,emissions,ref,-0.0341145,13.2676,r7i1p1f2
UKESM1-3-LL,esm-hist,r7i1p1f2,g110,tas,1914,13.2087,degrees_C,historical,emissions,ref,-0.0588642,13.2676,r7i1p1f2
UKESM1-3-LL,esm-hist,r7i1p1f2,g110,tas,1915,13.2609,degrees_C,historical,emissions,ref,-0.00664864,13.2676,r7i1p1f2
UKESM1-3-LL,esm-hist,r7i1p1f2,g110,tas,1916,13.1335,degrees_C,historical,emissions,ref,-0.134029,13.2676,r7i1p1f2
UKESM1-3-LL,esm-hist,r7i1p1f2,g110,tas,1917,13.2292,degrees_C,historical,emissions,ref,-0.0383869,13.2676,r7i1p1f2
UKESM1-3-LL,esm-hist,r7i1p1f2,g110,tas,1918,13.2415,degrees_C,historical,emissions,ref,-0.0260273,13.2676,r7i1p1f2
UKESM1-3-LL,esm-hist,r7i1p1f2,g110,tas,1919,13.4369,degrees_C,historical,emissions,ref,0.169346,13.2676,r7i1p1f2
UKESM1-3-LL,esm-hist,r7i1p1f2,g110,tas,1920,13.2995,degrees_C,historical,emissions,ref,0.0319256,13.2676,r7i1p1f2
UKESM1-3-LL,esm-hist,r7i1p1f2,g110,tas,1921,13.2675,degrees_C,historical,emissions,ref,-2.63289e-05,13.2676,r7i1p1f2
UKESM1-3-LL,esm-hist,r7i1p1f2,g110,tas,1922,13.2549,degrees_C,historical,emissions,ref,-0.0126911,13.2676,r7i1p1f2
UKESM1-3-LL,esm-hist,r7i1p1f2,g110,tas,1923,13.3155,degrees_C,historical,emissions,ref,0.0479778,13.2676,r7i1p1f2
UKESM1-3-LL,esm-hist,r7i1p1f2,g110,tas,1924,13.2107,degrees_C,historical,emissions,ref,-0.0569111,13.2676,r7i1p1f2
UKESM1-3-LL,esm-hist,r7i1p1f2,g110,tas,1925,13.0775,degrees_C,historical,emissions,ref,-0.190059,13.2676,r7i1p1f2
UKESM1-3-LL,esm-hist,r7i1p1f2,g110,tas,1926,13.1518,degrees_C,historical,emissions,ref,-0.11578,13.2676,r7i1p1f2
UKESM1-3-LL,esm-hist,r7i1p1f2,g110,tas,1927,13.3909,degrees_C,historical,emissions,ref,0.123356,13.2676,r7i1p1f2
UKESM1-3-LL,esm-hist,r7i1p1f2,g110,tas,1928,13.265,degrees_C,historical,emissions,ref,-0.00252877,13.2676,r7i1p1f2
UKESM1-3-LL,esm-hist,r7i1p1f2,g110,tas,1929,13.2653,degrees_C,historical,emissions,ref,-0.00231515,13.2676,r7i1p1f2
UKESM1-3-LL,esm-hist,r7i1p1f2,g110,tas,1930,13.4091,degrees_C,historical,emissions,ref,0.141484,13.2676,r7i1p1f2
UKESM1-3-LL,esm-hist,r7i1p1f2,g110,tas,1931,13.3603,degrees_C,historical,emissions,ref,0.0927776,13.2676,r7i1p1f2
UKESM1-3-LL,esm-hist,r7i1p1f2,g110,tas,1932,13.3651,degrees_C,historical,emissions,ref,0.0975384,13.2676,r7i1p1f2
UKESM1-3-LL,esm-hist,r7i1p1f2,g110,tas,1933,13.28,degrees_C,historical,emissions,ref,0.0124248,13.2676,r7i1p1f2
UKESM1-3-LL,esm-hist,r7i1p1f2,g110,tas,1934,13.3159,degrees_C,historical,emissions,ref,0.0483746,13.2676,r7i1p1f2
UKESM1-3-LL,esm-hist,r7i1p1f2,g110,tas,1935,13.3541,degrees_C,historical,emissions,ref,0.0865215,13.2676,r7i1p1f2
UKESM1-3-LL,esm-hist,r7i1p1f2,g110,tas,1936,13.3115,degrees_C,historical,emissions,ref,0.043919,13.2676,r7i1p1f2
UKESM1-3-LL,esm-hist,r7i1p1f2,g110,tas,1937,13.4654,degrees_C,historical,emissions,ref,0.19788,13.2676,r7i1p1f2
UKESM1-3-LL,esm-hist,r7i1p1f2,g110,tas,1938,13.5841,degrees_C,historical,emissions,ref,0.316533,13.2676,r7i1p1f2
UKESM1-3-LL,esm-hist,r7i1p1f2,g110,tas,1939,13.4944,degrees_C,historical,emissions,ref,0.226841,13.2676,r7i1p1f2
UKESM1-3-LL,esm-hist,r7i1p1f2,g110,tas,1940,13.317,degrees_C,historical,emissions,ref,0.0494121,13.2676,r7i1p1f2
UKESM1-3-LL,esm-hist,r7i1p1f2,g110,tas,1941,13.4635,degrees_C,historical,emissions,ref,0.195958,13.2676,r7i1p1f2
UKESM1-3-LL,esm-hist,r7i1p1f2,g110,tas,1942,13.4864,degrees_C,historical,emissions,ref,0.218815,13.2676,r7i1p1f2
UKESM1-3-LL,esm-hist,r7i1p1f2,g110,tas,1943,13.3852,degrees_C,historical,emissions,ref,0.11768,13.2676,r7i1p1f2
UKESM1-3-LL,esm-hist,r7i1p1f2,g110,tas,1944,13.1579,degrees_C,historical,emissions,ref,-0.109645,13.2676,r7i1p1f2
UKESM1-3-LL,esm-hist,r7i1p1f2,g110,tas,1945,13.3737,degrees_C,historical,emissions,ref,0.106144,13.2676,r7i1p1f2
UKESM1-3-LL,esm-hist,r7i1p1f2,g110,tas,1946,13.3473,degrees_C,historical,emissions,ref,0.0797161,13.2676,r7i1p1f2
UKESM1-3-LL,esm-hist,r7i1p1f2,g110,tas,1947,13.4258,degrees_C,historical,emissions,ref,0.158207,13.2676,r7i1p1f2
UKESM1-3-LL,esm-hist,r7i1p1f2,g110,tas,1948,13.4835,degrees_C,historical,emissions,ref,0.215886,13.2676,r7i1p1f2
UKESM1-3-LL,esm-hist,r7i1p1f2,g110,tas,1949,13.3695,degrees_C,historical,emissions,ref,0.101963,13.2676,r7i1p1f2
UKESM1-3-LL,esm-hist,r7i1p1f2,g110,tas,1950,13.4323,degrees_C,historical,emissions,ref,0.164769,13.2676,r7i1p1f2
UKESM1-3-LL,esm-hist,r7i1p1f2,g110,tas,1951,13.5887,degrees_C,historical,emissions,ref,0.321141,13.2676,r7i1p1f2
UKESM1-3-LL,esm-hist,r7i1p1f2,g110,tas,1952,13.4668,degrees_C,historical,emissions,ref,0.199253,13.2676,r7i1p1f2
UKESM1-3-LL,esm-hist,r7i1p1f2,g110,tas,1953,13.4109,degrees_C,historical,emissions,ref,0.143315,13.2676,r7i1p1f2
UKESM1-3-LL,esm-hist,r7i1p1f2,g110,tas,1954,13.5245,degrees_C,historical,emissions,ref,0.256962,13.2676,r7i1p1f2
UKESM1-3-LL,esm-hist,r7i1p1f2,g110,tas,1955,13.3773,degrees_C,historical,emissions,ref,0.109745,13.2676,r7i1p1f2
UKESM1-3-LL,esm-hist,r7i1p1f2,g110,tas,1956,13.3719,degrees_C,historical,emissions,ref,0.104374,13.2676,r7i1p1f2
UKESM1-3-LL,esm-hist,r7i1p1f2,g110,tas,1957,13.4163,degrees_C,historical,emissions,ref,0.148747,13.2676,r7i1p1f2
UKESM1-3-LL,esm-hist,r7i1p1f2,g110,tas,1958,13.4549,degrees_C,historical,emissions,ref,0.187352,13.2676,r7i1p1f2
UKESM1-3-LL,esm-hist,r7i1p1f2,g110,tas,1959,13.5572,degrees_C,historical,emissions,ref,0.289677,13.2676,r7i1p1f2
UKESM1-3-LL,esm-hist,r7i1p1f2,g110,tas,1960,13.6645,degrees_C,historical,emissions,ref,0.396885,13.2676,r7i1p1f2
UKESM1-3-LL,esm-hist,r7i1p1f2,g110,tas,1961,13.4853,degrees_C,historical,emissions,ref,0.217778,13.2676,r7i1p1f2
UKESM1-3-LL,esm-hist,r7i1p1f2,g110,tas,1962,13.4394,degrees_C,historical,emissions,ref,0.171849,13.2676,r7i1p1f2
UKESM1-3-LL,esm-hist,r7i1p1f2,g110,tas,1963,13.4748,degrees_C,historical,emissions,ref,0.207219,13.2676,r7i1p1f2
UKESM1-3-LL,esm-hist,r7i1p1f2,g110,tas,1964,13.3125,degrees_C,historical,emissions,ref,0.0449261,13.2676,r7i1p1f2
UKESM1-3-LL,esm-hist,r7i1p1f2,g110,tas,1965,13.3519,degrees_C,historical,emissions,ref,0.0843548,13.2676,r7i1p1f2
UKESM1-3-LL,esm-hist,r7i1p1f2,g110,tas,1966,13.3957,degrees_C,historical,emissions,ref,0.128117,13.2676,r7i1p1f2
UKESM1-3-LL,esm-hist,r7i1p1f2,g110,tas,1967,13.3959,degrees_C,historical,emissions,ref,0.128361,13.2676,r7i1p1f2
UKESM1-3-LL,esm-hist,r7i1p1f2,g110,tas,1968,13.4593,degrees_C,historical,emissions,ref,0.191685,13.2676,r7i1p1f2
UKESM1-3-LL,esm-hist,r7i1p1f2,g110,tas,1969,13.4011,degrees_C,historical,emissions,ref,0.133488,13.2676,r7i1p1f2
UKESM1-3-LL,esm-hist,r7i1p1f2,g110,tas,1970,13.433,degrees_C,historical,emissions,ref,0.16547,13.2676,r7i1p1f2
UKESM1-3-LL,esm-hist,r7i1p1f2,g110,tas,1971,13.2735,degrees_C,historical,emissions,ref,0.0059246,13.2676,r7i1p1f2
UKESM1-3-LL,esm-hist,r7i1p1f2,g110,tas,1972,13.3168,degrees_C,historical,emissions,ref,0.049229,13.2676,r7i1p1f2
UKESM1-3-LL,esm-hist,r7i1p1f2,g110,tas,1973,13.3629,degrees_C,historical,emissions,ref,0.0953411,13.2676,r7i1p1f2
UKESM1-3-LL,esm-hist,r7i1p1f2,g110,tas,1974,13.2963,degrees_C,historical,emissions,ref,0.0287517,13.2676,r7i1p1f2
UKESM1-3-LL,esm-hist,r7i1p1f2,g110,tas,1975,13.2583,degrees_C,historical,emissions,ref,-0.00927316,13.2676,r7i1p1f2
UKESM1-3-LL,esm-hist,r7i1p1f2,g110,tas,1976,13.4533,degrees_C,historical,emissions,ref,0.185734,13.2676,r7i1p1f2
UKESM1-3-LL,esm-hist,r7i1p1f2,g110,tas,1977,13.5532,degrees_C,historical,emissions,ref,0.285649,13.2676,r7i1p1f2
UKESM1-3-LL,esm-hist,r7i1p1f2,g110,tas,1978,13.3189,degrees_C,historical,emissions,ref,0.0513348,13.2676,r7i1p1f2
UKESM1-3-LL,esm-hist,r7i1p1f2,g110,tas,1979,13.3803,degrees_C,historical,emissions,ref,0.112706,13.2676,r7i1p1f2
UKESM1-3-LL,esm-hist,r7i1p1f2,g110,tas,1980,13.4956,degrees_C,historical,emissions,ref,0.228032,13.2676,r7i1p1f2
UKESM1-3-LL,esm-hist,r7i1p1f2,g110,tas,1981,13.5353,degrees_C,historical,emissions,ref,0.267765,13.2676,r7i1p1f2
UKESM1-3-LL,esm-hist,r7i1p1f2,g110,tas,1982,13.3715,degrees_C,historical,emissions,ref,0.103947,13.2676,r7i1p1f2
UKESM1-3-LL,esm-hist,r7i1p1f2,g110,tas,1983,13.2173,degrees_C,historical,emissions,ref,-0.0502888,13.2676,r7i1p1f2
UKESM1-3-LL,esm-hist,r7i1p1f2,g110,tas,1984,13.415,degrees_C,historical,emissions,ref,0.147465,13.2676,r7i1p1f2
UKESM1-3-LL,esm-hist,r7i1p1f2,g110,tas,1985,13.4605,degrees_C,historical,emissions,ref,0.192936,13.2676,r7i1p1f2
UKESM1-3-LL,esm-hist,r7i1p1f2,g110,tas,1986,13.2917,degrees_C,historical,emissions,ref,0.0241131,13.2676,r7i1p1f2
UKESM1-3-LL,esm-hist,r7i1p1f2,g110,tas,1987,13.4042,degrees_C,historical,emissions,ref,0.136662,13.2676,r7i1p1f2
UKESM1-3-LL,esm-hist,r7i1p1f2,g110,tas,1988,13.4894,degrees_C,historical,emissions,ref,0.221806,13.2676,r7i1p1f2
UKESM1-3-LL,esm-hist,r7i1p1f2,g110,tas,1989,13.5183,degrees_C,historical,emissions,ref,0.250737,13.2676,r7i1p1f2
UKESM1-3-LL,esm-hist,r7i1p1f2,g110,tas,1990,13.4951,degrees_C,historical,emissions,ref,0.227513,13.2676,r7i1p1f2
UKESM1-3-LL,esm-hist,r7i1p1f2,g110,tas,1991,13.4807,degrees_C,historical,emissions,ref,0.213139,13.2676,r7i1p1f2
UKESM1-3-LL,esm-hist,r7i1p1f2,g110,tas,1992,13.2322,degrees_C,historical,emissions,ref,-0.0353657,13.2676,r7i1p1f2
UKESM1-3-LL,esm-hist,r7i1p1f2,g110,tas,1993,13.2552,degrees_C,historical,emissions,ref,-0.0123554,13.2676,r7i1p1f2
UKESM1-3-LL,esm-hist,r7i1p1f2,g110,tas,1994,13.3208,degrees_C,historical,emissions,ref,0.0532574,13.2676,r7i1p1f2
UKESM1-3-LL,esm-hist,r7i1p1f2,g110,tas,1995,13.4226,degrees_C,historical,emissions,ref,0.155033,13.2676,r7i1p1f2
UKESM1-3-LL,esm-hist,r7i1p1f2,g110,tas,1996,13.5524,degrees_C,historical,emissions,ref,0.284855,13.2676,r7i1p1f2
UKESM1-3-LL,esm-hist,r7i1p1f2,g110,tas,1997,13.5428,degrees_C,historical,emissions,ref,0.275212,13.2676,r7i1p1f2
UKESM1-3-LL,esm-hist,r7i1p1f2,g110,tas,1998,13.8105,degrees_C,historical,emissions,ref,0.542973,13.2676,r7i1p1f2
UKESM1-3-LL,esm-hist,r7i1p1f2,g110,tas,1999,13.9191,degrees_C,historical,emissions,ref,0.651493,13.2676,r7i1p1f2
UKESM1-3-LL,esm-hist,r7i1p1f2,g110,tas,2000,13.7605,degrees_C,historical,emissions,ref,0.492955,13.2676,r7i1p1f2
UKESM1-3-LL,esm-hist,r7i1p1f2,g110,tas,2001,13.7195,degrees_C,historical,emissions,ref,0.451908,13.2676,r7i1p1f2
UKESM1-3-LL,esm-hist,r7i1p1f2,g110,tas,2002,13.6979,degrees_C,historical,emissions,ref,0.430302,13.2676,r7i1p1f2
UKESM1-3-LL,esm-hist,r7i1p1f2,g110,tas,2003,13.8565,degrees_C,historical,emissions,ref,0.588902,13.2676,r7i1p1f2
UKESM1-3-LL,esm-hist,r7i1p1f2,g110,tas,2004,14.0049,degrees_C,historical,emissions,ref,0.73737,13.2676,r7i1p1f2
UKESM1-3-LL,esm-hist,r7i1p1f2,g110,tas,2005,14.3027,degrees_C,historical,emissions,ref,1.0351,13.2676,r7i1p1f2
UKESM1-3-LL,esm-hist,r7i1p1f2,g110,tas,2006,14.1884,degrees_C,historical,emissions,ref,0.920872,13.2676,r7i1p1f2
UKESM1-3-LL,esm-hist,r7i1p1f2,g110,tas,2007,14.0524,degrees_C,historical,emissions,ref,0.784855,13.2676,r7i1p1f2
UKESM1-3-LL,esm-hist,r7i1p1f2,g110,tas,2008,14.0039,degrees_C,historical,emissions,ref,0.736332,13.2676,r7i1p1f2
UKESM1-3-LL,esm-hist,r7i1p1f2,g110,tas,2009,14.1102,degrees_C,historical,emissions,ref,0.842656,13.2676,r7i1p1f2
UKESM1-3-LL,esm-hist,r7i1p1f2,g110,tas,2010,14.3006,degrees_C,historical,emissions,ref,1.03302,13.2676,r7i1p1f2
UKESM1-3-LL,esm-hist,r7i1p1f2,g110,tas,2011,14.3844,degrees_C,historical,emissions,ref,1.11679,13.2676,r7i1p1f2
UKESM1-3-LL,esm-hist,r7i1p1f2,g110,tas,2012,14.1537,degrees_C,historical,emissions,ref,0.886143,13.2676,r7i1p1f2
UKESM1-3-LL,esm-hist,r7i1p1f2,g110,tas,2013,14.1861,degrees_C,historical,emissions,ref,0.918492,13.2676,r7i1p1f2
UKESM1-3-LL,esm-hist,r7i1p1f2,g110,tas,2014,14.2132,degrees_C,historical,emissions,ref,0.945652,13.2676,r7i1p1f2
UKESM1-3-LL,esm-hist,r7i1p1f2,g110,tas,2015,14.2974,degrees_C,historical,emissions,ref,1.02988,13.2676,r7i1p1f2
UKESM1-3-LL,esm-hist,r7i1p1f2,g110,tas,2016,14.571,degrees_C,historical,emissions,ref,1.30347,13.2676,r7i1p1f2
UKESM1-3-LL,esm-hist,r7i1p1f2,g110,tas,2017,14.7028,degrees_C,historical,emissions,ref,1.43522,13.2676,r7i1p1f2
UKESM1-3-LL,esm-hist,r7i1p1f2,g110,tas,2018,14.7264,degrees_C,historical,emissions,ref,1.45887,13.2676,r7i1p1f2
UKESM1-3-LL,esm-hist,r7i1p1f2,g110,tas,2019,14.5043,degrees_C,historical,emissions,ref,1.2367,13.2676,r7i1p1f2
UKESM1-3-LL,esm-hist,r7i1p1f2,g110,tas,2020,14.6909,degrees_C,historical,emissions,ref,1.42337,13.2676,r7i1p1f2
UKESM1-3-LL,esm-hist,r7i1p1f2,g110,tas,2021,14.8552,degrees_C,historical,emissions,ref,1.58759,13.2676,r7i1p1f2
UKESM1-3-LL,esm-piControl,r1i1p1f1,g110,tas,1999,13.1599,degrees_C,piControl,emissions,ref,-0.0275729,13.1875,r1i1p1f1
UKESM1-3-LL,esm-piControl,r1i1p1f1,g110,tas,2000,13.0273,degrees_C,piControl,emissions,ref,-0.160141,13.1875,r1i1p1f1
UKESM1-3-LL,esm-piControl,r1i1p1f1,g110,tas,2001,13.166,degrees_C,piControl,emissions,ref,-0.0214694,13.1875,r1i1p1f1
UKESM1-3-LL,esm-piControl,r1i1p1f1,g110,tas,2002,13.4146,degrees_C,piControl,emissions,ref,0.227096,13.1875,r1i1p1f1
UKESM1-3-LL,esm-piControl,r1i1p1f1,g110,tas,2003,13.3267,degrees_C,piControl,emissions,ref,0.139175,13.1875,r1i1p1f1
UKESM1-3-LL,esm-piControl,r1i1p1f1,g110,tas,2004,13.2075,degrees_C,piControl,emissions,ref,0.0200345,13.1875,r1i1p1f1
UKESM1-3-LL,esm-piControl,r1i1p1f1,g110,tas,2005,13.3184,degrees_C,piControl,emissions,ref,0.130935,13.1875,r1i1p1f1
UKESM1-3-LL,esm-piControl,r1i1p1f1,g110,tas,2006,13.3507,degrees_C,piControl,emissions,ref,0.163223,13.1875,r1i1p1f1
UKESM1-3-LL,esm-piControl,r1i1p1f1,g110,tas,2007,13.2521,degrees_C,piControl,emissions,ref,0.0645902,13.1875,r1i1p1f1
UKESM1-3-LL,esm-piControl,r1i1p1f1,g110,tas,2008,13.3478,degrees_C,piControl,emissions,ref,0.160354,13.1875,r1i1p1f1
UKESM1-3-LL,esm-piControl,r1i1p1f1,g110,tas,2009,13.3138,degrees_C,piControl,emissions,ref,0.126297,13.1875,r1i1p1f1
UKESM1-3-LL,esm-piControl,r1i1p1f1,g110,tas,2010,13.27,degrees_C,piControl,emissions,ref,0.0824735,13.1875,r1i1p1f1
UKESM1-3-LL,esm-piControl,r1i1p1f1,g110,tas,2011,13.1701,degrees_C,piControl,emissions,ref,-0.0173801,13.1875,r1i1p1f1
UKESM1-3-LL,esm-piControl,r1i1p1f1,g110,tas,2012,13.3156,degrees_C,piControl,emissions,ref,0.128128,13.1875,r1i1p1f1
UKESM1-3-LL,esm-piControl,r1i1p1f1,g110,tas,2013,13.4109,degrees_C,piControl,emissions,ref,0.223465,13.1875,r1i1p1f1
UKESM1-3-LL,esm-piControl,r1i1p1f1,g110,tas,2014,13.2685,degrees_C,piControl,emissions,ref,0.0810086,13.1875,r1i1p1f1
UKESM1-3-LL,esm-piControl,r1i1p1f1,g110,tas,2015,13.3316,degrees_C,piControl,emissions,ref,0.144088,13.1875,r1i1p1f1
UKESM1-3-LL,esm-piControl,r1i1p1f1,g110,tas,2016,13.2903,degrees_C,piControl,emissions,ref,0.102798,13.1875,r1i1p1f1
UKESM1-3-LL,esm-piControl,r1i1p1f1,g110,tas,2017,13.3275,degrees_C,piControl,emissions,ref,0.14006,13.1875,r1i1p1f1
UKESM1-3-LL,esm-piControl,r1i1p1f1,g110,tas,2018,13.4171,degrees_C,piControl,emissions,ref,0.229629,13.1875,r1i1p1f1
UKESM1-3-LL,esm-piControl,r1i1p1f1,g110,tas,2019,13.5169,degrees_C,piControl,emissions,ref,0.329422,13.1875,r1i1p1f1
UKESM1-3-LL,esm-piControl,r1i1p1f1,g110,tas,2020,13.6182,degrees_C,piControl,emissions,ref,0.43071,13.1875,r1i1p1f1
UKESM1-3-LL,esm-piControl,r1i1p1f1,g110,tas,2021,13.4192,degrees_C,piControl,emissions,ref,0.231674,13.1875,r1i1p1f1
UKESM1-3-LL,esm-piControl,r1i1p1f1,g110,tas,2022,13.514,degrees_C,piControl,emissions,ref,0.326553,13.1875,r1i1p1f1
UKESM1-3-LL,esm-piControl,r1i1p1f1,g110,tas,2023,13.4974,degrees_C,piControl,emissions,ref,0.309951,13.1875,r1i1p1f1
UKESM1-3-LL,esm-piControl,r1i1p1f1,g110,tas,2024,13.5648,degrees_C,piControl,emissions,ref,0.377304,13.1875,r1i1p1f1
UKESM1-3-LL,esm-piControl,r1i1p1f1,g110,tas,2025,13.6217,degrees_C,piControl,emissions,ref,0.43425,13.1875,r1i1p1f1
UKESM1-3-LL,esm-piControl,r1i1p1f1,g110,tas,2026,13.4606,degrees_C,piControl,emissions,ref,0.273147,13.1875,r1i1p1f1
UKESM1-3-LL,esm-piControl,r1i1p1f1,g110,tas,2027,13.4261,degrees_C,piControl,emissions,ref,0.238662,13.1875,r1i1p1f1
UKESM1-3-LL,esm-piControl,r1i1p1f1,g110,tas,2028,13.2928,degrees_C,piControl,emissions,ref,0.105362,13.1875,r1i1p1f1
UKESM1-3-LL,esm-piControl,r1i1p1f1,g110,tas,2029,13.36,degrees_C,piControl,emissions,ref,0.1725,13.1875,r1i1p1f1
UKESM1-3-LL,esm-piControl,r1i1p1f1,g110,tas,2030,13.2872,degrees_C,piControl,emissions,ref,0.0996854,13.1875,r1i1p1f1
UKESM1-3-LL,esm-piControl,r1i1p1f1,g110,tas,2031,13.2573,degrees_C,piControl,emissions,ref,0.0698087,13.1875,r1i1p1f1
UKESM1-3-LL,esm-piControl,r1i1p1f1,g110,tas,2032,13.2904,degrees_C,piControl,emissions,ref,0.102951,13.1875,r1i1p1f1
UKESM1-3-LL,esm-piControl,r1i1p1f1,g110,tas,2033,13.287,degrees_C,piControl,emissions,ref,0.0995023,13.1875,r1i1p1f1
UKESM1-3-LL,esm-piControl,r1i1p1f1,g110,tas,2034,13.0666,degrees_C,piControl,emissions,ref,-0.120896,13.1875,r1i1p1f1
UKESM1-3-LL,esm-piControl,r1i1p1f1,g110,tas,2035,13.3041,degrees_C,piControl,emissions,ref,0.116592,13.1875,r1i1p1f1
UKESM1-3-LL,esm-piControl,r1i1p1f1,g110,tas,2036,13.4263,degrees_C,piControl,emissions,ref,0.238815,13.1875,r1i1p1f1
UKESM1-3-LL,esm-piControl,r1i1p1f1,g110,tas,2037,13.1467,degrees_C,piControl,emissions,ref,-0.0407565,13.1875,r1i1p1f1
UKESM1-3-LL,esm-piControl,r1i1p1f1,g110,tas,2038,13.3157,degrees_C,piControl,emissions,ref,0.128189,13.1875,r1i1p1f1
UKESM1-3-LL,esm-piControl,r1i1p1f1,g110,tas,2039,13.3146,degrees_C,piControl,emissions,ref,0.12709,13.1875,r1i1p1f1
UKESM1-3-LL,esm-piControl,r1i1p1f1,g110,tas,2040,13.1689,degrees_C,piControl,emissions,ref,-0.0185397,13.1875,r1i1p1f1
UKESM1-3-LL,esm-piControl,r1i1p1f1,g110,tas,2041,13.2862,degrees_C,piControl,emissions,ref,0.0987698,13.1875,r1i1p1f1
UKESM1-3-LL,esm-piControl,r1i1p1f1,g110,tas,2042,13.2898,degrees_C,piControl,emissions,ref,0.10231,13.1875,r1i1p1f1
UKESM1-3-LL,esm-piControl,r1i1p1f1,g110,tas,2043,13.2169,degrees_C,piControl,emissions,ref,0.0294339,13.1875,r1i1p1f1
UKESM1-3-LL,esm-piControl,r1i1p1f1,g110,tas,2044,13.2901,degrees_C,piControl,emissions,ref,0.102646,13.1875,r1i1p1f1
UKESM1-3-LL,esm-piControl,r1i1p1f1,g110,tas,2045,13.4156,degrees_C,piControl,emissions,ref,0.228103,13.1875,r1i1p1f1
UKESM1-3-LL,esm-piControl,r1i1p1f1,g110,tas,2046,13.0691,degrees_C,piControl,emissions,ref,-0.118393,13.1875,r1i1p1f1
UKESM1-3-LL,esm-piControl,r1i1p1f1,g110,tas,2047,13.2013,degrees_C,piControl,emissions,ref,0.0138089,13.1875,r1i1p1f1
UKESM1-3-LL,esm-piControl,r1i1p1f1,g110,tas,2048,13.3642,degrees_C,piControl,emissions,ref,0.176712,13.1875,r1i1p1f1
UKESM1-3-LL,esm-piControl,r1i1p1f1,g110,tas,2049,13.1809,degrees_C,piControl,emissions,ref,-0.00657684,13.1875,r1i1p1f1
UKESM1-3-LL,esm-piControl,r1i1p1f1,g110,tas,2050,13.17,degrees_C,piControl,emissions,ref,-0.0175021,13.1875,r1i1p1f1
UKESM1-3-LL,esm-piControl,r1i1p1f1,g110,tas,2051,13.2393,degrees_C,piControl,emissions,ref,0.0517728,13.1875,r1i1p1f1
UKESM1-3-LL,esm-piControl,r1i1p1f1,g110,tas,2052,13.2239,degrees_C,piControl,emissions,ref,0.0364529,13.1875,r1i1p1f1
UKESM1-3-LL,esm-piControl,r1i1p1f1,g110,tas,2053,13.1485,degrees_C,piControl,emissions,ref,-0.0389865,13.1875,r1i1p1f1
UKESM1-3-LL,esm-piControl,r1i1p1f1,g110,tas,2054,13.2171,degrees_C,piControl,emissions,ref,0.029617,13.1875,r1i1p1f1
UKESM1-3-LL,esm-piControl,r1i1p1f1,g110,tas,2055,13.2783,degrees_C,piControl,emissions,ref,0.0908658,13.1875,r1i1p1f1
UKESM1-3-LL,esm-piControl,r1i1p1f1,g110,tas,2056,13.2246,degrees_C,piControl,emissions,ref,0.0371243,13.1875,r1i1p1f1
UKESM1-3-LL,esm-piControl,r1i1p1f1,g110,tas,2057,13.3776,degrees_C,piControl,emissions,ref,0.190139,13.1875,r1i1p1f1
UKESM1-3-LL,esm-piControl,r1i1p1f1,g110,tas,2058,13.3321,degrees_C,piControl,emissions,ref,0.144607,13.1875,r1i1p1f1
UKESM1-3-LL,esm-piControl,r1i1p1f1,g110,tas,2059,13.3064,degrees_C,piControl,emissions,ref,0.118911,13.1875,r1i1p1f1
UKESM1-3-LL,esm-piControl,r1i1p1f1,g110,tas,2060,13.3014,degrees_C,piControl,emissions,ref,0.113968,13.1875,r1i1p1f1
UKESM1-3-LL,esm-piControl,r1i1p1f1,g110,tas,2061,13.2762,degrees_C,piControl,emissions,ref,0.0887296,13.1875,r1i1p1f1
UKESM1-3-LL,esm-piControl,r1i1p1f1,g110,tas,2062,13.1999,degrees_C,piControl,emissions,ref,0.0124661,13.1875,r1i1p1f1
UKESM1-3-LL,esm-piControl,r1i1p1f1,g110,tas,2063,13.234,degrees_C,piControl,emissions,ref,0.0465237,13.1875,r1i1p1f1
UKESM1-3-LL,esm-piControl,r1i1p1f1,g110,tas,2064,13.0885,degrees_C,piControl,emissions,ref,-0.0990146,13.1875,r1i1p1f1
UKESM1-3-LL,esm-piControl,r1i1p1f1,g110,tas,2065,13.0978,degrees_C,piControl,emissions,ref,-0.0896457,13.1875,r1i1p1f1
UKESM1-3-LL,esm-piControl,r1i1p1f1,g110,tas,2066,13.3763,degrees_C,piControl,emissions,ref,0.188797,13.1875,r1i1p1f1
UKESM1-3-LL,esm-piControl,r1i1p1f1,g110,tas,2067,13.4114,degrees_C,piControl,emissions,ref,0.223922,13.1875,r1i1p1f1
UKESM1-3-LL,esm-piControl,r1i1p1f1,g110,tas,2068,13.2129,degrees_C,piControl,emissions,ref,0.0253751,13.1875,r1i1p1f1
UKESM1-3-LL,esm-piControl,r1i1p1f1,g110,tas,2069,13.2122,degrees_C,piControl,emissions,ref,0.0247037,13.1875,r1i1p1f1
UKESM1-3-LL,esm-piControl,r1i1p1f1,g110,tas,2070,13.2843,degrees_C,piControl,emissions,ref,0.0967862,13.1875,r1i1p1f1
UKESM1-3-LL,esm-piControl,r1i1p1f1,g110,tas,2071,13.1708,degrees_C,piControl,emissions,ref,-0.0166476,13.1875,r1i1p1f1
UKESM1-3-LL,esm-piControl,r1i1p1f1,g110,tas,2072,13.3487,degrees_C,piControl,emissions,ref,0.161178,13.1875,r1i1p1f1
UKESM1-3-LL,esm-piControl,r1i1p1f1,g110,tas,2073,13.3972,degrees_C,piControl,emissions,ref,0.209762,13.1875,r1i1p1f1
UKESM1-3-LL,esm-piControl,r1i1p1f1,g110,tas,2074,13.4018,degrees_C,piControl,emissions,ref,0.21437,13.1875,r1i1p1f1
UKESM1-3-LL,esm-piControl,r1i1p1f1,g110,tas,2075,13.3284,degrees_C,piControl,emissions,ref,0.140915,13.1875,r1i1p1f1
UKESM1-3-LL,esm-piControl,r1i1p1f1,g110,tas,2076,13.2301,degrees_C,piControl,emissions,ref,0.042587,13.1875,r1i1p1f1
UKESM1-3-LL,esm-piControl,r1i1p1f1,g110,tas,2077,13.0835,degrees_C,piControl,emissions,ref,-0.103989,13.1875,r1i1p1f1
UKESM1-3-LL,esm-piControl,r1i1p1f1,g110,tas,2078,13.1821,degrees_C,piControl,emissions,ref,-0.00541717,13.1875,r1i1p1f1
UKESM1-3-LL,esm-piControl,r1i1p1f1,g110,tas,2079,13.2659,degrees_C,piControl,emissions,ref,0.0784146,13.1875,r1i1p1f1
UKESM1-3-LL,esm-piControl,r1i1p1f1,g110,tas,2080,13.4134,degrees_C,piControl,emissions,ref,0.225967,13.1875,r1i1p1f1
UKESM1-3-LL,esm-piControl,r1i1p1f1,g110,tas,2081,13.2153,degrees_C,piControl,emissions,ref,0.027847,13.1875,r1i1p1f1
UKESM1-3-LL,esm-piControl,r1i1p1f1,g110,tas,2082,13.242,degrees_C,piControl,emissions,ref,0.0544888,13.1875,r1i1p1f1
UKESM1-3-LL,esm-piControl,r1i1p1f1,g110,tas,2083,13.1618,degrees_C,piControl,emissions,ref,-0.0257114,13.1875,r1i1p1f1
UKESM1-3-LL,esm-piControl,r1i1p1f1,g110,tas,2084,13.3248,degrees_C,piControl,emissions,ref,0.137344,13.1875,r1i1p1f1
UKESM1-3-LL,esm-piControl,r1i1p1f1,g110,tas,2085,13.3657,degrees_C,piControl,emissions,ref,0.178177,13.1875,r1i1p1f1
UKESM1-3-LL,esm-piControl,r1i1p1f1,g110,tas,2086,13.227,degrees_C,piControl,emissions,ref,0.0395047,13.1875,r1i1p1f1
UKESM1-3-LL,esm-piControl,r1i1p1f1,g110,tas,2087,13.2823,degrees_C,piControl,emissions,ref,0.0948636,13.1875,r1i1p1f1
UKESM1-3-LL,esm-piControl,r1i1p1f1,g110,tas,2088,13.3198,degrees_C,piControl,emissions,ref,0.132278,13.1875,r1i1p1f1
UKESM1-3-LL,esm-piControl,r1i1p1f1,g110,tas,2089,13.2109,degrees_C,piControl,emissions,ref,0.0234525,13.1875,r1i1p1f1
UKESM1-3-LL,esm-piControl,r1i1p1f1,g110,tas,2090,13.3122,degrees_C,piControl,emissions,ref,0.12471,13.1875,r1i1p1f1
UKESM1-3-LL,esm-piControl,r1i1p1f1,g110,tas,2091,13.4003,degrees_C,piControl,emissions,ref,0.212814,13.1875,r1i1p1f1
UKESM1-3-LL,esm-piControl,r1i1p1f1,g110,tas,2092,13.5067,degrees_C,piControl,emissions,ref,0.319229,13.1875,r1i1p1f1
UKESM1-3-LL,esm-piControl,r1i1p1f1,g110,tas,2093,13.4383,degrees_C,piControl,emissions,ref,0.250808,13.1875,r1i1p1f1
UKESM1-3-LL,esm-piControl,r1i1p1f1,g110,tas,2094,13.4149,degrees_C,piControl,emissions,ref,0.227432,13.1875,r1i1p1f1
UKESM1-3-LL,esm-piControl,r1i1p1f1,g110,tas,2095,13.4519,degrees_C,piControl,emissions,ref,0.264419,13.1875,r1i1p1f1
UKESM1-3-LL,esm-piControl,r1i1p1f1,g110,tas,2096,13.4116,degrees_C,piControl,emissions,ref,0.224167,13.1875,r1i1p1f1
UKESM1-3-LL,esm-piControl,r1i1p1f1,g110,tas,2097,13.497,degrees_C,piControl,emissions,ref,0.309524,13.1875,r1i1p1f1
UKESM1-3-LL,esm-piControl,r1i1p1f1,g110,tas,2098,13.4815,degrees_C,piControl,emissions,ref,0.294052,13.1875,r1i1p1f1
UKESM1-3-LL,esm-piControl,r1i1p1f1,g110,tas,2099,13.4635,degrees_C,piControl,emissions,ref,0.276016,13.1875,r1i1p1f1
UKESM1-3-LL,esm-piControl,r1i1p1f1,g110,tas,2100,13.3786,degrees_C,piControl,emissions,ref,0.191086,13.1875,r1i1p1f1
UKESM1-3-LL,esm-piControl,r1i1p1f1,g110,tas,2101,13.5576,degrees_C,piControl,emissions,ref,0.370071,13.1875,r1i1p1f1
UKESM1-3-LL,esm-piControl,r1i1p1f1,g110,tas,2102,13.3606,degrees_C,piControl,emissions,ref,0.173111,13.1875,r1i1p1f1
UKESM1-3-LL,esm-piControl,r1i1p1f1,g110,tas,2103,13.3613,degrees_C,piControl,emissions,ref,0.173782,13.1875,r1i1p1f1
UKESM1-3-LL,esm-piControl,r1i1p1f1,g110,tas,2104,13.4748,degrees_C,piControl,emissions,ref,0.287368,13.1875,r1i1p1f1
UKESM1-3-LL,esm-piControl,r1i1p1f1,g110,tas,2105,13.533,degrees_C,piControl,emissions,ref,0.345504,13.1875,r1i1p1f1
UKESM1-3-LL,esm-piControl,r1i1p1f1,g110,tas,2106,13.4847,degrees_C,piControl,emissions,ref,0.297256,13.1875,r1i1p1f1
UKESM1-3-LL,esm-piControl,r1i1p1f1,g110,tas,2107,13.4849,degrees_C,piControl,emissions,ref,0.297439,13.1875,r1i1p1f1
UKESM1-3-LL,esm-piControl,r1i1p1f1,g110,tas,2108,13.4262,degrees_C,piControl,emissions,ref,0.238723,13.1875,r1i1p1f1
UKESM1-3-LL,esm-piControl,r1i1p1f1,g110,tas,2109,13.3189,degrees_C,piControl,emissions,ref,0.131393,13.1875,r1i1p1f1
UKESM1-3-LL,esm-piControl,r1i1p1f1,g110,tas,2110,13.373,degrees_C,piControl,emissions,ref,0.185562,13.1875,r1i1p1f1
UKESM1-3-LL,esm-piControl,r1i1p1f1,g110,tas,2111,13.2775,degrees_C,piControl,emissions,ref,0.0900418,13.1875,r1i1p1f1
UKESM1-3-LL,esm-piControl,r1i1p1f1,g110,tas,2112,13.3052,degrees_C,piControl,emissions,ref,0.117691,13.1875,r1i1p1f1
UKESM1-3-LL,esm-piControl,r1i1p1f1,g110,tas,2113,13.4047,degrees_C,piControl,emissions,ref,0.217178,13.1875,r1i1p1f1
UKESM1-3-LL,esm-piControl,r1i1p1f1,g110,tas,2114,13.4031,degrees_C,piControl,emissions,ref,0.215591,13.1875,r1i1p1f1
UKESM1-3-LL,esm-piControl,r1i1p1f1,g110,tas,2115,13.3286,degrees_C,piControl,emissions,ref,0.141098,13.1875,r1i1p1f1
UKESM1-3-LL,esm-piControl,r1i1p1f1,g110,tas,2116,13.3619,degrees_C,piControl,emissions,ref,0.174453,13.1875,r1i1p1f1
UKESM1-3-LL,esm-piControl,r1i1p1f1,g110,tas,2117,13.3061,degrees_C,piControl,emissions,ref,0.118606,13.1875,r1i1p1f1
UKESM1-3-LL,esm-piControl,r1i1p1f1,g110,tas,2118,13.3256,degrees_C,piControl,emissions,ref,0.138138,13.1875,r1i1p1f1
UKESM1-3-LL,esm-piControl,r1i1p1f1,g110,tas,2119,13.3129,degrees_C,piControl,emissions,ref,0.125381,13.1875,r1i1p1f1
UKESM1-3-LL,esm-piControl,r1i1p1f1,g110,tas,2120,13.39,degrees_C,piControl,emissions,ref,0.20256,13.1875,r1i1p1f1
UKESM1-3-LL,esm-piControl,r1i1p1f1,g110,tas,2121,13.5367,degrees_C,piControl,emissions,ref,0.349258,13.1875,r1i1p1f1
UKESM1-3-LL,esm-piControl,r1i1p1f1,g110,tas,2122,13.4512,degrees_C,piControl,emissions,ref,0.263687,13.1875,r1i1p1f1
UKESM1-3-LL,esm-piControl,r1i1p1f1,g110,tas,2123,13.4765,degrees_C,piControl,emissions,ref,0.289016,13.1875,r1i1p1f1
UKESM1-3-LL,esm-piControl,r1i1p1f1,g110,tas,2124,13.3273,degrees_C,piControl,emissions,ref,0.139785,13.1875,r1i1p1f1
UKESM1-3-LL,esm-piControl,r1i1p1f1,g110,tas,2125,13.3998,degrees_C,piControl,emissions,ref,0.212295,13.1875,r1i1p1f1
UKESM1-3-LL,esm-piControl,r1i1p1f1,g110,tas,2126,13.3831,degrees_C,piControl,emissions,ref,0.195633,13.1875,r1i1p1f1
UKESM1-3-LL,esm-piControl,r1i1p1f1,g110,tas,2127,13.4744,degrees_C,piControl,emissions,ref,0.286941,13.1875,r1i1p1f1
UKESM1-3-LL,esm-piControl,r1i1p1f1,g110,tas,2128,13.3801,degrees_C,piControl,emissions,ref,0.192581,13.1875,r1i1p1f1
UKESM1-3-LL,esm-piControl,r1i1p1f1,g110,tas,2129,13.504,degrees_C,piControl,emissions,ref,0.316482,13.1875,r1i1p1f1
UKESM1-3-LL,esm-piControl,r1i1p1f1,g110,tas,2130,13.4588,degrees_C,piControl,emissions,ref,0.271316,13.1875,r1i1p1f1
UKESM1-3-LL,esm-piControl,r1i1p1f1,g110,tas,2131,13.4041,degrees_C,piControl,emissions,ref,0.216629,13.1875,r1i1p1f1
UKESM1-3-LL,esm-piControl,r1i1p1f1,g110,tas,2132,13.5214,degrees_C,piControl,emissions,ref,0.333938,13.1875,r1i1p1f1
UKESM1-3-LL,esm-piControl,r1i1p1f1,g110,tas,2133,13.4076,degrees_C,piControl,emissions,ref,0.220169,13.1875,r1i1p1f1
UKESM1-3-LL,esm-piControl,r1i1p1f1,g110,tas,2134,13.3621,degrees_C,piControl,emissions,ref,0.174576,13.1875,r1i1p1f1
UKESM1-3-LL,esm-piControl,r1i1p1f1,g110,tas,2135,13.4249,degrees_C,piControl,emissions,ref,0.237381,13.1875,r1i1p1f1
UKESM1-3-LL,esm-piControl,r1i1p1f1,g110,tas,2136,13.255,degrees_C,piControl,emissions,ref,0.0675198,13.1875,r1i1p1f1
UKESM1-3-LL,esm-piControl,r1i1p1f1,g110,tas,2137,13.2595,degrees_C,piControl,emissions,ref,0.072067,13.1875,r1i1p1f1
UKESM1-3-LL,esm-piControl,r1i1p1f1,g110,tas,2138,13.2283,degrees_C,piControl,emissions,ref,0.040817,13.1875,r1i1p1f1
UKESM1-3-LL,esm-piControl,r1i1p1f1,g110,tas,2139,13.2843,degrees_C,piControl,emissions,ref,0.0968167,13.1875,r1i1p1f1
UKESM1-3-LL,esm-piControl,r1i1p1f1,g110,tas,2140,13.2843,degrees_C,piControl,emissions,ref,0.0968167,13.1875,r1i1p1f1
UKESM1-3-LL,esm-piControl,r1i1p1f1,g110,tas,2141,13.1892,degrees_C,piControl,emissions,ref,0.00169343,13.1875,r1i1p1f1
UKESM1-3-LL,esm-piControl,r1i1p1f1,g110,tas,2142,13.3006,degrees_C,piControl,emissions,ref,0.113083,13.1875,r1i1p1f1
UKESM1-3-LL,esm-piControl,r1i1p1f1,g110,tas,2143,13.3426,degrees_C,piControl,emissions,ref,0.155105,13.1875,r1i1p1f1
UKESM1-3-LL,esm-piControl,r1i1p1f1,g110,tas,2144,13.1464,degrees_C,piControl,emissions,ref,-0.0410617,13.1875,r1i1p1f1
UKESM1-3-LL,esm-piControl,r1i1p1f1,g110,tas,2145,13.2586,degrees_C,piControl,emissions,ref,0.0710904,13.1875,r1i1p1f1
UKESM1-3-LL,esm-piControl,r1i1p1f1,g110,tas,2146,13.1989,degrees_C,piControl,emissions,ref,0.0114285,13.1875,r1i1p1f1
UKESM1-3-LL,esm-piControl,r1i1p1f1,g110,tas,2147,13.1354,degrees_C,piControl,emissions,ref,-0.052048,13.1875,r1i1p1f1
UKESM1-3-LL,esm-piControl,r1i1p1f1,g110,tas,2148,13.1787,degrees_C,piControl,emissions,ref,-0.0087741,13.1875,r1i1p1f1
UKESM1-3-LL,esm-piControl,r1i1p1f1,g110,tas,2149,13.231,degrees_C,piControl,emissions,ref,0.043533,13.1875,r1i1p1f1
UKESM1-3-LL,esm-piControl,r1i1p1f1,g110,tas,2150,13.2407,degrees_C,piControl,emissions,ref,0.0532681,13.1875,r1i1p1f1
UKESM1-3-LL,esm-piControl,r1i1p1f1,g110,tas,2151,13.4068,degrees_C,piControl,emissions,ref,0.219345,13.1875,r1i1p1f1
UKESM1-3-LL,esm-piControl,r1i1p1f1,g110,tas,2152,13.292,degrees_C,piControl,emissions,ref,0.104538,13.1875,r1i1p1f1
UKESM1-3-LL,esm-piControl,r1i1p1f1,g110,tas,2153,13.0395,degrees_C,piControl,emissions,ref,-0.148026,13.1875,r1i1p1f1
UKESM1-3-LL,esm-piControl,r1i1p1f1,g110,tas,2154,13.0669,degrees_C,piControl,emissions,ref,-0.120529,13.1875,r1i1p1f1
UKESM1-3-LL,esm-piControl,r1i1p1f1,g110,tas,2155,13.0345,degrees_C,piControl,emissions,ref,-0.15297,13.1875,r1i1p1f1
UKESM1-3-LL,esm-piControl,r1i1p1f1,g110,tas,2156,12.9827,degrees_C,piControl,emissions,ref,-0.204758,13.1875,r1i1p1f1
UKESM1-3-LL,esm-piControl,r1i1p1f1,g110,tas,2157,12.9871,degrees_C,piControl,emissions,ref,-0.200424,13.1875,r1i1p1f1
UKESM1-3-LL,esm-piControl,r1i1p1f1,g110,tas,2158,13.1273,degrees_C,piControl,emissions,ref,-0.0601657,13.1875,r1i1p1f1
UKESM1-3-LL,esm-piControl,r1i1p1f1,g110,tas,2159,13.2247,degrees_C,piControl,emissions,ref,0.0372464,13.1875,r1i1p1f1
UKESM1-3-LL,esm-piControl,r1i1p1f1,g110,tas,2160,13.3111,degrees_C,piControl,emissions,ref,0.123611,13.1875,r1i1p1f1
UKESM1-3-LL,esm-piControl,r1i1p1f1,g110,tas,2161,13.4625,degrees_C,piControl,emissions,ref,0.274978,13.1875,r1i1p1f1
UKESM1-3-LL,esm-piControl,r1i1p1f1,g110,tas,2162,13.3878,degrees_C,piControl,emissions,ref,0.200271,13.1875,r1i1p1f1
UKESM1-3-LL,esm-piControl,r1i1p1f1,g110,tas,2163,13.2161,degrees_C,piControl,emissions,ref,0.0286404,13.1875,r1i1p1f1
UKESM1-3-LL,esm-piControl,r1i1p1f1,g110,tas,2164,13.3624,degrees_C,piControl,emissions,ref,0.174911,13.1875,r1i1p1f1
UKESM1-3-LL,esm-piControl,r1i1p1f1,g110,tas,2165,13.1068,degrees_C,piControl,emissions,ref,-0.080643,13.1875,r1i1p1f1
UKESM1-3-LL,esm-piControl,r1i1p1f1,g110,tas,2166,13.2482,degrees_C,piControl,emissions,ref,0.0607449,13.1875,r1i1p1f1
UKESM1-3-LL,esm-piControl,r1i1p1f1,g110,tas,2167,13.2722,degrees_C,piControl,emissions,ref,0.0847623,13.1875,r1i1p1f1
UKESM1-3-LL,esm-piControl,r1i1p1f1,g110,tas,2168,13.2226,degrees_C,piControl,emissions,ref,0.0351102,13.1875,r1i1p1f1
UKESM1-3-LL,esm-piControl,r1i1p1f1,g110,tas,2169,13.3795,degrees_C,piControl,emissions,ref,0.192062,13.1875,r1i1p1f1
UKESM1-3-LL,esm-piControl,r1i1p1f1,g110,tas,2170,13.3834,degrees_C,piControl,emissions,ref,0.195938,13.1875,r1i1p1f1
UKESM1-3-LL,esm-piControl,r1i1p1f1,g110,tas,2171,13.3216,degrees_C,piControl,emissions,ref,0.13417,13.1875,r1i1p1f1
UKESM1-3-LL,esm-piControl,r1i1p1f1,g110,tas,2172,13.2274,degrees_C,piControl,emissions,ref,0.0399625,13.1875,r1i1p1f1
UKESM1-3-LL,esm-piControl,r1i1p1f1,g110,tas,2173,13.3483,degrees_C,piControl,emissions,ref,0.160812,13.1875,r1i1p1f1
UKESM1-3-LL,esm-piControl,r1i1p1f1,g110,tas,2174,13.4881,degrees_C,piControl,emissions,ref,0.300613,13.1875,r1i1p1f1
UKESM1-3-LL,esm-piControl,r1i1p1f1,g110,tas,2175,13.3769,degrees_C,piControl,emissions,ref,0.189438,13.1875,r1i1p1f1
UKESM1-3-LL,esm-piControl,r1i1p1f1,g110,tas,2176,13.1746,degrees_C,piControl,emissions,ref,-0.0129245,13.1875,r1i1p1f1
UKESM1-3-LL,esm-piControl,r1i1p1f1,g110,tas,2177,13.2255,degrees_C,piControl,emissions,ref,0.0379788,13.1875,r1i1p1f1
UKESM1-3-LL,esm-piControl,r1i1p1f1,g110,tas,2178,13.2971,degrees_C,piControl,emissions,ref,0.109573,13.1875,r1i1p1f1
UKESM1-3-LL,esm-piControl,r1i1p1f1,g110,tas,2179,13.3809,degrees_C,piControl,emissions,ref,0.193374,13.1875,r1i1p1f1
UKESM1-3-LL,esm-piControl,r1i1p1f1,g110,tas,2180,13.3442,degrees_C,piControl,emissions,ref,0.156692,13.1875,r1i1p1f1
UKESM1-3-LL,esm-piControl,r1i1p1f1,g110,tas,2181,13.4101,degrees_C,piControl,emissions,ref,0.22258,13.1875,r1i1p1f1
UKESM1-3-LL,esm-piControl,r1i1p1f1,g110,tas,2182,13.6122,degrees_C,piControl,emissions,ref,0.424698,13.1875,r1i1p1f1
UKESM1-3-LL,esm-piControl,r1i1p1f1,g110,tas,2183,13.5383,degrees_C,piControl,emissions,ref,0.350845,13.1875,r1i1p1f1
UKESM1-3-LL,esm-piControl,r1i1p1f1,g110,tas,2184,13.5139,degrees_C,piControl,emissions,ref,0.326431,13.1875,r1i1p1f1
UKESM1-3-LL,esm-piControl,r1i1p1f1,g110,tas,2185,13.5528,degrees_C,piControl,emissions,ref,0.36531,13.1875,r1i1p1f1
UKESM1-3-LL,esm-piControl,r1i1p1f1,g110,tas,2186,13.5933,degrees_C,piControl,emissions,ref,0.405868,13.1875,r1i1p1f1
UKESM1-3-LL,esm-piControl,r1i1p1f1,g110,tas,2187,13.6368,degrees_C,piControl,emissions,ref,0.449325,13.1875,r1i1p1f1
UKESM1-3-LL,esm-piControl,r1i1p1f1,g110,tas,2188,13.7441,degrees_C,piControl,emissions,ref,0.556595,13.1875,r1i1p1f1
UKESM1-3-LL,esm-piControl,r1i1p1f1,g110,tas,2189,13.4067,degrees_C,piControl,emissions,ref,0.219192,13.1875,r1i1p1f1
UKESM1-3-LL,esm-piControl,r1i1p1f1,g110,tas,2190,13.5297,degrees_C,piControl,emissions,ref,0.342178,13.1875,r1i1p1f1
UKESM1-3-LL,esm-piControl,r1i1p1f1,g110,tas,2191,13.5326,degrees_C,piControl,emissions,ref,0.345108,13.1875,r1i1p1f1
UKESM1-3-LL,esm-piControl,r1i1p1f1,g110,tas,2192,13.4051,degrees_C,piControl,emissions,ref,0.217666,13.1875,r1i1p1f1
UKESM1-3-LL,esm-piControl,r1i1p1f1,g110,tas,2193,13.4489,degrees_C,piControl,emissions,ref,0.261459,13.1875,r1i1p1f1
UKESM1-3-LL,esm-piControl,r1i1p1f1,g110,tas,2194,13.487,degrees_C,piControl,emissions,ref,0.299484,13.1875,r1i1p1f1
UKESM1-3-LL,esm-piControl,r1i1p1f1,g110,tas,2195,13.4973,degrees_C,piControl,emissions,ref,0.309799,13.1875,r1i1p1f1
UKESM1-3-LL,esm-piControl,r1i1p1f1,g110,tas,2196,13.454,degrees_C,piControl,emissions,ref,0.266494,13.1875,r1i1p1f1
UKESM1-3-LL,esm-piControl,r1i1p1f1,g110,tas,2197,13.4616,degrees_C,piControl,emissions,ref,0.274093,13.1875,r1i1p1f1
UKESM1-3-LL,esm-piControl,r1i1p1f1,g110,tas,2198,13.4285,degrees_C,piControl,emissions,ref,0.241012,13.1875,r1i1p1f1
UKESM1-3-LL,esm-piControl,r1i1p1f1,g110,tas,2199,13.5078,degrees_C,piControl,emissions,ref,0.320297,13.1875,r1i1p1f1
UKESM1-3-LL,esm-piControl,r1i1p1f1,g110,tas,2200,13.5792,degrees_C,piControl,emissions,ref,0.391708,13.1875,r1i1p1f1
UKESM1-3-LL,esm-piControl,r1i1p1f1,g110,tas,2201,13.488,degrees_C,piControl,emissions,ref,0.300491,13.1875,r1i1p1f1
UKESM1-3-LL,esm-piControl,r1i1p1f1,g110,tas,2202,13.4598,degrees_C,piControl,emissions,ref,0.272293,13.1875,r1i1p1f1
UKESM1-3-LL,esm-piControl,r1i1p1f1,g110,tas,2203,13.387,degrees_C,piControl,emissions,ref,0.199539,13.1875,r1i1p1f1
UKESM1-3-LL,esm-piControl,r1i1p1f1,g110,tas,2204,13.4785,degrees_C,piControl,emissions,ref,0.291031,13.1875,r1i1p1f1
UKESM1-3-LL,esm-piControl,r1i1p1f1,g110,tas,2205,13.5428,degrees_C,piControl,emissions,ref,0.355301,13.1875,r1i1p1f1
UKESM1-3-LL,esm-piControl,r1i1p1f1,g110,tas,2206,13.5892,degrees_C,piControl,emissions,ref,0.401748,13.1875,r1i1p1f1
UKESM1-3-LL,esm-piControl,r1i1p1f1,g110,tas,2207,13.4014,degrees_C,piControl,emissions,ref,0.213913,13.1875,r1i1p1f1
UKESM1-3-LL,esm-piControl,r1i1p1f1,g110,tas,2208,13.2932,degrees_C,piControl,emissions,ref,0.105697,13.1875,r1i1p1f1
UKESM1-3-LL,esm-piControl,r1i1p1f1,g110,tas,2209,13.4651,degrees_C,piControl,emissions,ref,0.277664,13.1875,r1i1p1f1
UKESM1-3-LL,esm-piControl,r1i1p1f1,g110,tas,2210,13.6966,degrees_C,piControl,emissions,ref,0.509109,13.1875,r1i1p1f1
UKESM1-3-LL,esm-piControl,r1i1p1f1,g110,tas,2211,13.6875,degrees_C,piControl,emissions,ref,0.499984,13.1875,r1i1p1f1
UKESM1-3-LL,esm-piControl,r1i1p1f1,g110,tas,2212,13.6032,degrees_C,piControl,emissions,ref,0.415725,13.1875,r1i1p1f1
UKESM1-3-LL,esm-piControl,r1i1p1f1,g110,tas,2213,13.5627,degrees_C,piControl,emissions,ref,0.375198,13.1875,r1i1p1f1
UKESM1-3-LL,esm-piControl,r1i1p1f1,g110,tas,2214,13.6896,degrees_C,piControl,emissions,ref,0.502121,13.1875,r1i1p1f1
UKESM1-3-LL,esm-piControl,r1i1p1f1,g110,tas,2215,13.6428,degrees_C,piControl,emissions,ref,0.455337,13.1875,r1i1p1f1
UKESM1-3-LL,esm-piControl,r1i1p1f1,g110,tas,2216,13.6172,degrees_C,piControl,emissions,ref,0.429672,13.1875,r1i1p1f1
UKESM1-3-LL,esm-piControl,r1i1p1f1,g110,tas,2217,13.5332,degrees_C,piControl,emissions,ref,0.345688,13.1875,r1i1p1f1
UKESM1-3-LL,esm-piControl,r1i1p1f1,g110,tas,2218,13.4971,degrees_C,piControl,emissions,ref,0.309585,13.1875,r1i1p1f1
UKESM1-3-LL,esm-piControl,r1i1p1f1,g110,tas,2219,13.6974,degrees_C,piControl,emissions,ref,0.509903,13.1875,r1i1p1f1
UKESM1-3-LL,esm-piControl,r1i1p1f1,g110,tas,2220,13.7153,degrees_C,piControl,emissions,ref,0.527847,13.1875,r1i1p1f1
UKESM1-3-LL,esm-piControl,r1i1p1f1,g110,tas,2221,13.5941,degrees_C,piControl,emissions,ref,0.406601,13.1875,r1i1p1f1
UKESM1-3-LL,esm-piControl,r1i1p1f1,g110,tas,2222,13.4103,degrees_C,piControl,emissions,ref,0.222854,13.1875,r1i1p1f1
UKESM1-3-LL,esm-piControl,r1i1p1f1,g110,tas,2223,13.5925,degrees_C,piControl,emissions,ref,0.404983,13.1875,r1i1p1f1
UKESM1-3-LL,esm-piControl,r1i1p1f1,g110,tas,2224,13.8222,degrees_C,piControl,emissions,ref,0.63472,13.1875,r1i1p1f1
UKESM1-3-LL,esm-piControl,r1i1p1f1,g110,tas,2225,13.6606,degrees_C,piControl,emissions,ref,0.473159,13.1875,r1i1p1f1
UKESM1-3-LL,esm-piControl,r1i1p1f1,g110,tas,2226,13.4831,degrees_C,piControl,emissions,ref,0.295639,13.1875,r1i1p1f1
UKESM1-3-LL,esm-piControl,r1i1p1f1,g110,tas,2227,13.4214,degrees_C,piControl,emissions,ref,0.233963,13.1875,r1i1p1f1
UKESM1-3-LL,esm-piControl,r1i1p1f1,g110,tas,2228,13.4421,degrees_C,piControl,emissions,ref,0.254623,13.1875,r1i1p1f1
UKESM1-3-LL,esm-piControl,r1i1p1f1,g110,tas,2229,13.5057,degrees_C,piControl,emissions,ref,0.318222,13.1875,r1i1p1f1
UKESM1-3-LL,esm-piControl,r1i1p1f1,g110,tas,2230,13.5953,degrees_C,piControl,emissions,ref,0.407852,13.1875,r1i1p1f1
UKESM1-3-LL,esm-piControl,r1i1p1f1,g110,tas,2231,13.6113,degrees_C,piControl,emissions,ref,0.423813,13.1875,r1i1p1f1
UKESM1-3-LL,esm-piControl,r1i1p1f1,g110,tas,2232,13.6395,degrees_C,piControl,emissions,ref,0.452011,13.1875,r1i1p1f1
UKESM1-3-LL,esm-piControl,r1i1p1f1,g110,tas,2233,13.4142,degrees_C,piControl,emissions,ref,0.2267,13.1875,r1i1p1f1
UKESM1-3-LL,esm-piControl,r1i1p1f1,g110,tas,2234,13.4221,degrees_C,piControl,emissions,ref,0.234604,13.1875,r1i1p1f1
UKESM1-3-LL,esm-piControl,r1i1p1f1,g110,tas,2235,13.2957,degrees_C,piControl,emissions,ref,0.10823,13.1875,r1i1p1f1
UKESM1-3-LL,esm-piControl,r1i1p1f1,g110,tas,2236,13.3707,degrees_C,piControl,emissions,ref,0.183181,13.1875,r1i1p1f1
UKESM1-3-LL,esm-piControl,r1i1p1f1,g110,tas,2237,13.3961,degrees_C,piControl,emissions,ref,0.208633,13.1875,r1i1p1f1
UKESM1-3-LL,esm-piControl,r1i1p1f1,g110,tas,2238,13.5484,degrees_C,piControl,emissions,ref,0.360885,13.1875,r1i1p1f1
UKESM1-3-LL,esm-piControl,r1i1p1f1,g110,tas,2239,13.3516,degrees_C,piControl,emissions,ref,0.164169,13.1875,r1i1p1f1
UKESM1-3-LL,esm-piControl,r1i1p1f1,g110,tas,2240,13.4492,degrees_C,piControl,emissions,ref,0.261734,13.1875,r1i1p1f1
UKESM1-3-LL,esm-piControl,r1i1p1f1,g110,tas,2241,13.5356,degrees_C,piControl,emissions,ref,0.348159,13.1875,r1i1p1f1
UKESM1-3-LL,esm-piControl,r1i1p1f1,g110,tas,2242,13.5745,degrees_C,piControl,emissions,ref,0.386978,13.1875,r1i1p1f1
UKESM1-3-LL,esm-piControl,r1i1p1f1,g110,tas,2243,13.6161,degrees_C,piControl,emissions,ref,0.428665,13.1875,r1i1p1f1
UKESM1-3-LL,esm-piControl,r1i1p1f1,g110,tas,2244,13.5899,degrees_C,piControl,emissions,ref,0.402389,13.1875,r1i1p1f1
UKESM1-3-LL,esm-piControl,r1i1p1f1,g110,tas,2245,13.4888,degrees_C,piControl,emissions,ref,0.301346,13.1875,r1i1p1f1
UKESM1-3-LL,esm-piControl,r1i1p1f1,g110,tas,2246,13.5615,degrees_C,piControl,emissions,ref,0.373977,13.1875,r1i1p1f1
UKESM1-3-LL,esm-piControl,r1i1p1f1,g110,tas,2247,13.4565,degrees_C,piControl,emissions,ref,0.268997,13.1875,r1i1p1f1
UKESM1-3-LL,esm-piControl,r1i1p1f1,g110,tas,2248,13.425,degrees_C,piControl,emissions,ref,0.237503,13.1875,r1i1p1f1
UKESM1-3-LL,esm-piControl,r1i1p1f1,g110,tas,2249,13.4283,degrees_C,piControl,emissions,ref,0.24086,13.1875,r1i1p1f1
UKESM1-3-LL,esm-piControl,r1i1p1f1,g110,tas,2250,13.5223,degrees_C,piControl,emissions,ref,0.334854,13.1875,r1i1p1f1
UKESM1-3-LL,esm-piControl,r1i1p1f1,g110,tas,2251,13.5493,degrees_C,piControl,emissions,ref,0.361862,13.1875,r1i1p1f1
UKESM1-3-LL,esm-piControl,r1i1p1f1,g110,tas,2252,13.514,degrees_C,piControl,emissions,ref,0.326523,13.1875,r1i1p1f1
UKESM1-3-LL,esm-piControl,r1i1p1f1,g110,tas,2253,13.4214,degrees_C,piControl,emissions,ref,0.233932,13.1875,r1i1p1f1
UKESM1-3-LL,esm-piControl,r1i1p1f1,g110,tas,2254,13.4061,degrees_C,piControl,emissions,ref,0.218643,13.1875,r1i1p1f1
UKESM1-3-LL,esm-piControl,r1i1p1f1,g110,tas,2255,13.3442,degrees_C,piControl,emissions,ref,0.156723,13.1875,r1i1p1f1
UKESM1-3-LL,esm-piControl,r1i1p1f1,g110,tas,2256,13.3726,degrees_C,piControl,emissions,ref,0.185104,13.1875,r1i1p1f1
UKESM1-3-LL,esm-piControl,r1i1p1f1,g110,tas,2257,13.43,degrees_C,piControl,emissions,ref,0.242538,13.1875,r1i1p1f1
UKESM1-3-LL,esm-piControl,r1i1p1f1,g110,tas,2258,13.6299,degrees_C,piControl,emissions,ref,0.442428,13.1875,r1i1p1f1
UKESM1-3-LL,esm-piControl,r1i1p1f1,g110,tas,2259,13.4834,degrees_C,piControl,emissions,ref,0.295883,13.1875,r1i1p1f1
UKESM1-3-LL,esm-piControl,r1i1p1f1,g110,tas,2260,13.3307,degrees_C,piControl,emissions,ref,0.143264,13.1875,r1i1p1f1
UKESM1-3-LL,esm-piControl,r1i1p1f1,g110,tas,2261,13.4638,degrees_C,piControl,emissions,ref,0.276291,13.1875,r1i1p1f1
UKESM1-3-LL,esm-piControl,r1i1p1f1,g110,tas,2262,13.5215,degrees_C,piControl,emissions,ref,0.33403,13.1875,r1i1p1f1
UKESM1-3-LL,esm-piControl,r1i1p1f1,g110,tas,2263,13.5434,degrees_C,piControl,emissions,ref,0.355911,13.1875,r1i1p1f1
UKESM1-3-LL,esm-piControl,r1i1p1f1,g110,tas,2264,13.4832,degrees_C,piControl,emissions,ref,0.29573,13.1875,r1i1p1f1
UKESM1-3-LL,esm-piControl,r1i1p1f1,g110,tas,2265,13.36,degrees_C,piControl,emissions,ref,0.1725,13.1875,r1i1p1f1
UKESM1-3-LL,esm-piControl,r1i1p1f1,g110,tas,2266,13.5087,degrees_C,piControl,emissions,ref,0.321212,13.1875,r1i1p1f1
UKESM1-3-LL,esm-piControl,r1i1p1f1,g110,tas,2267,13.4328,degrees_C,piControl,emissions,ref,0.245315,13.1875,r1i1p1f1
UKESM1-3-LL,esm-piControl,r1i1p1f1,g110,tas,2268,13.4281,degrees_C,piControl,emissions,ref,0.240646,13.1875,r1i1p1f1
UKESM1-3-LL,esm-piControl,r1i1p1f1,g110,tas,2269,13.5091,degrees_C,piControl,emissions,ref,0.321579,13.1875,r1i1p1f1
UKESM1-3-LL,esm-piControl,r1i1p1f1,g110,tas,2270,13.5439,degrees_C,piControl,emissions,ref,0.356399,13.1875,r1i1p1f1
UKESM1-3-LL,esm-piControl,r1i1p1f1,g110,tas,2271,13.4627,degrees_C,piControl,emissions,ref,0.275222,13.1875,r1i1p1f1
UKESM1-3-LL,esm-piControl,r1i1p1f1,g110,tas,2272,13.4253,degrees_C,piControl,emissions,ref,0.237808,13.1875,r1i1p1f1
UKESM1-3-LL,esm-piControl,r1i1p1f1,g110,tas,2273,13.6427,degrees_C,piControl,emissions,ref,0.455185,13.1875,r1i1p1f1
UKESM1-3-LL,esm-piControl,r1i1p1f1,g110,tas,2274,13.6175,degrees_C,piControl,emissions,ref,0.430008,13.1875,r1i1p1f1
UKESM1-3-LL,esm-piControl,r1i1p1f1,g110,tas,2275,13.4356,degrees_C,piControl,emissions,ref,0.248123,13.1875,r1i1p1f1
UKESM1-3-LL,esm-piControl,r1i1p1f1,g110,tas,2276,13.4334,degrees_C,piControl,emissions,ref,0.245926,13.1875,r1i1p1f1
UKESM1-3-LL,esm-piControl,r1i1p1f1,g110,tas,2277,13.479,degrees_C,piControl,emissions,ref,0.291549,13.1875,r1i1p1f1
UKESM1-3-LL,esm-piControl,r1i1p1f1,g110,tas,2278,13.4454,degrees_C,piControl,emissions,ref,0.257888,13.1875,r1i1p1f1
UKESM1-3-LL,esm-piControl,r1i1p1f1,g110,tas,2279,13.4613,degrees_C,piControl,emissions,ref,0.273849,13.1875,r1i1p1f1
UKESM1-3-LL,esm-piControl,r1i1p1f1,g110,tas,2280,13.3457,degrees_C,piControl,emissions,ref,0.158218,13.1875,r1i1p1f1
UKESM1-3-LL,esm-piControl,r1i1p1f1,g110,tas,2281,13.4045,degrees_C,piControl,emissions,ref,0.217025,13.1875,r1i1p1f1
UKESM1-3-LL,esm-piControl,r1i1p1f1,g110,tas,2282,13.5541,degrees_C,piControl,emissions,ref,0.366653,13.1875,r1i1p1f1
UKESM1-3-LL,esm-piControl,r1i1p1f1,g110,tas,2283,13.3698,degrees_C,piControl,emissions,ref,0.182296,13.1875,r1i1p1f1
UKESM1-3-LL,esm-piControl,r1i1p1f1,g110,tas,2284,13.2812,degrees_C,piControl,emissions,ref,0.0936734,13.1875,r1i1p1f1
UKESM1-3-LL,esm-piControl,r1i1p1f1,g110,tas,2285,13.0112,degrees_C,piControl,emissions,ref,-0.176255,13.1875,r1i1p1f1
UKESM1-3-LL,esm-piControl,r1i1p1f1,g110,tas,2286,13.2925,degrees_C,piControl,emissions,ref,0.104995,13.1875,r1i1p1f1
UKESM1-3-LL,esm-piControl,r1i1p1f1,g110,tas,2287,13.4318,degrees_C,piControl,emissions,ref,0.244339,13.1875,r1i1p1f1
UKESM1-3-LL,esm-piControl,r1i1p1f1,g110,tas,2288,13.3603,degrees_C,piControl,emissions,ref,0.172805,13.1875,r1i1p1f1
UKESM1-3-LL,esm-piControl,r1i1p1f1,g110,tas,2289,13.3033,degrees_C,piControl,emissions,ref,0.115799,13.1875,r1i1p1f1
UKESM1-3-LL,esm-piControl,r1i1p1f1,g110,tas,2290,13.2843,degrees_C,piControl,emissions,ref,0.0968167,13.1875,r1i1p1f1
UKESM1-3-LL,esm-piControl,r1i1p1f1,g110,tas,2291,13.0862,degrees_C,piControl,emissions,ref,-0.101303,13.1875,r1i1p1f1
UKESM1-3-LL,esm-piControl,r1i1p1f1,g110,tas,2292,13.0834,degrees_C,piControl,emissions,ref,-0.10408,13.1875,r1i1p1f1
UKESM1-3-LL,esm-piControl,r1i1p1f1,g110,tas,2293,13.3058,degrees_C,piControl,emissions,ref,0.118362,13.1875,r1i1p1f1
UKESM1-3-LL,esm-piControl,r1i1p1f1,g110,tas,2294,13.4059,degrees_C,piControl,emissions,ref,0.218429,13.1875,r1i1p1f1
UKESM1-3-LL,esm-piControl,r1i1p1f1,g110,tas,2295,13.3523,degrees_C,piControl,emissions,ref,0.16484,13.1875,r1i1p1f1
UKESM1-3-LL,esm-piControl,r1i1p1f1,g110,tas,2296,13.2194,degrees_C,piControl,emissions,ref,0.0319058,13.1875,r1i1p1f1
UKESM1-3-LL,esm-piControl,r1i1p1f1,g110,tas,2297,13.2837,degrees_C,piControl,emissions,ref,0.0962674,13.1875,r1i1p1f1
UKESM1-3-LL,esm-piControl,r1i1p1f1,g110,tas,2298,13.2512,degrees_C,piControl,emissions,ref,0.0636746,13.1875,r1i1p1f1
UKESM1-3-LL,esm-piControl,r1i1p1f1,g110,tas,2299,13.3426,degrees_C,piControl,emissions,ref,0.155166,13.1875,r1i1p1f1
UKESM1-3-LL,esm-piControl,r1i1p1f1,g110,tas,2300,13.296,degrees_C,piControl,emissions,ref,0.108505,13.1875,r1i1p1f1
UKESM1-3-LL,esm-piControl,r1i1p1f1,g110,tas,2301,13.4044,degrees_C,piControl,emissions,ref,0.216934,13.1875,r1i1p1f1
UKESM1-3-LL,esm-piControl,r1i1p1f1,g110,tas,2302,13.4027,degrees_C,piControl,emissions,ref,0.215225,13.1875,r1i1p1f1
UKESM1-3-LL,esm-piControl,r1i1p1f1,g110,tas,2303,13.4055,degrees_C,piControl,emissions,ref,0.218002,13.1875,r1i1p1f1
UKESM1-3-LL,esm-piControl,r1i1p1f1,g110,tas,2304,13.5531,degrees_C,piControl,emissions,ref,0.365616,13.1875,r1i1p1f1
UKESM1-3-LL,esm-piControl,r1i1p1f1,g110,tas,2305,13.2771,degrees_C,piControl,emissions,ref,0.0896146,13.1875,r1i1p1f1
UKESM1-3-LL,esm-piControl,r1i1p1f1,g110,tas,2306,13.3041,degrees_C,piControl,emissions,ref,0.116653,13.1875,r1i1p1f1
UKESM1-3-LL,esm-piControl,r1i1p1f1,g110,tas,2307,13.407,degrees_C,piControl,emissions,ref,0.219558,13.1875,r1i1p1f1
UKESM1-3-LL,esm-piControl,r1i1p1f1,g110,tas,2308,13.4431,degrees_C,piControl,emissions,ref,0.25563,13.1875,r1i1p1f1
UKESM1-3-LL,esm-piControl,r1i1p1f1,g110,tas,2309,13.4877,degrees_C,piControl,emissions,ref,0.300216,13.1875,r1i1p1f1
UKESM1-3-LL,esm-piControl,r1i1p1f1,g110,tas,2310,13.2054,degrees_C,piControl,emissions,ref,0.0179288,13.1875,r1i1p1f1
UKESM1-3-LL,esm-piControl,r1i1p1f1,g110,tas,2311,13.2799,degrees_C,piControl,emissions,ref,0.0924527,13.1875,r1i1p1f1
UKESM1-3-LL,esm-piControl,r1i1p1f1,g110,tas,2312,13.3496,degrees_C,piControl,emissions,ref,0.162155,13.1875,r1i1p1f1
UKESM1-3-LL,esm-piControl,r1i1p1f1,g110,tas,2313,13.2172,degrees_C,piControl,emissions,ref,0.029678,13.1875,r1i1p1f1
UKESM1-3-LL,esm-piControl,r1i1p1f1,g110,tas,2314,13.3377,degrees_C,piControl,emissions,ref,0.150253,13.1875,r1i1p1f1
UKESM1-3-LL,esm-piControl,r1i1p1f1,g110,tas,2315,13.5038,degrees_C,piControl,emissions,ref,0.31633,13.1875,r1i1p1f1
UKESM1-3-LL,esm-piControl,r1i1p1f1,g110,tas,2316,13.4859,degrees_C,piControl,emissions,ref,0.298416,13.1875,r1i1p1f1
UKESM1-3-LL,esm-piControl,r1i1p1f1,g110,tas,2317,13.4199,degrees_C,piControl,emissions,ref,0.232406,13.1875,r1i1p1f1
UKESM1-3-LL,esm-piControl,r1i1p1f1,g110,tas,2318,13.374,degrees_C,piControl,emissions,ref,0.186477,13.1875,r1i1p1f1
UKESM1-3-LL,esm-piControl,r1i1p1f1,g110,tas,2319,13.2501,degrees_C,piControl,emissions,ref,0.0626675,13.1875,r1i1p1f1
UKESM1-3-LL,esm-piControl,r1i1p1f1,g110,tas,2320,13.0995,degrees_C,piControl,emissions,ref,-0.0879672,13.1875,r1i1p1f1
UKESM1-3-LL,esm-piControl,r1i1p1f1,g110,tas,2321,13.2726,degrees_C,piControl,emissions,ref,0.085098,13.1875,r1i1p1f1
UKESM1-3-LL,esm-piControl,r1i1p1f1,g110,tas,2322,13.3577,degrees_C,piControl,emissions,ref,0.170242,13.1875,r1i1p1f1
UKESM1-3-LL,esm-piControl,r1i1p1f1,g110,tas,2323,13.2798,degrees_C,piControl,emissions,ref,0.0923306,13.1875,r1i1p1f1
UKESM1-3-LL,esm-piControl,r1i1p1f1,g110,tas,2324,13.4195,degrees_C,piControl,emissions,ref,0.23201,13.1875,r1i1p1f1
UKESM1-3-LL,esm-piControl,r1i1p1f1,g110,tas,2325,13.4628,degrees_C,piControl,emissions,ref,0.275314,13.1875,r1i1p1f1
UKESM1-3-LL,esm-piControl,r1i1p1f1,g110,tas,2326,13.3428,degrees_C,piControl,emissions,ref,0.155349,13.1875,r1i1p1f1
UKESM1-3-LL,esm-piControl,r1i1p1f1,g110,tas,2327,13.2743,degrees_C,piControl,emissions,ref,0.086868,13.1875,r1i1p1f1
UKESM1-3-LL,esm-piControl,r1i1p1f1,g110,tas,2328,13.5792,degrees_C,piControl,emissions,ref,0.391708,13.1875,r1i1p1f1
UKESM1-3-LL,esm-piControl,r1i1p1f1,g110,tas,2329,13.5684,degrees_C,piControl,emissions,ref,0.380966,13.1875,r1i1p1f1
UKESM1-3-LL,esm-piControl,r1i1p1f1,g110,tas,2330,13.2579,degrees_C,piControl,emissions,ref,0.0703885,13.1875,r1i1p1f1
UKESM1-3-LL,esm-piControl,r1i1p1f1,g110,tas,2331,13.3972,degrees_C,piControl,emissions,ref,0.209671,13.1875,r1i1p1f1
UKESM1-3-LL,esm-piControl,r1i1p1f1,g110,tas,2332,13.4602,degrees_C,piControl,emissions,ref,0.272751,13.1875,r1i1p1f1
UKESM1-3-LL,esm-piControl,r1i1p1f1,g110,tas,2333,13.5106,degrees_C,piControl,emissions,ref,0.323074,13.1875,r1i1p1f1
UKESM1-3-LL,esm-piControl,r1i1p1f1,g110,tas,2334,13.3672,degrees_C,piControl,emissions,ref,0.179763,13.1875,r1i1p1f1
UKESM1-3-LL,esm-piControl,r1i1p1f1,g110,tas,2335,13.3812,degrees_C,piControl,emissions,ref,0.193741,13.1875,r1i1p1f1
UKESM1-3-LL,esm-piControl,r1i1p1f1,g110,tas,2336,13.4419,degrees_C,piControl,emissions,ref,0.254471,13.1875,r1i1p1f1
UKESM1-3-LL,esm-piControl,r1i1p1f1,g110,tas,2337,13.448,degrees_C,piControl,emissions,ref,0.260513,13.1875,r1i1p1f1
UKESM1-3-LL,esm-piControl,r1i1p1f1,g110,tas,2338,13.4349,degrees_C,piControl,emissions,ref,0.247451,13.1875,r1i1p1f1
UKESM1-3-LL,esm-piControl,r1i1p1f1,g110,tas,2339,13.4822,degrees_C,piControl,emissions,ref,0.294754,13.1875,r1i1p1f1
UKESM1-3-LL,esm-piControl,r1i1p1f1,g110,tas,2340,13.624,degrees_C,piControl,emissions,ref,0.436477,13.1875,r1i1p1f1
UKESM1-3-LL,esm-piControl,r1i1p1f1,g110,tas,2341,13.6236,degrees_C,piControl,emissions,ref,0.436142,13.1875,r1i1p1f1
UKESM1-3-LL,esm-piControl,r1i1p1f1,g110,tas,2342,13.4602,degrees_C,piControl,emissions,ref,0.272751,13.1875,r1i1p1f1
UKESM1-3-LL,esm-piControl,r1i1p1f1,g110,tas,2343,13.5288,degrees_C,piControl,emissions,ref,0.341293,13.1875,r1i1p1f1
UKESM1-3-LL,esm-piControl,r1i1p1f1,g110,tas,2344,13.4753,degrees_C,piControl,emissions,ref,0.287857,13.1875,r1i1p1f1
UKESM1-3-LL,esm-piControl,r1i1p1f1,g110,tas,2345,13.4683,degrees_C,piControl,emissions,ref,0.280838,13.1875,r1i1p1f1
UKESM1-3-LL,esm-piControl,r1i1p1f1,g110,tas,2346,13.6102,degrees_C,piControl,emissions,ref,0.422744,13.1875,r1i1p1f1
UKESM1-3-LL,esm-piControl,r1i1p1f1,g110,tas,2347,13.5577,degrees_C,piControl,emissions,ref,0.370254,13.1875,r1i1p1f1
UKESM1-3-LL,esm-piControl,r1i1p1f1,g110,tas,2348,13.5972,degrees_C,piControl,emissions,ref,0.409744,13.1875,r1i1p1f1
UKESM1-3-LL,esm-piControl,r1i1p1f1,g110,tas,2349,13.4387,degrees_C,piControl,emissions,ref,0.251236,13.1875,r1i1p1f1
UKESM1-3-LL,esm-piControl,r1i1p1f1,g110,tas,2350,13.3648,degrees_C,piControl,emissions,ref,0.177322,13.1875,r1i1p1f1
UKESM1-3-LL,esm-piControl,r1i1p1f1,g110,tas,2351,13.4559,degrees_C,piControl,emissions,ref,0.268448,13.1875,r1i1p1f1
UKESM1-3-LL,esm-piControl,r1i1p1f1,g110,tas,2352,13.5828,degrees_C,piControl,emissions,ref,0.39534,13.1875,r1i1p1f1
UKESM1-3-LL,esm-piControl,r1i1p1f1,g110,tas,2353,13.4163,degrees_C,piControl,emissions,ref,0.228836,13.1875,r1i1p1f1
UKESM1-3-LL,esm-piControl,r1i1p1f1,g110,tas,2354,13.5017,degrees_C,piControl,emissions,ref,0.314254,13.1875,r1i1p1f1
UKESM1-3-LL,esm-piControl,r1i1p1f1,g110,tas,2355,13.3915,degrees_C,piControl,emissions,ref,0.204055,13.1875,r1i1p1f1
UKESM1-3-LL,esm-piControl,r1i1p1f1,g110,tas,2356,13.5517,degrees_C,piControl,emissions,ref,0.364212,13.1875,r1i1p1f1
UKESM1-3-LL,esm-piControl,r1i1p1f1,g110,tas,2357,13.599,degrees_C,piControl,emissions,ref,0.411514,13.1875,r1i1p1f1
UKESM1-3-LL,esm-piControl,r1i1p1f1,g110,tas,2358,13.517,degrees_C,piControl,emissions,ref,0.329544,13.1875,r1i1p1f1
UKESM1-3-LL,esm-piControl,r1i1p1f1,g110,tas,2359,13.4295,degrees_C,piControl,emissions,ref,0.241989,13.1875,r1i1p1f1
UKESM1-3-LL,esm-piControl,r1i1p1f1,g110,tas,2360,13.3877,degrees_C,piControl,emissions,ref,0.200241,13.1875,r1i1p1f1
UKESM1-3-LL,esm-piControl,r1i1p1f1,g110,tas,2361,13.4249,degrees_C,piControl,emissions,ref,0.237381,13.1875,r1i1p1f1
UKESM1-3-LL,esm-piControl,r1i1p1f1,g110,tas,2362,13.597,degrees_C,piControl,emissions,ref,0.4095,13.1875,r1i1p1f1
UKESM1-3-LL,esm-piControl,r1i1p1f1,g110,tas,2363,13.5817,degrees_C,piControl,emissions,ref,0.394241,13.1875,r1i1p1f1
UKESM1-3-LL,esm-piControl,r1i1p1f1,g110,tas,2364,13.4707,degrees_C,piControl,emissions,ref,0.283218,13.1875,r1i1p1f1
UKESM1-3-LL,esm-piControl,r1i1p1f1,g110,tas,2365,13.5329,degrees_C,piControl,emissions,ref,0.345413,13.1875,r1i1p1f1
UKESM1-3-LL,esm-piControl,r1i1p1f1,g110,tas,2366,13.3988,degrees_C,piControl,emissions,ref,0.211349,13.1875,r1i1p1f1
UKESM1-3-LL,esm-piControl,r1i1p1f1,g110,tas,2367,13.3464,degrees_C,piControl,emissions,ref,0.15892,13.1875,r1i1p1f1
UKESM1-3-LL,esm-piControl,r1i1p1f1,g110,tas,2368,13.4006,degrees_C,piControl,emissions,ref,0.213089,13.1875,r1i1p1f1
UKESM1-3-LL,esm-piControl,r1i1p1f1,g110,tas,2369,13.6413,degrees_C,piControl,emissions,ref,0.453811,13.1875,r1i1p1f1
UKESM1-3-LL,esm-piControl,r1i1p1f1,g110,tas,2370,13.7129,degrees_C,piControl,emissions,ref,0.525436,13.1875,r1i1p1f1
UKESM1-3-LL,esm-piControl,r1i1p1f1,g110,tas,2371,13.716,degrees_C,piControl,emissions,ref,0.528488,13.1875,r1i1p1f1
UKESM1-3-LL,esm-piControl,r1i1p1f1,g110,tas,2372,13.6146,degrees_C,piControl,emissions,ref,0.427108,13.1875,r1i1p1f1
UKESM1-3-LL,esm-piControl,r1i1p1f1,g110,tas,2373,13.5301,degrees_C,piControl,emissions,ref,0.342666,13.1875,r1i1p1f1
UKESM1-3-LL,esm-piControl,r1i1p1f1,g110,tas,2374,13.5473,degrees_C,piControl,emissions,ref,0.359848,13.1875,r1i1p1f1
UKESM1-3-LL,esm-piControl,r1i1p1f1,g110,tas,2375,13.4357,degrees_C,piControl,emissions,ref,0.248184,13.1875,r1i1p1f1
UKESM1-3-LL,esm-piControl,r1i1p1f1,g110,tas,2376,13.5915,degrees_C,piControl,emissions,ref,0.404007,13.1875,r1i1p1f1
UKESM1-3-LL,esm-piControl,r1i1p1f1,g110,tas,2377,13.5843,degrees_C,piControl,emissions,ref,0.396805,13.1875,r1i1p1f1
UKESM1-3-LL,esm-piControl,r1i1p1f1,g110,tas,2378,13.5244,degrees_C,piControl,emissions,ref,0.336929,13.1875,r1i1p1f1
UKESM1-3-LL,esm-piControl,r1i1p1f1,g110,tas,2379,13.4523,degrees_C,piControl,emissions,ref,0.264847,13.1875,r1i1p1f1
UKESM1-3-LL,esm-piControl,r1i1p1f1,g110,tas,2380,13.5406,degrees_C,piControl,emissions,ref,0.353103,13.1875,r1i1p1f1
UKESM1-3-LL,esm-piControl,r1i1p1f1,g110,tas,2381,13.6274,degrees_C,piControl,emissions,ref,0.439956,13.1875,r1i1p1f1
UKESM1-3-LL,esm-piControl,r1i1p1f1,g110,tas,2382,13.4798,degrees_C,piControl,emissions,ref,0.292282,13.1875,r1i1p1f1
UKESM1-3-LL,esm-piControl,r1i1p1f1,g110,tas,2383,13.4437,degrees_C,piControl,emissions,ref,0.25618,13.1875,r1i1p1f1
UKESM1-3-LL,esm-piControl,r1i1p1f1,g110,tas,2384,13.5629,degrees_C,piControl,emissions,ref,0.375381,13.1875,r1i1p1f1
UKESM1-3-LL,esm-piControl,r1i1p1f1,g110,tas,2385,13.6154,degrees_C,piControl,emissions,ref,0.427871,13.1875,r1i1p1f1
UKESM1-3-LL,esm-piControl,r1i1p1f1,g110,tas,2386,13.468,degrees_C,piControl,emissions,ref,0.280502,13.1875,r1i1p1f1
UKESM1-3-LL,esm-piControl,r1i1p1f1,g110,tas,2387,13.2522,degrees_C,piControl,emissions,ref,0.0646817,13.1875,r1i1p1f1
UKESM1-3-LL,esm-piControl,r1i1p1f1,g110,tas,2388,13.3039,degrees_C,piControl,emissions,ref,0.116378,13.1875,r1i1p1f1
UKESM1-3-LL,esm-piControl,r1i1p1f1,g110,tas,2389,13.5306,degrees_C,piControl,emissions,ref,0.343094,13.1875,r1i1p1f1
UKESM1-3-LL,esm-piControl,r1i1p1f1,g110,tas,2390,13.5055,degrees_C,piControl,emissions,ref,0.318069,13.1875,r1i1p1f1
UKESM1-3-LL,esm-piControl,r1i1p1f1,g110,tas,2391,13.4294,degrees_C,piControl,emissions,ref,0.241928,13.1875,r1i1p1f1
UKESM1-3-LL,esm-piControl,r1i1p1f1,g110,tas,2392,13.5331,degrees_C,piControl,emissions,ref,0.345657,13.1875,r1i1p1f1
UKESM1-3-LL,esm-piControl,r1i1p1f1,g110,tas,2393,13.4339,degrees_C,piControl,emissions,ref,0.246414,13.1875,r1i1p1f1
UKESM1-3-LL,esm-piControl,r1i1p1f1,g110,tas,2394,13.3431,degrees_C,piControl,emissions,ref,0.155655,13.1875,r1i1p1f1
UKESM1-3-LL,esm-piControl,r1i1p1f1,g110,tas,2395,13.3321,degrees_C,piControl,emissions,ref,0.144607,13.1875,r1i1p1f1
UKESM1-3-LL,esm-piControl,r1i1p1f1,g110,tas,2396,13.4057,degrees_C,piControl,emissions,ref,0.218185,13.1875,r1i1p1f1
UKESM1-3-LL,esm-piControl,r1i1p1f1,g110,tas,2397,13.5026,degrees_C,piControl,emissions,ref,0.315139,13.1875,r1i1p1f1
UKESM1-3-LL,esm-piControl,r1i1p1f1,g110,tas,2398,13.556,degrees_C,piControl,emissions,ref,0.368515,13.1875,r1i1p1f1
UKESM1-3-LL,esm-piControl,r1i1p1f1,g110,tas,2399,13.248,degrees_C,piControl,emissions,ref,0.0605618,13.1875,r1i1p1f1
UKESM1-3-LL,esm-piControl,r1i1p1f1,g110,tas,2400,13.1905,degrees_C,piControl,emissions,ref,0.00297516,13.1875,r1i1p1f1
UKESM1-3-LL,esm-piControl,r1i1p1f1,g110,tas,2401,13.4229,degrees_C,piControl,emissions,ref,0.235428,13.1875,r1i1p1f1
UKESM1-3-LL,esm-piControl,r1i1p1f1,g110,tas,2402,13.3335,degrees_C,piControl,emissions,ref,0.145981,13.1875,r1i1p1f1
UKESM1-3-LL,esm-piControl,r1i1p1f1,g110,tas,2403,13.381,degrees_C,piControl,emissions,ref,0.193496,13.1875,r1i1p1f1
UKESM1-3-LL,esm-piControl,r1i1p1f1,g110,tas,2404,13.3556,degrees_C,piControl,emissions,ref,0.168167,13.1875,r1i1p1f1
UKESM1-3-LL,esm-piControl,r1i1p1f1,g110,tas,2405,13.3009,degrees_C,piControl,emissions,ref,0.113418,13.1875,r1i1p1f1
UKESM1-3-LL,esm-piControl,r1i1p1f1,g110,tas,2406,13.3144,degrees_C,piControl,emissions,ref,0.126907,13.1875,r1i1p1f1
UKESM1-3-LL,esm-piControl,r1i1p1f1,g110,tas,2407,13.2104,degrees_C,piControl,emissions,ref,0.0229337,13.1875,r1i1p1f1
UKESM1-3-LL,esm-piControl,r1i1p1f1,g110,tas,2408,13.2014,degrees_C,piControl,emissions,ref,0.0139615,13.1875,r1i1p1f1
UKESM1-3-LL,esm-piControl,r1i1p1f1,g110,tas,2409,13.0148,degrees_C,piControl,emissions,ref,-0.172715,13.1875,r1i1p1f1
UKESM1-3-LL,esm-piControl,r1i1p1f1,g110,tas,2410,13.0901,degrees_C,piControl,emissions,ref,-0.0974277,13.1875,r1i1p1f1
UKESM1-3-LL,esm-piControl,r1i1p1f1,g110,tas,2411,13.2743,degrees_C,piControl,emissions,ref,0.086868,13.1875,r1i1p1f1
UKESM1-3-LL,esm-piControl,r1i1p1f1,g110,tas,2412,13.16,degrees_C,piControl,emissions,ref,-0.0274509,13.1875,r1i1p1f1
UKESM1-3-LL,esm-piControl,r1i1p1f1,g110,tas,2413,13.0053,degrees_C,piControl,emissions,ref,-0.182175,13.1875,r1i1p1f1
UKESM1-3-LL,esm-piControl,r1i1p1f1,g110,tas,2414,13.1353,degrees_C,piControl,emissions,ref,-0.0521701,13.1875,r1i1p1f1
UKESM1-3-LL,esm-piControl,r1i1p1f1,g110,tas,2415,13.2194,degrees_C,piControl,emissions,ref,0.0319363,13.1875,r1i1p1f1
UKESM1-3-LL,esm-piControl,r1i1p1f1,g110,tas,2416,13.359,degrees_C,piControl,emissions,ref,0.171554,13.1875,r1i1p1f1
UKESM1-3-LL,esm-piControl,r1i1p1f1,g110,tas,2417,13.1808,degrees_C,piControl,emissions,ref,-0.00669891,13.1875,r1i1p1f1
UKESM1-3-LL,esm-piControl,r1i1p1f1,g110,tas,2418,13.2926,degrees_C,piControl,emissions,ref,0.105117,13.1875,r1i1p1f1
UKESM1-3-LL,esm-piControl,r1i1p1f1,g110,tas,2419,13.1735,degrees_C,piControl,emissions,ref,-0.0139316,13.1875,r1i1p1f1
UKESM1-3-LL,esm-piControl,r1i1p1f1,g110,tas,2420,13.0557,degrees_C,piControl,emissions,ref,-0.131729,13.1875,r1i1p1f1
UKESM1-3-LL,esm-piControl,r1i1p1f1,g110,tas,2421,12.9471,degrees_C,piControl,emissions,ref,-0.240341,13.1875,r1i1p1f1
UKESM1-3-LL,esm-piControl,r1i1p1f1,g110,tas,2422,13.0109,degrees_C,piControl,emissions,ref,-0.176621,13.1875,r1i1p1f1
UKESM1-3-LL,esm-piControl,r1i1p1f1,g110,tas,2423,12.9315,degrees_C,piControl,emissions,ref,-0.256028,13.1875,r1i1p1f1
UKESM1-3-LL,esm-piControl,r1i1p1f1,g110,tas,2424,12.9865,degrees_C,piControl,emissions,ref,-0.200974,13.1875,r1i1p1f1
UKESM1-3-LL,esm-piControl,r1i1p1f1,g110,tas,2425,13.1934,degrees_C,piControl,emissions,ref,0.00593537,13.1875,r1i1p1f1
UKESM1-3-LL,esm-piControl,r1i1p1f1,g110,tas,2426,13.2735,degrees_C,piControl,emissions,ref,0.0860135,13.1875,r1i1p1f1
UKESM1-3-LL,esm-piControl,r1i1p1f1,g110,tas,2427,13.2915,degrees_C,piControl,emissions,ref,0.104019,13.1875,r1i1p1f1
UKESM1-3-LL,esm-piControl,r1i1p1f1,g110,tas,2428,13.3436,degrees_C,piControl,emissions,ref,0.156082,13.1875,r1i1p1f1
UKESM1-3-LL,esm-piControl,r1i1p1f1,g110,tas,2429,13.4028,degrees_C,piControl,emissions,ref,0.215347,13.1875,r1i1p1f1
UKESM1-3-LL,esm-piControl,r1i1p1f1,g110,tas,2430,13.3478,degrees_C,piControl,emissions,ref,0.160293,13.1875,r1i1p1f1
UKESM1-3-LL,esm-piControl,r1i1p1f1,g110,tas,2431,13.3368,degrees_C,piControl,emissions,ref,0.149368,13.1875,r1i1p1f1
UKESM1-3-LL,esm-piControl,r1i1p1f1,g110,tas,2432,13.3693,degrees_C,piControl,emissions,ref,0.181778,13.1875,r1i1p1f1
UKESM1-3-LL,esm-piControl,r1i1p1f1,g110,tas,2433,13.2703,degrees_C,piControl,emissions,ref,0.0827786,13.1875,r1i1p1f1
UKESM1-3-LL,esm-piControl,r1i1p1f1,g110,tas,2434,13.4347,degrees_C,piControl,emissions,ref,0.247268,13.1875,r1i1p1f1
UKESM1-3-LL,esm-piControl,r1i1p1f1,g110,tas,2435,13.4888,degrees_C,piControl,emissions,ref,0.301315,13.1875,r1i1p1f1
UKESM1-3-LL,esm-piControl,r1i1p1f1,g110,tas,2436,13.4562,degrees_C,piControl,emissions,ref,0.268753,13.1875,r1i1p1f1
UKESM1-3-LL,esm-piControl,r1i1p1f1,g110,tas,2437,13.4497,degrees_C,piControl,emissions,ref,0.262253,13.1875,r1i1p1f1
UKESM1-3-LL,esm-piControl,r1i1p1f1,g110,tas,2438,13.5158,degrees_C,piControl,emissions,ref,0.328293,13.1875,r1i1p1f1
UKESM1-3-LL,esm-piControl,r1i1p1f1,g110,tas,2439,13.276,degrees_C,piControl,emissions,ref,0.0885159,13.1875,r1i1p1f1
UKESM1-3-LL,esm-piControl,r1i1p1f1,g110,tas,2440,13.2724,degrees_C,piControl,emissions,ref,0.0848843,13.1875,r1i1p1f1
UKESM1-3-LL,esm-piControl,r1i1p1f1,g110,tas,2441,13.1941,degrees_C,piControl,emissions,ref,0.00660676,13.1875,r1i1p1f1
UKESM1-3-LL,esm-piControl,r1i1p1f1,g110,tas,2442,13.3458,degrees_C,piControl,emissions,ref,0.15834,13.1875,r1i1p1f1
UKESM1-3-LL,esm-piControl,r1i1p1f1,g110,tas,2443,13.4317,degrees_C,piControl,emissions,ref,0.244186,13.1875,r1i1p1f1
UKESM1-3-LL,esm-piControl,r1i1p1f1,g110,tas,2444,13.3107,degrees_C,piControl,emissions,ref,0.123245,13.1875,r1i1p1f1
UKESM1-3-LL,esm-piControl,r1i1p1f1,g110,tas,2445,13.3022,degrees_C,piControl,emissions,ref,0.1147,13.1875,r1i1p1f1
UKESM1-3-LL,esm-piControl,r1i1p1f1,g110,tas,2446,13.241,degrees_C,piControl,emissions,ref,0.0534818,13.1875,r1i1p1f1
UKESM1-3-LL,esm-piControl,r1i1p1f1,g110,tas,2447,13.1471,degrees_C,piControl,emissions,ref,-0.0403903,13.1875,r1i1p1f1
UKESM1-3-LL,esm-piControl,r1i1p1f1,g110,tas,2448,13.1786,degrees_C,piControl,emissions,ref,-0.00883514,13.1875,r1i1p1f1
UKESM1-3-LL,esm-piControl,r1i1p1f1,g110,tas,2449,13.2355,degrees_C,piControl,emissions,ref,0.0480191,13.1875,r1i1p1f1
UKESM1-3-LL,esm-piControl,r1i1p1f1,g110,tas,2450,13.2847,degrees_C,piControl,emissions,ref,0.097244,13.1875,r1i1p1f1
UKESM1-3-LL,esm-piControl,r1i1p1f1,g110,tas,2451,13.3458,degrees_C,piControl,emissions,ref,0.158371,13.1875,r1i1p1f1
UKESM1-3-LL,esm-piControl,r1i1p1f1,g110,tas,2452,13.3679,degrees_C,piControl,emissions,ref,0.180374,13.1875,r1i1p1f1
UKESM1-3-LL,esm-piControl,r1i1p1f1,g110,tas,2453,13.5963,degrees_C,piControl,emissions,ref,0.408798,13.1875,r1i1p1f1
UKESM1-3-LL,esm-piControl,r1i1p1f1,g110,tas,2454,13.4712,degrees_C,piControl,emissions,ref,0.283767,13.1875,r1i1p1f1
UKESM1-3-LL,esm-piControl,r1i1p1f1,g110,tas,2455,13.4541,degrees_C,piControl,emissions,ref,0.266647,13.1875,r1i1p1f1
UKESM1-3-LL,esm-piControl,r1i1p1f1,g110,tas,2456,13.4623,degrees_C,piControl,emissions,ref,0.274795,13.1875,r1i1p1f1
UKESM1-3-LL,esm-piControl,r1i1p1f1,g110,tas,2457,13.2109,degrees_C,piControl,emissions,ref,0.0234525,13.1875,r1i1p1f1
UKESM1-3-LL,esm-piControl,r1i1p1f1,g110,tas,2458,13.2823,degrees_C,piControl,emissions,ref,0.0948636,13.1875,r1i1p1f1
UKESM1-3-LL,esm-piControl,r1i1p1f1,g110,tas,2459,13.3522,degrees_C,piControl,emissions,ref,0.164749,13.1875,r1i1p1f1
UKESM1-3-LL,esm-piControl,r1i1p1f1,g110,tas,2460,13.592,degrees_C,piControl,emissions,ref,0.404556,13.1875,r1i1p1f1
UKESM1-3-LL,esm-piControl,r1i1p1f1,g110,tas,2461,13.4605,degrees_C,piControl,emissions,ref,0.273025,13.1875,r1i1p1f1
UKESM1-3-LL,esm-piControl,r1i1p1f1,g110,tas,2462,13.2221,degrees_C,piControl,emissions,ref,0.0346524,13.1875,r1i1p1f1
UKESM1-3-LL,esm-piControl,r1i1p1f1,g110,tas,2463,13.4512,degrees_C,piControl,emissions,ref,0.263717,13.1875,r1i1p1f1
UKESM1-3-LL,esm-piControl,r1i1p1f1,g110,tas,2464,13.5081,degrees_C,piControl,emissions,ref,0.320602,13.1875,r1i1p1f1
UKESM1-3-LL,esm-piControl,r1i1p1f1,g110,tas,2465,13.2905,degrees_C,piControl,emissions,ref,0.102981,13.1875,r1i1p1f1
UKESM1-3-LL,esm-piControl,r1i1p1f1,g110,tas,2466,13.3534,degrees_C,piControl,emissions,ref,0.16597,13.1875,r1i1p1f1
UKESM1-3-LL,esm-piControl,r1i1p1f1,g110,tas,2467,13.5854,degrees_C,piControl,emissions,ref,0.397934,13.1875,r1i1p1f1
UKESM1-3-LL,esm-piControl,r1i1p1f1,g110,tas,2468,13.3911,degrees_C,piControl,emissions,ref,0.203628,13.1875,r1i1p1f1
UKESM1-3-LL,esm-piControl,r1i1p1f1,g110,tas,2469,13.3441,degrees_C,piControl,emissions,ref,0.156631,13.1875,r1i1p1f1
UKESM1-3-LL,esm-piControl,r1i1p1f1,g110,tas,2470,13.2565,degrees_C,piControl,emissions,ref,0.0690457,13.1875,r1i1p1f1
UKESM1-3-LL,esm-piControl,r1i1p1f1,g110,tas,2471,13.1713,degrees_C,piControl,emissions,ref,-0.0162204,13.1875,r1i1p1f1
UKESM1-3-LL,esm-piControl,r1i1p1f1,g110,tas,2472,13.3228,degrees_C,piControl,emissions,ref,0.13536,13.1875,r1i1p1f1
UKESM1-3-LL,esm-piControl,r1i1p1f1,g110,tas,2473,13.3998,degrees_C,piControl,emissions,ref,0.212326,13.1875,r1i1p1f1
UKESM1-3-LL,esm-piControl,r1i1p1f1,g110,tas,2474,13.3729,degrees_C,piControl,emissions,ref,0.18547,13.1875,r1i1p1f1
UKESM1-3-LL,esm-piControl,r1i1p1f1,g110,tas,2475,13.4081,degrees_C,piControl,emissions,ref,0.220657,13.1875,r1i1p1f1
UKESM1-3-LL,esm-piControl,r1i1p1f1,g110,tas,2476,13.4594,degrees_C,piControl,emissions,ref,0.271927,13.1875,r1i1p1f1
UKESM1-3-LL,esm-piControl,r1i1p1f1,g110,tas,2477,13.4174,degrees_C,piControl,emissions,ref,0.229873,13.1875,r1i1p1f1
UKESM1-3-LL,esm-piControl,r1i1p1f1,g110,tas,2478,13.3348,degrees_C,piControl,emissions,ref,0.147323,13.1875,r1i1p1f1
UKESM1-3-LL,esm-piControl,r1i1p1f1,g110,tas,2479,13.4371,degrees_C,piControl,emissions,ref,0.249588,13.1875,r1i1p1f1
UKESM1-3-LL,esm-piControl,r1i1p1f1,g110,tas,2480,13.4493,degrees_C,piControl,emissions,ref,0.261825,13.1875,r1i1p1f1
UKESM1-3-LL,esm-piControl,r1i1p1f1,g110,tas,2481,13.4442,degrees_C,piControl,emissions,ref,0.256729,13.1875,r1i1p1f1
UKESM1-3-LL,esm-piControl,r1i1p1f1,g110,tas,2482,13.4616,degrees_C,piControl,emissions,ref,0.274093,13.1875,r1i1p1f1
UKESM1-3-LL,esm-piControl,r1i1p1f1,g110,tas,2483,13.4462,degrees_C,piControl,emissions,ref,0.258743,13.1875,r1i1p1f1
UKESM1-3-LL,esm-piControl,r1i1p1f1,g110,tas,2484,13.3371,degrees_C,piControl,emissions,ref,0.149643,13.1875,r1i1p1f1
UKESM1-3-LL,esm-piControl,r1i1p1f1,g110,tas,2485,13.3704,degrees_C,piControl,emissions,ref,0.182937,13.1875,r1i1p1f1
UKESM1-3-LL,esm-piControl,r1i1p1f1,g110,tas,2486,13.3663,degrees_C,piControl,emissions,ref,0.178848,13.1875,r1i1p1f1
UKESM1-3-LL,esm-piControl,r1i1p1f1,g110,tas,2487,13.2645,degrees_C,piControl,emissions,ref,0.0770413,13.1875,r1i1p1f1
UKESM1-3-LL,esm-piControl,r1i1p1f1,g110,tas,2488,13.3249,degrees_C,piControl,emissions,ref,0.137405,13.1875,r1i1p1f1
UKESM1-3-LL,esm-piControl,r1i1p1f1,g110,tas,2489,13.3632,degrees_C,piControl,emissions,ref,0.175705,13.1875,r1i1p1f1
UKESM1-3-LL,esm-scen7-h,r1i1p1f1,g110,tas,2022,14.8165,degrees_C,h,emissions,ref,1.62898,13.1875,r1i1p1f1
UKESM1-3-LL,esm-scen7-h,r1i1p1f1,g110,tas,2023,14.7347,degrees_C,h,emissions,ref,1.5472,13.1875,r1i1p1f1
UKESM1-3-LL,esm-scen7-h,r1i1p1f1,g110,tas,2024,14.8771,degrees_C,h,emissions,ref,1.68962,13.1875,r1i1p1f1
UKESM1-3-LL,esm-scen7-h,r1i1p1f1,g110,tas,2025,14.9804,degrees_C,h,emissions,ref,1.79295,13.1875,r1i1p1f1
UKESM1-3-LL,esm-scen7-h,r1i1p1f1,g110,tas,2026,14.8423,degrees_C,h,emissions,ref,1.6548,13.1875,r1i1p1f1
UKESM1-3-LL,esm-scen7-h,r1i1p1f1,g110,tas,2027,14.9086,degrees_C,h,emissions,ref,1.72108,13.1875,r1i1p1f1
UKESM1-3-LL,esm-scen7-h,r1i1p1f1,g110,tas,2028,14.8432,degrees_C,h,emissions,ref,1.65572,13.1875,r1i1p1f1
UKESM1-3-LL,esm-scen7-h,r1i1p1f1,g110,tas,2029,14.883,degrees_C,h,emissions,ref,1.69548,13.1875,r1i1p1f1
UKESM1-3-LL,esm-scen7-h,r1i1p1f1,g110,tas,2030,15.031,degrees_C,h,emissions,ref,1.84352,13.1875,r1i1p1f1
UKESM1-3-LL,esm-scen7-h,r1i1p1f1,g110,tas,2031,15.0657,degrees_C,h,emissions,ref,1.87819,13.1875,r1i1p1f1
UKESM1-3-LL,esm-scen7-h,r1i1p1f1,g110,tas,2032,15.1822,degrees_C,h,emissions,ref,1.99477,13.1875,r1i1p1f1
UKESM1-3-LL,esm-scen7-h,r1i1p1f1,g110,tas,2033,15.3081,degrees_C,h,emissions,ref,2.12065,13.1875,r1i1p1f1
UKESM1-3-LL,esm-scen7-h,r1i1p1f1,g110,tas,2034,15.4212,degrees_C,h,emissions,ref,2.23375,13.1875,r1i1p1f1
UKESM1-3-LL,esm-scen7-h,r1i1p1f1,g110,tas,2035,15.4005,degrees_C,h,emissions,ref,2.213,13.1875,r1i1p1f1
UKESM1-3-LL,esm-scen7-h,r1i1p1f1,g110,tas,2036,15.4102,degrees_C,h,emissions,ref,2.22273,13.1875,r1i1p1f1
UKESM1-3-LL,esm-scen7-h,r1i1p1f1,g110,tas,2037,15.4935,degrees_C,h,emissions,ref,2.30598,13.1875,r1i1p1f1
UKESM1-3-LL,esm-scen7-h,r1i1p1f1,g110,tas,2038,15.6024,degrees_C,h,emissions,ref,2.41496,13.1875,r1i1p1f1
UKESM1-3-LL,esm-scen7-h,r1i1p1f1,g110,tas,2039,15.4888,degrees_C,h,emissions,ref,2.30132,13.1875,r1i1p1f1
UKESM1-3-LL,esm-scen7-h,r1i1p1f1,g110,tas,2040,15.6323,degrees_C,h,emissions,ref,2.44487,13.1875,r1i1p1f1
UKESM1-3-LL,esm-scen7-h,r1i1p1f1,g110,tas,2041,15.7446,degrees_C,h,emissions,ref,2.55711,13.1875,r1i1p1f1
UKESM1-3-LL,esm-scen7-h,r1i1p1f1,g110,tas,2042,15.6243,degrees_C,h,emissions,ref,2.43678,13.1875,r1i1p1f1
UKESM1-3-LL,esm-scen7-h,r1i1p1f1,g110,tas,2043,15.7039,degrees_C,h,emissions,ref,2.51637,13.1875,r1i1p1f1
UKESM1-3-LL,esm-scen7-h,r1i1p1f1,g110,tas,2044,15.5617,degrees_C,h,emissions,ref,2.37425,13.1875,r1i1p1f1
UKESM1-3-LL,esm-scen7-h,r1i1p1f1,g110,tas,2045,15.6028,degrees_C,h,emissions,ref,2.41536,13.1875,r1i1p1f1
UKESM1-3-LL,esm-scen7-h,r1i1p1f1,g110,tas,2046,15.7302,degrees_C,h,emissions,ref,2.54274,13.1875,r1i1p1f1
UKESM1-3-LL,esm-scen7-h,r1i1p1f1,g110,tas,2047,15.6562,degrees_C,h,emissions,ref,2.46876,13.1875,r1i1p1f1
UKESM1-3-LL,esm-scen7-h,r1i1p1f1,g110,tas,2048,15.7999,degrees_C,h,emissions,ref,2.61241,13.1875,r1i1p1f1
UKESM1-3-LL,esm-scen7-h,r1i1p1f1,g110,tas,2049,15.9651,degrees_C,h,emissions,ref,2.77766,13.1875,r1i1p1f1
UKESM1-3-LL,esm-scen7-h,r1i1p1f1,g110,tas,2050,15.9761,degrees_C,h,emissions,ref,2.78859,13.1875,r1i1p1f1
UKESM1-3-LL,esm-scen7-h,r1i1p1f1,g110,tas,2051,16.011,degrees_C,h,emissions,ref,2.82356,13.1875,r1i1p1f1
UKESM1-3-LL,esm-scen7-h,r1i1p1f1,g110,tas,2052,15.8644,degrees_C,h,emissions,ref,2.67693,13.1875,r1i1p1f1
UKESM1-3-LL,esm-scen7-h,r1i1p1f1,g110,tas,2053,16.0283,degrees_C,h,emissions,ref,2.84084,13.1875,r1i1p1f1
UKESM1-3-LL,esm-scen7-h,r1i1p1f1,g110,tas,2054,16.0043,degrees_C,h,emissions,ref,2.81682,13.1875,r1i1p1f1
UKESM1-3-LL,esm-scen7-h,r1i1p1f1,g110,tas,2055,16.0316,degrees_C,h,emissions,ref,2.8441,13.1875,r1i1p1f1
UKESM1-3-LL,esm-scen7-h,r1i1p1f1,g110,tas,2056,16.1177,degrees_C,h,emissions,ref,2.93022,13.1875,r1i1p1f1
UKESM1-3-LL,esm-scen7-h,r1i1p1f1,g110,tas,2057,16.1509,degrees_C,h,emissions,ref,2.96345,13.1875,r1i1p1f1
UKESM1-3-LL,esm-scen7-h,r1i1p1f1,g110,tas,2058,16.1349,degrees_C,h,emissions,ref,2.9474,13.1875,r1i1p1f1
UKESM1-3-LL,esm-scen7-h,r1i1p1f1,g110,tas,2059,16.2685,degrees_C,h,emissions,ref,3.08107,13.1875,r1i1p1f1
UKESM1-3-LL,esm-scen7-h,r1i1p1f1,g110,tas,2060,16.3514,degrees_C,h,emissions,ref,3.16396,13.1875,r1i1p1f1
UKESM1-3-LL,esm-scen7-h,r1i1p1f1,g110,tas,2061,16.4112,degrees_C,h,emissions,ref,3.22374,13.1875,r1i1p1f1
UKESM1-3-LL,esm-scen7-h,r1i1p1f1,g110,tas,2062,16.2883,degrees_C,h,emissions,ref,3.10078,13.1875,r1i1p1f1
UKESM1-3-LL,esm-scen7-h,r1i1p1f1,g110,tas,2063,16.3921,degrees_C,h,emissions,ref,3.20457,13.1875,r1i1p1f1
UKESM1-3-LL,esm-scen7-h,r1i1p1f1,g110,tas,2064,16.5877,degrees_C,h,emissions,ref,3.40022,13.1875,r1i1p1f1
UKESM1-3-LL,esm-scen7-h,r1i1p1f1,g110,tas,2065,16.4961,degrees_C,h,emissions,ref,3.30861,13.1875,r1i1p1f1
UKESM1-3-LL,esm-scen7-h,r1i1p1f1,g110,tas,2066,16.6148,degrees_C,h,emissions,ref,3.42732,13.1875,r1i1p1f1
UKESM1-3-LL,esm-scen7-h,r1i1p1f1,g110,tas,2067,16.6179,degrees_C,h,emissions,ref,3.43037,13.1875,r1i1p1f1
UKESM1-3-LL,esm-scen7-h,r1i1p1f1,g110,tas,2068,16.6365,degrees_C,h,emissions,ref,3.44905,13.1875,r1i1p1f1
UKESM1-3-LL,esm-scen7-h,r1i1p1f1,g110,tas,2069,16.6704,degrees_C,h,emissions,ref,3.48289,13.1875,r1i1p1f1
UKESM1-3-LL,esm-scen7-h,r1i1p1f1,g110,tas,2070,16.5692,degrees_C,h,emissions,ref,3.38176,13.1875,r1i1p1f1
UKESM1-3-LL,esm-scen7-h,r1i1p1f1,g110,tas,2071,16.7593,degrees_C,h,emissions,ref,3.57185,13.1875,r1i1p1f1
UKESM1-3-LL,esm-scen7-h,r1i1p1f1,g110,tas,2072,16.7501,degrees_C,h,emissions,ref,3.56261,13.1875,r1i1p1f1
UKESM1-3-LL,esm-scen7-h,r1i1p1f1,g110,tas,2073,16.8993,degrees_C,h,emissions,ref,3.71178,13.1875,r1i1p1f1
UKESM1-3-LL,esm-scen7-h,r1i1p1f1,g110,tas,2074,16.9814,degrees_C,h,emissions,ref,3.79396,13.1875,r1i1p1f1
UKESM1-3-LL,esm-scen7-h,r1i1p1f1,g110,tas,2075,16.9316,degrees_C,h,emissions,ref,3.74416,13.1875,r1i1p1f1
UKESM1-3-LL,esm-scen7-h,r1i1p1f1,g110,tas,2076,16.8541,degrees_C,h,emissions,ref,3.66661,13.1875,r1i1p1f1
UKESM1-3-LL,esm-scen7-h,r1i1p1f1,g110,tas,2077,16.9757,degrees_C,h,emissions,ref,3.78819,13.1875,r1i1p1f1
UKESM1-3-LL,esm-scen7-h,r1i1p1f1,g110,tas,2078,17.209,degrees_C,h,emissions,ref,4.0215,13.1875,r1i1p1f1
UKESM1-3-LL,esm-scen7-h,r1i1p1f1,g110,tas,2079,17.1096,degrees_C,h,emissions,ref,3.92213,13.1875,r1i1p1f1
UKESM1-3-LL,esm-scen7-h,r1i1p1f1,g110,tas,2080,17.115,degrees_C,h,emissions,ref,3.92747,13.1875,r1i1p1f1
UKESM1-3-LL,esm-scen7-h,r1i1p1f1,g110,tas,2081,17.2876,degrees_C,h,emissions,ref,4.10011,13.1875,r1i1p1f1
UKESM1-3-LL,esm-scen7-h,r1i1p1f1,g110,tas,2082,17.3452,degrees_C,h,emissions,ref,4.15773,13.1875,r1i1p1f1
UKESM1-3-LL,esm-scen7-h,r1i1p1f1,g110,tas,2083,17.5531,degrees_C,h,emissions,ref,4.36562,13.1875,r1i1p1f1
UKESM1-3-LL,esm-scen7-h,r1i1p1f1,g110,tas,2084,17.345,degrees_C,h,emissions,ref,4.15755,13.1875,r1i1p1f1
UKESM1-3-LL,esm-scen7-h,r1i1p1f1,g110,tas,2085,17.3008,degrees_C,h,emissions,ref,4.11333,13.1875,r1i1p1f1
UKESM1-3-LL,esm-scen7-h,r1i1p1f1,g110,tas,2086,17.4694,degrees_C,h,emissions,ref,4.28188,13.1875,r1i1p1f1
UKESM1-3-LL,esm-scen7-h,r1i1p1f1,g110,tas,2087,17.5893,degrees_C,h,emissions,ref,4.40184,13.1875,r1i1p1f1
UKESM1-3-LL,esm-scen7-h,r1i1p1f1,g110,tas,2088,17.4975,degrees_C,h,emissions,ref,4.30998,13.1875,r1i1p1f1
UKESM1-3-LL,esm-scen7-h,r1i1p1f1,g110,tas,2089,17.6964,degrees_C,h,emissions,ref,4.50896,13.1875,r1i1p1f1
UKESM1-3-LL,esm-scen7-h,r1i1p1f1,g110,tas,2090,17.7452,degrees_C,h,emissions,ref,4.55775,13.1875,r1i1p1f1
UKESM1-3-LL,esm-scen7-h,r1i1p1f1,g110,tas,2091,17.5502,degrees_C,h,emissions,ref,4.36275,13.1875,r1i1p1f1
UKESM1-3-LL,esm-scen7-h,r1i1p1f1,g110,tas,2092,17.585,degrees_C,h,emissions,ref,4.39748,13.1875,r1i1p1f1
UKESM1-3-LL,esm-scen7-h,r1i1p1f1,g110,tas,2093,17.7834,degrees_C,h,emissions,ref,4.59593,13.1875,r1i1p1f1
UKESM1-3-LL,esm-scen7-h,r1i1p1f1,g110,tas,2094,18.0114,degrees_C,h,emissions,ref,4.82396,13.1875,r1i1p1f1
UKESM1-3-LL,esm-scen7-h,r1i1p1f1,g110,tas,2095,17.777,degrees_C,h,emissions,ref,4.58952,13.1875,r1i1p1f1
UKESM1-3-LL,esm-scen7-h,r1i1p1f1,g110,tas,2096,17.8893,degrees_C,h,emissions,ref,4.7018,13.1875,r1i1p1f1
UKESM1-3-LL,esm-scen7-h,r1i1p1f1,g110,tas,2097,17.9118,degrees_C,h,emissions,ref,4.72432,13.1875,r1i1p1f1
UKESM1-3-LL,esm-scen7-h,r1i1p1f1,g110,tas,2098,17.935,degrees_C,h,emissions,ref,4.74751,13.1875,r1i1p1f1
UKESM1-3-LL,esm-scen7-h,r1i1p1f1,g110,tas,2099,18.0175,degrees_C,h,emissions,ref,4.82997,13.1875,r1i1p1f1
UKESM1-3-LL,esm-scen7-h,r1i1p1f1,g110,tas,2100,18.1054,degrees_C,h,emissions,ref,4.91792,13.1875,r1i1p1f1
UKESM1-3-LL,esm-scen7-h,r5i1p1f1,g110,tas,2022,14.7367,degrees_C,h,emissions,ref,1.50122,13.2355,r5i1p1f1
UKESM1-3-LL,esm-scen7-h,r5i1p1f1,g110,tas,2023,14.8766,degrees_C,h,emissions,ref,1.64111,13.2355,r5i1p1f1
UKESM1-3-LL,esm-scen7-h,r5i1p1f1,g110,tas,2024,14.9528,degrees_C,h,emissions,ref,1.71734,13.2355,r5i1p1f1
UKESM1-3-LL,esm-scen7-h,r5i1p1f1,g110,tas,2025,15.079,degrees_C,h,emissions,ref,1.84356,13.2355,r5i1p1f1
UKESM1-3-LL,esm-scen7-h,r5i1p1f1,g110,tas,2026,14.9646,degrees_C,h,emissions,ref,1.72912,13.2355,r5i1p1f1
UKESM1-3-LL,esm-scen7-h,r5i1p1f1,g110,tas,2027,14.9531,degrees_C,h,emissions,ref,1.71759,13.2355,r5i1p1f1
UKESM1-3-LL,esm-scen7-h,r5i1p1f1,g110,tas,2028,14.8662,degrees_C,h,emissions,ref,1.63076,13.2355,r5i1p1f1
UKESM1-3-LL,esm-scen7-h,r5i1p1f1,g110,tas,2029,15.1083,degrees_C,h,emissions,ref,1.8728,13.2355,r5i1p1f1
UKESM1-3-LL,esm-scen7-h,r5i1p1f1,g110,tas,2030,15.1996,degrees_C,h,emissions,ref,1.96417,13.2355,r5i1p1f1
UKESM1-3-LL,esm-scen7-h,r5i1p1f1,g110,tas,2031,15.3245,degrees_C,h,emissions,ref,2.08905,13.2355,r5i1p1f1
UKESM1-3-LL,esm-scen7-h,r5i1p1f1,g110,tas,2032,15.3315,degrees_C,h,emissions,ref,2.09607,13.2355,r5i1p1f1
UKESM1-3-LL,esm-scen7-h,r5i1p1f1,g110,tas,2033,15.4572,degrees_C,h,emissions,ref,2.22171,13.2355,r5i1p1f1
UKESM1-3-LL,esm-scen7-h,r5i1p1f1,g110,tas,2034,15.3871,degrees_C,h,emissions,ref,2.15164,13.2355,r5i1p1f1
UKESM1-3-LL,esm-scen7-h,r5i1p1f1,g110,tas,2035,15.4194,degrees_C,h,emissions,ref,2.18389,13.2355,r5i1p1f1
UKESM1-3-LL,esm-scen7-h,r5i1p1f1,g110,tas,2036,15.3912,degrees_C,h,emissions,ref,2.15576,13.2355,r5i1p1f1
UKESM1-3-LL,esm-scen7-h,r5i1p1f1,g110,tas,2037,15.5076,degrees_C,h,emissions,ref,2.27209,13.2355,r5i1p1f1
UKESM1-3-LL,esm-scen7-h,r5i1p1f1,g110,tas,2038,15.6063,degrees_C,h,emissions,ref,2.37081,13.2355,r5i1p1f1
UKESM1-3-LL,esm-scen7-h,r5i1p1f1,g110,tas,2039,15.4802,degrees_C,h,emissions,ref,2.24472,13.2355,r5i1p1f1
UKESM1-3-LL,esm-scen7-h,r5i1p1f1,g110,tas,2040,15.6313,degrees_C,h,emissions,ref,2.39587,13.2355,r5i1p1f1
UKESM1-3-LL,esm-scen7-h,r5i1p1f1,g110,tas,2041,15.7892,degrees_C,h,emissions,ref,2.55371,13.2355,r5i1p1f1
UKESM1-3-LL,esm-scen7-h,r5i1p1f1,g110,tas,2042,15.8261,degrees_C,h,emissions,ref,2.5906,13.2355,r5i1p1f1
UKESM1-3-LL,esm-scen7-h,r5i1p1f1,g110,tas,2043,15.6711,degrees_C,h,emissions,ref,2.43566,13.2355,r5i1p1f1
UKESM1-3-LL,esm-scen7-h,r5i1p1f1,g110,tas,2044,15.7883,degrees_C,h,emissions,ref,2.55285,13.2355,r5i1p1f1
UKESM1-3-LL,esm-scen7-h,r5i1p1f1,g110,tas,2045,15.8287,degrees_C,h,emissions,ref,2.5932,13.2355,r5i1p1f1
UKESM1-3-LL,esm-scen7-h,r5i1p1f1,g110,tas,2046,15.8916,degrees_C,h,emissions,ref,2.65609,13.2355,r5i1p1f1
UKESM1-3-LL,esm-scen7-h,r5i1p1f1,g110,tas,2047,15.8455,degrees_C,h,emissions,ref,2.61004,13.2355,r5i1p1f1
UKESM1-3-LL,esm-scen7-h,r5i1p1f1,g110,tas,2048,15.8505,degrees_C,h,emissions,ref,2.61499,13.2355,r5i1p1f1
UKESM1-3-LL,esm-scen7-h,r5i1p1f1,g110,tas,2049,15.8211,degrees_C,h,emissions,ref,2.58566,13.2355,r5i1p1f1
UKESM1-3-LL,esm-scen7-h,r5i1p1f1,g110,tas,2050,15.9382,degrees_C,h,emissions,ref,2.70275,13.2355,r5i1p1f1
UKESM1-3-LL,esm-scen7-h,r5i1p1f1,g110,tas,2051,15.9188,degrees_C,h,emissions,ref,2.68331,13.2355,r5i1p1f1
UKESM1-3-LL,esm-scen7-h,r5i1p1f1,g110,tas,2052,16.0372,degrees_C,h,emissions,ref,2.80169,13.2355,r5i1p1f1
UKESM1-3-LL,esm-scen7-h,r5i1p1f1,g110,tas,2053,16.274,degrees_C,h,emissions,ref,3.03848,13.2355,r5i1p1f1
UKESM1-3-LL,esm-scen7-h,r5i1p1f1,g110,tas,2054,16.3274,degrees_C,h,emissions,ref,3.09191,13.2355,r5i1p1f1
UKESM1-3-LL,esm-scen7-h,r5i1p1f1,g110,tas,2055,16.187,degrees_C,h,emissions,ref,2.95153,13.2355,r5i1p1f1
UKESM1-3-LL,esm-scen7-h,r5i1p1f1,g110,tas,2056,16.1902,degrees_C,h,emissions,ref,2.95471,13.2355,r5i1p1f1
UKESM1-3-LL,esm-scen7-h,r5i1p1f1,g110,tas,2057,16.1881,degrees_C,h,emissions,ref,2.95266,13.2355,r5i1p1f1
UKESM1-3-LL,esm-scen7-h,r5i1p1f1,g110,tas,2058,16.2591,degrees_C,h,emissions,ref,3.02365,13.2355,r5i1p1f1
UKESM1-3-LL,esm-scen7-h,r5i1p1f1,g110,tas,2059,16.3449,degrees_C,h,emissions,ref,3.1094,13.2355,r5i1p1f1
UKESM1-3-LL,esm-scen7-h,r5i1p1f1,g110,tas,2060,16.5786,degrees_C,h,emissions,ref,3.34314,13.2355,r5i1p1f1
UKESM1-3-LL,esm-scen7-h,r5i1p1f1,g110,tas,2061,16.6954,degrees_C,h,emissions,ref,3.45996,13.2355,r5i1p1f1
UKESM1-3-LL,esm-scen7-h,r5i1p1f1,g110,tas,2062,16.6009,degrees_C,h,emissions,ref,3.36547,13.2355,r5i1p1f1
UKESM1-3-LL,esm-scen7-h,r5i1p1f1,g110,tas,2063,16.663,degrees_C,h,emissions,ref,3.42758,13.2355,r5i1p1f1
UKESM1-3-LL,esm-scen7-h,r5i1p1f1,g110,tas,2064,16.7866,degrees_C,h,emissions,ref,3.55111,13.2355,r5i1p1f1
UKESM1-3-LL,esm-scen7-h,r5i1p1f1,g110,tas,2065,16.7235,degrees_C,h,emissions,ref,3.488,13.2355,r5i1p1f1
UKESM1-3-LL,esm-scen7-h,r5i1p1f1,g110,tas,2066,16.8713,degrees_C,h,emissions,ref,3.63583,13.2355,r5i1p1f1
UKESM1-3-LL,esm-scen7-h,r5i1p1f1,g110,tas,2067,16.862,degrees_C,h,emissions,ref,3.62649,13.2355,r5i1p1f1
UKESM1-3-LL,esm-scen7-h,r5i1p1f1,g110,tas,2068,16.7608,degrees_C,h,emissions,ref,3.52533,13.2355,r5i1p1f1
UKESM1-3-LL,esm-scen7-h,r5i1p1f1,g110,tas,2069,16.7768,degrees_C,h,emissions,ref,3.54135,13.2355,r5i1p1f1
UKESM1-3-LL,esm-scen7-h,r5i1p1f1,g110,tas,2070,16.8199,degrees_C,h,emissions,ref,3.58441,13.2355,r5i1p1f1
UKESM1-3-LL,esm-scen7-h,r5i1p1f1,g110,tas,2071,16.972,degrees_C,h,emissions,ref,3.73651,13.2355,r5i1p1f1
UKESM1-3-LL,esm-scen7-h,r5i1p1f1,g110,tas,2072,16.8849,degrees_C,h,emissions,ref,3.64947,13.2355,r5i1p1f1
UKESM1-3-LL,esm-scen7-h,r5i1p1f1,g110,tas,2073,16.9684,degrees_C,h,emissions,ref,3.73291,13.2355,r5i1p1f1
UKESM1-3-LL,esm-scen7-h,r5i1p1f1,g110,tas,2074,16.8797,degrees_C,h,emissions,ref,3.64422,13.2355,r5i1p1f1
UKESM1-3-LL,esm-scen7-h,r5i1p1f1,g110,tas,2075,17.0301,degrees_C,h,emissions,ref,3.79461,13.2355,r5i1p1f1
UKESM1-3-LL,esm-scen7-h,r5i1p1f1,g110,tas,2076,17.201,degrees_C,h,emissions,ref,3.96548,13.2355,r5i1p1f1
UKESM1-3-LL,esm-scen7-h,r5i1p1f1,g110,tas,2077,17.0519,degrees_C,h,emissions,ref,3.8164,13.2355,r5i1p1f1
UKESM1-3-LL,esm-scen7-h,r5i1p1f1,g110,tas,2078,17.1124,degrees_C,h,emissions,ref,3.87695,13.2355,r5i1p1f1
UKESM1-3-LL,esm-scen7-h,r5i1p1f1,g110,tas,2079,17.297,degrees_C,h,emissions,ref,4.06152,13.2355,r5i1p1f1
UKESM1-3-LL,esm-scen7-h,r5i1p1f1,g110,tas,2080,17.2956,degrees_C,h,emissions,ref,4.06008,13.2355,r5i1p1f1
UKESM1-3-LL,esm-scen7-h,r5i1p1f1,g110,tas,2081,17.386,degrees_C,h,emissions,ref,4.15057,13.2355,r5i1p1f1
UKESM1-3-LL,esm-scen7-h,r5i1p1f1,g110,tas,2082,17.3845,degrees_C,h,emissions,ref,4.14898,13.2355,r5i1p1f1
UKESM1-3-LL,esm-scen7-h,r5i1p1f1,g110,tas,2083,17.455,degrees_C,h,emissions,ref,4.21948,13.2355,r5i1p1f1
UKESM1-3-LL,esm-scen7-h,r5i1p1f1,g110,tas,2084,17.5386,degrees_C,h,emissions,ref,4.3031,13.2355,r5i1p1f1
UKESM1-3-LL,esm-scen7-h,r5i1p1f1,g110,tas,2085,17.5623,degrees_C,h,emissions,ref,4.32681,13.2355,r5i1p1f1
UKESM1-3-LL,esm-scen7-h,r5i1p1f1,g110,tas,2086,17.6416,degrees_C,h,emissions,ref,4.40609,13.2355,r5i1p1f1
UKESM1-3-LL,esm-scen7-h,r5i1p1f1,g110,tas,2087,17.6332,degrees_C,h,emissions,ref,4.3977,13.2355,r5i1p1f1
UKESM1-3-LL,esm-scen7-h,r5i1p1f1,g110,tas,2088,17.5707,degrees_C,h,emissions,ref,4.33526,13.2355,r5i1p1f1
UKESM1-3-LL,esm-scen7-h,r5i1p1f1,g110,tas,2089,17.8954,degrees_C,h,emissions,ref,4.65994,13.2355,r5i1p1f1
UKESM1-3-LL,esm-scen7-h,r5i1p1f1,g110,tas,2090,17.8516,degrees_C,h,emissions,ref,4.61608,13.2355,r5i1p1f1
UKESM1-3-LL,esm-scen7-h,r5i1p1f1,g110,tas,2091,17.879,degrees_C,h,emissions,ref,4.64349,13.2355,r5i1p1f1
UKESM1-3-LL,esm-scen7-h,r5i1p1f1,g110,tas,2092,17.9297,degrees_C,h,emissions,ref,4.69427,13.2355,r5i1p1f1
UKESM1-3-LL,esm-scen7-h,r5i1p1f1,g110,tas,2093,17.8441,degrees_C,h,emissions,ref,4.60864,13.2355,r5i1p1f1
UKESM1-3-LL,esm-scen7-h,r5i1p1f1,g110,tas,2094,17.9012,degrees_C,h,emissions,ref,4.66571,13.2355,r5i1p1f1
UKESM1-3-LL,esm-scen7-h,r5i1p1f1,g110,tas,2095,17.975,degrees_C,h,emissions,ref,4.7395,13.2355,r5i1p1f1
UKESM1-3-LL,esm-scen7-h,r5i1p1f1,g110,tas,2096,18.0119,degrees_C,h,emissions,ref,4.77642,13.2355,r5i1p1f1
UKESM1-3-LL,esm-scen7-h,r5i1p1f1,g110,tas,2097,18.0233,degrees_C,h,emissions,ref,4.78784,13.2355,r5i1p1f1
UKESM1-3-LL,esm-scen7-h,r5i1p1f1,g110,tas,2098,17.951,degrees_C,h,emissions,ref,4.71551,13.2355,r5i1p1f1
UKESM1-3-LL,esm-scen7-h,r5i1p1f1,g110,tas,2099,18.3573,degrees_C,h,emissions,ref,5.12182,13.2355,r5i1p1f1
UKESM1-3-LL,esm-scen7-h,r5i1p1f1,g110,tas,2100,18.5113,degrees_C,h,emissions,ref,5.27587,13.2355,r5i1p1f1
UKESM1-3-LL,esm-scen7-vl,r1i1p1f1,g110,tas,2022,14.803,degrees_C,vl,emissions,ref,1.61549,13.1875,r1i1p1f1
UKESM1-3-LL,esm-scen7-vl,r1i1p1f1,g110,tas,2023,14.7023,degrees_C,vl,emissions,ref,1.51485,13.1875,r1i1p1f1
UKESM1-3-LL,esm-scen7-vl,r1i1p1f1,g110,tas,2024,14.8253,degrees_C,vl,emissions,ref,1.63777,13.1875,r1i1p1f1
UKESM1-3-LL,esm-scen7-vl,r1i1p1f1,g110,tas,2025,15.0035,degrees_C,vl,emissions,ref,1.81605,13.1875,r1i1p1f1
UKESM1-3-LL,esm-scen7-vl,r1i1p1f1,g110,tas,2026,14.8662,degrees_C,vl,emissions,ref,1.67876,13.1875,r1i1p1f1
UKESM1-3-LL,esm-scen7-vl,r1i1p1f1,g110,tas,2027,14.8166,degrees_C,vl,emissions,ref,1.62907,13.1875,r1i1p1f1
UKESM1-3-LL,esm-scen7-vl,r1i1p1f1,g110,tas,2028,14.8397,degrees_C,vl,emissions,ref,1.65218,13.1875,r1i1p1f1
UKESM1-3-LL,esm-scen7-vl,r1i1p1f1,g110,tas,2029,14.9312,degrees_C,vl,emissions,ref,1.7437,13.1875,r1i1p1f1
UKESM1-3-LL,esm-scen7-vl,r1i1p1f1,g110,tas,2030,15.1001,degrees_C,vl,emissions,ref,1.91264,13.1875,r1i1p1f1
UKESM1-3-LL,esm-scen7-vl,r1i1p1f1,g110,tas,2031,15.124,degrees_C,vl,emissions,ref,1.93654,13.1875,r1i1p1f1
UKESM1-3-LL,esm-scen7-vl,r1i1p1f1,g110,tas,2032,15.1263,degrees_C,vl,emissions,ref,1.93886,13.1875,r1i1p1f1
UKESM1-3-LL,esm-scen7-vl,r1i1p1f1,g110,tas,2033,15.0018,degrees_C,vl,emissions,ref,1.81428,13.1875,r1i1p1f1
UKESM1-3-LL,esm-scen7-vl,r1i1p1f1,g110,tas,2034,15.2021,degrees_C,vl,emissions,ref,2.01463,13.1875,r1i1p1f1
UKESM1-3-LL,esm-scen7-vl,r1i1p1f1,g110,tas,2035,15.2677,degrees_C,vl,emissions,ref,2.08022,13.1875,r1i1p1f1
UKESM1-3-LL,esm-scen7-vl,r1i1p1f1,g110,tas,2036,15.3011,degrees_C,vl,emissions,ref,2.11366,13.1875,r1i1p1f1
UKESM1-3-LL,esm-scen7-vl,r1i1p1f1,g110,tas,2037,15.3175,degrees_C,vl,emissions,ref,2.13005,13.1875,r1i1p1f1
UKESM1-3-LL,esm-scen7-vl,r1i1p1f1,g110,tas,2038,15.2721,degrees_C,vl,emissions,ref,2.08461,13.1875,r1i1p1f1
UKESM1-3-LL,esm-scen7-vl,r1i1p1f1,g110,tas,2039,15.3014,degrees_C,vl,emissions,ref,2.11394,13.1875,r1i1p1f1
UKESM1-3-LL,esm-scen7-vl,r1i1p1f1,g110,tas,2040,15.2496,degrees_C,vl,emissions,ref,2.06215,13.1875,r1i1p1f1
UKESM1-3-LL,esm-scen7-vl,r1i1p1f1,g110,tas,2041,15.3057,degrees_C,vl,emissions,ref,2.11824,13.1875,r1i1p1f1
UKESM1-3-LL,esm-scen7-vl,r1i1p1f1,g110,tas,2042,15.2931,degrees_C,vl,emissions,ref,2.10567,13.1875,r1i1p1f1
UKESM1-3-LL,esm-scen7-vl,r1i1p1f1,g110,tas,2043,15.553,degrees_C,vl,emissions,ref,2.36555,13.1875,r1i1p1f1
UKESM1-3-LL,esm-scen7-vl,r1i1p1f1,g110,tas,2044,15.3729,degrees_C,vl,emissions,ref,2.18541,13.1875,r1i1p1f1
UKESM1-3-LL,esm-scen7-vl,r1i1p1f1,g110,tas,2045,15.3354,degrees_C,vl,emissions,ref,2.14787,13.1875,r1i1p1f1
UKESM1-3-LL,esm-scen7-vl,r1i1p1f1,g110,tas,2046,15.384,degrees_C,vl,emissions,ref,2.19652,13.1875,r1i1p1f1
UKESM1-3-LL,esm-scen7-vl,r1i1p1f1,g110,tas,2047,15.3427,degrees_C,vl,emissions,ref,2.15523,13.1875,r1i1p1f1
UKESM1-3-LL,esm-scen7-vl,r1i1p1f1,g110,tas,2048,15.4917,degrees_C,vl,emissions,ref,2.30424,13.1875,r1i1p1f1
UKESM1-3-LL,esm-scen7-vl,r1i1p1f1,g110,tas,2049,15.6343,degrees_C,vl,emissions,ref,2.44679,13.1875,r1i1p1f1
UKESM1-3-LL,esm-scen7-vl,r1i1p1f1,g110,tas,2050,15.5818,degrees_C,vl,emissions,ref,2.3943,13.1875,r1i1p1f1
UKESM1-3-LL,esm-scen7-vl,r1i1p1f1,g110,tas,2051,15.4248,degrees_C,vl,emissions,ref,2.23735,13.1875,r1i1p1f1
UKESM1-3-LL,esm-scen7-vl,r1i1p1f1,g110,tas,2052,15.5242,degrees_C,vl,emissions,ref,2.33668,13.1875,r1i1p1f1
UKESM1-3-LL,esm-scen7-vl,r1i1p1f1,g110,tas,2053,15.3403,degrees_C,vl,emissions,ref,2.15279,13.1875,r1i1p1f1
UKESM1-3-LL,esm-scen7-vl,r1i1p1f1,g110,tas,2054,15.3084,degrees_C,vl,emissions,ref,2.12093,13.1875,r1i1p1f1
UKESM1-3-LL,esm-scen7-vl,r1i1p1f1,g110,tas,2055,15.4362,degrees_C,vl,emissions,ref,2.24873,13.1875,r1i1p1f1
UKESM1-3-LL,esm-scen7-vl,r1i1p1f1,g110,tas,2056,15.5388,degrees_C,vl,emissions,ref,2.35133,13.1875,r1i1p1f1
UKESM1-3-LL,esm-scen7-vl,r1i1p1f1,g110,tas,2057,15.3666,degrees_C,vl,emissions,ref,2.17909,13.1875,r1i1p1f1
UKESM1-3-LL,esm-scen7-vl,r1i1p1f1,g110,tas,2058,15.3783,degrees_C,vl,emissions,ref,2.19084,13.1875,r1i1p1f1
UKESM1-3-LL,esm-scen7-vl,r1i1p1f1,g110,tas,2059,15.4492,degrees_C,vl,emissions,ref,2.26167,13.1875,r1i1p1f1
UKESM1-3-LL,esm-scen7-vl,r1i1p1f1,g110,tas,2060,15.4193,degrees_C,vl,emissions,ref,2.23183,13.1875,r1i1p1f1
UKESM1-3-LL,esm-scen7-vl,r1i1p1f1,g110,tas,2061,15.3673,degrees_C,vl,emissions,ref,2.17982,13.1875,r1i1p1f1
UKESM1-3-LL,esm-scen7-vl,r1i1p1f1,g110,tas,2062,15.433,degrees_C,vl,emissions,ref,2.24556,13.1875,r1i1p1f1
UKESM1-3-LL,esm-scen7-vl,r1i1p1f1,g110,tas,2063,15.5911,degrees_C,vl,emissions,ref,2.40358,13.1875,r1i1p1f1
UKESM1-3-LL,esm-scen7-vl,r1i1p1f1,g110,tas,2064,15.2842,degrees_C,vl,emissions,ref,2.09673,13.1875,r1i1p1f1
UKESM1-3-LL,esm-scen7-vl,r1i1p1f1,g110,tas,2065,15.2215,degrees_C,vl,emissions,ref,2.03398,13.1875,r1i1p1f1
UKESM1-3-LL,esm-scen7-vl,r1i1p1f1,g110,tas,2066,15.3568,degrees_C,vl,emissions,ref,2.16933,13.1875,r1i1p1f1
UKESM1-3-LL,esm-scen7-vl,r1i1p1f1,g110,tas,2067,15.4799,degrees_C,vl,emissions,ref,2.29237,13.1875,r1i1p1f1
UKESM1-3-LL,esm-scen7-vl,r1i1p1f1,g110,tas,2068,15.2288,degrees_C,vl,emissions,ref,2.04134,13.1875,r1i1p1f1
UKESM1-3-LL,esm-scen7-vl,r1i1p1f1,g110,tas,2069,15.313,degrees_C,vl,emissions,ref,2.1255,13.1875,r1i1p1f1
UKESM1-3-LL,esm-scen7-vl,r1i1p1f1,g110,tas,2070,15.6421,degrees_C,vl,emissions,ref,2.45467,13.1875,r1i1p1f1
UKESM1-3-LL,esm-scen7-vl,r1i1p1f1,g110,tas,2071,15.3943,degrees_C,vl,emissions,ref,2.20683,13.1875,r1i1p1f1
UKESM1-3-LL,esm-scen7-vl,r1i1p1f1,g110,tas,2072,15.2872,degrees_C,vl,emissions,ref,2.09969,13.1875,r1i1p1f1
UKESM1-3-LL,esm-scen7-vl,r1i1p1f1,g110,tas,2073,15.367,degrees_C,vl,emissions,ref,2.17952,13.1875,r1i1p1f1
UKESM1-3-LL,esm-scen7-vl,r1i1p1f1,g110,tas,2074,15.4655,degrees_C,vl,emissions,ref,2.278,13.1875,r1i1p1f1
UKESM1-3-LL,esm-scen7-vl,r1i1p1f1,g110,tas,2075,15.4726,degrees_C,vl,emissions,ref,2.28514,13.1875,r1i1p1f1
UKESM1-3-LL,esm-scen7-vl,r1i1p1f1,g110,tas,2076,15.4098,degrees_C,vl,emissions,ref,2.22234,13.1875,r1i1p1f1
UKESM1-3-LL,esm-scen7-vl,r1i1p1f1,g110,tas,2077,15.4637,degrees_C,vl,emissions,ref,2.2762,13.1875,r1i1p1f1
UKESM1-3-LL,esm-scen7-vl,r1i1p1f1,g110,tas,2078,15.5839,degrees_C,vl,emissions,ref,2.39644,13.1875,r1i1p1f1
UKESM1-3-LL,esm-scen7-vl,r1i1p1f1,g110,tas,2079,15.6349,degrees_C,vl,emissions,ref,2.4474,13.1875,r1i1p1f1
UKESM1-3-LL,esm-scen7-vl,r1i1p1f1,g110,tas,2080,15.5694,degrees_C,vl,emissions,ref,2.38191,13.1875,r1i1p1f1
UKESM1-3-LL,esm-scen7-vl,r1i1p1f1,g110,tas,2081,15.5269,degrees_C,vl,emissions,ref,2.33946,13.1875,r1i1p1f1
UKESM1-3-LL,esm-scen7-vl,r1i1p1f1,g110,tas,2082,15.5433,degrees_C,vl,emissions,ref,2.35579,13.1875,r1i1p1f1
UKESM1-3-LL,esm-scen7-vl,r1i1p1f1,g110,tas,2083,15.5232,degrees_C,vl,emissions,ref,2.33577,13.1875,r1i1p1f1
UKESM1-3-LL,esm-scen7-vl,r1i1p1f1,g110,tas,2084,15.5174,degrees_C,vl,emissions,ref,2.32994,13.1875,r1i1p1f1
UKESM1-3-LL,esm-scen7-vl,r1i1p1f1,g110,tas,2085,15.376,degrees_C,vl,emissions,ref,2.18849,13.1875,r1i1p1f1
UKESM1-3-LL,esm-scen7-vl,r1i1p1f1,g110,tas,2086,15.3431,degrees_C,vl,emissions,ref,2.15559,13.1875,r1i1p1f1
UKESM1-3-LL,esm-scen7-vl,r1i1p1f1,g110,tas,2087,15.4127,degrees_C,vl,emissions,ref,2.22517,13.1875,r1i1p1f1
UKESM1-3-LL,esm-scen7-vl,r1i1p1f1,g110,tas,2088,15.3944,degrees_C,vl,emissions,ref,2.20695,13.1875,r1i1p1f1
UKESM1-3-LL,esm-scen7-vl,r1i1p1f1,g110,tas,2089,15.6782,degrees_C,vl,emissions,ref,2.49068,13.1875,r1i1p1f1
UKESM1-3-LL,esm-scen7-vl,r1i1p1f1,g110,tas,2090,15.3484,degrees_C,vl,emissions,ref,2.16087,13.1875,r1i1p1f1
UKESM1-3-LL,esm-scen7-vl,r1i1p1f1,g110,tas,2091,15.4359,degrees_C,vl,emissions,ref,2.24846,13.1875,r1i1p1f1
UKESM1-3-LL,esm-scen7-vl,r1i1p1f1,g110,tas,2092,15.5771,degrees_C,vl,emissions,ref,2.38963,13.1875,r1i1p1f1
UKESM1-3-LL,esm-scen7-vl,r1i1p1f1,g110,tas,2093,15.3901,degrees_C,vl,emissions,ref,2.20265,13.1875,r1i1p1f1
UKESM1-3-LL,esm-scen7-vl,r1i1p1f1,g110,tas,2094,15.3748,degrees_C,vl,emissions,ref,2.18727,13.1875,r1i1p1f1
UKESM1-3-LL,esm-scen7-vl,r1i1p1f1,g110,tas,2095,15.4163,degrees_C,vl,emissions,ref,2.22884,13.1875,r1i1p1f1
UKESM1-3-LL,esm-scen7-vl,r1i1p1f1,g110,tas,2096,15.4979,degrees_C,vl,emissions,ref,2.31047,13.1875,r1i1p1f1
UKESM1-3-LL,esm-scen7-vl,r1i1p1f1,g110,tas,2097,15.4686,degrees_C,vl,emissions,ref,2.28114,13.1875,r1i1p1f1
UKESM1-3-LL,esm-scen7-vl,r1i1p1f1,g110,tas,2098,15.494,degrees_C,vl,emissions,ref,2.30647,13.1875,r1i1p1f1
UKESM1-3-LL,esm-scen7-vl,r1i1p1f1,g110,tas,2099,15.4117,degrees_C,vl,emissions,ref,2.2242,13.1875,r1i1p1f1
UKESM1-3-LL,esm-scen7-vl,r1i1p1f1,g110,tas,2100,15.5083,degrees_C,vl,emissions,ref,2.32082,13.1875,r1i1p1f1
UKESM1-3-LL,esm-scen7-vl,r5i1p1f1,g110,tas,2022,14.7313,degrees_C,vl,emissions,ref,1.49588,13.2355,r5i1p1f1
UKESM1-3-LL,esm-scen7-vl,r5i1p1f1,g110,tas,2023,14.8345,degrees_C,vl,emissions,ref,1.59906,13.2355,r5i1p1f1
UKESM1-3-LL,esm-scen7-vl,r5i1p1f1,g110,tas,2024,14.8975,degrees_C,vl,emissions,ref,1.66204,13.2355,r5i1p1f1
UKESM1-3-LL,esm-scen7-vl,r5i1p1f1,g110,tas,2025,14.9201,degrees_C,vl,emissions,ref,1.6846,13.2355,r5i1p1f1
UKESM1-3-LL,esm-scen7-vl,r5i1p1f1,g110,tas,2026,15.0283,degrees_C,vl,emissions,ref,1.79278,13.2355,r5i1p1f1
UKESM1-3-LL,esm-scen7-vl,r5i1p1f1,g110,tas,2027,15.0485,degrees_C,vl,emissions,ref,1.81298,13.2355,r5i1p1f1
UKESM1-3-LL,esm-scen7-vl,r5i1p1f1,g110,tas,2028,14.9473,degrees_C,vl,emissions,ref,1.71182,13.2355,r5i1p1f1
UKESM1-3-LL,esm-scen7-vl,r5i1p1f1,g110,tas,2029,14.9275,degrees_C,vl,emissions,ref,1.69201,13.2355,r5i1p1f1
UKESM1-3-LL,esm-scen7-vl,r5i1p1f1,g110,tas,2030,14.9827,degrees_C,vl,emissions,ref,1.74719,13.2355,r5i1p1f1
UKESM1-3-LL,esm-scen7-vl,r5i1p1f1,g110,tas,2031,15.0888,degrees_C,vl,emissions,ref,1.85333,13.2355,r5i1p1f1
UKESM1-3-LL,esm-scen7-vl,r5i1p1f1,g110,tas,2032,14.9481,degrees_C,vl,emissions,ref,1.71264,13.2355,r5i1p1f1
UKESM1-3-LL,esm-scen7-vl,r5i1p1f1,g110,tas,2033,14.9531,degrees_C,vl,emissions,ref,1.71759,13.2355,r5i1p1f1
UKESM1-3-LL,esm-scen7-vl,r5i1p1f1,g110,tas,2034,15.0568,degrees_C,vl,emissions,ref,1.82135,13.2355,r5i1p1f1
UKESM1-3-LL,esm-scen7-vl,r5i1p1f1,g110,tas,2035,15.3255,degrees_C,vl,emissions,ref,2.09005,13.2355,r5i1p1f1
UKESM1-3-LL,esm-scen7-vl,r5i1p1f1,g110,tas,2036,15.3285,degrees_C,vl,emissions,ref,2.09307,13.2355,r5i1p1f1
UKESM1-3-LL,esm-scen7-vl,r5i1p1f1,g110,tas,2037,15.2634,degrees_C,vl,emissions,ref,2.02789,13.2355,r5i1p1f1
UKESM1-3-LL,esm-scen7-vl,r5i1p1f1,g110,tas,2038,15.2574,degrees_C,vl,emissions,ref,2.02191,13.2355,r5i1p1f1
UKESM1-3-LL,esm-scen7-vl,r5i1p1f1,g110,tas,2039,15.3882,degrees_C,vl,emissions,ref,2.15274,13.2355,r5i1p1f1
UKESM1-3-LL,esm-scen7-vl,r5i1p1f1,g110,tas,2040,15.3909,degrees_C,vl,emissions,ref,2.15539,13.2355,r5i1p1f1
UKESM1-3-LL,esm-scen7-vl,r5i1p1f1,g110,tas,2041,15.3421,degrees_C,vl,emissions,ref,2.10665,13.2355,r5i1p1f1
UKESM1-3-LL,esm-scen7-vl,r5i1p1f1,g110,tas,2042,15.4622,degrees_C,vl,emissions,ref,2.22674,13.2355,r5i1p1f1
UKESM1-3-LL,esm-scen7-vl,r5i1p1f1,g110,tas,2043,15.3974,degrees_C,vl,emissions,ref,2.16192,13.2355,r5i1p1f1
UKESM1-3-LL,esm-scen7-vl,r5i1p1f1,g110,tas,2044,15.2549,degrees_C,vl,emissions,ref,2.01947,13.2355,r5i1p1f1
UKESM1-3-LL,esm-scen7-vl,r5i1p1f1,g110,tas,2045,15.3812,degrees_C,vl,emissions,ref,2.14569,13.2355,r5i1p1f1
UKESM1-3-LL,esm-scen7-vl,r5i1p1f1,g110,tas,2046,15.5014,degrees_C,vl,emissions,ref,2.26596,13.2355,r5i1p1f1
UKESM1-3-LL,esm-scen7-vl,r5i1p1f1,g110,tas,2047,15.5273,degrees_C,vl,emissions,ref,2.29187,13.2355,r5i1p1f1
UKESM1-3-LL,esm-scen7-vl,r5i1p1f1,g110,tas,2048,15.327,degrees_C,vl,emissions,ref,2.09155,13.2355,r5i1p1f1
UKESM1-3-LL,esm-scen7-vl,r5i1p1f1,g110,tas,2049,15.3132,degrees_C,vl,emissions,ref,2.07772,13.2355,r5i1p1f1
UKESM1-3-LL,esm-scen7-vl,r5i1p1f1,g110,tas,2050,15.3301,degrees_C,vl,emissions,ref,2.09463,13.2355,r5i1p1f1
UKESM1-3-LL,esm-scen7-vl,r5i1p1f1,g110,tas,2051,15.4349,degrees_C,vl,emissions,ref,2.19946,13.2355,r5i1p1f1
UKESM1-3-LL,esm-scen7-vl,r5i1p1f1,g110,tas,2052,15.5515,degrees_C,vl,emissions,ref,2.31601,13.2355,r5i1p1f1
UKESM1-3-LL,esm-scen7-vl,r5i1p1f1,g110,tas,2053,15.3145,degrees_C,vl,emissions,ref,2.07904,13.2355,r5i1p1f1
UKESM1-3-LL,esm-scen7-vl,r5i1p1f1,g110,tas,2054,15.4324,degrees_C,vl,emissions,ref,2.19696,13.2355,r5i1p1f1
UKESM1-3-LL,esm-scen7-vl,r5i1p1f1,g110,tas,2055,15.6326,degrees_C,vl,emissions,ref,2.39712,13.2355,r5i1p1f1
UKESM1-3-LL,esm-scen7-vl,r5i1p1f1,g110,tas,2056,15.5156,degrees_C,vl,emissions,ref,2.28012,13.2355,r5i1p1f1
UKESM1-3-LL,esm-scen7-vl,r5i1p1f1,g110,tas,2057,15.4016,degrees_C,vl,emissions,ref,2.16616,13.2355,r5i1p1f1
UKESM1-3-LL,esm-scen7-vl,r5i1p1f1,g110,tas,2058,15.3999,degrees_C,vl,emissions,ref,2.16439,13.2355,r5i1p1f1
UKESM1-3-LL,esm-scen7-vl,r5i1p1f1,g110,tas,2059,15.3038,degrees_C,vl,emissions,ref,2.06832,13.2355,r5i1p1f1
UKESM1-3-LL,esm-scen7-vl,r5i1p1f1,g110,tas,2060,15.5569,degrees_C,vl,emissions,ref,2.32147,13.2355,r5i1p1f1
UKESM1-3-LL,esm-scen7-vl,r5i1p1f1,g110,tas,2061,15.5989,degrees_C,vl,emissions,ref,2.3634,13.2355,r5i1p1f1
UKESM1-3-LL,esm-scen7-vl,r5i1p1f1,g110,tas,2062,15.6426,degrees_C,vl,emissions,ref,2.40713,13.2355,r5i1p1f1
UKESM1-3-LL,esm-scen7-vl,r5i1p1f1,g110,tas,2063,15.5258,degrees_C,vl,emissions,ref,2.29034,13.2355,r5i1p1f1
UKESM1-3-LL,esm-scen7-vl,r5i1p1f1,g110,tas,2064,15.7831,degrees_C,vl,emissions,ref,2.54766,13.2355,r5i1p1f1
UKESM1-3-LL,esm-scen7-vl,r5i1p1f1,g110,tas,2065,15.7217,degrees_C,vl,emissions,ref,2.4862,13.2355,r5i1p1f1
UKESM1-3-LL,esm-scen7-vl,r5i1p1f1,g110,tas,2066,15.374,degrees_C,vl,emissions,ref,2.13848,13.2355,r5i1p1f1
UKESM1-3-LL,esm-scen7-vl,r5i1p1f1,g110,tas,2067,15.5197,degrees_C,vl,emissions,ref,2.28424,13.2355,r5i1p1f1
UKESM1-3-LL,esm-scen7-vl,r5i1p1f1,g110,tas,2068,15.7418,degrees_C,vl,emissions,ref,2.50631,13.2355,r5i1p1f1
UKESM1-3-LL,esm-scen7-vl,r5i1p1f1,g110,tas,2069,15.8188,degrees_C,vl,emissions,ref,2.58331,13.2355,r5i1p1f1
UKESM1-3-LL,esm-scen7-vl,r5i1p1f1,g110,tas,2070,15.5604,degrees_C,vl,emissions,ref,2.32492,13.2355,r5i1p1f1
UKESM1-3-LL,esm-scen7-vl,r5i1p1f1,g110,tas,2071,15.4801,degrees_C,vl,emissions,ref,2.24462,13.2355,r5i1p1f1
UKESM1-3-LL,esm-scen7-vl,r5i1p1f1,g110,tas,2072,15.5125,degrees_C,vl,emissions,ref,2.27703,13.2355,r5i1p1f1
UKESM1-3-LL,esm-scen7-vl,r5i1p1f1,g110,tas,2073,15.6995,degrees_C,vl,emissions,ref,2.46408,13.2355,r5i1p1f1
UKESM1-3-LL,esm-scen7-vl,r5i1p1f1,g110,tas,2074,15.6285,degrees_C,vl,emissions,ref,2.39306,13.2355,r5i1p1f1
UKESM1-3-LL,esm-scen7-vl,r5i1p1f1,g110,tas,2075,15.564,degrees_C,vl,emissions,ref,2.32849,13.2355,r5i1p1f1
UKESM1-3-LL,esm-scen7-vl,r5i1p1f1,g110,tas,2076,15.583,degrees_C,vl,emissions,ref,2.34756,13.2355,r5i1p1f1
UKESM1-3-LL,esm-scen7-vl,r5i1p1f1,g110,tas,2077,15.554,degrees_C,vl,emissions,ref,2.31854,13.2355,r5i1p1f1
UKESM1-3-LL,esm-scen7-vl,r5i1p1f1,g110,tas,2078,15.5691,degrees_C,vl,emissions,ref,2.33368,13.2355,r5i1p1f1
UKESM1-3-LL,esm-scen7-vl,r5i1p1f1,g110,tas,2079,15.4405,degrees_C,vl,emissions,ref,2.20501,13.2355,r5i1p1f1
UKESM1-3-LL,esm-scen7-vl,r5i1p1f1,g110,tas,2080,15.4535,degrees_C,vl,emissions,ref,2.21801,13.2355,r5i1p1f1
UKESM1-3-LL,esm-scen7-vl,r5i1p1f1,g110,tas,2081,15.3554,degrees_C,vl,emissions,ref,2.11996,13.2355,r5i1p1f1
UKESM1-3-LL,esm-scen7-vl,r5i1p1f1,g110,tas,2082,15.2479,degrees_C,vl,emissions,ref,2.01239,13.2355,r5i1p1f1
UKESM1-3-LL,esm-scen7-vl,r5i1p1f1,g110,tas,2083,15.269,degrees_C,vl,emissions,ref,2.0335,13.2355,r5i1p1f1
UKESM1-3-LL,esm-scen7-vl,r5i1p1f1,g110,tas,2084,15.4477,degrees_C,vl,emissions,ref,2.21218,13.2355,r5i1p1f1
UKESM1-3-LL,esm-scen7-vl,r5i1p1f1,g110,tas,2085,15.5378,degrees_C,vl,emissions,ref,2.30236,13.2355,r5i1p1f1
UKESM1-3-LL,esm-scen7-vl,r5i1p1f1,g110,tas,2086,15.4493,degrees_C,vl,emissions,ref,2.2138,13.2355,r5i1p1f1
UKESM1-3-LL,esm-scen7-vl,r5i1p1f1,g110,tas,2087,15.3847,degrees_C,vl,emissions,ref,2.14926,13.2355,r5i1p1f1
UKESM1-3-LL,esm-scen7-vl,r5i1p1f1,g110,tas,2088,15.4895,degrees_C,vl,emissions,ref,2.25405,13.2355,r5i1p1f1
UKESM1-3-LL,esm-scen7-vl,r5i1p1f1,g110,tas,2089,15.6092,degrees_C,vl,emissions,ref,2.37368,13.2355,r5i1p1f1
UKESM1-3-LL,esm-scen7-vl,r5i1p1f1,g110,tas,2090,15.4884,degrees_C,vl,emissions,ref,2.25289,13.2355,r5i1p1f1
UKESM1-3-LL,esm-scen7-vl,r5i1p1f1,g110,tas,2091,15.4752,degrees_C,vl,emissions,ref,2.23974,13.2355,r5i1p1f1
UKESM1-3-LL,esm-scen7-vl,r5i1p1f1,g110,tas,2092,15.5629,degrees_C,vl,emissions,ref,2.32742,13.2355,r5i1p1f1
UKESM1-3-LL,esm-scen7-vl,r5i1p1f1,g110,tas,2093,15.3943,degrees_C,vl,emissions,ref,2.15884,13.2355,r5i1p1f1
UKESM1-3-LL,esm-scen7-vl,r5i1p1f1,g110,tas,2094,15.4209,degrees_C,vl,emissions,ref,2.18542,13.2355,r5i1p1f1
UKESM1-3-LL,esm-scen7-vl,r5i1p1f1,g110,tas,2095,15.5329,degrees_C,vl,emissions,ref,2.29742,13.2355,r5i1p1f1
UKESM1-3-LL,esm-scen7-vl,r5i1p1f1,g110,tas,2096,15.4006,degrees_C,vl,emissions,ref,2.16516,13.2355,r5i1p1f1
UKESM1-3-LL,esm-scen7-vl,r5i1p1f1,g110,tas,2097,15.4117,degrees_C,vl,emissions,ref,2.17627,13.2355,r5i1p1f1
UKESM1-3-LL,esm-scen7-vl,r5i1p1f1,g110,tas,2098,15.3826,degrees_C,vl,emissions,ref,2.14709,13.2355,r5i1p1f1
UKESM1-3-LL,esm-scen7-vl,r5i1p1f1,g110,tas,2099,15.2655,degrees_C,vl,emissions,ref,2.02999,13.2355,r5i1p1f1
UKESM1-3-LL,esm-scen7-vl,r5i1p1f1,g110,tas,2100,15.391,degrees_C,vl,emissions,ref,2.15557,13.2355,r5i1p1f1
