source_id,experiment_id,variant_label,grid_label,variable_id,year,value,units,family,driving,source,control_mean,value_corrected
UKESM1-3-LL,esm-hist,r1i1p1f1,g110,rtmt,1850,0.231242,W m-2,historical,emissions,esgf,0.0993372,0.131905
UKESM1-3-LL,esm-hist,r1i1p1f1,g110,rtmt,1851,0.965536,W m-2,historical,emissions,esgf,0.0993372,0.866198
UKESM1-3-LL,esm-hist,r1i1p1f1,g110,rtmt,1852,0.436877,W m-2,historical,emissions,esgf,0.0993372,0.33754
UKESM1-3-LL,esm-hist,r1i1p1f1,g110,rtmt,1853,-0.414683,W m-2,historical,emissions,esgf,0.0993372,-0.51402
UKESM1-3-LL,esm-hist,r1i1p1f1,g110,rtmt,1854,-0.315421,W m-2,historical,emissions,esgf,0.0993372,-0.414758
UKESM1-3-LL,esm-hist,r1i1p1f1,g110,rtmt,1855,0.396369,W m-2,historical,emissions,esgf,0.0993372,0.297032
UKESM1-3-LL,esm-hist,r1i1p1f1,g110,rtmt,1856,0.40149,W m-2,historical,emissions,esgf,0.0993372,0.302153
UKESM1-3-LL,esm-hist,r1i1p1f1,g110,rtmt,1857,-0.651048,W m-2,historical,emissions,esgf,0.0993372,-0.750386
UKESM1-3-LL,esm-hist,r1i1p1f1,g110,rtmt,1858,-0.159522,W m-2,historical,emissions,esgf,0.0993372,-0.258859
UKESM1-3-LL,esm-hist,r1i1p1f1,g110,rtmt,1859,0.39576,W m-2,historical,emissions,esgf,0.0993372,0.296423
UKESM1-3-LL,esm-hist,r1i1p1f1,g110,rtmt,1860,0.210722,W m-2,historical,emissions,esgf,0.0993372,0.111384
UKESM1-3-LL,esm-hist,r1i1p1f1,g110,rtmt,1861,0.147148,W m-2,historical,emissions,esgf,0.0993372,0.0478111
UKESM1-3-LL,esm-hist,r1i1p1f1,g110,rtmt,1862,-0.88278,W m-2,historical,emissions,esgf,0.0993372,-0.982117
UKESM1-3-LL,esm-hist,r1i1p1f1,g110,rtmt,1863,-0.594276,W m-2,historical,emissions,esgf,0.0993372,-0.693613
UKESM1-3-LL,esm-hist,r1i1p1f1,g110,rtmt,1864,0.118263,W m-2,historical,emissions,esgf,0.0993372,0.0189262
UKESM1-3-LL,esm-hist,r1i1p1f1,g110,rtmt,1865,0.558681,W m-2,historical,emissions,esgf,0.0993372,0.459343
UKESM1-3-LL,esm-hist,r1i1p1f1,g110,rtmt,1866,-0.100321,W m-2,historical,emissions,esgf,0.0993372,-0.199658
UKESM1-3-LL,esm-hist,r1i1p1f1,g110,rtmt,1867,0.460012,W m-2,historical,emissions,esgf,0.0993372,0.360675
UKESM1-3-LL,esm-hist,r1i1p1f1,g110,rtmt,1868,0.613278,W m-2,historical,emissions,esgf,0.0993372,0.513941
UKESM1-3-LL,esm-hist,r1i1p1f1,g110,rtmt,1869,-0.0933891,W m-2,historical,emissions,esgf,0.0993372,-0.192726
UKESM1-3-LL,esm-hist,r1i1p1f1,g110,rtmt,1870,-0.0433857,W m-2,historical,emissions,esgf,0.0993372,-0.142723
UKESM1-3-LL,esm-hist,r1i1p1f1,g110,rtmt,1871,0.515389,W m-2,historical,emissions,esgf,0.0993372,0.416052
UKESM1-3-LL,esm-hist,r1i1p1f1,g110,rtmt,1872,-0.126566,W m-2,historical,emissions,esgf,0.0993372,-0.225903
UKESM1-3-LL,esm-hist,r1i1p1f1,g110,rtmt,1873,-0.774231,W m-2,historical,emissions,esgf,0.0993372,-0.873568
UKESM1-3-LL,esm-hist,r1i1p1f1,g110,rtmt,1874,0.158883,W m-2,historical,emissions,esgf,0.0993372,0.0595461
UKESM1-3-LL,esm-hist,r1i1p1f1,g110,rtmt,1875,0.050624,W m-2,historical,emissions,esgf,0.0993372,-0.0487132
UKESM1-3-LL,esm-hist,r1i1p1f1,g110,rtmt,1876,-0.0831734,W m-2,historical,emissions,esgf,0.0993372,-0.182511
UKESM1-3-LL,esm-hist,r1i1p1f1,g110,rtmt,1877,0.327045,W m-2,historical,emissions,esgf,0.0993372,0.227708
UKESM1-3-LL,esm-hist,r1i1p1f1,g110,rtmt,1878,0.514631,W m-2,historical,emissions,esgf,0.0993372,0.415294
UKESM1-3-LL,esm-hist,r1i1p1f1,g110,rtmt,1879,0.508566,W m-2,historical,emissions,esgf,0.0993372,0.409228
UKESM1-3-LL,esm-hist,r1i1p1f1,g110,rtmt,1880,-0.202921,W m-2,historical,emissions,esgf,0.0993372,-0.302258
UKESM1-3-LL,esm-hist,r1i1p1f1,g110,rtmt,1881,-0.0372571,W m-2,historical,emissions,esgf,0.0993372,-0.136594
UKESM1-3-LL,esm-hist,r1i1p1f1,g110,rtmt,1882,0.102639,W m-2,historical,emissions,esgf,0.0993372,0.00330142
UKESM1-3-LL,esm-hist,r1i1p1f1,g110,rtmt,1883,-0.382818,W m-2,historical,emissions,esgf,0.0993372,-0.482155
UKESM1-3-LL,esm-hist,r1i1p1f1,g110,rtmt,1884,-1.74482,W m-2,historical,emissions,esgf,0.0993372,-1.84416
UKESM1-3-LL,esm-hist,r1i1p1f1,g110,rtmt,1885,-0.880786,W m-2,historical,emissions,esgf,0.0993372,-0.980123
UKESM1-3-LL,esm-hist,r1i1p1f1,g110,rtmt,1886,-0.56056,W m-2,historical,emissions,esgf,0.0993372,-0.659898
UKESM1-3-LL,esm-hist,r1i1p1f1,g110,rtmt,1887,-0.239325,W m-2,historical,emissions,esgf,0.0993372,-0.338662
UKESM1-3-LL,esm-hist,r1i1p1f1,g110,rtmt,1888,0.250745,W m-2,historical,emissions,esgf,0.0993372,0.151408
UKESM1-3-LL,esm-hist,r1i1p1f1,g110,rtmt,1889,0.569108,W m-2,historical,emissions,esgf,0.0993372,0.469771
UKESM1-3-LL,esm-hist,r1i1p1f1,g110,rtmt,1890,-0.258756,W m-2,historical,emissions,esgf,0.0993372,-0.358093
UKESM1-3-LL,esm-hist,r1i1p1f1,g110,rtmt,1891,0.299818,W m-2,historical,emissions,esgf,0.0993372,0.200481
UKESM1-3-LL,esm-hist,r1i1p1f1,g110,rtmt,1892,0.0857502,W m-2,historical,emissions,esgf,0.0993372,-0.013587
UKESM1-3-LL,esm-hist,r1i1p1f1,g110,rtmt,1893,-0.000326059,W m-2,historical,emissions,esgf,0.0993372,-0.0996633
UKESM1-3-LL,esm-hist,r1i1p1f1,g110,rtmt,1894,0.23691,W m-2,historical,emissions,esgf,0.0993372,0.137572
UKESM1-3-LL,esm-hist,r1i1p1f1,g110,rtmt,1895,-0.23507,W m-2,historical,emissions,esgf,0.0993372,-0.334408
UKESM1-3-LL,esm-hist,r1i1p1f1,g110,rtmt,1896,0.348413,W m-2,historical,emissions,esgf,0.0993372,0.249076
UKESM1-3-LL,esm-hist,r1i1p1f1,g110,rtmt,1897,0.0887518,W m-2,historical,emissions,esgf,0.0993372,-0.0105855
UKESM1-3-LL,esm-hist,r1i1p1f1,g110,rtmt,1898,0.0634654,W m-2,historical,emissions,esgf,0.0993372,-0.0358718
UKESM1-3-LL,esm-hist,r1i1p1f1,g110,rtmt,1899,0.27982,W m-2,historical,emissions,esgf,0.0993372,0.180483
UKESM1-3-LL,esm-hist,r1i1p1f1,g110,rtmt,1900,0.21857,W m-2,historical,emissions,esgf,0.0993372,0.119233
UKESM1-3-LL,esm-hist,r1i1p1f1,g110,rtmt,1901,-0.0333816,W m-2,historical,emissions,esgf,0.0993372,-0.132719
UKESM1-3-LL,esm-hist,r1i1p1f1,g110,rtmt,1902,0.317422,W m-2,historical,emissions,esgf,0.0993372,0.218085
UKESM1-3-LL,esm-hist,r1i1p1f1,g110,rtmt,1903,-0.332651,W m-2,historical,emissions,esgf,0.0993372,-0.431988
UKESM1-3-LL,esm-hist,r1i1p1f1,g110,rtmt,1904,-0.0229248,W m-2,historical,emissions,esgf,0.0993372,-0.122262
UKESM1-3-LL,esm-hist,r1i1p1f1,g110,rtmt,1905,0.561741,W m-2,historical,emissions,esgf,0.0993372,0.462404
UKESM1-3-LL,esm-hist,r1i1p1f1,g110,rtmt,1906,0.0351911,W m-2,historical,emissions,esgf,0.0993372,-0.0641461
UKESM1-3-LL,esm-hist,r1i1p1f1,g110,rtmt,1907,0.0865843,W m-2,historical,emissions,esgf,0.0993372,-0.012753
UKESM1-3-LL,esm-hist,r1i1p1f1,g110,rtmt,1908,0.0813014,W m-2,historical,emissions,esgf,0.0993372,-0.0180358
UKESM1-3-LL,esm-hist,r1i1p1f1,g110,rtmt,1909,0.575401,W m-2,historical,emissions,esgf,0.0993372,0.476064
UKESM1-3-LL,esm-hist,r1i1p1f1,g110,rtmt,1910,0.284867,W m-2,historical,emissions,esgf,0.0993372,0.185529
UKESM1-3-LL,esm-hist,r1i1p1f1,g110,rtmt,1911,-0.100086,W m-2,historical,emissions,esgf,0.0993372,-0.199423
UKESM1-3-LL,esm-hist,r1i1p1f1,g110,rtmt,1912,-0.348671,W m-2,historical,emissions,esgf,0.0993372,-0.448009
UKESM1-3-LL,esm-hist,r1i1p1f1,g110,rtmt,1913,-0.224646,W m-2,historical,emissions,esgf,0.0993372,-0.323983
UKESM1-3-LL,esm-hist,r1i1p1f1,g110,rtmt,1914,0.131011,W m-2,historical,emissions,esgf,0.0993372,0.0316742
UKESM1-3-LL,esm-hist,r1i1p1f1,g110,rtmt,1915,0.202438,W m-2,historical,emissions,esgf,0.0993372,0.103101
UKESM1-3-LL,esm-hist,r1i1p1f1,g110,rtmt,1916,0.189355,W m-2,historical,emissions,esgf,0.0993372,0.0900182
UKESM1-3-LL,esm-hist,r1i1p1f1,g110,rtmt,1917,0.552727,W m-2,historical,emissions,esgf,0.0993372,0.453389
UKESM1-3-LL,esm-hist,r1i1p1f1,g110,rtmt,1918,0.243,W m-2,historical,emissions,esgf,0.0993372,0.143662
UKESM1-3-LL,esm-hist,r1i1p1f1,g110,rtmt,1919,-0.130342,W m-2,historical,emissions,esgf,0.0993372,-0.229679
UKESM1-3-LL,esm-hist,r1i1p1f1,g110,rtmt,1920,0.310218,W m-2,historical,emissions,esgf,0.0993372,0.210881
UKESM1-3-LL,esm-hist,r1i1p1f1,g110,rtmt,1921,0.200006,W m-2,historical,emissions,esgf,0.0993372,0.100669
UKESM1-3-LL,esm-hist,r1i1p1f1,g110,rtmt,1922,0.268916,W m-2,historical,emissions,esgf,0.0993372,0.169578
UKESM1-3-LL,esm-hist,r1i1p1f1,g110,rtmt,1923,0.438095,W m-2,historical,emissions,esgf,0.0993372,0.338757
UKESM1-3-LL,esm-hist,r1i1p1f1,g110,rtmt,1924,0.160414,W m-2,historical,emissions,esgf,0.0993372,0.0610772
UKESM1-3-LL,esm-hist,r1i1p1f1,g110,rtmt,1925,0.704725,W m-2,historical,emissions,esgf,0.0993372,0.605388
UKESM1-3-LL,esm-hist,r1i1p1f1,g110,rtmt,1926,0.0737849,W m-2,historical,emissions,esgf,0.0993372,-0.0255524
UKESM1-3-LL,esm-hist,r1i1p1f1,g110,rtmt,1927,0.175206,W m-2,historical,emissions,esgf,0.0993372,0.075869
UKESM1-3-LL,esm-hist,r1i1p1f1,g110,rtmt,1928,0.518743,W m-2,historical,emissions,esgf,0.0993372,0.419406
UKESM1-3-LL,esm-hist,r1i1p1f1,g110,rtmt,1929,-0.0544439,W m-2,historical,emissions,esgf,0.0993372,-0.153781
UKESM1-3-LL,esm-hist,r1i1p1f1,g110,rtmt,1930,-0.043273,W m-2,historical,emissions,esgf,0.0993372,-0.14261
UKESM1-3-LL,esm-hist,r1i1p1f1,g110,rtmt,1931,0.34586,W m-2,historical,emissions,esgf,0.0993372,0.246523
UKESM1-3-LL,esm-hist,r1i1p1f1,g110,rtmt,1932,0.0728682,W m-2,historical,emissions,esgf,0.0993372,-0.026469
UKESM1-3-LL,esm-hist,r1i1p1f1,g110,rtmt,1933,-0.300005,W m-2,historical,emissions,esgf,0.0993372,-0.399342
UKESM1-3-LL,esm-hist,r1i1p1f1,g110,rtmt,1934,0.100094,W m-2,historical,emissions,esgf,0.0993372,0.000756788
UKESM1-3-LL,esm-hist,r1i1p1f1,g110,rtmt,1935,0.395779,W m-2,historical,emissions,esgf,0.0993372,0.296442
UKESM1-3-LL,esm-hist,r1i1p1f1,g110,rtmt,1936,0.533961,W m-2,historical,emissions,esgf,0.0993372,0.434624
UKESM1-3-LL,esm-hist,r1i1p1f1,g110,rtmt,1937,0.00620103,W m-2,historical,emissions,esgf,0.0993372,-0.0931362
UKESM1-3-LL,esm-hist,r1i1p1f1,g110,rtmt,1938,0.153802,W m-2,historical,emissions,esgf,0.0993372,0.0544651
UKESM1-3-LL,esm-hist,r1i1p1f1,g110,rtmt,1939,0.0877143,W m-2,historical,emissions,esgf,0.0993372,-0.0116229
UKESM1-3-LL,esm-hist,r1i1p1f1,g110,rtmt,1940,0.136541,W m-2,historical,emissions,esgf,0.0993372,0.0372042
UKESM1-3-LL,esm-hist,r1i1p1f1,g110,rtmt,1941,-0.161336,W m-2,historical,emissions,esgf,0.0993372,-0.260674
UKESM1-3-LL,esm-hist,r1i1p1f1,g110,rtmt,1942,0.363464,W m-2,historical,emissions,esgf,0.0993372,0.264127
UKESM1-3-LL,esm-hist,r1i1p1f1,g110,rtmt,1943,0.526532,W m-2,historical,emissions,esgf,0.0993372,0.427195
UKESM1-3-LL,esm-hist,r1i1p1f1,g110,rtmt,1944,-0.0945476,W m-2,historical,emissions,esgf,0.0993372,-0.193885
UKESM1-3-LL,esm-hist,r1i1p1f1,g110,rtmt,1945,-0.0136664,W m-2,historical,emissions,esgf,0.0993372,-0.113004
UKESM1-3-LL,esm-hist,r1i1p1f1,g110,rtmt,1946,0.0914197,W m-2,historical,emissions,esgf,0.0993372,-0.00791748
UKESM1-3-LL,esm-hist,r1i1p1f1,g110,rtmt,1947,0.0913947,W m-2,historical,emissions,esgf,0.0993372,-0.00794252
UKESM1-3-LL,esm-hist,r1i1p1f1,g110,rtmt,1948,0.556745,W m-2,historical,emissions,esgf,0.0993372,0.457408
UKESM1-3-LL,esm-hist,r1i1p1f1,g110,rtmt,1949,0.315433,W m-2,historical,emissions,esgf,0.0993372,0.216096
UKESM1-3-LL,esm-hist,r1i1p1f1,g110,rtmt,1950,-0.588311,W m-2,historical,emissions,esgf,0.0993372,-0.687648
UKESM1-3-LL,esm-hist,r1i1p1f1,g110,rtmt,1951,0.198453,W m-2,historical,emissions,esgf,0.0993372,0.0991162
UKESM1-3-LL,esm-hist,r1i1p1f1,g110,rtmt,1952,-0.0184493,W m-2,historical,emissions,esgf,0.0993372,-0.117787
UKESM1-3-LL,esm-hist,r1i1p1f1,g110,rtmt,1953,0.495184,W m-2,historical,emissions,esgf,0.0993372,0.395847
UKESM1-3-LL,esm-hist,r1i1p1f1,g110,rtmt,1954,0.420904,W m-2,historical,emissions,esgf,0.0993372,0.321566
UKESM1-3-LL,esm-hist,r1i1p1f1,g110,rtmt,1955,0.273236,W m-2,historical,emissions,esgf,0.0993372,0.173898
UKESM1-3-LL,esm-hist,r1i1p1f1,g110,rtmt,1956,0.0218995,W m-2,historical,emissions,esgf,0.0993372,-0.0774378
UKESM1-3-LL,esm-hist,r1i1p1f1,g110,rtmt,1957,0.166244,W m-2,historical,emissions,esgf,0.0993372,0.0669071
UKESM1-3-LL,esm-hist,r1i1p1f1,g110,rtmt,1958,0.31166,W m-2,historical,emissions,esgf,0.0993372,0.212323
UKESM1-3-LL,esm-hist,r1i1p1f1,g110,rtmt,1959,0.446615,W m-2,historical,emissions,esgf,0.0993372,0.347278
UKESM1-3-LL,esm-hist,r1i1p1f1,g110,rtmt,1960,-0.182574,W m-2,historical,emissions,esgf,0.0993372,-0.281911
UKESM1-3-LL,esm-hist,r1i1p1f1,g110,rtmt,1961,0.0035043,W m-2,historical,emissions,esgf,0.0993372,-0.0958329
UKESM1-3-LL,esm-hist,r1i1p1f1,g110,rtmt,1962,0.585843,W m-2,historical,emissions,esgf,0.0993372,0.486506
UKESM1-3-LL,esm-hist,r1i1p1f1,g110,rtmt,1963,-0.242286,W m-2,historical,emissions,esgf,0.0993372,-0.341623
UKESM1-3-LL,esm-hist,r1i1p1f1,g110,rtmt,1964,-0.51084,W m-2,historical,emissions,esgf,0.0993372,-0.610177
UKESM1-3-LL,esm-hist,r1i1p1f1,g110,rtmt,1965,0.282652,W m-2,historical,emissions,esgf,0.0993372,0.183315
UKESM1-3-LL,esm-hist,r1i1p1f1,g110,rtmt,1966,0.462731,W m-2,historical,emissions,esgf,0.0993372,0.363394
UKESM1-3-LL,esm-hist,r1i1p1f1,g110,rtmt,1967,0.145461,W m-2,historical,emissions,esgf,0.0993372,0.0461242
UKESM1-3-LL,esm-hist,r1i1p1f1,g110,rtmt,1968,-0.135705,W m-2,historical,emissions,esgf,0.0993372,-0.235042
UKESM1-3-LL,esm-hist,r1i1p1f1,g110,rtmt,1969,0.196464,W m-2,historical,emissions,esgf,0.0993372,0.0971267
UKESM1-3-LL,esm-hist,r1i1p1f1,g110,rtmt,1970,-0.184114,W m-2,historical,emissions,esgf,0.0993372,-0.283451
UKESM1-3-LL,esm-hist,r1i1p1f1,g110,rtmt,1971,0.324896,W m-2,historical,emissions,esgf,0.0993372,0.225558
UKESM1-3-LL,esm-hist,r1i1p1f1,g110,rtmt,1972,0.219295,W m-2,historical,emissions,esgf,0.0993372,0.119958
UKESM1-3-LL,esm-hist,r1i1p1f1,g110,rtmt,1973,0.372588,W m-2,historical,emissions,esgf,0.0993372,0.273251
UKESM1-3-LL,esm-hist,r1i1p1f1,g110,rtmt,1974,-0.0189996,W m-2,historical,emissions,esgf,0.0993372,-0.118337
UKESM1-3-LL,esm-hist,r1i1p1f1,g110,rtmt,1975,0.407021,W m-2,historical,emissions,esgf,0.0993372,0.307684
UKESM1-3-LL,esm-hist,r1i1p1f1,g110,rtmt,1976,0.214015,W m-2,historical,emissions,esgf,0.0993372,0.114677
UKESM1-3-LL,esm-hist,r1i1p1f1,g110,rtmt,1977,0.116314,W m-2,historical,emissions,esgf,0.0993372,0.0169764
UKESM1-3-LL,esm-hist,r1i1p1f1,g110,rtmt,1978,0.512015,W m-2,historical,emissions,esgf,0.0993372,0.412678
UKESM1-3-LL,esm-hist,r1i1p1f1,g110,rtmt,1979,0.177848,W m-2,historical,emissions,esgf,0.0993372,0.0785108
UKESM1-3-LL,esm-hist,r1i1p1f1,g110,rtmt,1980,1.04051,W m-2,historical,emissions,esgf,0.0993372,0.941177
UKESM1-3-LL,esm-hist,r1i1p1f1,g110,rtmt,1981,0.486605,W m-2,historical,emissions,esgf,0.0993372,0.387267
UKESM1-3-LL,esm-hist,r1i1p1f1,g110,rtmt,1982,-0.206688,W m-2,historical,emissions,esgf,0.0993372,-0.306025
UKESM1-3-LL,esm-hist,r1i1p1f1,g110,rtmt,1983,-0.526499,W m-2,historical,emissions,esgf,0.0993372,-0.625836
UKESM1-3-LL,esm-hist,r1i1p1f1,g110,rtmt,1984,-0.327911,W m-2,historical,emissions,esgf,0.0993372,-0.427249
UKESM1-3-LL,esm-hist,r1i1p1f1,g110,rtmt,1985,0.326822,W m-2,historical,emissions,esgf,0.0993372,0.227485
UKESM1-3-LL,esm-hist,r1i1p1f1,g110,rtmt,1986,0.433218,W m-2,historical,emissions,esgf,0.0993372,0.333881
UKESM1-3-LL,esm-hist,r1i1p1f1,g110,rtmt,1987,0.41173,W m-2,historical,emissions,esgf,0.0993372,0.312393
UKESM1-3-LL,esm-hist,r1i1p1f1,g110,rtmt,1988,0.752107,W m-2,historical,emissions,esgf,0.0993372,0.652769
UKESM1-3-LL,esm-hist,r1i1p1f1,g110,rtmt,1989,0.674061,W m-2,historical,emissions,esgf,0.0993372,0.574724
UKESM1-3-LL,esm-hist,r1i1p1f1,g110,rtmt,1990,0.236809,W m-2,historical,emissions,esgf,0.0993372,0.137472
UKESM1-3-LL,esm-hist,r1i1p1f1,g110,rtmt,1991,0.13617,W m-2,historical,emissions,esgf,0.0993372,0.0368331
UKESM1-3-LL,esm-hist,r1i1p1f1,g110,rtmt,1992,-0.624887,W m-2,historical,emissions,esgf,0.0993372,-0.724224
UKESM1-3-LL,esm-hist,r1i1p1f1,g110,rtmt,1993,-0.186029,W m-2,historical,emissions,esgf,0.0993372,-0.285366
UKESM1-3-LL,esm-hist,r1i1p1f1,g110,rtmt,1994,0.450605,W m-2,historical,emissions,esgf,0.0993372,0.351268
UKESM1-3-LL,esm-hist,r1i1p1f1,g110,rtmt,1995,0.861243,W m-2,historical,emissions,esgf,0.0993372,0.761906
UKESM1-3-LL,esm-hist,r1i1p1f1,g110,rtmt,1996,1.22121,W m-2,historical,emissions,esgf,0.0993372,1.12188
UKESM1-3-LL,esm-hist,r1i1p1f1,g110,rtmt,1997,0.829182,W m-2,historical,emissions,esgf,0.0993372,0.729845
UKESM1-3-LL,esm-hist,r1i1p1f1,g110,rtmt,1998,0.814394,W m-2,historical,emissions,esgf,0.0993372,0.715057
UKESM1-3-LL,esm-hist,r1i1p1f1,g110,rtmt,1999,0.435465,W m-2,historical,emissions,esgf,0.0993372,0.336128
UKESM1-3-LL,esm-hist,r1i1p1f1,g110,rtmt,2000,0.733519,W m-2,historical,emissions,esgf,0.0993372,0.634182
UKESM1-3-LL,esm-hist,r1i1p1f1,g110,rtmt,2001,1.09237,W m-2,historical,emissions,esgf,0.0993372,0.993032
UKESM1-3-LL,esm-hist,r1i1p1f1,g110,rtmt,2002,0.73939,W m-2,historical,emissions,esgf,0.0993372,0.640053
UKESM1-3-LL,esm-hist,r1i1p1f1,g110,rtmt,2003,0.673545,W m-2,historical,emissions,esgf,0.0993372,0.574208
UKESM1-3-LL,esm-hist,r1i1p1f1,g110,rtmt,2004,0.882466,W m-2,historical,emissions,esgf,0.0993372,0.783129
UKESM1-3-LL,esm-hist,r1i1p1f1,g110,rtmt,2005,0.254547,W m-2,historical,emissions,esgf,0.0993372,0.155209
UKESM1-3-LL,esm-hist,r1i1p1f1,g110,rtmt,2006,1.05955,W m-2,historical,emissions,esgf,0.0993372,0.960215
UKESM1-3-LL,esm-hist,r1i1p1f1,g110,rtmt,2007,0.506171,W m-2,historical,emissions,esgf,0.0993372,0.406834
UKESM1-3-LL,esm-hist,r1i1p1f1,g110,rtmt,2008,1.00617,W m-2,historical,emissions,esgf,0.0993372,0.906832
UKESM1-3-LL,esm-hist,r1i1p1f1,g110,rtmt,2009,1.28853,W m-2,historical,emissions,esgf,0.0993372,1.1892
UKESM1-3-LL,esm-hist,r1i1p1f1,g110,rtmt,2010,1.35539,W m-2,historical,emissions,esgf,0.0993372,1.25606
UKESM1-3-LL,esm-hist,r1i1p1f1,g110,rtmt,2011,1.03977,W m-2,historical,emissions,esgf,0.0993372,0.940437
UKESM1-3-LL,esm-hist,r1i1p1f1,g110,rtmt,2012,0.730351,W m-2,historical,emissions,esgf,0.0993372,0.631014
UKESM1-3-LL,esm-hist,r1i1p1f1,g110,rtmt,2013,1.14899,W m-2,historical,emissions,esgf,0.0993372,1.04965
UKESM1-3-LL,esm-hist,r1i1p1f1,g110,rtmt,2014,1.5412,W m-2,historical,emissions,esgf,0.0993372,1.44187
UKESM1-3-LL,esm-hist,r1i1p1f1,g110,rtmt,2015,0.995516,W m-2,historical,emissions,esgf,0.0993372,0.896179
UKESM1-3-LL,esm-hist,r1i1p1f1,g110,rtmt,2016,1.20346,W m-2,historical,emissions,esgf,0.0993372,1.10413
UKESM1-3-LL,esm-hist,r1i1p1f1,g110,rtmt,2017,1.19605,W m-2,historical,emissions,esgf,0.0993372,1.09671
UKESM1-3-LL,esm-hist,r1i1p1f1,g110,rtmt,2018,1.28757,W m-2,historical,emissions,esgf,0.0993372,1.18823
UKESM1-3-LL,esm-hist,r1i1p1f1,g110,rtmt,2019,1.17035,W m-2,historical,emissions,esgf,0.0993372,1.07102
UKESM1-3-LL,esm-hist,r1i1p1f1,g110,rtmt,2020,1.48727,W m-2,historical,emissions,esgf,0.0993372,1.38793
UKESM1-3-LL,esm-hist,r1i1p1f1,g110,rtmt,2021,1.16708,W m-2,historical,emissions,esgf,0.0993372,1.06774
UKESM1-3-LL,esm-hist,r5i1p1f1,g110,rtmt,1850,0.46948,W m-2,historical,emissions,esgf,0.0990679,0.370412
UKESM1-3-LL,esm-hist,r5i1p1f1,g110,rtmt,1851,0.288898,W m-2,historical,emissions,esgf,0.0990679,0.18983
UKESM1-3-LL,esm-hist,r5i1p1f1,g110,rtmt,1852,0.00252456,W m-2,historical,emissions,esgf,0.0990679,-0.0965434
UKESM1-3-LL,esm-hist,r5i1p1f1,g110,rtmt,1853,-0.0341352,W m-2,historical,emissions,esgf,0.0990679,-0.133203
UKESM1-3-LL,esm-hist,r5i1p1f1,g110,rtmt,1854,-0.229509,W m-2,historical,emissions,esgf,0.0990679,-0.328577
UKESM1-3-LL,esm-hist,r5i1p1f1,g110,rtmt,1855,-0.0739986,W m-2,historical,emissions,esgf,0.0990679,-0.173067
UKESM1-3-LL,esm-hist,r5i1p1f1,g110,rtmt,1856,0.349158,W m-2,historical,emissions,esgf,0.0990679,0.25009
UKESM1-3-LL,esm-hist,r5i1p1f1,g110,rtmt,1857,-0.898597,W m-2,historical,emissions,esgf,0.0990679,-0.997664
UKESM1-3-LL,esm-hist,r5i1p1f1,g110,rtmt,1858,-0.233062,W m-2,historical,emissions,esgf,0.0990679,-0.33213
UKESM1-3-LL,esm-hist,r5i1p1f1,g110,rtmt,1859,0.30188,W m-2,historical,emissions,esgf,0.0990679,0.202812
UKESM1-3-LL,esm-hist,r5i1p1f1,g110,rtmt,1860,0.524359,W m-2,historical,emissions,esgf,0.0990679,0.425291
UKESM1-3-LL,esm-hist,r5i1p1f1,g110,rtmt,1861,0.932261,W m-2,historical,emissions,esgf,0.0990679,0.833193
UKESM1-3-LL,esm-hist,r5i1p1f1,g110,rtmt,1862,-0.583667,W m-2,historical,emissions,esgf,0.0990679,-0.682735
UKESM1-3-LL,esm-hist,r5i1p1f1,g110,rtmt,1863,-0.756867,W m-2,historical,emissions,esgf,0.0990679,-0.855935
UKESM1-3-LL,esm-hist,r5i1p1f1,g110,rtmt,1864,0.125034,W m-2,historical,emissions,esgf,0.0990679,0.0259664
UKESM1-3-LL,esm-hist,r5i1p1f1,g110,rtmt,1865,0.562912,W m-2,historical,emissions,esgf,0.0990679,0.463844
UKESM1-3-LL,esm-hist,r5i1p1f1,g110,rtmt,1866,0.373889,W m-2,historical,emissions,esgf,0.0990679,0.274821
UKESM1-3-LL,esm-hist,r5i1p1f1,g110,rtmt,1867,-0.142016,W m-2,historical,emissions,esgf,0.0990679,-0.241084
UKESM1-3-LL,esm-hist,r5i1p1f1,g110,rtmt,1868,0.534545,W m-2,historical,emissions,esgf,0.0990679,0.435477
UKESM1-3-LL,esm-hist,r5i1p1f1,g110,rtmt,1869,0.229697,W m-2,historical,emissions,esgf,0.0990679,0.130629
UKESM1-3-LL,esm-hist,r5i1p1f1,g110,rtmt,1870,-0.129838,W m-2,historical,emissions,esgf,0.0990679,-0.228906
UKESM1-3-LL,esm-hist,r5i1p1f1,g110,rtmt,1871,0.144256,W m-2,historical,emissions,esgf,0.0990679,0.045188
UKESM1-3-LL,esm-hist,r5i1p1f1,g110,rtmt,1872,-0.235693,W m-2,historical,emissions,esgf,0.0990679,-0.334761
UKESM1-3-LL,esm-hist,r5i1p1f1,g110,rtmt,1873,0.0298184,W m-2,historical,emissions,esgf,0.0990679,-0.0692495
UKESM1-3-LL,esm-hist,r5i1p1f1,g110,rtmt,1874,-0.0225226,W m-2,historical,emissions,esgf,0.0990679,-0.121591
UKESM1-3-LL,esm-hist,r5i1p1f1,g110,rtmt,1875,0.516107,W m-2,historical,emissions,esgf,0.0990679,0.417039
UKESM1-3-LL,esm-hist,r5i1p1f1,g110,rtmt,1876,0.307228,W m-2,historical,emissions,esgf,0.0990679,0.20816
UKESM1-3-LL,esm-hist,r5i1p1f1,g110,rtmt,1877,0.08363,W m-2,historical,emissions,esgf,0.0990679,-0.015438
UKESM1-3-LL,esm-hist,r5i1p1f1,g110,rtmt,1878,0.340653,W m-2,historical,emissions,esgf,0.0990679,0.241585
UKESM1-3-LL,esm-hist,r5i1p1f1,g110,rtmt,1879,-0.0343185,W m-2,historical,emissions,esgf,0.0990679,-0.133386
UKESM1-3-LL,esm-hist,r5i1p1f1,g110,rtmt,1880,-0.0334803,W m-2,historical,emissions,esgf,0.0990679,-0.132548
UKESM1-3-LL,esm-hist,r5i1p1f1,g110,rtmt,1881,0.172938,W m-2,historical,emissions,esgf,0.0990679,0.0738697
UKESM1-3-LL,esm-hist,r5i1p1f1,g110,rtmt,1882,0.173269,W m-2,historical,emissions,esgf,0.0990679,0.0742011
UKESM1-3-LL,esm-hist,r5i1p1f1,g110,rtmt,1883,-0.0710924,W m-2,historical,emissions,esgf,0.0990679,-0.17016
UKESM1-3-LL,esm-hist,r5i1p1f1,g110,rtmt,1884,-1.88221,W m-2,historical,emissions,esgf,0.0990679,-1.98127
UKESM1-3-LL,esm-hist,r5i1p1f1,g110,rtmt,1885,-0.534807,W m-2,historical,emissions,esgf,0.0990679,-0.633875
UKESM1-3-LL,esm-hist,r5i1p1f1,g110,rtmt,1886,-0.879785,W m-2,historical,emissions,esgf,0.0990679,-0.978853
UKESM1-3-LL,esm-hist,r5i1p1f1,g110,rtmt,1887,-0.49171,W m-2,historical,emissions,esgf,0.0990679,-0.590778
UKESM1-3-LL,esm-hist,r5i1p1f1,g110,rtmt,1888,0.289473,W m-2,historical,emissions,esgf,0.0990679,0.190405
UKESM1-3-LL,esm-hist,r5i1p1f1,g110,rtmt,1889,0.502908,W m-2,historical,emissions,esgf,0.0990679,0.40384
UKESM1-3-LL,esm-hist,r5i1p1f1,g110,rtmt,1890,0.335686,W m-2,historical,emissions,esgf,0.0990679,0.236618
UKESM1-3-LL,esm-hist,r5i1p1f1,g110,rtmt,1891,0.208894,W m-2,historical,emissions,esgf,0.0990679,0.109827
UKESM1-3-LL,esm-hist,r5i1p1f1,g110,rtmt,1892,-0.196133,W m-2,historical,emissions,esgf,0.0990679,-0.295201
UKESM1-3-LL,esm-hist,r5i1p1f1,g110,rtmt,1893,0.465541,W m-2,historical,emissions,esgf,0.0990679,0.366473
UKESM1-3-LL,esm-hist,r5i1p1f1,g110,rtmt,1894,0.310145,W m-2,historical,emissions,esgf,0.0990679,0.211077
UKESM1-3-LL,esm-hist,r5i1p1f1,g110,rtmt,1895,-0.156646,W m-2,historical,emissions,esgf,0.0990679,-0.255714
UKESM1-3-LL,esm-hist,r5i1p1f1,g110,rtmt,1896,0.0455611,W m-2,historical,emissions,esgf,0.0990679,-0.0535069
UKESM1-3-LL,esm-hist,r5i1p1f1,g110,rtmt,1897,-0.119642,W m-2,historical,emissions,esgf,0.0990679,-0.21871
UKESM1-3-LL,esm-hist,r5i1p1f1,g110,rtmt,1898,0.251961,W m-2,historical,emissions,esgf,0.0990679,0.152893
UKESM1-3-LL,esm-hist,r5i1p1f1,g110,rtmt,1899,0.513693,W m-2,historical,emissions,esgf,0.0990679,0.414625
UKESM1-3-LL,esm-hist,r5i1p1f1,g110,rtmt,1900,0.407922,W m-2,historical,emissions,esgf,0.0990679,0.308854
UKESM1-3-LL,esm-hist,r5i1p1f1,g110,rtmt,1901,-0.214019,W m-2,historical,emissions,esgf,0.0990679,-0.313087
UKESM1-3-LL,esm-hist,r5i1p1f1,g110,rtmt,1902,-0.248188,W m-2,historical,emissions,esgf,0.0990679,-0.347256
UKESM1-3-LL,esm-hist,r5i1p1f1,g110,rtmt,1903,0.0317086,W m-2,historical,emissions,esgf,0.0990679,-0.0673593
UKESM1-3-LL,esm-hist,r5i1p1f1,g110,rtmt,1904,0.380828,W m-2,historical,emissions,esgf,0.0990679,0.28176
UKESM1-3-LL,esm-hist,r5i1p1f1,g110,rtmt,1905,0.125787,W m-2,historical,emissions,esgf,0.0990679,0.026719
UKESM1-3-LL,esm-hist,r5i1p1f1,g110,rtmt,1906,-0.178417,W m-2,historical,emissions,esgf,0.0990679,-0.277485
UKESM1-3-LL,esm-hist,r5i1p1f1,g110,rtmt,1907,-0.0990319,W m-2,historical,emissions,esgf,0.0990679,-0.1981
UKESM1-3-LL,esm-hist,r5i1p1f1,g110,rtmt,1908,0.540414,W m-2,historical,emissions,esgf,0.0990679,0.441346
UKESM1-3-LL,esm-hist,r5i1p1f1,g110,rtmt,1909,-0.327319,W m-2,historical,emissions,esgf,0.0990679,-0.426387
UKESM1-3-LL,esm-hist,r5i1p1f1,g110,rtmt,1910,-0.337314,W m-2,historical,emissions,esgf,0.0990679,-0.436382
UKESM1-3-LL,esm-hist,r5i1p1f1,g110,rtmt,1911,0.779837,W m-2,historical,emissions,esgf,0.0990679,0.680769
UKESM1-3-LL,esm-hist,r5i1p1f1,g110,rtmt,1912,-0.216397,W m-2,historical,emissions,esgf,0.0990679,-0.315465
UKESM1-3-LL,esm-hist,r5i1p1f1,g110,rtmt,1913,-0.465891,W m-2,historical,emissions,esgf,0.0990679,-0.564959
UKESM1-3-LL,esm-hist,r5i1p1f1,g110,rtmt,1914,-0.119369,W m-2,historical,emissions,esgf,0.0990679,-0.218437
UKESM1-3-LL,esm-hist,r5i1p1f1,g110,rtmt,1915,-0.0938845,W m-2,historical,emissions,esgf,0.0990679,-0.192952
UKESM1-3-LL,esm-hist,r5i1p1f1,g110,rtmt,1916,0.330242,W m-2,historical,emissions,esgf,0.0990679,0.231174
UKESM1-3-LL,esm-hist,r5i1p1f1,g110,rtmt,1917,0.148051,W m-2,historical,emissions,esgf,0.0990679,0.0489831
UKESM1-3-LL,esm-hist,r5i1p1f1,g110,rtmt,1918,-0.704637,W m-2,historical,emissions,esgf,0.0990679,-0.803705
UKESM1-3-LL,esm-hist,r5i1p1f1,g110,rtmt,1919,0.211995,W m-2,historical,emissions,esgf,0.0990679,0.112927
UKESM1-3-LL,esm-hist,r5i1p1f1,g110,rtmt,1920,0.79565,W m-2,historical,emissions,esgf,0.0990679,0.696582
UKESM1-3-LL,esm-hist,r5i1p1f1,g110,rtmt,1921,0.235799,W m-2,historical,emissions,esgf,0.0990679,0.136731
UKESM1-3-LL,esm-hist,r5i1p1f1,g110,rtmt,1922,0.404346,W m-2,historical,emissions,esgf,0.0990679,0.305279
UKESM1-3-LL,esm-hist,r5i1p1f1,g110,rtmt,1923,0.249223,W m-2,historical,emissions,esgf,0.0990679,0.150155
UKESM1-3-LL,esm-hist,r5i1p1f1,g110,rtmt,1924,-0.0309539,W m-2,historical,emissions,esgf,0.0990679,-0.130022
UKESM1-3-LL,esm-hist,r5i1p1f1,g110,rtmt,1925,-0.292094,W m-2,historical,emissions,esgf,0.0990679,-0.391162
UKESM1-3-LL,esm-hist,r5i1p1f1,g110,rtmt,1926,-0.335077,W m-2,historical,emissions,esgf,0.0990679,-0.434145
UKESM1-3-LL,esm-hist,r5i1p1f1,g110,rtmt,1927,0.564175,W m-2,historical,emissions,esgf,0.0990679,0.465107
UKESM1-3-LL,esm-hist,r5i1p1f1,g110,rtmt,1928,0.207169,W m-2,historical,emissions,esgf,0.0990679,0.108102
UKESM1-3-LL,esm-hist,r5i1p1f1,g110,rtmt,1929,0.316773,W m-2,historical,emissions,esgf,0.0990679,0.217705
UKESM1-3-LL,esm-hist,r5i1p1f1,g110,rtmt,1930,0.384707,W m-2,historical,emissions,esgf,0.0990679,0.285639
UKESM1-3-LL,esm-hist,r5i1p1f1,g110,rtmt,1931,-0.0704648,W m-2,historical,emissions,esgf,0.0990679,-0.169533
UKESM1-3-LL,esm-hist,r5i1p1f1,g110,rtmt,1932,-0.072886,W m-2,historical,emissions,esgf,0.0990679,-0.171954
UKESM1-3-LL,esm-hist,r5i1p1f1,g110,rtmt,1933,-0.745909,W m-2,historical,emissions,esgf,0.0990679,-0.844977
UKESM1-3-LL,esm-hist,r5i1p1f1,g110,rtmt,1934,0.345151,W m-2,historical,emissions,esgf,0.0990679,0.246083
UKESM1-3-LL,esm-hist,r5i1p1f1,g110,rtmt,1935,0.489064,W m-2,historical,emissions,esgf,0.0990679,0.389996
UKESM1-3-LL,esm-hist,r5i1p1f1,g110,rtmt,1936,0.200114,W m-2,historical,emissions,esgf,0.0990679,0.101046
UKESM1-3-LL,esm-hist,r5i1p1f1,g110,rtmt,1937,0.361152,W m-2,historical,emissions,esgf,0.0990679,0.262084
UKESM1-3-LL,esm-hist,r5i1p1f1,g110,rtmt,1938,0.367296,W m-2,historical,emissions,esgf,0.0990679,0.268228
UKESM1-3-LL,esm-hist,r5i1p1f1,g110,rtmt,1939,-0.170671,W m-2,historical,emissions,esgf,0.0990679,-0.269739
UKESM1-3-LL,esm-hist,r5i1p1f1,g110,rtmt,1940,-0.37033,W m-2,historical,emissions,esgf,0.0990679,-0.469398
UKESM1-3-LL,esm-hist,r5i1p1f1,g110,rtmt,1941,0.366262,W m-2,historical,emissions,esgf,0.0990679,0.267194
UKESM1-3-LL,esm-hist,r5i1p1f1,g110,rtmt,1942,0.362619,W m-2,historical,emissions,esgf,0.0990679,0.263551
UKESM1-3-LL,esm-hist,r5i1p1f1,g110,rtmt,1943,0.128227,W m-2,historical,emissions,esgf,0.0990679,0.0291593
UKESM1-3-LL,esm-hist,r5i1p1f1,g110,rtmt,1944,0.0914242,W m-2,historical,emissions,esgf,0.0990679,-0.00764375
UKESM1-3-LL,esm-hist,r5i1p1f1,g110,rtmt,1945,0.255489,W m-2,historical,emissions,esgf,0.0990679,0.156421
UKESM1-3-LL,esm-hist,r5i1p1f1,g110,rtmt,1946,0.662372,W m-2,historical,emissions,esgf,0.0990679,0.563304
UKESM1-3-LL,esm-hist,r5i1p1f1,g110,rtmt,1947,-0.266295,W m-2,historical,emissions,esgf,0.0990679,-0.365363
UKESM1-3-LL,esm-hist,r5i1p1f1,g110,rtmt,1948,0.0711741,W m-2,historical,emissions,esgf,0.0990679,-0.0278938
UKESM1-3-LL,esm-hist,r5i1p1f1,g110,rtmt,1949,0.595339,W m-2,historical,emissions,esgf,0.0990679,0.496271
UKESM1-3-LL,esm-hist,r5i1p1f1,g110,rtmt,1950,0.453227,W m-2,historical,emissions,esgf,0.0990679,0.35416
UKESM1-3-LL,esm-hist,r5i1p1f1,g110,rtmt,1951,0.454905,W m-2,historical,emissions,esgf,0.0990679,0.355837
UKESM1-3-LL,esm-hist,r5i1p1f1,g110,rtmt,1952,-0.105888,W m-2,historical,emissions,esgf,0.0990679,-0.204956
UKESM1-3-LL,esm-hist,r5i1p1f1,g110,rtmt,1953,0.0971523,W m-2,historical,emissions,esgf,0.0990679,-0.00191566
UKESM1-3-LL,esm-hist,r5i1p1f1,g110,rtmt,1954,0.119935,W m-2,historical,emissions,esgf,0.0990679,0.0208673
UKESM1-3-LL,esm-hist,r5i1p1f1,g110,rtmt,1955,0.254596,W m-2,historical,emissions,esgf,0.0990679,0.155528
UKESM1-3-LL,esm-hist,r5i1p1f1,g110,rtmt,1956,0.509054,W m-2,historical,emissions,esgf,0.0990679,0.409986
UKESM1-3-LL,esm-hist,r5i1p1f1,g110,rtmt,1957,0.394183,W m-2,historical,emissions,esgf,0.0990679,0.295115
UKESM1-3-LL,esm-hist,r5i1p1f1,g110,rtmt,1958,0.0257416,W m-2,historical,emissions,esgf,0.0990679,-0.0733264
UKESM1-3-LL,esm-hist,r5i1p1f1,g110,rtmt,1959,-0.314305,W m-2,historical,emissions,esgf,0.0990679,-0.413372
UKESM1-3-LL,esm-hist,r5i1p1f1,g110,rtmt,1960,0.15943,W m-2,historical,emissions,esgf,0.0990679,0.0603625
UKESM1-3-LL,esm-hist,r5i1p1f1,g110,rtmt,1961,0.436904,W m-2,historical,emissions,esgf,0.0990679,0.337836
UKESM1-3-LL,esm-hist,r5i1p1f1,g110,rtmt,1962,0.453134,W m-2,historical,emissions,esgf,0.0990679,0.354066
UKESM1-3-LL,esm-hist,r5i1p1f1,g110,rtmt,1963,-1.03045,W m-2,historical,emissions,esgf,0.0990679,-1.12952
UKESM1-3-LL,esm-hist,r5i1p1f1,g110,rtmt,1964,-0.437637,W m-2,historical,emissions,esgf,0.0990679,-0.536704
UKESM1-3-LL,esm-hist,r5i1p1f1,g110,rtmt,1965,0.0908668,W m-2,historical,emissions,esgf,0.0990679,-0.00820109
UKESM1-3-LL,esm-hist,r5i1p1f1,g110,rtmt,1966,0.386593,W m-2,historical,emissions,esgf,0.0990679,0.287525
UKESM1-3-LL,esm-hist,r5i1p1f1,g110,rtmt,1967,0.0573431,W m-2,historical,emissions,esgf,0.0990679,-0.0417249
UKESM1-3-LL,esm-hist,r5i1p1f1,g110,rtmt,1968,-0.372288,W m-2,historical,emissions,esgf,0.0990679,-0.471356
UKESM1-3-LL,esm-hist,r5i1p1f1,g110,rtmt,1969,0.592804,W m-2,historical,emissions,esgf,0.0990679,0.493737
UKESM1-3-LL,esm-hist,r5i1p1f1,g110,rtmt,1970,0.239964,W m-2,historical,emissions,esgf,0.0990679,0.140896
UKESM1-3-LL,esm-hist,r5i1p1f1,g110,rtmt,1971,0.432562,W m-2,historical,emissions,esgf,0.0990679,0.333495
UKESM1-3-LL,esm-hist,r5i1p1f1,g110,rtmt,1972,-0.234815,W m-2,historical,emissions,esgf,0.0990679,-0.333883
UKESM1-3-LL,esm-hist,r5i1p1f1,g110,rtmt,1973,-0.0212911,W m-2,historical,emissions,esgf,0.0990679,-0.120359
UKESM1-3-LL,esm-hist,r5i1p1f1,g110,rtmt,1974,0.56284,W m-2,historical,emissions,esgf,0.0990679,0.463772
UKESM1-3-LL,esm-hist,r5i1p1f1,g110,rtmt,1975,0.226967,W m-2,historical,emissions,esgf,0.0990679,0.127899
UKESM1-3-LL,esm-hist,r5i1p1f1,g110,rtmt,1976,0.0929666,W m-2,historical,emissions,esgf,0.0990679,-0.00610136
UKESM1-3-LL,esm-hist,r5i1p1f1,g110,rtmt,1977,0.335124,W m-2,historical,emissions,esgf,0.0990679,0.236056
UKESM1-3-LL,esm-hist,r5i1p1f1,g110,rtmt,1978,0.281233,W m-2,historical,emissions,esgf,0.0990679,0.182165
UKESM1-3-LL,esm-hist,r5i1p1f1,g110,rtmt,1979,-0.150418,W m-2,historical,emissions,esgf,0.0990679,-0.249486
UKESM1-3-LL,esm-hist,r5i1p1f1,g110,rtmt,1980,0.455567,W m-2,historical,emissions,esgf,0.0990679,0.356499
UKESM1-3-LL,esm-hist,r5i1p1f1,g110,rtmt,1981,0.472695,W m-2,historical,emissions,esgf,0.0990679,0.373627
UKESM1-3-LL,esm-hist,r5i1p1f1,g110,rtmt,1982,0.27455,W m-2,historical,emissions,esgf,0.0990679,0.175482
UKESM1-3-LL,esm-hist,r5i1p1f1,g110,rtmt,1983,-0.370867,W m-2,historical,emissions,esgf,0.0990679,-0.469935
UKESM1-3-LL,esm-hist,r5i1p1f1,g110,rtmt,1984,0.107147,W m-2,historical,emissions,esgf,0.0990679,0.00807929
UKESM1-3-LL,esm-hist,r5i1p1f1,g110,rtmt,1985,0.114318,W m-2,historical,emissions,esgf,0.0990679,0.0152503
UKESM1-3-LL,esm-hist,r5i1p1f1,g110,rtmt,1986,0.576847,W m-2,historical,emissions,esgf,0.0990679,0.477779
UKESM1-3-LL,esm-hist,r5i1p1f1,g110,rtmt,1987,0.621421,W m-2,historical,emissions,esgf,0.0990679,0.522353
UKESM1-3-LL,esm-hist,r5i1p1f1,g110,rtmt,1988,-0.251335,W m-2,historical,emissions,esgf,0.0990679,-0.350403
UKESM1-3-LL,esm-hist,r5i1p1f1,g110,rtmt,1989,0.446874,W m-2,historical,emissions,esgf,0.0990679,0.347806
UKESM1-3-LL,esm-hist,r5i1p1f1,g110,rtmt,1990,0.581175,W m-2,historical,emissions,esgf,0.0990679,0.482107
UKESM1-3-LL,esm-hist,r5i1p1f1,g110,rtmt,1991,-0.0178081,W m-2,historical,emissions,esgf,0.0990679,-0.116876
UKESM1-3-LL,esm-hist,r5i1p1f1,g110,rtmt,1992,-0.986622,W m-2,historical,emissions,esgf,0.0990679,-1.08569
UKESM1-3-LL,esm-hist,r5i1p1f1,g110,rtmt,1993,-0.177555,W m-2,historical,emissions,esgf,0.0990679,-0.276623
UKESM1-3-LL,esm-hist,r5i1p1f1,g110,rtmt,1994,0.776972,W m-2,historical,emissions,esgf,0.0990679,0.677904
UKESM1-3-LL,esm-hist,r5i1p1f1,g110,rtmt,1995,1.86361,W m-2,historical,emissions,esgf,0.0990679,1.76454
UKESM1-3-LL,esm-hist,r5i1p1f1,g110,rtmt,1996,0.75215,W m-2,historical,emissions,esgf,0.0990679,0.653082
UKESM1-3-LL,esm-hist,r5i1p1f1,g110,rtmt,1997,0.63551,W m-2,historical,emissions,esgf,0.0990679,0.536442
UKESM1-3-LL,esm-hist,r5i1p1f1,g110,rtmt,1998,0.630523,W m-2,historical,emissions,esgf,0.0990679,0.531455
UKESM1-3-LL,esm-hist,r5i1p1f1,g110,rtmt,1999,1.08695,W m-2,historical,emissions,esgf,0.0990679,0.98788
UKESM1-3-LL,esm-hist,r5i1p1f1,g110,rtmt,2000,1.18207,W m-2,historical,emissions,esgf,0.0990679,1.083
UKESM1-3-LL,esm-hist,r5i1p1f1,g110,rtmt,2001,0.673188,W m-2,historical,emissions,esgf,0.0990679,0.57412
UKESM1-3-LL,esm-hist,r5i1p1f1,g110,rtmt,2002,0.485071,W m-2,historical,emissions,esgf,0.0990679,0.386003
UKESM1-3-LL,esm-hist,r5i1p1f1,g110,rtmt,2003,0.804179,W m-2,historical,emissions,esgf,0.0990679,0.705111
UKESM1-3-LL,esm-hist,r5i1p1f1,g110,rtmt,2004,0.877524,W m-2,historical,emissions,esgf,0.0990679,0.778456
UKESM1-3-LL,esm-hist,r5i1p1f1,g110,rtmt,2005,0.440167,W m-2,historical,emissions,esgf,0.0990679,0.341099
UKESM1-3-LL,esm-hist,r5i1p1f1,g110,rtmt,2006,0.898393,W m-2,historical,emissions,esgf,0.0990679,0.799325
UKESM1-3-LL,esm-hist,r5i1p1f1,g110,rtmt,2007,1.51863,W m-2,historical,emissions,esgf,0.0990679,1.41956
UKESM1-3-LL,esm-hist,r5i1p1f1,g110,rtmt,2008,1.04759,W m-2,historical,emissions,esgf,0.0990679,0.948521
UKESM1-3-LL,esm-hist,r5i1p1f1,g110,rtmt,2009,0.838596,W m-2,historical,emissions,esgf,0.0990679,0.739528
UKESM1-3-LL,esm-hist,r5i1p1f1,g110,rtmt,2010,0.70598,W m-2,historical,emissions,esgf,0.0990679,0.606912
UKESM1-3-LL,esm-hist,r5i1p1f1,g110,rtmt,2011,1.04275,W m-2,historical,emissions,esgf,0.0990679,0.943679
UKESM1-3-LL,esm-hist,r5i1p1f1,g110,rtmt,2012,1.18174,W m-2,historical,emissions,esgf,0.0990679,1.08267
UKESM1-3-LL,esm-hist,r5i1p1f1,g110,rtmt,2013,1.05859,W m-2,historical,emissions,esgf,0.0990679,0.95952
UKESM1-3-LL,esm-hist,r5i1p1f1,g110,rtmt,2014,0.726233,W m-2,historical,emissions,esgf,0.0990679,0.627165
UKESM1-3-LL,esm-hist,r5i1p1f1,g110,rtmt,2015,1.43502,W m-2,historical,emissions,esgf,0.0990679,1.33595
UKESM1-3-LL,esm-hist,r5i1p1f1,g110,rtmt,2016,0.891255,W m-2,historical,emissions,esgf,0.0990679,0.792187
UKESM1-3-LL,esm-hist,r5i1p1f1,g110,rtmt,2017,1.257,W m-2,historical,emissions,esgf,0.0990679,1.15793
UKESM1-3-LL,esm-hist,r5i1p1f1,g110,rtmt,2018,0.852903,W m-2,historical,emissions,esgf,0.0990679,0.753835
UKESM1-3-LL,esm-hist,r5i1p1f1,g110,rtmt,2019,1.5644,W m-2,historical,emissions,esgf,0.0990679,1.46533
UKESM1-3-LL,esm-hist,r5i1p1f1,g110,rtmt,2020,1.63533,W m-2,historical,emissions,esgf,0.0990679,1.53626
UKESM1-3-LL,esm-hist,r5i1p1f1,g110,rtmt,2021,1.06579,W m-2,historical,emissions,esgf,0.0990679,0.966727
UKESM1-3-LL,esm-hist,r7i1p1f2,g110,rtmt,1850,0.984155,W m-2,historical,emissions,esgf,0.0697876,0.914367
UKESM1-3-LL,esm-hist,r7i1p1f2,g110,rtmt,1851,0.133841,W m-2,historical,emissions,esgf,0.0697876,0.0640532
UKESM1-3-LL,esm-hist,r7i1p1f2,g110,rtmt,1852,0.28921,W m-2,historical,emissions,esgf,0.0697876,0.219423
UKESM1-3-LL,esm-hist,r7i1p1f2,g110,rtmt,1853,0.233988,W m-2,historical,emissions,esgf,0.0697876,0.1642
UKESM1-3-LL,esm-hist,r7i1p1f2,g110,rtmt,1854,-0.519973,W m-2,historical,emissions,esgf,0.0697876,-0.589761
UKESM1-3-LL,esm-hist,r7i1p1f2,g110,rtmt,1855,-0.150219,W m-2,historical,emissions,esgf,0.0697876,-0.220006
UKESM1-3-LL,esm-hist,r7i1p1f2,g110,rtmt,1856,-0.101376,W m-2,historical,emissions,esgf,0.0697876,-0.171163
UKESM1-3-LL,esm-hist,r7i1p1f2,g110,rtmt,1857,-0.34737,W m-2,historical,emissions,esgf,0.0697876,-0.417158
UKESM1-3-LL,esm-hist,r7i1p1f2,g110,rtmt,1858,-0.364935,W m-2,historical,emissions,esgf,0.0697876,-0.434722
UKESM1-3-LL,esm-hist,r7i1p1f2,g110,rtmt,1859,-0.0925992,W m-2,historical,emissions,esgf,0.0697876,-0.162387
UKESM1-3-LL,esm-hist,r7i1p1f2,g110,rtmt,1860,0.411407,W m-2,historical,emissions,esgf,0.0697876,0.341619
UKESM1-3-LL,esm-hist,r7i1p1f2,g110,rtmt,1861,0.12632,W m-2,historical,emissions,esgf,0.0697876,0.0565323
UKESM1-3-LL,esm-hist,r7i1p1f2,g110,rtmt,1862,-0.627872,W m-2,historical,emissions,esgf,0.0697876,-0.69766
UKESM1-3-LL,esm-hist,r7i1p1f2,g110,rtmt,1863,-1.06821,W m-2,historical,emissions,esgf,0.0697876,-1.138
UKESM1-3-LL,esm-hist,r7i1p1f2,g110,rtmt,1864,-0.20798,W m-2,historical,emissions,esgf,0.0697876,-0.277767
UKESM1-3-LL,esm-hist,r7i1p1f2,g110,rtmt,1865,0.570541,W m-2,historical,emissions,esgf,0.0697876,0.500753
UKESM1-3-LL,esm-hist,r7i1p1f2,g110,rtmt,1866,0.0547043,W m-2,historical,emissions,esgf,0.0697876,-0.0150833
UKESM1-3-LL,esm-hist,r7i1p1f2,g110,rtmt,1867,-0.12851,W m-2,historical,emissions,esgf,0.0697876,-0.198298
UKESM1-3-LL,esm-hist,r7i1p1f2,g110,rtmt,1868,0.302238,W m-2,historical,emissions,esgf,0.0697876,0.23245
UKESM1-3-LL,esm-hist,r7i1p1f2,g110,rtmt,1869,-0.0432824,W m-2,historical,emissions,esgf,0.0697876,-0.11307
UKESM1-3-LL,esm-hist,r7i1p1f2,g110,rtmt,1870,0.108371,W m-2,historical,emissions,esgf,0.0697876,0.0385835
UKESM1-3-LL,esm-hist,r7i1p1f2,g110,rtmt,1871,0.6685,W m-2,historical,emissions,esgf,0.0697876,0.598713
UKESM1-3-LL,esm-hist,r7i1p1f2,g110,rtmt,1872,-0.208771,W m-2,historical,emissions,esgf,0.0697876,-0.278559
UKESM1-3-LL,esm-hist,r7i1p1f2,g110,rtmt,1873,-0.280879,W m-2,historical,emissions,esgf,0.0697876,-0.350667
UKESM1-3-LL,esm-hist,r7i1p1f2,g110,rtmt,1874,-0.124733,W m-2,historical,emissions,esgf,0.0697876,-0.194521
UKESM1-3-LL,esm-hist,r7i1p1f2,g110,rtmt,1875,0.361956,W m-2,historical,emissions,esgf,0.0697876,0.292168
UKESM1-3-LL,esm-hist,r7i1p1f2,g110,rtmt,1876,0.271452,W m-2,historical,emissions,esgf,0.0697876,0.201664
UKESM1-3-LL,esm-hist,r7i1p1f2,g110,rtmt,1877,0.0620461,W m-2,historical,emissions,esgf,0.0697876,-0.00774146
UKESM1-3-LL,esm-hist,r7i1p1f2,g110,rtmt,1878,-0.193841,W m-2,historical,emissions,esgf,0.0697876,-0.263628
UKESM1-3-LL,esm-hist,r7i1p1f2,g110,rtmt,1879,-0.0975523,W m-2,historical,emissions,esgf,0.0697876,-0.16734
UKESM1-3-LL,esm-hist,r7i1p1f2,g110,rtmt,1880,-0.185905,W m-2,historical,emissions,esgf,0.0697876,-0.255692
UKESM1-3-LL,esm-hist,r7i1p1f2,g110,rtmt,1881,0.0901693,W m-2,historical,emissions,esgf,0.0697876,0.0203817
UKESM1-3-LL,esm-hist,r7i1p1f2,g110,rtmt,1882,0.468485,W m-2,historical,emissions,esgf,0.0697876,0.398697
UKESM1-3-LL,esm-hist,r7i1p1f2,g110,rtmt,1883,-0.623788,W m-2,historical,emissions,esgf,0.0697876,-0.693575
UKESM1-3-LL,esm-hist,r7i1p1f2,g110,rtmt,1884,-1.39699,W m-2,historical,emissions,esgf,0.0697876,-1.46678
UKESM1-3-LL,esm-hist,r7i1p1f2,g110,rtmt,1885,-0.801175,W m-2,historical,emissions,esgf,0.0697876,-0.870963
UKESM1-3-LL,esm-hist,r7i1p1f2,g110,rtmt,1886,-0.769572,W m-2,historical,emissions,esgf,0.0697876,-0.83936
UKESM1-3-LL,esm-hist,r7i1p1f2,g110,rtmt,1887,0.143476,W m-2,historical,emissions,esgf,0.0697876,0.0736881
UKESM1-3-LL,esm-hist,r7i1p1f2,g110,rtmt,1888,0.0949119,W m-2,historical,emissions,esgf,0.0697876,0.0251243
UKESM1-3-LL,esm-hist,r7i1p1f2,g110,rtmt,1889,0.718791,W m-2,historical,emissions,esgf,0.0697876,0.649003
UKESM1-3-LL,esm-hist,r7i1p1f2,g110,rtmt,1890,-0.184673,W m-2,historical,emissions,esgf,0.0697876,-0.25446
UKESM1-3-LL,esm-hist,r7i1p1f2,g110,rtmt,1891,-0.340822,W m-2,historical,emissions,esgf,0.0697876,-0.41061
UKESM1-3-LL,esm-hist,r7i1p1f2,g110,rtmt,1892,0.242555,W m-2,historical,emissions,esgf,0.0697876,0.172767
UKESM1-3-LL,esm-hist,r7i1p1f2,g110,rtmt,1893,0.599462,W m-2,historical,emissions,esgf,0.0697876,0.529675
UKESM1-3-LL,esm-hist,r7i1p1f2,g110,rtmt,1894,0.549837,W m-2,historical,emissions,esgf,0.0697876,0.480049
UKESM1-3-LL,esm-hist,r7i1p1f2,g110,rtmt,1895,0.283548,W m-2,historical,emissions,esgf,0.0697876,0.21376
UKESM1-3-LL,esm-hist,r7i1p1f2,g110,rtmt,1896,0.213096,W m-2,historical,emissions,esgf,0.0697876,0.143309
UKESM1-3-LL,esm-hist,r7i1p1f2,g110,rtmt,1897,0.193982,W m-2,historical,emissions,esgf,0.0697876,0.124194
UKESM1-3-LL,esm-hist,r7i1p1f2,g110,rtmt,1898,0.170054,W m-2,historical,emissions,esgf,0.0697876,0.100266
UKESM1-3-LL,esm-hist,r7i1p1f2,g110,rtmt,1899,0.270932,W m-2,historical,emissions,esgf,0.0697876,0.201145
UKESM1-3-LL,esm-hist,r7i1p1f2,g110,rtmt,1900,0.38966,W m-2,historical,emissions,esgf,0.0697876,0.319872
UKESM1-3-LL,esm-hist,r7i1p1f2,g110,rtmt,1901,0.133125,W m-2,historical,emissions,esgf,0.0697876,0.0633371
UKESM1-3-LL,esm-hist,r7i1p1f2,g110,rtmt,1902,-0.039292,W m-2,historical,emissions,esgf,0.0697876,-0.10908
UKESM1-3-LL,esm-hist,r7i1p1f2,g110,rtmt,1903,-0.602927,W m-2,historical,emissions,esgf,0.0697876,-0.672714
UKESM1-3-LL,esm-hist,r7i1p1f2,g110,rtmt,1904,0.319514,W m-2,historical,emissions,esgf,0.0697876,0.249726
UKESM1-3-LL,esm-hist,r7i1p1f2,g110,rtmt,1905,-0.167302,W m-2,historical,emissions,esgf,0.0697876,-0.237089
UKESM1-3-LL,esm-hist,r7i1p1f2,g110,rtmt,1906,0.149904,W m-2,historical,emissions,esgf,0.0697876,0.0801161
UKESM1-3-LL,esm-hist,r7i1p1f2,g110,rtmt,1907,-0.39044,W m-2,historical,emissions,esgf,0.0697876,-0.460227
UKESM1-3-LL,esm-hist,r7i1p1f2,g110,rtmt,1908,-0.167276,W m-2,historical,emissions,esgf,0.0697876,-0.237064
UKESM1-3-LL,esm-hist,r7i1p1f2,g110,rtmt,1909,0.0861284,W m-2,historical,emissions,esgf,0.0697876,0.0163408
UKESM1-3-LL,esm-hist,r7i1p1f2,g110,rtmt,1910,0.629009,W m-2,historical,emissions,esgf,0.0697876,0.559222
UKESM1-3-LL,esm-hist,r7i1p1f2,g110,rtmt,1911,0.348582,W m-2,historical,emissions,esgf,0.0697876,0.278794
UKESM1-3-LL,esm-hist,r7i1p1f2,g110,rtmt,1912,-0.395628,W m-2,historical,emissions,esgf,0.0697876,-0.465416
UKESM1-3-LL,esm-hist,r7i1p1f2,g110,rtmt,1913,-0.4387,W m-2,historical,emissions,esgf,0.0697876,-0.508488
UKESM1-3-LL,esm-hist,r7i1p1f2,g110,rtmt,1914,-0.0237554,W m-2,historical,emissions,esgf,0.0697876,-0.0935431
UKESM1-3-LL,esm-hist,r7i1p1f2,g110,rtmt,1915,-0.0471516,W m-2,historical,emissions,esgf,0.0697876,-0.116939
UKESM1-3-LL,esm-hist,r7i1p1f2,g110,rtmt,1916,0.209258,W m-2,historical,emissions,esgf,0.0697876,0.139471
UKESM1-3-LL,esm-hist,r7i1p1f2,g110,rtmt,1917,0.239351,W m-2,historical,emissions,esgf,0.0697876,0.169564
UKESM1-3-LL,esm-hist,r7i1p1f2,g110,rtmt,1918,0.425991,W m-2,historical,emissions,esgf,0.0697876,0.356204
UKESM1-3-LL,esm-hist,r7i1p1f2,g110,rtmt,1919,-0.29379,W m-2,historical,emissions,esgf,0.0697876,-0.363578
UKESM1-3-LL,esm-hist,r7i1p1f2,g110,rtmt,1920,-0.206179,W m-2,historical,emissions,esgf,0.0697876,-0.275966
UKESM1-3-LL,esm-hist,r7i1p1f2,g110,rtmt,1921,0.514654,W m-2,historical,emissions,esgf,0.0697876,0.444867
UKESM1-3-LL,esm-hist,r7i1p1f2,g110,rtmt,1922,0.0355163,W m-2,historical,emissions,esgf,0.0697876,-0.0342713
UKESM1-3-LL,esm-hist,r7i1p1f2,g110,rtmt,1923,0.408035,W m-2,historical,emissions,esgf,0.0697876,0.338248
UKESM1-3-LL,esm-hist,r7i1p1f2,g110,rtmt,1924,-0.213806,W m-2,historical,emissions,esgf,0.0697876,-0.283594
UKESM1-3-LL,esm-hist,r7i1p1f2,g110,rtmt,1925,0.0877214,W m-2,historical,emissions,esgf,0.0697876,0.0179338
UKESM1-3-LL,esm-hist,r7i1p1f2,g110,rtmt,1926,0.426128,W m-2,historical,emissions,esgf,0.0697876,0.356341
UKESM1-3-LL,esm-hist,r7i1p1f2,g110,rtmt,1927,0.104952,W m-2,historical,emissions,esgf,0.0697876,0.0351648
UKESM1-3-LL,esm-hist,r7i1p1f2,g110,rtmt,1928,-0.557729,W m-2,historical,emissions,esgf,0.0697876,-0.627516
UKESM1-3-LL,esm-hist,r7i1p1f2,g110,rtmt,1929,0.859674,W m-2,historical,emissions,esgf,0.0697876,0.789886
UKESM1-3-LL,esm-hist,r7i1p1f2,g110,rtmt,1930,0.441739,W m-2,historical,emissions,esgf,0.0697876,0.371952
UKESM1-3-LL,esm-hist,r7i1p1f2,g110,rtmt,1931,-0.0173123,W m-2,historical,emissions,esgf,0.0697876,-0.0870999
UKESM1-3-LL,esm-hist,r7i1p1f2,g110,rtmt,1932,0.187609,W m-2,historical,emissions,esgf,0.0697876,0.117822
UKESM1-3-LL,esm-hist,r7i1p1f2,g110,rtmt,1933,0.0740661,W m-2,historical,emissions,esgf,0.0697876,0.00427847
UKESM1-3-LL,esm-hist,r7i1p1f2,g110,rtmt,1934,0.255847,W m-2,historical,emissions,esgf,0.0697876,0.18606
UKESM1-3-LL,esm-hist,r7i1p1f2,g110,rtmt,1935,0.22988,W m-2,historical,emissions,esgf,0.0697876,0.160092
UKESM1-3-LL,esm-hist,r7i1p1f2,g110,rtmt,1936,0.701949,W m-2,historical,emissions,esgf,0.0697876,0.632161
UKESM1-3-LL,esm-hist,r7i1p1f2,g110,rtmt,1937,0.481236,W m-2,historical,emissions,esgf,0.0697876,0.411448
UKESM1-3-LL,esm-hist,r7i1p1f2,g110,rtmt,1938,0.354837,W m-2,historical,emissions,esgf,0.0697876,0.28505
UKESM1-3-LL,esm-hist,r7i1p1f2,g110,rtmt,1939,0.115909,W m-2,historical,emissions,esgf,0.0697876,0.0461218
UKESM1-3-LL,esm-hist,r7i1p1f2,g110,rtmt,1940,0.512166,W m-2,historical,emissions,esgf,0.0697876,0.442378
UKESM1-3-LL,esm-hist,r7i1p1f2,g110,rtmt,1941,0.291893,W m-2,historical,emissions,esgf,0.0697876,0.222105
UKESM1-3-LL,esm-hist,r7i1p1f2,g110,rtmt,1942,-0.153296,W m-2,historical,emissions,esgf,0.0697876,-0.223083
UKESM1-3-LL,esm-hist,r7i1p1f2,g110,rtmt,1943,-0.394795,W m-2,historical,emissions,esgf,0.0697876,-0.464583
UKESM1-3-LL,esm-hist,r7i1p1f2,g110,rtmt,1944,0.303213,W m-2,historical,emissions,esgf,0.0697876,0.233425
UKESM1-3-LL,esm-hist,r7i1p1f2,g110,rtmt,1945,0.4256,W m-2,historical,emissions,esgf,0.0697876,0.355813
UKESM1-3-LL,esm-hist,r7i1p1f2,g110,rtmt,1946,0.6569,W m-2,historical,emissions,esgf,0.0697876,0.587113
UKESM1-3-LL,esm-hist,r7i1p1f2,g110,rtmt,1947,0.376975,W m-2,historical,emissions,esgf,0.0697876,0.307188
UKESM1-3-LL,esm-hist,r7i1p1f2,g110,rtmt,1948,0.42568,W m-2,historical,emissions,esgf,0.0697876,0.355893
UKESM1-3-LL,esm-hist,r7i1p1f2,g110,rtmt,1949,0.244736,W m-2,historical,emissions,esgf,0.0697876,0.174949
UKESM1-3-LL,esm-hist,r7i1p1f2,g110,rtmt,1950,0.514859,W m-2,historical,emissions,esgf,0.0697876,0.445071
UKESM1-3-LL,esm-hist,r7i1p1f2,g110,rtmt,1951,-0.0402983,W m-2,historical,emissions,esgf,0.0697876,-0.110086
UKESM1-3-LL,esm-hist,r7i1p1f2,g110,rtmt,1952,0.322743,W m-2,historical,emissions,esgf,0.0697876,0.252955
UKESM1-3-LL,esm-hist,r7i1p1f2,g110,rtmt,1953,0.462034,W m-2,historical,emissions,esgf,0.0697876,0.392247
UKESM1-3-LL,esm-hist,r7i1p1f2,g110,rtmt,1954,-0.0824956,W m-2,historical,emissions,esgf,0.0697876,-0.152283
UKESM1-3-LL,esm-hist,r7i1p1f2,g110,rtmt,1955,-0.204201,W m-2,historical,emissions,esgf,0.0697876,-0.273988
UKESM1-3-LL,esm-hist,r7i1p1f2,g110,rtmt,1956,0.0181709,W m-2,historical,emissions,esgf,0.0697876,-0.0516167
UKESM1-3-LL,esm-hist,r7i1p1f2,g110,rtmt,1957,0.41658,W m-2,historical,emissions,esgf,0.0697876,0.346792
UKESM1-3-LL,esm-hist,r7i1p1f2,g110,rtmt,1958,0.412794,W m-2,historical,emissions,esgf,0.0697876,0.343006
UKESM1-3-LL,esm-hist,r7i1p1f2,g110,rtmt,1959,0.284725,W m-2,historical,emissions,esgf,0.0697876,0.214938
UKESM1-3-LL,esm-hist,r7i1p1f2,g110,rtmt,1960,-0.28313,W m-2,historical,emissions,esgf,0.0697876,-0.352918
UKESM1-3-LL,esm-hist,r7i1p1f2,g110,rtmt,1961,0.11154,W m-2,historical,emissions,esgf,0.0697876,0.0417527
UKESM1-3-LL,esm-hist,r7i1p1f2,g110,rtmt,1962,0.233226,W m-2,historical,emissions,esgf,0.0697876,0.163438
UKESM1-3-LL,esm-hist,r7i1p1f2,g110,rtmt,1963,-0.461231,W m-2,historical,emissions,esgf,0.0697876,-0.531018
UKESM1-3-LL,esm-hist,r7i1p1f2,g110,rtmt,1964,-0.7952,W m-2,historical,emissions,esgf,0.0697876,-0.864987
UKESM1-3-LL,esm-hist,r7i1p1f2,g110,rtmt,1965,0.408186,W m-2,historical,emissions,esgf,0.0697876,0.338398
UKESM1-3-LL,esm-hist,r7i1p1f2,g110,rtmt,1966,0.0767993,W m-2,historical,emissions,esgf,0.0697876,0.00701165
UKESM1-3-LL,esm-hist,r7i1p1f2,g110,rtmt,1967,0.128798,W m-2,historical,emissions,esgf,0.0697876,0.05901
UKESM1-3-LL,esm-hist,r7i1p1f2,g110,rtmt,1968,-0.140698,W m-2,historical,emissions,esgf,0.0697876,-0.210485
UKESM1-3-LL,esm-hist,r7i1p1f2,g110,rtmt,1969,0.21255,W m-2,historical,emissions,esgf,0.0697876,0.142763
UKESM1-3-LL,esm-hist,r7i1p1f2,g110,rtmt,1970,-0.469999,W m-2,historical,emissions,esgf,0.0697876,-0.539786
UKESM1-3-LL,esm-hist,r7i1p1f2,g110,rtmt,1971,0.208926,W m-2,historical,emissions,esgf,0.0697876,0.139138
UKESM1-3-LL,esm-hist,r7i1p1f2,g110,rtmt,1972,0.297958,W m-2,historical,emissions,esgf,0.0697876,0.228171
UKESM1-3-LL,esm-hist,r7i1p1f2,g110,rtmt,1973,0.455314,W m-2,historical,emissions,esgf,0.0697876,0.385527
UKESM1-3-LL,esm-hist,r7i1p1f2,g110,rtmt,1974,0.140394,W m-2,historical,emissions,esgf,0.0697876,0.0706069
UKESM1-3-LL,esm-hist,r7i1p1f2,g110,rtmt,1975,0.26557,W m-2,historical,emissions,esgf,0.0697876,0.195782
UKESM1-3-LL,esm-hist,r7i1p1f2,g110,rtmt,1976,0.620895,W m-2,historical,emissions,esgf,0.0697876,0.551108
UKESM1-3-LL,esm-hist,r7i1p1f2,g110,rtmt,1977,0.0985013,W m-2,historical,emissions,esgf,0.0697876,0.0287137
UKESM1-3-LL,esm-hist,r7i1p1f2,g110,rtmt,1978,0.2959,W m-2,historical,emissions,esgf,0.0697876,0.226112
UKESM1-3-LL,esm-hist,r7i1p1f2,g110,rtmt,1979,0.601179,W m-2,historical,emissions,esgf,0.0697876,0.531392
UKESM1-3-LL,esm-hist,r7i1p1f2,g110,rtmt,1980,0.0613582,W m-2,historical,emissions,esgf,0.0697876,-0.00842945
UKESM1-3-LL,esm-hist,r7i1p1f2,g110,rtmt,1981,-0.0436058,W m-2,historical,emissions,esgf,0.0697876,-0.113393
UKESM1-3-LL,esm-hist,r7i1p1f2,g110,rtmt,1982,0.0698479,W m-2,historical,emissions,esgf,0.0697876,6.02475e-05
UKESM1-3-LL,esm-hist,r7i1p1f2,g110,rtmt,1983,0.0248889,W m-2,historical,emissions,esgf,0.0697876,-0.0448987
UKESM1-3-LL,esm-hist,r7i1p1f2,g110,rtmt,1984,-0.182216,W m-2,historical,emissions,esgf,0.0697876,-0.252004
UKESM1-3-LL,esm-hist,r7i1p1f2,g110,rtmt,1985,-0.0529866,W m-2,historical,emissions,esgf,0.0697876,-0.122774
UKESM1-3-LL,esm-hist,r7i1p1f2,g110,rtmt,1986,0.393174,W m-2,historical,emissions,esgf,0.0697876,0.323387
UKESM1-3-LL,esm-hist,r7i1p1f2,g110,rtmt,1987,0.726447,W m-2,historical,emissions,esgf,0.0697876,0.656659
UKESM1-3-LL,esm-hist,r7i1p1f2,g110,rtmt,1988,0.546056,W m-2,historical,emissions,esgf,0.0697876,0.476268
UKESM1-3-LL,esm-hist,r7i1p1f2,g110,rtmt,1989,0.517945,W m-2,historical,emissions,esgf,0.0697876,0.448157
UKESM1-3-LL,esm-hist,r7i1p1f2,g110,rtmt,1990,0.80047,W m-2,historical,emissions,esgf,0.0697876,0.730682
UKESM1-3-LL,esm-hist,r7i1p1f2,g110,rtmt,1991,-0.180923,W m-2,historical,emissions,esgf,0.0697876,-0.250711
UKESM1-3-LL,esm-hist,r7i1p1f2,g110,rtmt,1992,-1.01585,W m-2,historical,emissions,esgf,0.0697876,-1.08564
UKESM1-3-LL,esm-hist,r7i1p1f2,g110,rtmt,1993,-0.0904648,W m-2,historical,emissions,esgf,0.0697876,-0.160252
UKESM1-3-LL,esm-hist,r7i1p1f2,g110,rtmt,1994,0.619977,W m-2,historical,emissions,esgf,0.0697876,0.550189
UKESM1-3-LL,esm-hist,r7i1p1f2,g110,rtmt,1995,0.911058,W m-2,historical,emissions,esgf,0.0697876,0.84127
UKESM1-3-LL,esm-hist,r7i1p1f2,g110,rtmt,1996,0.450331,W m-2,historical,emissions,esgf,0.0697876,0.380544
UKESM1-3-LL,esm-hist,r7i1p1f2,g110,rtmt,1997,0.620147,W m-2,historical,emissions,esgf,0.0697876,0.55036
UKESM1-3-LL,esm-hist,r7i1p1f2,g110,rtmt,1998,0.828082,W m-2,historical,emissions,esgf,0.0697876,0.758294
UKESM1-3-LL,esm-hist,r7i1p1f2,g110,rtmt,1999,0.689474,W m-2,historical,emissions,esgf,0.0697876,0.619686
UKESM1-3-LL,esm-hist,r7i1p1f2,g110,rtmt,2000,0.770773,W m-2,historical,emissions,esgf,0.0697876,0.700985
UKESM1-3-LL,esm-hist,r7i1p1f2,g110,rtmt,2001,0.779842,W m-2,historical,emissions,esgf,0.0697876,0.710054
UKESM1-3-LL,esm-hist,r7i1p1f2,g110,rtmt,2002,1.10595,W m-2,historical,emissions,esgf,0.0697876,1.03617
UKESM1-3-LL,esm-hist,r7i1p1f2,g110,rtmt,2003,0.899968,W m-2,historical,emissions,esgf,0.0697876,0.830181
UKESM1-3-LL,esm-hist,r7i1p1f2,g110,rtmt,2004,1.46911,W m-2,historical,emissions,esgf,0.0697876,1.39932
UKESM1-3-LL,esm-hist,r7i1p1f2,g110,rtmt,2005,0.326378,W m-2,historical,emissions,esgf,0.0697876,0.25659
UKESM1-3-LL,esm-hist,r7i1p1f2,g110,rtmt,2006,0.844747,W m-2,historical,emissions,esgf,0.0697876,0.774959
UKESM1-3-LL,esm-hist,r7i1p1f2,g110,rtmt,2007,0.858674,W m-2,historical,emissions,esgf,0.0697876,0.788887
UKESM1-3-LL,esm-hist,r7i1p1f2,g110,rtmt,2008,0.959732,W m-2,historical,emissions,esgf,0.0697876,0.889944
UKESM1-3-LL,esm-hist,r7i1p1f2,g110,rtmt,2009,1.08789,W m-2,historical,emissions,esgf,0.0697876,1.0181
UKESM1-3-LL,esm-hist,r7i1p1f2,g110,rtmt,2010,1.05271,W m-2,historical,emissions,esgf,0.0697876,0.982925
UKESM1-3-LL,esm-hist,r7i1p1f2,g110,rtmt,2011,-0.0872325,W m-2,historical,emissions,esgf,0.0697876,-0.15702
UKESM1-3-LL,esm-hist,r7i1p1f2,g110,rtmt,2012,1.18614,W m-2,historical,emissions,esgf,0.0697876,1.11635
UKESM1-3-LL,esm-hist,r7i1p1f2,g110,rtmt,2013,1.43241,W m-2,historical,emissions,esgf,0.0697876,1.36262
UKESM1-3-LL,esm-hist,r7i1p1f2,g110,rtmt,2014,1.04894,W m-2,historical,emissions,esgf,0.0697876,0.979153
UKESM1-3-LL,esm-hist,r7i1p1f2,g110,rtmt,2015,1.37272,W m-2,historical,emissions,esgf,0.0697876,1.30293
UKESM1-3-LL,esm-hist,r7i1p1f2,g110,rtmt,2016,0.832871,W m-2,historical,emissions,esgf,0.0697876,0.763083
UKESM1-3-LL,esm-hist,r7i1p1f2,g110,rtmt,2017,1.26883,W m-2,historical,emissions,esgf,0.0697876,1.19904
UKESM1-3-LL,esm-hist,r7i1p1f2,g110,rtmt,2018,0.592469,W m-2,historical,emissions,esgf,0.0697876,0.522682
UKESM1-3-LL,esm-hist,r7i1p1f2,g110,rtmt,2019,1.15556,W m-2,historical,emissions,esgf,0.0697876,1.08577
UKESM1-3-LL,esm-hist,r7i1p1f2,g110,rtmt,2020,1.37213,W m-2,historical,emissions,esgf,0.0697876,1.30234
UKESM1-3-LL,esm-hist,r7i1p1f2,g110,rtmt,2021,0.595469,W m-2,historical,emissions,esgf,0.0697876,0.525681
UKESM1-3-LL,esm-hist,r8i1p1f2,g110,rtmt,1850,0.360482,W m-2,historical,emissions,esgf,0.075312,0.28517
UKESM1-3-LL,esm-hist,r8i1p1f2,g110,rtmt,1851,0.138772,W m-2,historical,emissions,esgf,0.075312,0.0634599
UKESM1-3-LL,esm-hist,r8i1p1f2,g110,rtmt,1852,0.317528,W m-2,historical,emissions,esgf,0.075312,0.242216
UKESM1-3-LL,esm-hist,r8i1p1f2,g110,rtmt,1853,0.00645776,W m-2,historical,emissions,esgf,0.075312,-0.0688543
UKESM1-3-LL,esm-hist,r8i1p1f2,g110,rtmt,1854,-0.132283,W m-2,historical,emissions,esgf,0.075312,-0.207595
UKESM1-3-LL,esm-hist,r8i1p1f2,g110,rtmt,1855,0.349302,W m-2,historical,emissions,esgf,0.075312,0.27399
UKESM1-3-LL,esm-hist,r8i1p1f2,g110,rtmt,1856,0.133472,W m-2,historical,emissions,esgf,0.075312,0.0581603
UKESM1-3-LL,esm-hist,r8i1p1f2,g110,rtmt,1857,-0.883744,W m-2,historical,emissions,esgf,0.075312,-0.959056
UKESM1-3-LL,esm-hist,r8i1p1f2,g110,rtmt,1858,-0.384134,W m-2,historical,emissions,esgf,0.075312,-0.459446
UKESM1-3-LL,esm-hist,r8i1p1f2,g110,rtmt,1859,0.204067,W m-2,historical,emissions,esgf,0.075312,0.128755
UKESM1-3-LL,esm-hist,r8i1p1f2,g110,rtmt,1860,0.038522,W m-2,historical,emissions,esgf,0.075312,-0.03679
UKESM1-3-LL,esm-hist,r8i1p1f2,g110,rtmt,1861,0.803139,W m-2,historical,emissions,esgf,0.075312,0.727827
UKESM1-3-LL,esm-hist,r8i1p1f2,g110,rtmt,1862,-1.11985,W m-2,historical,emissions,esgf,0.075312,-1.19516
UKESM1-3-LL,esm-hist,r8i1p1f2,g110,rtmt,1863,-0.735028,W m-2,historical,emissions,esgf,0.075312,-0.81034
UKESM1-3-LL,esm-hist,r8i1p1f2,g110,rtmt,1864,0.457687,W m-2,historical,emissions,esgf,0.075312,0.382375
UKESM1-3-LL,esm-hist,r8i1p1f2,g110,rtmt,1865,0.483385,W m-2,historical,emissions,esgf,0.075312,0.408073
UKESM1-3-LL,esm-hist,r8i1p1f2,g110,rtmt,1866,0.229792,W m-2,historical,emissions,esgf,0.075312,0.15448
UKESM1-3-LL,esm-hist,r8i1p1f2,g110,rtmt,1867,-0.114787,W m-2,historical,emissions,esgf,0.075312,-0.190099
UKESM1-3-LL,esm-hist,r8i1p1f2,g110,rtmt,1868,0.242417,W m-2,historical,emissions,esgf,0.075312,0.167105
UKESM1-3-LL,esm-hist,r8i1p1f2,g110,rtmt,1869,0.477363,W m-2,historical,emissions,esgf,0.075312,0.402051
UKESM1-3-LL,esm-hist,r8i1p1f2,g110,rtmt,1870,0.0398699,W m-2,historical,emissions,esgf,0.075312,-0.0354421
UKESM1-3-LL,esm-hist,r8i1p1f2,g110,rtmt,1871,0.173956,W m-2,historical,emissions,esgf,0.075312,0.0986436
UKESM1-3-LL,esm-hist,r8i1p1f2,g110,rtmt,1872,-0.0582452,W m-2,historical,emissions,esgf,0.075312,-0.133557
UKESM1-3-LL,esm-hist,r8i1p1f2,g110,rtmt,1873,-0.502616,W m-2,historical,emissions,esgf,0.075312,-0.577928
UKESM1-3-LL,esm-hist,r8i1p1f2,g110,rtmt,1874,0.0545481,W m-2,historical,emissions,esgf,0.075312,-0.0207639
UKESM1-3-LL,esm-hist,r8i1p1f2,g110,rtmt,1875,-0.0802062,W m-2,historical,emissions,esgf,0.075312,-0.155518
UKESM1-3-LL,esm-hist,r8i1p1f2,g110,rtmt,1876,0.098639,W m-2,historical,emissions,esgf,0.075312,0.023327
UKESM1-3-LL,esm-hist,r8i1p1f2,g110,rtmt,1877,-0.0646968,W m-2,historical,emissions,esgf,0.075312,-0.140009
UKESM1-3-LL,esm-hist,r8i1p1f2,g110,rtmt,1878,0.295933,W m-2,historical,emissions,esgf,0.075312,0.220621
UKESM1-3-LL,esm-hist,r8i1p1f2,g110,rtmt,1879,0.304213,W m-2,historical,emissions,esgf,0.075312,0.2289
UKESM1-3-LL,esm-hist,r8i1p1f2,g110,rtmt,1880,0.299187,W m-2,historical,emissions,esgf,0.075312,0.223875
UKESM1-3-LL,esm-hist,r8i1p1f2,g110,rtmt,1881,-0.453302,W m-2,historical,emissions,esgf,0.075312,-0.528614
UKESM1-3-LL,esm-hist,r8i1p1f2,g110,rtmt,1882,0.337807,W m-2,historical,emissions,esgf,0.075312,0.262495
UKESM1-3-LL,esm-hist,r8i1p1f2,g110,rtmt,1883,-0.020803,W m-2,historical,emissions,esgf,0.075312,-0.096115
UKESM1-3-LL,esm-hist,r8i1p1f2,g110,rtmt,1884,-1.33643,W m-2,historical,emissions,esgf,0.075312,-1.41175
UKESM1-3-LL,esm-hist,r8i1p1f2,g110,rtmt,1885,-0.65236,W m-2,historical,emissions,esgf,0.075312,-0.727672
UKESM1-3-LL,esm-hist,r8i1p1f2,g110,rtmt,1886,-0.892363,W m-2,historical,emissions,esgf,0.075312,-0.967675
UKESM1-3-LL,esm-hist,r8i1p1f2,g110,rtmt,1887,-0.119134,W m-2,historical,emissions,esgf,0.075312,-0.194446
UKESM1-3-LL,esm-hist,r8i1p1f2,g110,rtmt,1888,0.801464,W m-2,historical,emissions,esgf,0.075312,0.726152
UKESM1-3-LL,esm-hist,r8i1p1f2,g110,rtmt,1889,-0.0213611,W m-2,historical,emissions,esgf,0.075312,-0.0966732
UKESM1-3-LL,esm-hist,r8i1p1f2,g110,rtmt,1890,-0.299882,W m-2,historical,emissions,esgf,0.075312,-0.375194
UKESM1-3-LL,esm-hist,r8i1p1f2,g110,rtmt,1891,0.21146,W m-2,historical,emissions,esgf,0.075312,0.136148
UKESM1-3-LL,esm-hist,r8i1p1f2,g110,rtmt,1892,0.0972445,W m-2,historical,emissions,esgf,0.075312,0.0219325
UKESM1-3-LL,esm-hist,r8i1p1f2,g110,rtmt,1893,0.412581,W m-2,historical,emissions,esgf,0.075312,0.337269
UKESM1-3-LL,esm-hist,r8i1p1f2,g110,rtmt,1894,0.331569,W m-2,historical,emissions,esgf,0.075312,0.256257
UKESM1-3-LL,esm-hist,r8i1p1f2,g110,rtmt,1895,-0.017419,W m-2,historical,emissions,esgf,0.075312,-0.092731
UKESM1-3-LL,esm-hist,r8i1p1f2,g110,rtmt,1896,0.40636,W m-2,historical,emissions,esgf,0.075312,0.331048
UKESM1-3-LL,esm-hist,r8i1p1f2,g110,rtmt,1897,0.16077,W m-2,historical,emissions,esgf,0.075312,0.0854577
UKESM1-3-LL,esm-hist,r8i1p1f2,g110,rtmt,1898,-0.17799,W m-2,historical,emissions,esgf,0.075312,-0.253302
UKESM1-3-LL,esm-hist,r8i1p1f2,g110,rtmt,1899,0.57553,W m-2,historical,emissions,esgf,0.075312,0.500218
UKESM1-3-LL,esm-hist,r8i1p1f2,g110,rtmt,1900,0.457015,W m-2,historical,emissions,esgf,0.075312,0.381703
UKESM1-3-LL,esm-hist,r8i1p1f2,g110,rtmt,1901,0.32605,W m-2,historical,emissions,esgf,0.075312,0.250738
UKESM1-3-LL,esm-hist,r8i1p1f2,g110,rtmt,1902,0.0304521,W m-2,historical,emissions,esgf,0.075312,-0.0448599
UKESM1-3-LL,esm-hist,r8i1p1f2,g110,rtmt,1903,-0.0962927,W m-2,historical,emissions,esgf,0.075312,-0.171605
UKESM1-3-LL,esm-hist,r8i1p1f2,g110,rtmt,1904,-0.153312,W m-2,historical,emissions,esgf,0.075312,-0.228624
UKESM1-3-LL,esm-hist,r8i1p1f2,g110,rtmt,1905,-0.323433,W m-2,historical,emissions,esgf,0.075312,-0.398745
UKESM1-3-LL,esm-hist,r8i1p1f2,g110,rtmt,1906,0.240442,W m-2,historical,emissions,esgf,0.075312,0.16513
UKESM1-3-LL,esm-hist,r8i1p1f2,g110,rtmt,1907,0.337502,W m-2,historical,emissions,esgf,0.075312,0.26219
UKESM1-3-LL,esm-hist,r8i1p1f2,g110,rtmt,1908,0.304959,W m-2,historical,emissions,esgf,0.075312,0.229647
UKESM1-3-LL,esm-hist,r8i1p1f2,g110,rtmt,1909,-0.0120645,W m-2,historical,emissions,esgf,0.075312,-0.0873766
UKESM1-3-LL,esm-hist,r8i1p1f2,g110,rtmt,1910,0.164411,W m-2,historical,emissions,esgf,0.075312,0.0890994
UKESM1-3-LL,esm-hist,r8i1p1f2,g110,rtmt,1911,0.0931091,W m-2,historical,emissions,esgf,0.075312,0.017797
UKESM1-3-LL,esm-hist,r8i1p1f2,g110,rtmt,1912,-0.417347,W m-2,historical,emissions,esgf,0.075312,-0.492659
UKESM1-3-LL,esm-hist,r8i1p1f2,g110,rtmt,1913,-0.666408,W m-2,historical,emissions,esgf,0.075312,-0.74172
UKESM1-3-LL,esm-hist,r8i1p1f2,g110,rtmt,1914,-0.318196,W m-2,historical,emissions,esgf,0.075312,-0.393508
UKESM1-3-LL,esm-hist,r8i1p1f2,g110,rtmt,1915,0.111958,W m-2,historical,emissions,esgf,0.075312,0.0366463
UKESM1-3-LL,esm-hist,r8i1p1f2,g110,rtmt,1916,0.392506,W m-2,historical,emissions,esgf,0.075312,0.317194
UKESM1-3-LL,esm-hist,r8i1p1f2,g110,rtmt,1917,0.11025,W m-2,historical,emissions,esgf,0.075312,0.0349381
UKESM1-3-LL,esm-hist,r8i1p1f2,g110,rtmt,1918,0.157176,W m-2,historical,emissions,esgf,0.075312,0.0818635
UKESM1-3-LL,esm-hist,r8i1p1f2,g110,rtmt,1919,0.198875,W m-2,historical,emissions,esgf,0.075312,0.123563
UKESM1-3-LL,esm-hist,r8i1p1f2,g110,rtmt,1920,0.0513494,W m-2,historical,emissions,esgf,0.075312,-0.0239626
UKESM1-3-LL,esm-hist,r8i1p1f2,g110,rtmt,1921,0.158019,W m-2,historical,emissions,esgf,0.075312,0.0827068
UKESM1-3-LL,esm-hist,r8i1p1f2,g110,rtmt,1922,-0.0946718,W m-2,historical,emissions,esgf,0.075312,-0.169984
UKESM1-3-LL,esm-hist,r8i1p1f2,g110,rtmt,1923,0.0317077,W m-2,historical,emissions,esgf,0.075312,-0.0436043
UKESM1-3-LL,esm-hist,r8i1p1f2,g110,rtmt,1924,0.306644,W m-2,historical,emissions,esgf,0.075312,0.231332
UKESM1-3-LL,esm-hist,r8i1p1f2,g110,rtmt,1925,0.173504,W m-2,historical,emissions,esgf,0.075312,0.0981915
UKESM1-3-LL,esm-hist,r8i1p1f2,g110,rtmt,1926,-0.468619,W m-2,historical,emissions,esgf,0.075312,-0.543931
UKESM1-3-LL,esm-hist,r8i1p1f2,g110,rtmt,1927,0.547027,W m-2,historical,emissions,esgf,0.075312,0.471715
UKESM1-3-LL,esm-hist,r8i1p1f2,g110,rtmt,1928,-0.170329,W m-2,historical,emissions,esgf,0.075312,-0.245641
UKESM1-3-LL,esm-hist,r8i1p1f2,g110,rtmt,1929,0.118067,W m-2,historical,emissions,esgf,0.075312,0.0427553
UKESM1-3-LL,esm-hist,r8i1p1f2,g110,rtmt,1930,0.260688,W m-2,historical,emissions,esgf,0.075312,0.185376
UKESM1-3-LL,esm-hist,r8i1p1f2,g110,rtmt,1931,0.0340318,W m-2,historical,emissions,esgf,0.075312,-0.0412802
UKESM1-3-LL,esm-hist,r8i1p1f2,g110,rtmt,1932,0.306189,W m-2,historical,emissions,esgf,0.075312,0.230877
UKESM1-3-LL,esm-hist,r8i1p1f2,g110,rtmt,1933,-0.464656,W m-2,historical,emissions,esgf,0.075312,-0.539968
UKESM1-3-LL,esm-hist,r8i1p1f2,g110,rtmt,1934,0.185894,W m-2,historical,emissions,esgf,0.075312,0.110581
UKESM1-3-LL,esm-hist,r8i1p1f2,g110,rtmt,1935,0.235286,W m-2,historical,emissions,esgf,0.075312,0.159974
UKESM1-3-LL,esm-hist,r8i1p1f2,g110,rtmt,1936,-0.0502717,W m-2,historical,emissions,esgf,0.075312,-0.125584
UKESM1-3-LL,esm-hist,r8i1p1f2,g110,rtmt,1937,0.491181,W m-2,historical,emissions,esgf,0.075312,0.415869
UKESM1-3-LL,esm-hist,r8i1p1f2,g110,rtmt,1938,0.147873,W m-2,historical,emissions,esgf,0.075312,0.0725612
UKESM1-3-LL,esm-hist,r8i1p1f2,g110,rtmt,1939,0.262131,W m-2,historical,emissions,esgf,0.075312,0.186819
UKESM1-3-LL,esm-hist,r8i1p1f2,g110,rtmt,1940,0.0677142,W m-2,historical,emissions,esgf,0.075312,-0.00759779
UKESM1-3-LL,esm-hist,r8i1p1f2,g110,rtmt,1941,0.136369,W m-2,historical,emissions,esgf,0.075312,0.061057
UKESM1-3-LL,esm-hist,r8i1p1f2,g110,rtmt,1942,-0.0752179,W m-2,historical,emissions,esgf,0.075312,-0.15053
UKESM1-3-LL,esm-hist,r8i1p1f2,g110,rtmt,1943,0.360782,W m-2,historical,emissions,esgf,0.075312,0.28547
UKESM1-3-LL,esm-hist,r8i1p1f2,g110,rtmt,1944,0.529064,W m-2,historical,emissions,esgf,0.075312,0.453752
UKESM1-3-LL,esm-hist,r8i1p1f2,g110,rtmt,1945,0.0288213,W m-2,historical,emissions,esgf,0.075312,-0.0464908
UKESM1-3-LL,esm-hist,r8i1p1f2,g110,rtmt,1946,0.166908,W m-2,historical,emissions,esgf,0.075312,0.0915964
UKESM1-3-LL,esm-hist,r8i1p1f2,g110,rtmt,1947,0.409252,W m-2,historical,emissions,esgf,0.075312,0.33394
UKESM1-3-LL,esm-hist,r8i1p1f2,g110,rtmt,1948,0.232689,W m-2,historical,emissions,esgf,0.075312,0.157377
UKESM1-3-LL,esm-hist,r8i1p1f2,g110,rtmt,1949,-0.00498338,W m-2,historical,emissions,esgf,0.075312,-0.0802954
UKESM1-3-LL,esm-hist,r8i1p1f2,g110,rtmt,1950,0.0303182,W m-2,historical,emissions,esgf,0.075312,-0.0449938
UKESM1-3-LL,esm-hist,r8i1p1f2,g110,rtmt,1951,0.181562,W m-2,historical,emissions,esgf,0.075312,0.10625
UKESM1-3-LL,esm-hist,r8i1p1f2,g110,rtmt,1952,0.270947,W m-2,historical,emissions,esgf,0.075312,0.195635
UKESM1-3-LL,esm-hist,r8i1p1f2,g110,rtmt,1953,-0.133353,W m-2,historical,emissions,esgf,0.075312,-0.208665
UKESM1-3-LL,esm-hist,r8i1p1f2,g110,rtmt,1954,-0.288329,W m-2,historical,emissions,esgf,0.075312,-0.363641
UKESM1-3-LL,esm-hist,r8i1p1f2,g110,rtmt,1955,0.197834,W m-2,historical,emissions,esgf,0.075312,0.122522
UKESM1-3-LL,esm-hist,r8i1p1f2,g110,rtmt,1956,-0.00629359,W m-2,historical,emissions,esgf,0.075312,-0.0816056
UKESM1-3-LL,esm-hist,r8i1p1f2,g110,rtmt,1957,-0.0904671,W m-2,historical,emissions,esgf,0.075312,-0.165779
UKESM1-3-LL,esm-hist,r8i1p1f2,g110,rtmt,1958,0.59695,W m-2,historical,emissions,esgf,0.075312,0.521638
UKESM1-3-LL,esm-hist,r8i1p1f2,g110,rtmt,1959,-0.0136815,W m-2,historical,emissions,esgf,0.075312,-0.0889935
UKESM1-3-LL,esm-hist,r8i1p1f2,g110,rtmt,1960,-0.385885,W m-2,historical,emissions,esgf,0.075312,-0.461197
UKESM1-3-LL,esm-hist,r8i1p1f2,g110,rtmt,1961,0.534375,W m-2,historical,emissions,esgf,0.075312,0.459063
UKESM1-3-LL,esm-hist,r8i1p1f2,g110,rtmt,1962,0.807435,W m-2,historical,emissions,esgf,0.075312,0.732123
UKESM1-3-LL,esm-hist,r8i1p1f2,g110,rtmt,1963,-1.42135,W m-2,historical,emissions,esgf,0.075312,-1.49666
UKESM1-3-LL,esm-hist,r8i1p1f2,g110,rtmt,1964,-0.0359972,W m-2,historical,emissions,esgf,0.075312,-0.111309
UKESM1-3-LL,esm-hist,r8i1p1f2,g110,rtmt,1965,0.316063,W m-2,historical,emissions,esgf,0.075312,0.240751
UKESM1-3-LL,esm-hist,r8i1p1f2,g110,rtmt,1966,0.131969,W m-2,historical,emissions,esgf,0.075312,0.056657
UKESM1-3-LL,esm-hist,r8i1p1f2,g110,rtmt,1967,0.186367,W m-2,historical,emissions,esgf,0.075312,0.111055
UKESM1-3-LL,esm-hist,r8i1p1f2,g110,rtmt,1968,-0.00405164,W m-2,historical,emissions,esgf,0.075312,-0.0793637
UKESM1-3-LL,esm-hist,r8i1p1f2,g110,rtmt,1969,0.0806454,W m-2,historical,emissions,esgf,0.075312,0.00533342
UKESM1-3-LL,esm-hist,r8i1p1f2,g110,rtmt,1970,-0.103534,W m-2,historical,emissions,esgf,0.075312,-0.178846
UKESM1-3-LL,esm-hist,r8i1p1f2,g110,rtmt,1971,0.655851,W m-2,historical,emissions,esgf,0.075312,0.580539
UKESM1-3-LL,esm-hist,r8i1p1f2,g110,rtmt,1972,0.839698,W m-2,historical,emissions,esgf,0.075312,0.764386
UKESM1-3-LL,esm-hist,r8i1p1f2,g110,rtmt,1973,0.0356874,W m-2,historical,emissions,esgf,0.075312,-0.0396246
UKESM1-3-LL,esm-hist,r8i1p1f2,g110,rtmt,1974,-0.0226042,W m-2,historical,emissions,esgf,0.075312,-0.0979163
UKESM1-3-LL,esm-hist,r8i1p1f2,g110,rtmt,1975,0.459899,W m-2,historical,emissions,esgf,0.075312,0.384587
UKESM1-3-LL,esm-hist,r8i1p1f2,g110,rtmt,1976,0.399232,W m-2,historical,emissions,esgf,0.075312,0.32392
UKESM1-3-LL,esm-hist,r8i1p1f2,g110,rtmt,1977,0.273089,W m-2,historical,emissions,esgf,0.075312,0.197777
UKESM1-3-LL,esm-hist,r8i1p1f2,g110,rtmt,1978,0.86741,W m-2,historical,emissions,esgf,0.075312,0.792098
UKESM1-3-LL,esm-hist,r8i1p1f2,g110,rtmt,1979,0.477273,W m-2,historical,emissions,esgf,0.075312,0.401961
UKESM1-3-LL,esm-hist,r8i1p1f2,g110,rtmt,1980,0.458821,W m-2,historical,emissions,esgf,0.075312,0.383509
UKESM1-3-LL,esm-hist,r8i1p1f2,g110,rtmt,1981,0.237596,W m-2,historical,emissions,esgf,0.075312,0.162284
UKESM1-3-LL,esm-hist,r8i1p1f2,g110,rtmt,1982,0.0443159,W m-2,historical,emissions,esgf,0.075312,-0.0309961
UKESM1-3-LL,esm-hist,r8i1p1f2,g110,rtmt,1983,-0.276487,W m-2,historical,emissions,esgf,0.075312,-0.351799
UKESM1-3-LL,esm-hist,r8i1p1f2,g110,rtmt,1984,0.0683598,W m-2,historical,emissions,esgf,0.075312,-0.00695222
UKESM1-3-LL,esm-hist,r8i1p1f2,g110,rtmt,1985,0.479935,W m-2,historical,emissions,esgf,0.075312,0.404623
UKESM1-3-LL,esm-hist,r8i1p1f2,g110,rtmt,1986,0.396019,W m-2,historical,emissions,esgf,0.075312,0.320707
UKESM1-3-LL,esm-hist,r8i1p1f2,g110,rtmt,1987,0.13302,W m-2,historical,emissions,esgf,0.075312,0.0577079
UKESM1-3-LL,esm-hist,r8i1p1f2,g110,rtmt,1988,0.361222,W m-2,historical,emissions,esgf,0.075312,0.28591
UKESM1-3-LL,esm-hist,r8i1p1f2,g110,rtmt,1989,0.886766,W m-2,historical,emissions,esgf,0.075312,0.811454
UKESM1-3-LL,esm-hist,r8i1p1f2,g110,rtmt,1990,0.569239,W m-2,historical,emissions,esgf,0.075312,0.493927
UKESM1-3-LL,esm-hist,r8i1p1f2,g110,rtmt,1991,-0.568009,W m-2,historical,emissions,esgf,0.075312,-0.643322
UKESM1-3-LL,esm-hist,r8i1p1f2,g110,rtmt,1992,-1.11116,W m-2,historical,emissions,esgf,0.075312,-1.18647
UKESM1-3-LL,esm-hist,r8i1p1f2,g110,rtmt,1993,0.31885,W m-2,historical,emissions,esgf,0.075312,0.243538
UKESM1-3-LL,esm-hist,r8i1p1f2,g110,rtmt,1994,1.04138,W m-2,historical,emissions,esgf,0.075312,0.966072
UKESM1-3-LL,esm-hist,r8i1p1f2,g110,rtmt,1995,0.635633,W m-2,historical,emissions,esgf,0.075312,0.56032
UKESM1-3-LL,esm-hist,r8i1p1f2,g110,rtmt,1996,0.761405,W m-2,historical,emissions,esgf,0.075312,0.686093
UKESM1-3-LL,esm-hist,r8i1p1f2,g110,rtmt,1997,1.08889,W m-2,historical,emissions,esgf,0.075312,1.01357
UKESM1-3-LL,esm-hist,r8i1p1f2,g110,rtmt,1998,0.762849,W m-2,historical,emissions,esgf,0.075312,0.687537
UKESM1-3-LL,esm-hist,r8i1p1f2,g110,rtmt,1999,0.521743,W m-2,historical,emissions,esgf,0.075312,0.446431
UKESM1-3-LL,esm-hist,r8i1p1f2,g110,rtmt,2000,0.755937,W m-2,historical,emissions,esgf,0.075312,0.680625
UKESM1-3-LL,esm-hist,r8i1p1f2,g110,rtmt,2001,0.94679,W m-2,historical,emissions,esgf,0.075312,0.871478
UKESM1-3-LL,esm-hist,r8i1p1f2,g110,rtmt,2002,0.709057,W m-2,historical,emissions,esgf,0.075312,0.633744
UKESM1-3-LL,esm-hist,r8i1p1f2,g110,rtmt,2003,0.538734,W m-2,historical,emissions,esgf,0.075312,0.463422
UKESM1-3-LL,esm-hist,r8i1p1f2,g110,rtmt,2004,0.422975,W m-2,historical,emissions,esgf,0.075312,0.347663
UKESM1-3-LL,esm-hist,r8i1p1f2,g110,rtmt,2005,1.00464,W m-2,historical,emissions,esgf,0.075312,0.929326
UKESM1-3-LL,esm-hist,r8i1p1f2,g110,rtmt,2006,1.01703,W m-2,historical,emissions,esgf,0.075312,0.941717
UKESM1-3-LL,esm-hist,r8i1p1f2,g110,rtmt,2007,1.02891,W m-2,historical,emissions,esgf,0.075312,0.953594
UKESM1-3-LL,esm-hist,r8i1p1f2,g110,rtmt,2008,1.10765,W m-2,historical,emissions,esgf,0.075312,1.03234
UKESM1-3-LL,esm-hist,r8i1p1f2,g110,rtmt,2009,0.706953,W m-2,historical,emissions,esgf,0.075312,0.631641
UKESM1-3-LL,esm-hist,r8i1p1f2,g110,rtmt,2010,1.41518,W m-2,historical,emissions,esgf,0.075312,1.33986
UKESM1-3-LL,esm-hist,r8i1p1f2,g110,rtmt,2011,1.03393,W m-2,historical,emissions,esgf,0.075312,0.958621
UKESM1-3-LL,esm-hist,r8i1p1f2,g110,rtmt,2012,1.44995,W m-2,historical,emissions,esgf,0.075312,1.37463
UKESM1-3-LL,esm-hist,r8i1p1f2,g110,rtmt,2013,1.63744,W m-2,historical,emissions,esgf,0.075312,1.56213
UKESM1-3-LL,esm-hist,r8i1p1f2,g110,rtmt,2014,1.66429,W m-2,historical,emissions,esgf,0.075312,1.58897
UKESM1-3-LL,esm-hist,r8i1p1f2,g110,rtmt,2015,1.44793,W m-2,historical,emissions,esgf,0.075312,1.37262
UKESM1-3-LL,esm-hist,r8i1p1f2,g110,rtmt,2016,1.3033,W m-2,historical,emissions,esgf,0.075312,1.22799
UKESM1-3-LL,esm-hist,r8i1p1f2,g110,rtmt,2017,1.40199,W m-2,historical,emissions,esgf,0.075312,1.32668
UKESM1-3-LL,esm-hist,r8i1p1f2,g110,rtmt,2018,0.877574,W m-2,historical,emissions,esgf,0.075312,0.802262
UKESM1-3-LL,esm-hist,r8i1p1f2,g110,rtmt,2019,1.39742,W m-2,historical,emissions,esgf,0.075312,1.32211
UKESM1-3-LL,esm-hist,r8i1p1f2,g110,rtmt,2020,1.4362,W m-2,historical,emissions,esgf,0.075312,1.36089
UKESM1-3-LL,esm-hist,r8i1p1f2,g110,rtmt,2021,1.2627,W m-2,historical,emissions,esgf,0.075312,1.18739
UKESM1-3-LL,esm-piControl,r1i1p1f1,g110,rtmt,1999,0.190222,W m-2,piControl,emissions,esgf,,
UKESM1-3-LL,esm-piControl,r1i1p1f1,g110,rtmt,2000,0.239615,W m-2,piControl,emissions,esgf,,
UKESM1-3-LL,esm-piControl,r1i1p1f1,g110,rtmt,2001,0.496083,W m-2,piControl,emissions,esgf,,
UKESM1-3-LL,esm-piControl,r1i1p1f1,g110,rtmt,2002,0.0910967,W m-2,piControl,emissions,esgf,,
UKESM1-3-LL,esm-piControl,r1i1p1f1,g110,rtmt,2003,-0.120192,W m-2,piControl,emissions,esgf,,
UKESM1-3-LL,esm-piControl,r1i1p1f1,g110,rtmt,2004,0.488532,W m-2,piControl,emissions,esgf,,
UKESM1-3-LL,esm-piControl,r1i1p1f1,g110,rtmt,2005,0.047924,W m-2,piControl,emissions,esgf,,
UKESM1-3-LL,esm-piControl,r1i1p1f1,g110,rtmt,2006,0.0131743,W m-2,piControl,emissions,esgf,,
UKESM1-3-LL,esm-piControl,r1i1p1f1,g110,rtmt,2007,-0.056961,W m-2,piControl,emissions,esgf,,
UKESM1-3-LL,esm-piControl,r1i1p1f1,g110,rtmt,2008,0.0967476,W m-2,piControl,emissions,esgf,,
UKESM1-3-LL,esm-piControl,r1i1p1f1,g110,rtmt,2009,-0.0743262,W m-2,piControl,emissions,esgf,,
UKESM1-3-LL,esm-piControl,r1i1p1f1,g110,rtmt,2010,0.106267,W m-2,piControl,emissions,esgf,,
UKESM1-3-LL,esm-piControl,r1i1p1f1,g110,rtmt,2011,0.100499,W m-2,piControl,emissions,esgf,,
UKESM1-3-LL,esm-piControl,r1i1p1f1,g110,rtmt,2012,0.382439,W m-2,piControl,emissions,esgf,,
UKESM1-3-LL,esm-piControl,r1i1p1f1,g110,rtmt,2013,-0.111356,W m-2,piControl,emissions,esgf,,
UKESM1-3-LL,esm-piControl,r1i1p1f1,g110,rtmt,2014,0.234407,W m-2,piControl,emissions,esgf,,
UKESM1-3-LL,esm-piControl,r1i1p1f1,g110,rtmt,2015,0.0345046,W m-2,piControl,emissions,esgf,,
UKESM1-3-LL,esm-piControl,r1i1p1f1,g110,rtmt,2016,-0.44944,W m-2,piControl,emissions,esgf,,
UKESM1-3-LL,esm-piControl,r1i1p1f1,g110,rtmt,2017,0.741951,W m-2,piControl,emissions,esgf,,
UKESM1-3-LL,esm-piControl,r1i1p1f1,g110,rtmt,2018,0.274426,W m-2,piControl,emissions,esgf,,
UKESM1-3-LL,esm-piControl,r1i1p1f1,g110,rtmt,2019,0.197747,W m-2,piControl,emissions,esgf,,
UKESM1-3-LL,esm-piControl,r1i1p1f1,g110,rtmt,2020,0.0640711,W m-2,piControl,emissions,esgf,,
UKESM1-3-LL,esm-piControl,r1i1p1f1,g110,rtmt,2021,0.147982,W m-2,piControl,emissions,esgf,,
UKESM1-3-LL,esm-piControl,r1i1p1f1,g110,rtmt,2022,0.470264,W m-2,piControl,emissions,esgf,,
UKESM1-3-LL,esm-piControl,r1i1p1f1,g110,rtmt,2023,0.0659929,W m-2,piControl,emissions,esgf,,
UKESM1-3-LL,esm-piControl,r1i1p1f1,g110,rtmt,2024,0.272725,W m-2,piControl,emissions,esgf,,
UKESM1-3-LL,esm-piControl,r1i1p1f1,g110,rtmt,2025,-0.0321419,W m-2,piControl,emissions,esgf,,
UKESM1-3-LL,esm-piControl,r1i1p1f1,g110,rtmt,2026,-0.0613663,W m-2,piControl,emissions,esgf,,
UKESM1-3-LL,esm-piControl,r1i1p1f1,g110,rtmt,2027,-0.213537,W m-2,piControl,emissions,esgf,,
UKESM1-3-LL,esm-piControl,r1i1p1f1,g110,rtmt,2028,0.272674,W m-2,piControl,emissions,esgf,,
UKESM1-3-LL,esm-piControl,r1i1p1f1,g110,rtmt,2029,-0.600897,W m-2,piControl,emissions,esgf,,
UKESM1-3-LL,esm-piControl,r1i1p1f1,g110,rtmt,2030,0.178363,W m-2,piControl,emissions,esgf,,
UKESM1-3-LL,esm-piControl,r1i1p1f1,g110,rtmt,2031,0.102458,W m-2,piControl,emissions,esgf,,
UKESM1-3-LL,esm-piControl,r1i1p1f1,g110,rtmt,2032,0.130986,W m-2,piControl,emissions,esgf,,
UKESM1-3-LL,esm-piControl,r1i1p1f1,g110,rtmt,2033,-0.206305,W m-2,piControl,emissions,esgf,,
UKESM1-3-LL,esm-piControl,r1i1p1f1,g110,rtmt,2034,0.209932,W m-2,piControl,emissions,esgf,,
UKESM1-3-LL,esm-piControl,r1i1p1f1,g110,rtmt,2035,0.428968,W m-2,piControl,emissions,esgf,,
UKESM1-3-LL,esm-piControl,r1i1p1f1,g110,rtmt,2036,-0.394181,W m-2,piControl,emissions,esgf,,
UKESM1-3-LL,esm-piControl,r1i1p1f1,g110,rtmt,2037,0.102404,W m-2,piControl,emissions,esgf,,
UKESM1-3-LL,esm-piControl,r1i1p1f1,g110,rtmt,2038,0.527944,W m-2,piControl,emissions,esgf,,
UKESM1-3-LL,esm-piControl,r1i1p1f1,g110,rtmt,2039,-0.107815,W m-2,piControl,emissions,esgf,,
UKESM1-3-LL,esm-piControl,r1i1p1f1,g110,rtmt,2040,-0.191916,W m-2,piControl,emissions,esgf,,
UKESM1-3-LL,esm-piControl,r1i1p1f1,g110,rtmt,2041,0.0143479,W m-2,piControl,emissions,esgf,,
UKESM1-3-LL,esm-piControl,r1i1p1f1,g110,rtmt,2042,-0.145872,W m-2,piControl,emissions,esgf,,
UKESM1-3-LL,esm-piControl,r1i1p1f1,g110,rtmt,2043,-0.106744,W m-2,piControl,emissions,esgf,,
UKESM1-3-LL,esm-piControl,r1i1p1f1,g110,rtmt,2044,0.192111,W m-2,piControl,emissions,esgf,,
UKESM1-3-LL,esm-piControl,r1i1p1f1,g110,rtmt,2045,-0.56975,W m-2,piControl,emissions,esgf,,
UKESM1-3-LL,esm-piControl,r1i1p1f1,g110,rtmt,2046,0.138563,W m-2,piControl,emissions,esgf,,
UKESM1-3-LL,esm-piControl,r1i1p1f1,g110,rtmt,2047,0.494141,W m-2,piControl,emissions,esgf,,
UKESM1-3-LL,esm-piControl,r1i1p1f1,g110,rtmt,2048,-0.142898,W m-2,piControl,emissions,esgf,,
UKESM1-3-LL,esm-piControl,r1i1p1f1,g110,rtmt,2049,0.305384,W m-2,piControl,emissions,esgf,,
UKESM1-3-LL,esm-piControl,r1i1p1f1,g110,rtmt,2050,0.596884,W m-2,piControl,emissions,esgf,,
UKESM1-3-LL,esm-piControl,r1i1p1f1,g110,rtmt,2051,0.315203,W m-2,piControl,emissions,esgf,,
UKESM1-3-LL,esm-piControl,r1i1p1f1,g110,rtmt,2052,-0.394566,W m-2,piControl,emissions,esgf,,
UKESM1-3-LL,esm-piControl,r1i1p1f1,g110,rtmt,2053,0.327993,W m-2,piControl,emissions,esgf,,
UKESM1-3-LL,esm-piControl,r1i1p1f1,g110,rtmt,2054,0.0963864,W m-2,piControl,emissions,esgf,,
UKESM1-3-LL,esm-piControl,r1i1p1f1,g110,rtmt,2055,0.193703,W m-2,piControl,emissions,esgf,,
UKESM1-3-LL,esm-piControl,r1i1p1f1,g110,rtmt,2056,0.22581,W m-2,piControl,emissions,esgf,,
UKESM1-3-LL,esm-piControl,r1i1p1f1,g110,rtmt,2057,-0.267742,W m-2,piControl,emissions,esgf,,
UKESM1-3-LL,esm-piControl,r1i1p1f1,g110,rtmt,2058,0.473961,W m-2,piControl,emissions,esgf,,
UKESM1-3-LL,esm-piControl,r1i1p1f1,g110,rtmt,2059,0.0177097,W m-2,piControl,emissions,esgf,,
UKESM1-3-LL,esm-piControl,r1i1p1f1,g110,rtmt,2060,0.359571,W m-2,piControl,emissions,esgf,,
UKESM1-3-LL,esm-piControl,r1i1p1f1,g110,rtmt,2061,0.28859,W m-2,piControl,emissions,esgf,,
UKESM1-3-LL,esm-piControl,r1i1p1f1,g110,rtmt,2062,0.173083,W m-2,piControl,emissions,esgf,,
UKESM1-3-LL,esm-piControl,r1i1p1f1,g110,rtmt,2063,0.270296,W m-2,piControl,emissions,esgf,,
UKESM1-3-LL,esm-piControl,r1i1p1f1,g110,rtmt,2064,0.176787,W m-2,piControl,emissions,esgf,,
UKESM1-3-LL,esm-piControl,r1i1p1f1,g110,rtmt,2065,0.624579,W m-2,piControl,emissions,esgf,,
UKESM1-3-LL,esm-piControl,r1i1p1f1,g110,rtmt,2066,0.285975,W m-2,piControl,emissions,esgf,,
UKESM1-3-LL,esm-piControl,r1i1p1f1,g110,rtmt,2067,-0.0584172,W m-2,piControl,emissions,esgf,,
UKESM1-3-LL,esm-piControl,r1i1p1f1,g110,rtmt,2068,0.00700386,W m-2,piControl,emissions,esgf,,
UKESM1-3-LL,esm-piControl,r1i1p1f1,g110,rtmt,2069,0.303013,W m-2,piControl,emissions,esgf,,
UKESM1-3-LL,esm-piControl,r1i1p1f1,g110,rtmt,2070,-0.00343363,W m-2,piControl,emissions,esgf,,
UKESM1-3-LL,esm-piControl,r1i1p1f1,g110,rtmt,2071,0.41477,W m-2,piControl,emissions,esgf,,
UKESM1-3-LL,esm-piControl,r1i1p1f1,g110,rtmt,2072,0.355905,W m-2,piControl,emissions,esgf,,
UKESM1-3-LL,esm-piControl,r1i1p1f1,g110,rtmt,2073,0.0316661,W m-2,piControl,emissions,esgf,,
UKESM1-3-LL,esm-piControl,r1i1p1f1,g110,rtmt,2074,0.212502,W m-2,piControl,emissions,esgf,,
UKESM1-3-LL,esm-piControl,r1i1p1f1,g110,rtmt,2075,-0.367829,W m-2,piControl,emissions,esgf,,
UKESM1-3-LL,esm-piControl,r1i1p1f1,g110,rtmt,2076,0.437689,W m-2,piControl,emissions,esgf,,
UKESM1-3-LL,esm-piControl,r1i1p1f1,g110,rtmt,2077,0.0522554,W m-2,piControl,emissions,esgf,,
UKESM1-3-LL,esm-piControl,r1i1p1f1,g110,rtmt,2078,0.435666,W m-2,piControl,emissions,esgf,,
UKESM1-3-LL,esm-piControl,r1i1p1f1,g110,rtmt,2079,0.481106,W m-2,piControl,emissions,esgf,,
UKESM1-3-LL,esm-piControl,r1i1p1f1,g110,rtmt,2080,-0.226694,W m-2,piControl,emissions,esgf,,
UKESM1-3-LL,esm-piControl,r1i1p1f1,g110,rtmt,2081,0.35154,W m-2,piControl,emissions,esgf,,
UKESM1-3-LL,esm-piControl,r1i1p1f1,g110,rtmt,2082,0.01248,W m-2,piControl,emissions,esgf,,
UKESM1-3-LL,esm-piControl,r1i1p1f1,g110,rtmt,2083,0.451122,W m-2,piControl,emissions,esgf,,
UKESM1-3-LL,esm-piControl,r1i1p1f1,g110,rtmt,2084,0.0528723,W m-2,piControl,emissions,esgf,,
UKESM1-3-LL,esm-piControl,r1i1p1f1,g110,rtmt,2085,-0.207272,W m-2,piControl,emissions,esgf,,
UKESM1-3-LL,esm-piControl,r1i1p1f1,g110,rtmt,2086,-0.0712144,W m-2,piControl,emissions,esgf,,
UKESM1-3-LL,esm-piControl,r1i1p1f1,g110,rtmt,2087,0.516498,W m-2,piControl,emissions,esgf,,
UKESM1-3-LL,esm-piControl,r1i1p1f1,g110,rtmt,2088,0.132848,W m-2,piControl,emissions,esgf,,
UKESM1-3-LL,esm-piControl,r1i1p1f1,g110,rtmt,2089,0.533079,W m-2,piControl,emissions,esgf,,
UKESM1-3-LL,esm-piControl,r1i1p1f1,g110,rtmt,2090,0.575529,W m-2,piControl,emissions,esgf,,
UKESM1-3-LL,esm-piControl,r1i1p1f1,g110,rtmt,2091,0.436148,W m-2,piControl,emissions,esgf,,
UKESM1-3-LL,esm-piControl,r1i1p1f1,g110,rtmt,2092,-0.172461,W m-2,piControl,emissions,esgf,,
UKESM1-3-LL,esm-piControl,r1i1p1f1,g110,rtmt,2093,0.279277,W m-2,piControl,emissions,esgf,,
UKESM1-3-LL,esm-piControl,r1i1p1f1,g110,rtmt,2094,0.345781,W m-2,piControl,emissions,esgf,,
UKESM1-3-LL,esm-piControl,r1i1p1f1,g110,rtmt,2095,0.181697,W m-2,piControl,emissions,esgf,,
UKESM1-3-LL,esm-piControl,r1i1p1f1,g110,rtmt,2096,0.34025,W m-2,piControl,emissions,esgf,,
UKESM1-3-LL,esm-piControl,r1i1p1f1,g110,rtmt,2097,-0.119254,W m-2,piControl,emissions,esgf,,
UKESM1-3-LL,esm-piControl,r1i1p1f1,g110,rtmt,2098,-0.0308959,W m-2,piControl,emissions,esgf,,
UKESM1-3-LL,esm-piControl,r1i1p1f1,g110,rtmt,2099,-0.00957558,W m-2,piControl,emissions,esgf,,
UKESM1-3-LL,esm-piControl,r1i1p1f1,g110,rtmt,2100,0.318286,W m-2,piControl,emissions,esgf,,
UKESM1-3-LL,esm-piControl,r1i1p1f1,g110,rtmt,2101,0.0248269,W m-2,piControl,emissions,esgf,,
UKESM1-3-LL,esm-piControl,r1i1p1f1,g110,rtmt,2102,0.290785,W m-2,piControl,emissions,esgf,,
UKESM1-3-LL,esm-piControl,r1i1p1f1,g110,rtmt,2103,0.661974,W m-2,piControl,emissions,esgf,,
UKESM1-3-LL,esm-piControl,r1i1p1f1,g110,rtmt,2104,0.20731,W m-2,piControl,emissions,esgf,,
UKESM1-3-LL,esm-piControl,r1i1p1f1,g110,rtmt,2105,-0.0827783,W m-2,piControl,emissions,esgf,,
UKESM1-3-LL,esm-piControl,r1i1p1f1,g110,rtmt,2106,-0.0445468,W m-2,piControl,emissions,esgf,,
UKESM1-3-LL,esm-piControl,r1i1p1f1,g110,rtmt,2107,-0.0598144,W m-2,piControl,emissions,esgf,,
UKESM1-3-LL,esm-piControl,r1i1p1f1,g110,rtmt,2108,0.00334333,W m-2,piControl,emissions,esgf,,
UKESM1-3-LL,esm-piControl,r1i1p1f1,g110,rtmt,2109,0.24725,W m-2,piControl,emissions,esgf,,
UKESM1-3-LL,esm-piControl,r1i1p1f1,g110,rtmt,2110,0.163578,W m-2,piControl,emissions,esgf,,
UKESM1-3-LL,esm-piControl,r1i1p1f1,g110,rtmt,2111,-0.351566,W m-2,piControl,emissions,esgf,,
UKESM1-3-LL,esm-piControl,r1i1p1f1,g110,rtmt,2112,0.327404,W m-2,piControl,emissions,esgf,,
UKESM1-3-LL,esm-piControl,r1i1p1f1,g110,rtmt,2113,0.145437,W m-2,piControl,emissions,esgf,,
UKESM1-3-LL,esm-piControl,r1i1p1f1,g110,rtmt,2114,-0.266789,W m-2,piControl,emissions,esgf,,
UKESM1-3-LL,esm-piControl,r1i1p1f1,g110,rtmt,2115,0.138099,W m-2,piControl,emissions,esgf,,
UKESM1-3-LL,esm-piControl,r1i1p1f1,g110,rtmt,2116,-0.165201,W m-2,piControl,emissions,esgf,,
UKESM1-3-LL,esm-piControl,r1i1p1f1,g110,rtmt,2117,0.0971363,W m-2,piControl,emissions,esgf,,
UKESM1-3-LL,esm-piControl,r1i1p1f1,g110,rtmt,2118,0.154466,W m-2,piControl,emissions,esgf,,
UKESM1-3-LL,esm-piControl,r1i1p1f1,g110,rtmt,2119,-0.129649,W m-2,piControl,emissions,esgf,,
UKESM1-3-LL,esm-piControl,r1i1p1f1,g110,rtmt,2120,0.410538,W m-2,piControl,emissions,esgf,,
UKESM1-3-LL,esm-piControl,r1i1p1f1,g110,rtmt,2121,-0.0964969,W m-2,piControl,emissions,esgf,,
UKESM1-3-LL,esm-piControl,r1i1p1f1,g110,rtmt,2122,-0.219976,W m-2,piControl,emissions,esgf,,
UKESM1-3-LL,esm-piControl,r1i1p1f1,g110,rtmt,2123,-0.260254,W m-2,piControl,emissions,esgf,,
UKESM1-3-LL,esm-piControl,r1i1p1f1,g110,rtmt,2124,0.0238309,W m-2,piControl,emissions,esgf,,
UKESM1-3-LL,esm-piControl,r1i1p1f1,g110,rtmt,2125,0.0537836,W m-2,piControl,emissions,esgf,,
UKESM1-3-LL,esm-piControl,r1i1p1f1,g110,rtmt,2126,-0.00627929,W m-2,piControl,emissions,esgf,,
UKESM1-3-LL,esm-piControl,r1i1p1f1,g110,rtmt,2127,-0.489399,W m-2,piControl,emissions,esgf,,
UKESM1-3-LL,esm-piControl,r1i1p1f1,g110,rtmt,2128,0.15678,W m-2,piControl,emissions,esgf,,
UKESM1-3-LL,esm-piControl,r1i1p1f1,g110,rtmt,2129,0.136446,W m-2,piControl,emissions,esgf,,
UKESM1-3-LL,esm-piControl,r1i1p1f1,g110,rtmt,2130,-0.446327,W m-2,piControl,emissions,esgf,,
UKESM1-3-LL,esm-piControl,r1i1p1f1,g110,rtmt,2131,0.159167,W m-2,piControl,emissions,esgf,,
UKESM1-3-LL,esm-piControl,r1i1p1f1,g110,rtmt,2132,0.0109316,W m-2,piControl,emissions,esgf,,
UKESM1-3-LL,esm-piControl,r1i1p1f1,g110,rtmt,2133,-0.53711,W m-2,piControl,emissions,esgf,,
UKESM1-3-LL,esm-piControl,r1i1p1f1,g110,rtmt,2134,0.20701,W m-2,piControl,emissions,esgf,,
UKESM1-3-LL,esm-piControl,r1i1p1f1,g110,rtmt,2135,-0.0632418,W m-2,piControl,emissions,esgf,,
UKESM1-3-LL,esm-piControl,r1i1p1f1,g110,rtmt,2136,0.0332683,W m-2,piControl,emissions,esgf,,
UKESM1-3-LL,esm-piControl,r1i1p1f1,g110,rtmt,2137,-0.142318,W m-2,piControl,emissions,esgf,,
UKESM1-3-LL,esm-piControl,r1i1p1f1,g110,rtmt,2138,0.356865,W m-2,piControl,emissions,esgf,,
UKESM1-3-LL,esm-piControl,r1i1p1f1,g110,rtmt,2139,-0.142569,W m-2,piControl,emissions,esgf,,
UKESM1-3-LL,esm-piControl,r1i1p1f1,g110,rtmt,2140,-0.225709,W m-2,piControl,emissions,esgf,,
UKESM1-3-LL,esm-piControl,r1i1p1f1,g110,rtmt,2141,0.0809746,W m-2,piControl,emissions,esgf,,
UKESM1-3-LL,esm-piControl,r1i1p1f1,g110,rtmt,2142,0.335509,W m-2,piControl,emissions,esgf,,
UKESM1-3-LL,esm-piControl,r1i1p1f1,g110,rtmt,2143,-0.376306,W m-2,piControl,emissions,esgf,,
UKESM1-3-LL,esm-piControl,r1i1p1f1,g110,rtmt,2144,0.222312,W m-2,piControl,emissions,esgf,,
UKESM1-3-LL,esm-piControl,r1i1p1f1,g110,rtmt,2145,0.0724151,W m-2,piControl,emissions,esgf,,
UKESM1-3-LL,esm-piControl,r1i1p1f1,g110,rtmt,2146,-0.197317,W m-2,piControl,emissions,esgf,,
UKESM1-3-LL,esm-piControl,r1i1p1f1,g110,rtmt,2147,0.38433,W m-2,piControl,emissions,esgf,,
UKESM1-3-LL,esm-piControl,r1i1p1f1,g110,rtmt,2148,0.246301,W m-2,piControl,emissions,esgf,,
UKESM1-3-LL,esm-piControl,r1i1p1f1,g110,rtmt,2149,0.610442,W m-2,piControl,emissions,esgf,,
UKESM1-3-LL,esm-piControl,r1i1p1f1,g110,rtmt,2150,0.238924,W m-2,piControl,emissions,esgf,,
UKESM1-3-LL,esm-piControl,r1i1p1f1,g110,rtmt,2151,-0.0711156,W m-2,piControl,emissions,esgf,,
UKESM1-3-LL,esm-piControl,r1i1p1f1,g110,rtmt,2152,-0.506084,W m-2,piControl,emissions,esgf,,
UKESM1-3-LL,esm-piControl,r1i1p1f1,g110,rtmt,2153,0.202815,W m-2,piControl,emissions,esgf,,
UKESM1-3-LL,esm-piControl,r1i1p1f1,g110,rtmt,2154,0.106069,W m-2,piControl,emissions,esgf,,
UKESM1-3-LL,esm-piControl,r1i1p1f1,g110,rtmt,2155,0.267938,W m-2,piControl,emissions,esgf,,
UKESM1-3-LL,esm-piControl,r1i1p1f1,g110,rtmt,2156,0.075579,W m-2,piControl,emissions,esgf,,
UKESM1-3-LL,esm-piControl,r1i1p1f1,g110,rtmt,2157,0.224625,W m-2,piControl,emissions,esgf,,
UKESM1-3-LL,esm-piControl,r1i1p1f1,g110,rtmt,2158,0.257206,W m-2,piControl,emissions,esgf,,
UKESM1-3-LL,esm-piControl,r1i1p1f1,g110,rtmt,2159,0.103522,W m-2,piControl,emissions,esgf,,
UKESM1-3-LL,esm-piControl,r1i1p1f1,g110,rtmt,2160,0.43983,W m-2,piControl,emissions,esgf,,
UKESM1-3-LL,esm-piControl,r1i1p1f1,g110,rtmt,2161,-0.206734,W m-2,piControl,emissions,esgf,,
UKESM1-3-LL,esm-piControl,r1i1p1f1,g110,rtmt,2162,-0.0407706,W m-2,piControl,emissions,esgf,,
UKESM1-3-LL,esm-piControl,r1i1p1f1,g110,rtmt,2163,0.285882,W m-2,piControl,emissions,esgf,,
UKESM1-3-LL,esm-piControl,r1i1p1f1,g110,rtmt,2164,-0.201266,W m-2,piControl,emissions,esgf,,
UKESM1-3-LL,esm-piControl,r1i1p1f1,g110,rtmt,2165,0.00342264,W m-2,piControl,emissions,esgf,,
UKESM1-3-LL,esm-piControl,r1i1p1f1,g110,rtmt,2166,0.308926,W m-2,piControl,emissions,esgf,,
UKESM1-3-LL,esm-piControl,r1i1p1f1,g110,rtmt,2167,-0.185031,W m-2,piControl,emissions,esgf,,
UKESM1-3-LL,esm-piControl,r1i1p1f1,g110,rtmt,2168,0.296188,W m-2,piControl,emissions,esgf,,
UKESM1-3-LL,esm-piControl,r1i1p1f1,g110,rtmt,2169,0.131703,W m-2,piControl,emissions,esgf,,
UKESM1-3-LL,esm-piControl,r1i1p1f1,g110,rtmt,2170,0.153877,W m-2,piControl,emissions,esgf,,
UKESM1-3-LL,esm-piControl,r1i1p1f1,g110,rtmt,2171,-0.293551,W m-2,piControl,emissions,esgf,,
UKESM1-3-LL,esm-piControl,r1i1p1f1,g110,rtmt,2172,0.0578747,W m-2,piControl,emissions,esgf,,
UKESM1-3-LL,esm-piControl,r1i1p1f1,g110,rtmt,2173,0.33079,W m-2,piControl,emissions,esgf,,
UKESM1-3-LL,esm-piControl,r1i1p1f1,g110,rtmt,2174,-0.137447,W m-2,piControl,emissions,esgf,,
UKESM1-3-LL,esm-piControl,r1i1p1f1,g110,rtmt,2175,-0.105591,W m-2,piControl,emissions,esgf,,
UKESM1-3-LL,esm-piControl,r1i1p1f1,g110,rtmt,2176,-0.0610615,W m-2,piControl,emissions,esgf,,
UKESM1-3-LL,esm-piControl,r1i1p1f1,g110,rtmt,2177,0.775565,W m-2,piControl,emissions,esgf,,
UKESM1-3-LL,esm-piControl,r1i1p1f1,g110,rtmt,2178,0.368491,W m-2,piControl,emissions,esgf,,
UKESM1-3-LL,esm-piControl,r1i1p1f1,g110,rtmt,2179,0.432407,W m-2,piControl,emissions,esgf,,
UKESM1-3-LL,esm-piControl,r1i1p1f1,g110,rtmt,2180,0.244721,W m-2,piControl,emissions,esgf,,
UKESM1-3-LL,esm-piControl,r1i1p1f1,g110,rtmt,2181,0.487407,W m-2,piControl,emissions,esgf,,
UKESM1-3-LL,esm-piControl,r1i1p1f1,g110,rtmt,2182,0.138155,W m-2,piControl,emissions,esgf,,
UKESM1-3-LL,esm-piControl,r1i1p1f1,g110,rtmt,2183,-0.173081,W m-2,piControl,emissions,esgf,,
UKESM1-3-LL,esm-piControl,r1i1p1f1,g110,rtmt,2184,0.419244,W m-2,piControl,emissions,esgf,,
UKESM1-3-LL,esm-piControl,r1i1p1f1,g110,rtmt,2185,0.115771,W m-2,piControl,emissions,esgf,,
UKESM1-3-LL,esm-piControl,r1i1p1f1,g110,rtmt,2186,0.293114,W m-2,piControl,emissions,esgf,,
UKESM1-3-LL,esm-piControl,r1i1p1f1,g110,rtmt,2187,0.148743,W m-2,piControl,emissions,esgf,,
UKESM1-3-LL,esm-piControl,r1i1p1f1,g110,rtmt,2188,-0.121979,W m-2,piControl,emissions,esgf,,
UKESM1-3-LL,esm-piControl,r1i1p1f1,g110,rtmt,2189,0.254364,W m-2,piControl,emissions,esgf,,
UKESM1-3-LL,esm-piControl,r1i1p1f1,g110,rtmt,2190,0.348996,W m-2,piControl,emissions,esgf,,
UKESM1-3-LL,esm-piControl,r1i1p1f1,g110,rtmt,2191,-0.310026,W m-2,piControl,emissions,esgf,,
UKESM1-3-LL,esm-piControl,r1i1p1f1,g110,rtmt,2192,0.189624,W m-2,piControl,emissions,esgf,,
UKESM1-3-LL,esm-piControl,r1i1p1f1,g110,rtmt,2193,0.481703,W m-2,piControl,emissions,esgf,,
UKESM1-3-LL,esm-piControl,r1i1p1f1,g110,rtmt,2194,0.2049,W m-2,piControl,emissions,esgf,,
UKESM1-3-LL,esm-piControl,r1i1p1f1,g110,rtmt,2195,0.170069,W m-2,piControl,emissions,esgf,,
UKESM1-3-LL,esm-piControl,r1i1p1f1,g110,rtmt,2196,0.123043,W m-2,piControl,emissions,esgf,,
UKESM1-3-LL,esm-piControl,r1i1p1f1,g110,rtmt,2197,-0.0410749,W m-2,piControl,emissions,esgf,,
UKESM1-3-LL,esm-piControl,r1i1p1f1,g110,rtmt,2198,0.444864,W m-2,piControl,emissions,esgf,,
UKESM1-3-LL,esm-piControl,r1i1p1f1,g110,rtmt,2199,0.389167,W m-2,piControl,emissions,esgf,,
UKESM1-3-LL,esm-piControl,r1i1p1f1,g110,rtmt,2200,-0.0403277,W m-2,piControl,emissions,esgf,,
UKESM1-3-LL,esm-piControl,r1i1p1f1,g110,rtmt,2201,0.265976,W m-2,piControl,emissions,esgf,,
UKESM1-3-LL,esm-piControl,r1i1p1f1,g110,rtmt,2202,0.103698,W m-2,piControl,emissions,esgf,,
UKESM1-3-LL,esm-piControl,r1i1p1f1,g110,rtmt,2203,0.378149,W m-2,piControl,emissions,esgf,,
UKESM1-3-LL,esm-piControl,r1i1p1f1,g110,rtmt,2204,0.145267,W m-2,piControl,emissions,esgf,,
UKESM1-3-LL,esm-piControl,r1i1p1f1,g110,rtmt,2205,0.200874,W m-2,piControl,emissions,esgf,,
UKESM1-3-LL,esm-piControl,r1i1p1f1,g110,rtmt,2206,-0.110993,W m-2,piControl,emissions,esgf,,
UKESM1-3-LL,esm-piControl,r1i1p1f1,g110,rtmt,2207,-0.217711,W m-2,piControl,emissions,esgf,,
UKESM1-3-LL,esm-piControl,r1i1p1f1,g110,rtmt,2208,0.43262,W m-2,piControl,emissions,esgf,,
UKESM1-3-LL,esm-piControl,r1i1p1f1,g110,rtmt,2209,0.674214,W m-2,piControl,emissions,esgf,,
UKESM1-3-LL,esm-piControl,r1i1p1f1,g110,rtmt,2210,0.136289,W m-2,piControl,emissions,esgf,,
UKESM1-3-LL,esm-piControl,r1i1p1f1,g110,rtmt,2211,-0.185389,W m-2,piControl,emissions,esgf,,
UKESM1-3-LL,esm-piControl,r1i1p1f1,g110,rtmt,2212,-0.149001,W m-2,piControl,emissions,esgf,,
UKESM1-3-LL,esm-piControl,r1i1p1f1,g110,rtmt,2213,0.450947,W m-2,piControl,emissions,esgf,,
UKESM1-3-LL,esm-piControl,r1i1p1f1,g110,rtmt,2214,-0.148728,W m-2,piControl,emissions,esgf,,
UKESM1-3-LL,esm-piControl,r1i1p1f1,g110,rtmt,2215,0.102333,W m-2,piControl,emissions,esgf,,
UKESM1-3-LL,esm-piControl,r1i1p1f1,g110,rtmt,2216,-0.133613,W m-2,piControl,emissions,esgf,,
UKESM1-3-LL,esm-piControl,r1i1p1f1,g110,rtmt,2217,0.36636,W m-2,piControl,emissions,esgf,,
UKESM1-3-LL,esm-piControl,r1i1p1f1,g110,rtmt,2218,0.181003,W m-2,piControl,emissions,esgf,,
UKESM1-3-LL,esm-piControl,r1i1p1f1,g110,rtmt,2219,0.164,W m-2,piControl,emissions,esgf,,
UKESM1-3-LL,esm-piControl,r1i1p1f1,g110,rtmt,2220,0.00688069,W m-2,piControl,emissions,esgf,,
UKESM1-3-LL,esm-piControl,r1i1p1f1,g110,rtmt,2221,-0.228524,W m-2,piControl,emissions,esgf,,
UKESM1-3-LL,esm-piControl,r1i1p1f1,g110,rtmt,2222,-0.0529607,W m-2,piControl,emissions,esgf,,
UKESM1-3-LL,esm-piControl,r1i1p1f1,g110,rtmt,2223,0.719289,W m-2,piControl,emissions,esgf,,
UKESM1-3-LL,esm-piControl,r1i1p1f1,g110,rtmt,2224,-0.0329827,W m-2,piControl,emissions,esgf,,
UKESM1-3-LL,esm-piControl,r1i1p1f1,g110,rtmt,2225,-0.31732,W m-2,piControl,emissions,esgf,,
UKESM1-3-LL,esm-piControl,r1i1p1f1,g110,rtmt,2226,-0.315806,W m-2,piControl,emissions,esgf,,
UKESM1-3-LL,esm-piControl,r1i1p1f1,g110,rtmt,2227,0.335352,W m-2,piControl,emissions,esgf,,
UKESM1-3-LL,esm-piControl,r1i1p1f1,g110,rtmt,2228,0.405873,W m-2,piControl,emissions,esgf,,
UKESM1-3-LL,esm-piControl,r1i1p1f1,g110,rtmt,2229,-0.0342729,W m-2,piControl,emissions,esgf,,
UKESM1-3-LL,esm-piControl,r1i1p1f1,g110,rtmt,2230,-0.119313,W m-2,piControl,emissions,esgf,,
UKESM1-3-LL,esm-piControl,r1i1p1f1,g110,rtmt,2231,0.408175,W m-2,piControl,emissions,esgf,,
UKESM1-3-LL,esm-piControl,r1i1p1f1,g110,rtmt,2232,-0.135268,W m-2,piControl,emissions,esgf,,
UKESM1-3-LL,esm-piControl,r1i1p1f1,g110,rtmt,2233,-0.115612,W m-2,piControl,emissions,esgf,,
UKESM1-3-LL,esm-piControl,r1i1p1f1,g110,rtmt,2234,0.218016,W m-2,piControl,emissions,esgf,,
UKESM1-3-LL,esm-piControl,r1i1p1f1,g110,rtmt,2235,-0.134363,W m-2,piControl,emissions,esgf,,
UKESM1-3-LL,esm-piControl,r1i1p1f1,g110,rtmt,2236,0.0733366,W m-2,piControl,emissions,esgf,,
UKESM1-3-LL,esm-piControl,r1i1p1f1,g110,rtmt,2237,-0.112839,W m-2,piControl,emissions,esgf,,
UKESM1-3-LL,esm-piControl,r1i1p1f1,g110,rtmt,2238,-0.0514674,W m-2,piControl,emissions,esgf,,
UKESM1-3-LL,esm-piControl,r1i1p1f1,g110,rtmt,2239,-0.108159,W m-2,piControl,emissions,esgf,,
UKESM1-3-LL,esm-piControl,r1i1p1f1,g110,rtmt,2240,0.406862,W m-2,piControl,emissions,esgf,,
UKESM1-3-LL,esm-piControl,r1i1p1f1,g110,rtmt,2241,0.322459,W m-2,piControl,emissions,esgf,,
UKESM1-3-LL,esm-piControl,r1i1p1f1,g110,rtmt,2242,0.169123,W m-2,piControl,emissions,esgf,,
UKESM1-3-LL,esm-piControl,r1i1p1f1,g110,rtmt,2243,0.237331,W m-2,piControl,emissions,esgf,,
UKESM1-3-LL,esm-piControl,r1i1p1f1,g110,rtmt,2244,-0.387646,W m-2,piControl,emissions,esgf,,
UKESM1-3-LL,esm-piControl,r1i1p1f1,g110,rtmt,2245,0.207623,W m-2,piControl,emissions,esgf,,
UKESM1-3-LL,esm-piControl,r1i1p1f1,g110,rtmt,2246,0.0985322,W m-2,piControl,emissions,esgf,,
UKESM1-3-LL,esm-piControl,r1i1p1f1,g110,rtmt,2247,0.0164737,W m-2,piControl,emissions,esgf,,
UKESM1-3-LL,esm-piControl,r1i1p1f1,g110,rtmt,2248,0.07403,W m-2,piControl,emissions,esgf,,
UKESM1-3-LL,esm-piControl,r1i1p1f1,g110,rtmt,2249,0.0486988,W m-2,piControl,emissions,esgf,,
UKESM1-3-LL,esm-piControl,r1i1p1f1,g110,rtmt,2250,-0.112655,W m-2,piControl,emissions,esgf,,
UKESM1-3-LL,esm-piControl,r1i1p1f1,g110,rtmt,2251,-0.215429,W m-2,piControl,emissions,esgf,,
UKESM1-3-LL,esm-piControl,r1i1p1f1,g110,rtmt,2252,-0.528148,W m-2,piControl,emissions,esgf,,
UKESM1-3-LL,esm-piControl,r1i1p1f1,g110,rtmt,2253,0.0707372,W m-2,piControl,emissions,esgf,,
UKESM1-3-LL,esm-piControl,r1i1p1f1,g110,rtmt,2254,0.00827449,W m-2,piControl,emissions,esgf,,
UKESM1-3-LL,esm-piControl,r1i1p1f1,g110,rtmt,2255,0.266046,W m-2,piControl,emissions,esgf,,
UKESM1-3-LL,esm-piControl,r1i1p1f1,g110,rtmt,2256,0.513689,W m-2,piControl,emissions,esgf,,
UKESM1-3-LL,esm-piControl,r1i1p1f1,g110,rtmt,2257,0.297722,W m-2,piControl,emissions,esgf,,
UKESM1-3-LL,esm-piControl,r1i1p1f1,g110,rtmt,2258,-0.307896,W m-2,piControl,emissions,esgf,,
UKESM1-3-LL,esm-piControl,r1i1p1f1,g110,rtmt,2259,-0.164113,W m-2,piControl,emissions,esgf,,
UKESM1-3-LL,esm-piControl,r1i1p1f1,g110,rtmt,2260,-0.0366559,W m-2,piControl,emissions,esgf,,
UKESM1-3-LL,esm-piControl,r1i1p1f1,g110,rtmt,2261,0.409585,W m-2,piControl,emissions,esgf,,
UKESM1-3-LL,esm-piControl,r1i1p1f1,g110,rtmt,2262,0.00581968,W m-2,piControl,emissions,esgf,,
UKESM1-3-LL,esm-piControl,r1i1p1f1,g110,rtmt,2263,0.0119034,W m-2,piControl,emissions,esgf,,
UKESM1-3-LL,esm-piControl,r1i1p1f1,g110,rtmt,2264,-0.0335289,W m-2,piControl,emissions,esgf,,
UKESM1-3-LL,esm-piControl,r1i1p1f1,g110,rtmt,2265,0.179955,W m-2,piControl,emissions,esgf,,
UKESM1-3-LL,esm-piControl,r1i1p1f1,g110,rtmt,2266,-0.164966,W m-2,piControl,emissions,esgf,,
UKESM1-3-LL,esm-piControl,r1i1p1f1,g110,rtmt,2267,-0.359752,W m-2,piControl,emissions,esgf,,
UKESM1-3-LL,esm-piControl,r1i1p1f1,g110,rtmt,2268,0.463494,W m-2,piControl,emissions,esgf,,
UKESM1-3-LL,esm-piControl,r1i1p1f1,g110,rtmt,2269,-0.0408577,W m-2,piControl,emissions,esgf,,
UKESM1-3-LL,esm-piControl,r1i1p1f1,g110,rtmt,2270,-0.146882,W m-2,piControl,emissions,esgf,,
UKESM1-3-LL,esm-piControl,r1i1p1f1,g110,rtmt,2271,0.280972,W m-2,piControl,emissions,esgf,,
UKESM1-3-LL,esm-piControl,r1i1p1f1,g110,rtmt,2272,0.0914426,W m-2,piControl,emissions,esgf,,
UKESM1-3-LL,esm-piControl,r1i1p1f1,g110,rtmt,2273,0.162386,W m-2,piControl,emissions,esgf,,
UKESM1-3-LL,esm-piControl,r1i1p1f1,g110,rtmt,2274,-0.40888,W m-2,piControl,emissions,esgf,,
UKESM1-3-LL,esm-piControl,r1i1p1f1,g110,rtmt,2275,-0.151085,W m-2,piControl,emissions,esgf,,
UKESM1-3-LL,esm-piControl,r1i1p1f1,g110,rtmt,2276,0.167707,W m-2,piControl,emissions,esgf,,
UKESM1-3-LL,esm-piControl,r1i1p1f1,g110,rtmt,2277,-0.236216,W m-2,piControl,emissions,esgf,,
UKESM1-3-LL,esm-piControl,r1i1p1f1,g110,rtmt,2278,0.160598,W m-2,piControl,emissions,esgf,,
UKESM1-3-LL,esm-piControl,r1i1p1f1,g110,rtmt,2279,0.147123,W m-2,piControl,emissions,esgf,,
UKESM1-3-LL,esm-piControl,r1i1p1f1,g110,rtmt,2280,0.0299248,W m-2,piControl,emissions,esgf,,
UKESM1-3-LL,esm-piControl,r1i1p1f1,g110,rtmt,2281,-0.196019,W m-2,piControl,emissions,esgf,,
UKESM1-3-LL,esm-piControl,r1i1p1f1,g110,rtmt,2282,-0.10402,W m-2,piControl,emissions,esgf,,
UKESM1-3-LL,esm-piControl,r1i1p1f1,g110,rtmt,2283,-0.254128,W m-2,piControl,emissions,esgf,,
UKESM1-3-LL,esm-piControl,r1i1p1f1,g110,rtmt,2284,-0.484238,W m-2,piControl,emissions,esgf,,
UKESM1-3-LL,esm-piControl,r1i1p1f1,g110,rtmt,2285,0.0966913,W m-2,piControl,emissions,esgf,,
UKESM1-3-LL,esm-piControl,r1i1p1f1,g110,rtmt,2286,0.486559,W m-2,piControl,emissions,esgf,,
UKESM1-3-LL,esm-piControl,r1i1p1f1,g110,rtmt,2287,-0.107569,W m-2,piControl,emissions,esgf,,
UKESM1-3-LL,esm-piControl,r1i1p1f1,g110,rtmt,2288,-0.169243,W m-2,piControl,emissions,esgf,,
UKESM1-3-LL,esm-piControl,r1i1p1f1,g110,rtmt,2289,-0.0622017,W m-2,piControl,emissions,esgf,,
UKESM1-3-LL,esm-piControl,r1i1p1f1,g110,rtmt,2290,-0.327407,W m-2,piControl,emissions,esgf,,
UKESM1-3-LL,esm-piControl,r1i1p1f1,g110,rtmt,2291,0.338092,W m-2,piControl,emissions,esgf,,
UKESM1-3-LL,esm-piControl,r1i1p1f1,g110,rtmt,2292,0.746474,W m-2,piControl,emissions,esgf,,
UKESM1-3-LL,esm-piControl,r1i1p1f1,g110,rtmt,2293,0.0954895,W m-2,piControl,emissions,esgf,,
UKESM1-3-LL,esm-piControl,r1i1p1f1,g110,rtmt,2294,-0.0543513,W m-2,piControl,emissions,esgf,,
UKESM1-3-LL,esm-piControl,r1i1p1f1,g110,rtmt,2295,-0.277114,W m-2,piControl,emissions,esgf,,
UKESM1-3-LL,esm-piControl,r1i1p1f1,g110,rtmt,2296,0.274029,W m-2,piControl,emissions,esgf,,
UKESM1-3-LL,esm-piControl,r1i1p1f1,g110,rtmt,2297,0.100766,W m-2,piControl,emissions,esgf,,
UKESM1-3-LL,esm-piControl,r1i1p1f1,g110,rtmt,2298,0.126473,W m-2,piControl,emissions,esgf,,
UKESM1-3-LL,esm-piControl,r1i1p1f1,g110,rtmt,2299,0.354143,W m-2,piControl,emissions,esgf,,
UKESM1-3-LL,esm-piControl,r1i1p1f1,g110,rtmt,2300,0.337973,W m-2,piControl,emissions,esgf,,
UKESM1-3-LL,esm-piControl,r1i1p1f1,g110,rtmt,2301,0.406875,W m-2,piControl,emissions,esgf,,
UKESM1-3-LL,esm-piControl,r1i1p1f1,g110,rtmt,2302,-0.0364703,W m-2,piControl,emissions,esgf,,
UKESM1-3-LL,esm-piControl,r1i1p1f1,g110,rtmt,2303,0.260356,W m-2,piControl,emissions,esgf,,
UKESM1-3-LL,esm-piControl,r1i1p1f1,g110,rtmt,2304,-0.420976,W m-2,piControl,emissions,esgf,,
UKESM1-3-LL,esm-piControl,r1i1p1f1,g110,rtmt,2305,0.130496,W m-2,piControl,emissions,esgf,,
UKESM1-3-LL,esm-piControl,r1i1p1f1,g110,rtmt,2306,0.635742,W m-2,piControl,emissions,esgf,,
UKESM1-3-LL,esm-piControl,r1i1p1f1,g110,rtmt,2307,0.162709,W m-2,piControl,emissions,esgf,,
UKESM1-3-LL,esm-piControl,r1i1p1f1,g110,rtmt,2308,-0.0301876,W m-2,piControl,emissions,esgf,,
UKESM1-3-LL,esm-piControl,r1i1p1f1,g110,rtmt,2309,-0.462656,W m-2,piControl,emissions,esgf,,
UKESM1-3-LL,esm-piControl,r1i1p1f1,g110,rtmt,2310,0.050375,W m-2,piControl,emissions,esgf,,
UKESM1-3-LL,esm-piControl,r1i1p1f1,g110,rtmt,2311,0.342223,W m-2,piControl,emissions,esgf,,
UKESM1-3-LL,esm-piControl,r1i1p1f1,g110,rtmt,2312,0.137111,W m-2,piControl,emissions,esgf,,
UKESM1-3-LL,esm-piControl,r1i1p1f1,g110,rtmt,2313,0.694538,W m-2,piControl,emissions,esgf,,
UKESM1-3-LL,esm-piControl,r1i1p1f1,g110,rtmt,2314,0.494234,W m-2,piControl,emissions,esgf,,
UKESM1-3-LL,esm-piControl,r1i1p1f1,g110,rtmt,2315,0.298397,W m-2,piControl,emissions,esgf,,
UKESM1-3-LL,esm-piControl,r1i1p1f1,g110,rtmt,2316,0.142795,W m-2,piControl,emissions,esgf,,
UKESM1-3-LL,esm-piControl,r1i1p1f1,g110,rtmt,2317,0.0263872,W m-2,piControl,emissions,esgf,,
UKESM1-3-LL,esm-piControl,r1i1p1f1,g110,rtmt,2318,-0.0950102,W m-2,piControl,emissions,esgf,,
UKESM1-3-LL,esm-piControl,r1i1p1f1,g110,rtmt,2319,-0.32626,W m-2,piControl,emissions,esgf,,
UKESM1-3-LL,esm-piControl,r1i1p1f1,g110,rtmt,2320,0.603445,W m-2,piControl,emissions,esgf,,
UKESM1-3-LL,esm-piControl,r1i1p1f1,g110,rtmt,2321,0.787719,W m-2,piControl,emissions,esgf,,
UKESM1-3-LL,esm-piControl,r1i1p1f1,g110,rtmt,2322,-0.181519,W m-2,piControl,emissions,esgf,,
UKESM1-3-LL,esm-piControl,r1i1p1f1,g110,rtmt,2323,0.399163,W m-2,piControl,emissions,esgf,,
UKESM1-3-LL,esm-piControl,r1i1p1f1,g110,rtmt,2324,0.0691419,W m-2,piControl,emissions,esgf,,
UKESM1-3-LL,esm-piControl,r1i1p1f1,g110,rtmt,2325,-0.11271,W m-2,piControl,emissions,esgf,,
UKESM1-3-LL,esm-piControl,r1i1p1f1,g110,rtmt,2326,0.100115,W m-2,piControl,emissions,esgf,,
UKESM1-3-LL,esm-piControl,r1i1p1f1,g110,rtmt,2327,0.562596,W m-2,piControl,emissions,esgf,,
UKESM1-3-LL,esm-piControl,r1i1p1f1,g110,rtmt,2328,0.556822,W m-2,piControl,emissions,esgf,,
UKESM1-3-LL,esm-piControl,r1i1p1f1,g110,rtmt,2329,-0.57624,W m-2,piControl,emissions,esgf,,
UKESM1-3-LL,esm-piControl,r1i1p1f1,g110,rtmt,2330,0.44579,W m-2,piControl,emissions,esgf,,
UKESM1-3-LL,esm-piControl,r1i1p1f1,g110,rtmt,2331,0.315254,W m-2,piControl,emissions,esgf,,
UKESM1-3-LL,esm-piControl,r1i1p1f1,g110,rtmt,2332,0.401216,W m-2,piControl,emissions,esgf,,
UKESM1-3-LL,esm-piControl,r1i1p1f1,g110,rtmt,2333,-0.170556,W m-2,piControl,emissions,esgf,,
UKESM1-3-LL,esm-piControl,r1i1p1f1,g110,rtmt,2334,0.17389,W m-2,piControl,emissions,esgf,,
UKESM1-3-LL,esm-piControl,r1i1p1f1,g110,rtmt,2335,0.332431,W m-2,piControl,emissions,esgf,,
UKESM1-3-LL,esm-piControl,r1i1p1f1,g110,rtmt,2336,-0.413651,W m-2,piControl,emissions,esgf,,
UKESM1-3-LL,esm-piControl,r1i1p1f1,g110,rtmt,2337,-0.039444,W m-2,piControl,emissions,esgf,,
UKESM1-3-LL,esm-piControl,r1i1p1f1,g110,rtmt,2338,0.134017,W m-2,piControl,emissions,esgf,,
UKESM1-3-LL,esm-piControl,r1i1p1f1,g110,rtmt,2339,0.243763,W m-2,piControl,emissions,esgf,,
UKESM1-3-LL,esm-piControl,r1i1p1f1,g110,rtmt,2340,0.136089,W m-2,piControl,emissions,esgf,,
UKESM1-3-LL,esm-piControl,r1i1p1f1,g110,rtmt,2341,-0.221693,W m-2,piControl,emissions,esgf,,
UKESM1-3-LL,esm-piControl,r1i1p1f1,g110,rtmt,2342,0.321165,W m-2,piControl,emissions,esgf,,
UKESM1-3-LL,esm-piControl,r1i1p1f1,g110,rtmt,2343,0.170123,W m-2,piControl,emissions,esgf,,
UKESM1-3-LL,esm-piControl,r1i1p1f1,g110,rtmt,2344,-0.116883,W m-2,piControl,emissions,esgf,,
UKESM1-3-LL,esm-piControl,r1i1p1f1,g110,rtmt,2345,0.0378097,W m-2,piControl,emissions,esgf,,
UKESM1-3-LL,esm-piControl,r1i1p1f1,g110,rtmt,2346,0.127834,W m-2,piControl,emissions,esgf,,
UKESM1-3-LL,esm-piControl,r1i1p1f1,g110,rtmt,2347,0.210268,W m-2,piControl,emissions,esgf,,
UKESM1-3-LL,esm-piControl,r1i1p1f1,g110,rtmt,2348,-0.400623,W m-2,piControl,emissions,esgf,,
UKESM1-3-LL,esm-piControl,r1i1p1f1,g110,rtmt,2349,0.422109,W m-2,piControl,emissions,esgf,,
UKESM1-3-LL,esm-piControl,r1i1p1f1,g110,rtmt,2350,0.0750031,W m-2,piControl,emissions,esgf,,
UKESM1-3-LL,esm-piControl,r1i1p1f1,g110,rtmt,2351,0.164376,W m-2,piControl,emissions,esgf,,
UKESM1-3-LL,esm-piControl,r1i1p1f1,g110,rtmt,2352,-0.138431,W m-2,piControl,emissions,esgf,,
UKESM1-3-LL,esm-piControl,r1i1p1f1,g110,rtmt,2353,0.533329,W m-2,piControl,emissions,esgf,,
UKESM1-3-LL,esm-piControl,r1i1p1f1,g110,rtmt,2354,0.0124759,W m-2,piControl,emissions,esgf,,
UKESM1-3-LL,esm-piControl,r1i1p1f1,g110,rtmt,2355,-0.367171,W m-2,piControl,emissions,esgf,,
UKESM1-3-LL,esm-piControl,r1i1p1f1,g110,rtmt,2356,0.117462,W m-2,piControl,emissions,esgf,,
UKESM1-3-LL,esm-piControl,r1i1p1f1,g110,rtmt,2357,0.118097,W m-2,piControl,emissions,esgf,,
UKESM1-3-LL,esm-piControl,r1i1p1f1,g110,rtmt,2358,-0.0392392,W m-2,piControl,emissions,esgf,,
UKESM1-3-LL,esm-piControl,r1i1p1f1,g110,rtmt,2359,0.0551699,W m-2,piControl,emissions,esgf,,
UKESM1-3-LL,esm-piControl,r1i1p1f1,g110,rtmt,2360,-0.0736799,W m-2,piControl,emissions,esgf,,
UKESM1-3-LL,esm-piControl,r1i1p1f1,g110,rtmt,2361,0.232631,W m-2,piControl,emissions,esgf,,
UKESM1-3-LL,esm-piControl,r1i1p1f1,g110,rtmt,2362,0.140582,W m-2,piControl,emissions,esgf,,
UKESM1-3-LL,esm-piControl,r1i1p1f1,g110,rtmt,2363,-0.294156,W m-2,piControl,emissions,esgf,,
UKESM1-3-LL,esm-piControl,r1i1p1f1,g110,rtmt,2364,-0.132016,W m-2,piControl,emissions,esgf,,
UKESM1-3-LL,esm-piControl,r1i1p1f1,g110,rtmt,2365,-0.2684,W m-2,piControl,emissions,esgf,,
UKESM1-3-LL,esm-piControl,r1i1p1f1,g110,rtmt,2366,0.0211048,W m-2,piControl,emissions,esgf,,
UKESM1-3-LL,esm-piControl,r1i1p1f1,g110,rtmt,2367,0.471892,W m-2,piControl,emissions,esgf,,
UKESM1-3-LL,esm-piControl,r1i1p1f1,g110,rtmt,2368,0.328812,W m-2,piControl,emissions,esgf,,
UKESM1-3-LL,esm-piControl,r1i1p1f1,g110,rtmt,2369,0.395723,W m-2,piControl,emissions,esgf,,
UKESM1-3-LL,esm-piControl,r1i1p1f1,g110,rtmt,2370,0.00328429,W m-2,piControl,emissions,esgf,,
UKESM1-3-LL,esm-piControl,r1i1p1f1,g110,rtmt,2371,-0.309735,W m-2,piControl,emissions,esgf,,
UKESM1-3-LL,esm-piControl,r1i1p1f1,g110,rtmt,2372,0.134522,W m-2,piControl,emissions,esgf,,
UKESM1-3-LL,esm-piControl,r1i1p1f1,g110,rtmt,2373,0.122885,W m-2,piControl,emissions,esgf,,
UKESM1-3-LL,esm-piControl,r1i1p1f1,g110,rtmt,2374,-0.0401195,W m-2,piControl,emissions,esgf,,
UKESM1-3-LL,esm-piControl,r1i1p1f1,g110,rtmt,2375,0.315816,W m-2,piControl,emissions,esgf,,
UKESM1-3-LL,esm-piControl,r1i1p1f1,g110,rtmt,2376,0.241578,W m-2,piControl,emissions,esgf,,
UKESM1-3-LL,esm-piControl,r1i1p1f1,g110,rtmt,2377,-0.0766165,W m-2,piControl,emissions,esgf,,
UKESM1-3-LL,esm-piControl,r1i1p1f1,g110,rtmt,2378,0.190513,W m-2,piControl,emissions,esgf,,
UKESM1-3-LL,esm-piControl,r1i1p1f1,g110,rtmt,2379,0.178469,W m-2,piControl,emissions,esgf,,
UKESM1-3-LL,esm-piControl,r1i1p1f1,g110,rtmt,2380,0.298441,W m-2,piControl,emissions,esgf,,
UKESM1-3-LL,esm-piControl,r1i1p1f1,g110,rtmt,2381,-0.0727382,W m-2,piControl,emissions,esgf,,
UKESM1-3-LL,esm-piControl,r1i1p1f1,g110,rtmt,2382,0.17077,W m-2,piControl,emissions,esgf,,
UKESM1-3-LL,esm-piControl,r1i1p1f1,g110,rtmt,2383,0.364364,W m-2,piControl,emissions,esgf,,
UKESM1-3-LL,esm-piControl,r1i1p1f1,g110,rtmt,2384,0.287467,W m-2,piControl,emissions,esgf,,
UKESM1-3-LL,esm-piControl,r1i1p1f1,g110,rtmt,2385,-0.209687,W m-2,piControl,emissions,esgf,,
UKESM1-3-LL,esm-piControl,r1i1p1f1,g110,rtmt,2386,-0.465605,W m-2,piControl,emissions,esgf,,
UKESM1-3-LL,esm-piControl,r1i1p1f1,g110,rtmt,2387,0.168273,W m-2,piControl,emissions,esgf,,
UKESM1-3-LL,esm-piControl,r1i1p1f1,g110,rtmt,2388,0.389298,W m-2,piControl,emissions,esgf,,
UKESM1-3-LL,esm-piControl,r1i1p1f1,g110,rtmt,2389,-0.0101306,W m-2,piControl,emissions,esgf,,
UKESM1-3-LL,esm-piControl,r1i1p1f1,g110,rtmt,2390,-0.336676,W m-2,piControl,emissions,esgf,,
UKESM1-3-LL,esm-piControl,r1i1p1f1,g110,rtmt,2391,0.238679,W m-2,piControl,emissions,esgf,,
UKESM1-3-LL,esm-piControl,r1i1p1f1,g110,rtmt,2392,0.0338194,W m-2,piControl,emissions,esgf,,
UKESM1-3-LL,esm-piControl,r1i1p1f1,g110,rtmt,2393,-0.268164,W m-2,piControl,emissions,esgf,,
UKESM1-3-LL,esm-piControl,r1i1p1f1,g110,rtmt,2394,0.3092,W m-2,piControl,emissions,esgf,,
UKESM1-3-LL,esm-piControl,r1i1p1f1,g110,rtmt,2395,0.0452212,W m-2,piControl,emissions,esgf,,
UKESM1-3-LL,esm-piControl,r1i1p1f1,g110,rtmt,2396,0.00441671,W m-2,piControl,emissions,esgf,,
UKESM1-3-LL,esm-piControl,r1i1p1f1,g110,rtmt,2397,0.162158,W m-2,piControl,emissions,esgf,,
UKESM1-3-LL,esm-piControl,r1i1p1f1,g110,rtmt,2398,-0.457985,W m-2,piControl,emissions,esgf,,
UKESM1-3-LL,esm-piControl,r1i1p1f1,g110,rtmt,2399,-0.612192,W m-2,piControl,emissions,esgf,,
UKESM1-3-LL,esm-piControl,r1i1p1f1,g110,rtmt,2400,0.380362,W m-2,piControl,emissions,esgf,,
UKESM1-3-LL,esm-piControl,r1i1p1f1,g110,rtmt,2401,0.0971008,W m-2,piControl,emissions,esgf,,
UKESM1-3-LL,esm-piControl,r1i1p1f1,g110,rtmt,2402,-0.320968,W m-2,piControl,emissions,esgf,,
UKESM1-3-LL,esm-piControl,r1i1p1f1,g110,rtmt,2403,0.358602,W m-2,piControl,emissions,esgf,,
UKESM1-3-LL,esm-piControl,r1i1p1f1,g110,rtmt,2404,0.225213,W m-2,piControl,emissions,esgf,,
UKESM1-3-LL,esm-piControl,r1i1p1f1,g110,rtmt,2405,-0.0475701,W m-2,piControl,emissions,esgf,,
UKESM1-3-LL,esm-piControl,r1i1p1f1,g110,rtmt,2406,-0.369556,W m-2,piControl,emissions,esgf,,
UKESM1-3-LL,esm-piControl,r1i1p1f1,g110,rtmt,2407,0.13183,W m-2,piControl,emissions,esgf,,
UKESM1-3-LL,esm-piControl,r1i1p1f1,g110,rtmt,2408,-0.0222684,W m-2,piControl,emissions,esgf,,
UKESM1-3-LL,esm-piControl,r1i1p1f1,g110,rtmt,2409,-0.039845,W m-2,piControl,emissions,esgf,,
UKESM1-3-LL,esm-piControl,r1i1p1f1,g110,rtmt,2410,0.472015,W m-2,piControl,emissions,esgf,,
UKESM1-3-LL,esm-piControl,r1i1p1f1,g110,rtmt,2411,-0.216857,W m-2,piControl,emissions,esgf,,
UKESM1-3-LL,esm-piControl,r1i1p1f1,g110,rtmt,2412,-0.215614,W m-2,piControl,emissions,esgf,,
UKESM1-3-LL,esm-piControl,r1i1p1f1,g110,rtmt,2413,0.385746,W m-2,piControl,emissions,esgf,,
UKESM1-3-LL,esm-piControl,r1i1p1f1,g110,rtmt,2414,0.0616047,W m-2,piControl,emissions,esgf,,
UKESM1-3-LL,esm-piControl,r1i1p1f1,g110,rtmt,2415,0.203355,W m-2,piControl,emissions,esgf,,
UKESM1-3-LL,esm-piControl,r1i1p1f1,g110,rtmt,2416,-0.148781,W m-2,piControl,emissions,esgf,,
UKESM1-3-LL,esm-piControl,r1i1p1f1,g110,rtmt,2417,-0.0187412,W m-2,piControl,emissions,esgf,,
UKESM1-3-LL,esm-piControl,r1i1p1f1,g110,rtmt,2418,0.0481309,W m-2,piControl,emissions,esgf,,
UKESM1-3-LL,esm-piControl,r1i1p1f1,g110,rtmt,2419,-0.29346,W m-2,piControl,emissions,esgf,,
UKESM1-3-LL,esm-piControl,r1i1p1f1,g110,rtmt,2420,0.00397592,W m-2,piControl,emissions,esgf,,
UKESM1-3-LL,esm-piControl,r1i1p1f1,g110,rtmt,2421,0.403689,W m-2,piControl,emissions,esgf,,
UKESM1-3-LL,esm-piControl,r1i1p1f1,g110,rtmt,2422,0.106008,W m-2,piControl,emissions,esgf,,
UKESM1-3-LL,esm-piControl,r1i1p1f1,g110,rtmt,2423,-0.158137,W m-2,piControl,emissions,esgf,,
UKESM1-3-LL,esm-piControl,r1i1p1f1,g110,rtmt,2424,0.608886,W m-2,piControl,emissions,esgf,,
UKESM1-3-LL,esm-piControl,r1i1p1f1,g110,rtmt,2425,0.412069,W m-2,piControl,emissions,esgf,,
UKESM1-3-LL,esm-piControl,r1i1p1f1,g110,rtmt,2426,-0.0404008,W m-2,piControl,emissions,esgf,,
UKESM1-3-LL,esm-piControl,r1i1p1f1,g110,rtmt,2427,0.0689454,W m-2,piControl,emissions,esgf,,
UKESM1-3-LL,esm-piControl,r1i1p1f1,g110,rtmt,2428,0.364063,W m-2,piControl,emissions,esgf,,
UKESM1-3-LL,esm-piControl,r1i1p1f1,g110,rtmt,2429,0.200771,W m-2,piControl,emissions,esgf,,
UKESM1-3-LL,esm-piControl,r1i1p1f1,g110,rtmt,2430,-0.0223387,W m-2,piControl,emissions,esgf,,
UKESM1-3-LL,esm-piControl,r1i1p1f1,g110,rtmt,2431,0.0838866,W m-2,piControl,emissions,esgf,,
UKESM1-3-LL,esm-piControl,r1i1p1f1,g110,rtmt,2432,-0.36226,W m-2,piControl,emissions,esgf,,
UKESM1-3-LL,esm-piControl,r1i1p1f1,g110,rtmt,2433,-0.00709446,W m-2,piControl,emissions,esgf,,
UKESM1-3-LL,esm-piControl,r1i1p1f1,g110,rtmt,2434,0.106641,W m-2,piControl,emissions,esgf,,
UKESM1-3-LL,esm-piControl,r1i1p1f1,g110,rtmt,2435,0.190774,W m-2,piControl,emissions,esgf,,
UKESM1-3-LL,esm-piControl,r1i1p1f1,g110,rtmt,2436,-0.0700452,W m-2,piControl,emissions,esgf,,
UKESM1-3-LL,esm-piControl,r1i1p1f1,g110,rtmt,2437,0.0462005,W m-2,piControl,emissions,esgf,,
UKESM1-3-LL,esm-piControl,r1i1p1f1,g110,rtmt,2438,-0.295356,W m-2,piControl,emissions,esgf,,
UKESM1-3-LL,esm-piControl,r1i1p1f1,g110,rtmt,2439,0.18327,W m-2,piControl,emissions,esgf,,
UKESM1-3-LL,esm-piControl,r1i1p1f1,g110,rtmt,2440,-0.0275892,W m-2,piControl,emissions,esgf,,
UKESM1-3-LL,esm-piControl,r1i1p1f1,g110,rtmt,2441,0.164457,W m-2,piControl,emissions,esgf,,
UKESM1-3-LL,esm-piControl,r1i1p1f1,g110,rtmt,2442,0.27433,W m-2,piControl,emissions,esgf,,
UKESM1-3-LL,esm-piControl,r1i1p1f1,g110,rtmt,2443,-0.174888,W m-2,piControl,emissions,esgf,,
UKESM1-3-LL,esm-piControl,r1i1p1f1,g110,rtmt,2444,0.0913397,W m-2,piControl,emissions,esgf,,
UKESM1-3-LL,esm-piControl,r1i1p1f1,g110,rtmt,2445,-0.149662,W m-2,piControl,emissions,esgf,,
UKESM1-3-LL,esm-piControl,r1i1p1f1,g110,rtmt,2446,-0.0522284,W m-2,piControl,emissions,esgf,,
UKESM1-3-LL,esm-piControl,r1i1p1f1,g110,rtmt,2447,0.0951729,W m-2,piControl,emissions,esgf,,
UKESM1-3-LL,esm-piControl,r1i1p1f1,g110,rtmt,2448,0.0320668,W m-2,piControl,emissions,esgf,,
UKESM1-3-LL,esm-piControl,r1i1p1f1,g110,rtmt,2449,0.216998,W m-2,piControl,emissions,esgf,,
UKESM1-3-LL,esm-piControl,r1i1p1f1,g110,rtmt,2450,0.236422,W m-2,piControl,emissions,esgf,,
UKESM1-3-LL,esm-piControl,r1i1p1f1,g110,rtmt,2451,-0.0781327,W m-2,piControl,emissions,esgf,,
UKESM1-3-LL,esm-piControl,r1i1p1f1,g110,rtmt,2452,-0.0211383,W m-2,piControl,emissions,esgf,,
UKESM1-3-LL,esm-piControl,r1i1p1f1,g110,rtmt,2453,-0.196539,W m-2,piControl,emissions,esgf,,
UKESM1-3-LL,esm-piControl,r1i1p1f1,g110,rtmt,2454,0.308468,W m-2,piControl,emissions,esgf,,
UKESM1-3-LL,esm-piControl,r1i1p1f1,g110,rtmt,2455,-0.13976,W m-2,piControl,emissions,esgf,,
UKESM1-3-LL,esm-piControl,r1i1p1f1,g110,rtmt,2456,-0.332771,W m-2,piControl,emissions,esgf,,
UKESM1-3-LL,esm-piControl,r1i1p1f1,g110,rtmt,2457,-0.323566,W m-2,piControl,emissions,esgf,,
UKESM1-3-LL,esm-piControl,r1i1p1f1,g110,rtmt,2458,0.490129,W m-2,piControl,emissions,esgf,,
UKESM1-3-LL,esm-piControl,r1i1p1f1,g110,rtmt,2459,0.623274,W m-2,piControl,emissions,esgf,,
UKESM1-3-LL,esm-piControl,r1i1p1f1,g110,rtmt,2460,-0.279291,W m-2,piControl,emissions,esgf,,
UKESM1-3-LL,esm-piControl,r1i1p1f1,g110,rtmt,2461,0.0630547,W m-2,piControl,emissions,esgf,,
UKESM1-3-LL,esm-piControl,r1i1p1f1,g110,rtmt,2462,0.775032,W m-2,piControl,emissions,esgf,,
UKESM1-3-LL,esm-piControl,r1i1p1f1,g110,rtmt,2463,0.241124,W m-2,piControl,emissions,esgf,,
UKESM1-3-LL,esm-piControl,r1i1p1f1,g110,rtmt,2464,-0.143663,W m-2,piControl,emissions,esgf,,
UKESM1-3-LL,esm-piControl,r1i1p1f1,g110,rtmt,2465,-0.00674108,W m-2,piControl,emissions,esgf,,
UKESM1-3-LL,esm-piControl,r1i1p1f1,g110,rtmt,2466,0.403957,W m-2,piControl,emissions,esgf,,
UKESM1-3-LL,esm-piControl,r1i1p1f1,g110,rtmt,2467,-0.182435,W m-2,piControl,emissions,esgf,,
UKESM1-3-LL,esm-piControl,r1i1p1f1,g110,rtmt,2468,-0.355695,W m-2,piControl,emissions,esgf,,
UKESM1-3-LL,esm-piControl,r1i1p1f1,g110,rtmt,2469,0.0942059,W m-2,piControl,emissions,esgf,,
UKESM1-3-LL,esm-piControl,r1i1p1f1,g110,rtmt,2470,0.298081,W m-2,piControl,emissions,esgf,,
UKESM1-3-LL,esm-piControl,r1i1p1f1,g110,rtmt,2471,0.552363,W m-2,piControl,emissions,esgf,,
UKESM1-3-LL,esm-piControl,r1i1p1f1,g110,rtmt,2472,0.124635,W m-2,piControl,emissions,esgf,,
UKESM1-3-LL,esm-piControl,r1i1p1f1,g110,rtmt,2473,0.02788,W m-2,piControl,emissions,esgf,,
UKESM1-3-LL,esm-piControl,r1i1p1f1,g110,rtmt,2474,0.0976915,W m-2,piControl,emissions,esgf,,
UKESM1-3-LL,esm-piControl,r1i1p1f1,g110,rtmt,2475,-0.409159,W m-2,piControl,emissions,esgf,,
UKESM1-3-LL,esm-piControl,r1i1p1f1,g110,rtmt,2476,-0.0324136,W m-2,piControl,emissions,esgf,,
UKESM1-3-LL,esm-piControl,r1i1p1f1,g110,rtmt,2477,0.033944,W m-2,piControl,emissions,esgf,,
UKESM1-3-LL,esm-piControl,r1i1p1f1,g110,rtmt,2478,0.401281,W m-2,piControl,emissions,esgf,,
UKESM1-3-LL,esm-piControl,r1i1p1f1,g110,rtmt,2479,0.412899,W m-2,piControl,emissions,esgf,,
UKESM1-3-LL,esm-piControl,r1i1p1f1,g110,rtmt,2480,0.0417392,W m-2,piControl,emissions,esgf,,
UKESM1-3-LL,esm-piControl,r1i1p1f1,g110,rtmt,2481,0.0273382,W m-2,piControl,emissions,esgf,,
UKESM1-3-LL,esm-piControl,r1i1p1f1,g110,rtmt,2482,0.0141581,W m-2,piControl,emissions,esgf,,
UKESM1-3-LL,esm-piControl,r1i1p1f1,g110,rtmt,2483,0.129144,W m-2,piControl,emissions,esgf,,
UKESM1-3-LL,esm-piControl,r1i1p1f1,g110,rtmt,2484,0.24586,W m-2,piControl,emissions,esgf,,
UKESM1-3-LL,esm-piControl,r1i1p1f1,g110,rtmt,2485,-0.0691493,W m-2,piControl,emissions,esgf,,
UKESM1-3-LL,esm-piControl,r1i1p1f1,g110,rtmt,2486,-0.143098,W m-2,piControl,emissions,esgf,,
UKESM1-3-LL,esm-piControl,r1i1p1f1,g110,rtmt,2487,0.326747,W m-2,piControl,emissions,esgf,,
UKESM1-3-LL,esm-piControl,r1i1p1f1,g110,rtmt,2488,0.0839343,W m-2,piControl,emissions,esgf,,
UKESM1-3-LL,esm-piControl,r1i1p1f1,g110,rtmt,2489,-0.48281,W m-2,piControl,emissions,esgf,,
