source_id,experiment_id,variant_label,year,co2_ppm,emissions_PgC,atm_growth_PgC,airborne_fraction,airborne_fraction_10yr,sim_total_sink_PgC,sim_land_sink_PgC,sim_ocean_sink_PgC,scenario,cumulative_emissions_GtCO2,prescribed_co2_ppm,implied_total_sink_PgC
UKESM1-3-LL,esm-hist,r4i1p1f1,1850,285.431,0.053724,,,,,,,historical,0.196848,284.297,-0.22452
UKESM1-3-LL,esm-hist,r4i1p1f1,1851,285.897,0.0542511,0.989784,,,-0.935533,,,historical,0.395627,284.42,-0.207001
UKESM1-3-LL,esm-hist,r4i1p1f1,1852,286.502,0.0566571,1.28502,,,-1.22836,,,historical,0.603222,284.553,-0.225835
UKESM1-3-LL,esm-hist,r4i1p1f1,1853,286.662,0.0592886,0.33984,,,-0.280551,,,historical,0.820459,284.676,-0.201963
UKESM1-3-LL,esm-hist,r4i1p1f1,1854,287.103,0.0696056,0.936684,,,-0.867078,,,historical,1.0755,284.802,-0.198018
UKESM1-3-LL,esm-hist,r4i1p1f1,1855,287.054,0.0710305,-0.104076,,,0.175107,,,historical,1.33576,284.915,-0.168981
UKESM1-3-LL,esm-hist,r4i1p1f1,1856,287.009,0.0759393,-0.09558,,,0.171519,,,historical,1.614,285.039,-0.187437
UKESM1-3-LL,esm-hist,r4i1p1f1,1857,286.721,0.0767403,-0.611712,,,0.688452,,,historical,1.89519,285.152,-0.163272
UKESM1-3-LL,esm-hist,r4i1p1f1,1858,286.774,0.0779322,0.112572,,,-0.0346398,,,historical,2.18073,285.275,-0.18332
UKESM1-3-LL,esm-hist,r4i1p1f1,1859,286.752,0.0825784,-0.046728,,,0.129306,,,historical,2.48331,285.399,-0.180798
UKESM1-3-LL,esm-hist,r4i1p1f1,1860,286.977,0.0906913,0.4779,,,-0.387209,,,historical,2.8156,285.529,-0.185429
UKESM1-3-LL,esm-hist,r4i1p1f1,1861,286.466,0.0953014,-1.08536,,,1.18067,,,historical,3.16479,285.668,-0.199935
UKESM1-3-LL,esm-hist,r4i1p1f1,1862,286.249,0.0971576,-0.460908,,,0.558066,,,historical,3.52078,285.805,-0.19383
UKESM1-3-LL,esm-hist,r4i1p1f1,1863,285.637,0.103583,-1.29989,,,1.40347,,,historical,3.90032,285.945,-0.193777
UKESM1-3-LL,esm-hist,r4i1p1f1,1864,285.707,0.111768,0.14868,,,-0.036912,,,historical,4.30984,286.095,-0.206832
UKESM1-3-LL,esm-hist,r4i1p1f1,1865,286.324,0.11868,1.31051,,,-1.19183,,,historical,4.7447,286.254,-0.219036
UKESM1-3-LL,esm-hist,r4i1p1f1,1866,286.571,0.12256,0.524628,,,-0.402068,,,historical,5.19376,286.413,-0.215156
UKESM1-3-LL,esm-hist,r4i1p1f1,1867,286.353,0.131224,-0.463032,,,0.594256,,,historical,5.67458,286.583,-0.229856
UKESM1-3-LL,esm-hist,r4i1p1f1,1868,285.769,0.134958,-1.24042,,,1.37537,,,historical,6.16907,286.762,-0.245238
UKESM1-3-LL,esm-hist,r4i1p1f1,1869,285.56,0.14321,-0.443916,,,0.587126,,,historical,6.6938,286.942,-0.23911
UKESM1-3-LL,esm-hist,r4i1p1f1,1870,285.303,0.146319,-0.545868,,,0.692187,,,historical,7.22992,287.12,-0.231753
UKESM1-3-LL,esm-hist,r4i1p1f1,1871,285.545,0.155504,0.514008,,,-0.358504,,,historical,7.7997,287.311,-0.25018
UKESM1-3-LL,esm-hist,r4i1p1f1,1872,286.553,0.172203,2.14099,,,-1.96879,,,historical,8.43066,287.494,-0.216489
UKESM1-3-LL,esm-hist,r4i1p1f1,1873,286.992,0.182985,0.932436,,,-0.749451,,,historical,9.10113,287.685,-0.222699
UKESM1-3-LL,esm-hist,r4i1p1f1,1874,287.113,0.171575,0.257004,,,-0.085429,,,historical,9.72979,287.858,-0.195877
UKESM1-3-LL,esm-hist,r4i1p1f1,1875,286.917,0.185873,-0.416304,,,0.602177,,,historical,10.4108,288.04,-0.200695
UKESM1-3-LL,esm-hist,r4i1p1f1,1876,287.138,0.188475,0.469404,,,-0.280929,,,historical,11.1014,288.229,-0.212961
UKESM1-3-LL,esm-hist,r4i1p1f1,1877,287.391,0.192146,0.537372,,,-0.345226,,,historical,11.8055,288.417,-0.207166
UKESM1-3-LL,esm-hist,r4i1p1f1,1878,287.681,0.193679,0.61596,,,-0.422281,,,historical,12.5151,288.625,-0.248113
UKESM1-3-LL,esm-hist,r4i1p1f1,1879,287.86,0.207364,0.380196,,,-0.172832,,,historical,13.2749,288.847,-0.264164
UKESM1-3-LL,esm-hist,r4i1p1f1,1880,287.905,0.234229,0.09558,,,0.138649,,,historical,14.1331,289.084,-0.269159
UKESM1-3-LL,esm-hist,r4i1p1f1,1881,287.954,0.242401,0.104076,,,0.138325,,,historical,15.0213,289.344,-0.309839
UKESM1-3-LL,esm-hist,r4i1p1f1,1882,288.212,0.256043,0.547992,,,-0.291949,,,historical,15.9595,289.626,-0.342925
UKESM1-3-LL,esm-hist,r4i1p1f1,1883,288.77,0.272338,1.18519,,,-0.912854,,,historical,16.9573,289.919,-0.349994
UKESM1-3-LL,esm-hist,r4i1p1f1,1884,288.103,0.275586,-1.41671,,,1.69229,,,historical,17.9671,290.218,-0.35949
UKESM1-3-LL,esm-hist,r4i1p1f1,1885,287.011,0.277695,-2.31941,,,2.5971,,,historical,18.9846,290.526,-0.376497
UKESM1-3-LL,esm-hist,r4i1p1f1,1886,287.413,0.281924,0.853848,,,-0.571924,,,historical,20.0176,290.854,-0.414748
UKESM1-3-LL,esm-hist,r4i1p1f1,1887,287.554,0.295924,0.299484,,,-0.00356,,,historical,21.1018,291.187,-0.411368
UKESM1-3-LL,esm-hist,r4i1p1f1,1888,287.643,0.327872,0.189036,,,0.138836,,,historical,22.3032,291.545,-0.43252
UKESM1-3-LL,esm-hist,r4i1p1f1,1889,287.906,0.328078,0.558612,,,-0.230534,,,historical,23.5053,291.893,-0.411074
UKESM1-3-LL,esm-hist,r4i1p1f1,1890,287.993,0.356778,0.184788,,,0.17199,,,historical,24.8125,292.251,-0.403614
UKESM1-3-LL,esm-hist,r4i1p1f1,1891,288.325,0.373793,0.705168,,,-0.331375,,,historical,26.1821,292.604,-0.375979
UKESM1-3-LL,esm-hist,r4i1p1f1,1892,288.606,0.376778,0.596844,,,-0.220066,,,historical,27.5627,292.952,-0.362374
UKESM1-3-LL,esm-hist,r4i1p1f1,1893,288.772,0.372041,0.352584,,,0.019457,,,historical,28.9259,293.298,-0.362863
UKESM1-3-LL,esm-hist,r4i1p1f1,1894,289.107,0.385427,0.71154,,,-0.326113,,,historical,30.3381,293.63,-0.319741
UKESM1-3-LL,esm-hist,r4i1p1f1,1895,289.27,0.408281,0.346212,,,0.062069,,,historical,31.8341,293.966,-0.305383
UKESM1-3-LL,esm-hist,r4i1p1f1,1896,289.865,0.421787,1.26378,,,-0.841993,,,historical,33.3795,294.298,-0.283381
UKESM1-3-LL,esm-hist,r4i1p1f1,1897,290.164,0.441697,0.635076,,,-0.193379,,,historical,34.9979,294.622,-0.246479
UKESM1-3-LL,esm-hist,r4i1p1f1,1898,290.081,0.465868,-0.176292,,,0.64216,,,historical,36.7049,294.949,-0.22868
UKESM1-3-LL,esm-hist,r4i1p1f1,1899,290.355,0.508841,0.581976,,,-0.073135,,,historical,38.5693,295.292,-0.219691
UKESM1-3-LL,esm-hist,r4i1p1f1,1900,290.45,0.535713,0.20178,,,0.333933,,,historical,40.5322,295.629,-0.180075
UKESM1-3-LL,esm-hist,r4i1p1f1,1901,291.007,0.552837,1.18307,,,-0.630231,,,historical,42.5578,295.963,-0.156579
UKESM1-3-LL,esm-hist,r4i1p1f1,1902,291.935,0.566846,1.97107,,,-1.40423,,,historical,44.6348,296.295,-0.138322
UKESM1-3-LL,esm-hist,r4i1p1f1,1903,292.159,0.618056,0.475776,,,0.14228,,,historical,46.8994,296.641,-0.116848
UKESM1-3-LL,esm-hist,r4i1p1f1,1904,292.174,0.62506,0.03186,,,0.5932,,,historical,49.1896,296.971,-0.07586
UKESM1-3-LL,esm-hist,r4i1p1f1,1905,292.391,0.666084,0.460908,,,0.205176,,,historical,51.6302,297.313,-0.060324
UKESM1-3-LL,esm-hist,r4i1p1f1,1906,293.095,0.695671,1.4953,,,-0.799625,,,historical,54.1792,297.653,-0.026489
UKESM1-3-LL,esm-hist,r4i1p1f1,1907,293.598,0.792823,1.06837,,,-0.275549,,,historical,57.0841,298.005,0.045175
UKESM1-3-LL,esm-hist,r4i1p1f1,1908,294.32,0.761559,1.53353,,,-0.771969,,,historical,59.8745,298.312,0.109491
UKESM1-3-LL,esm-hist,r4i1p1f1,1909,294.964,0.793413,1.36786,,,-0.574443,,,historical,62.7816,298.639,0.098865
UKESM1-3-LL,esm-hist,r4i1p1f1,1910,295.492,0.832485,1.12147,,,-0.288987,,,historical,65.8319,298.971,0.127317
UKESM1-3-LL,esm-hist,r4i1p1f1,1911,295.986,0.845294,1.04926,,,-0.203962,,,historical,68.9291,299.294,0.159242
UKESM1-3-LL,esm-hist,r4i1p1f1,1912,296.32,0.888067,0.709416,,,0.178651,,,historical,72.183,299.636,0.161659
UKESM1-3-LL,esm-hist,r4i1p1f1,1913,295.991,0.962006,-0.698796,,,1.6608,,,historical,75.7079,300.011,0.165506
UKESM1-3-LL,esm-hist,r4i1p1f1,1914,296.259,0.872735,0.569232,,,0.303503,,,historical,78.9056,300.335,0.184559
UKESM1-3-LL,esm-hist,r4i1p1f1,1915,296.707,0.859165,0.951552,,,-0.092387,,,historical,82.0537,300.706,0.071161
UKESM1-3-LL,esm-hist,r4i1p1f1,1916,297.461,0.927996,1.6015,,,-0.6735,,,historical,85.4539,301.118,0.052908
UKESM1-3-LL,esm-hist,r4i1p1f1,1917,298.074,0.970645,1.30201,,,-0.331367,,,historical,89.0104,301.538,0.078565
UKESM1-3-LL,esm-hist,r4i1p1f1,1918,297.884,0.956886,-0.40356,,,1.36045,,,historical,92.5165,301.96,0.060558
UKESM1-3-LL,esm-hist,r4i1p1f1,1919,297.539,0.829985,-0.73278,,,1.56277,,,historical,95.5576,302.341,0.020741
UKESM1-3-LL,esm-hist,r4i1p1f1,1920,297.584,0.967986,0.09558,,,0.872406,,,historical,99.1044,302.818,-0.045162
UKESM1-3-LL,esm-hist,r4i1p1f1,1921,298.38,0.850149,1.6907,,,-0.840555,,,historical,102.219,303.191,0.057897
UKESM1-3-LL,esm-hist,r4i1p1f1,1922,299.602,0.891011,2.59553,,,-1.70452,,,historical,105.484,303.605,0.011675
UKESM1-3-LL,esm-hist,r4i1p1f1,1923,300.096,1.01063,1.04926,1.03822,,-0.038626,,,historical,109.187,304.036,0.095186
UKESM1-3-LL,esm-hist,r4i1p1f1,1924,300.653,1.01422,1.18307,1.16648,,-0.168848,,,historical,112.903,304.405,0.230464
UKESM1-3-LL,esm-hist,r4i1p1f1,1925,300.615,1.0209,-0.080712,-0.0790597,1.05205,1.10161,,,historical,116.644,304.746,0.296616
UKESM1-3-LL,esm-hist,r4i1p1f1,1926,300.983,1.00364,0.781632,0.778797,1.11153,0.222008,,,historical,120.321,305.067,0.321836
UKESM1-3-LL,esm-hist,r4i1p1f1,1927,301.849,1.09522,1.83938,1.67947,1.01879,-0.744164,,,historical,124.334,305.43,0.324208
UKESM1-3-LL,esm-hist,r4i1p1f1,1928,302.346,1.09068,1.05563,0.967862,0.878351,0.035052,,,historical,128.331,305.736,0.440736
UKESM1-3-LL,esm-hist,r4i1p1f1,1929,302.549,1.17034,0.431172,0.368416,0.86764,0.739168,,,historical,132.619,306.084,0.431188
UKESM1-3-LL,esm-hist,r4i1p1f1,1930,302.936,1.08025,0.821988,0.760924,0.746962,0.258262,,,historical,136.577,306.378,0.455794
UKESM1-3-LL,esm-hist,r4i1p1f1,1931,303.341,0.965956,0.86022,,0.713955,0.105736,,,historical,140.116,306.662,0.36274
UKESM1-3-LL,esm-hist,r4i1p1f1,1932,303.871,0.871326,1.12572,,0.740203,-0.254394,,,historical,143.309,306.974,0.208638
UKESM1-3-LL,esm-hist,r4i1p1f1,1933,304.275,0.917748,0.858096,,0.78948,0.059652,,,historical,146.671,307.359,0.100008
UKESM1-3-LL,esm-hist,r4i1p1f1,1934,304.245,0.997852,-0.06372,,0.895743,1.06157,,,historical,150.328,307.766,0.133384
UKESM1-3-LL,esm-hist,r4i1p1f1,1935,304.057,1.04686,-0.399312,-0.381438,1.07758,1.44617,,,historical,154.163,308.193,0.139912
UKESM1-3-LL,esm-hist,r4i1p1f1,1936,304.602,1.14843,1.15758,1.00797,0.999654,-0.00915,,,historical,158.371,308.648,0.18201
UKESM1-3-LL,esm-hist,r4i1p1f1,1937,305.758,1.22725,2.45534,2.00069,0.891488,-1.22809,,,historical,162.868,309.106,0.254458
UKESM1-3-LL,esm-hist,r4i1p1f1,1938,306.808,1.15435,2.2302,1.932,0.813882,-1.07585,,,historical,167.098,309.507,0.302626
UKESM1-3-LL,esm-hist,r4i1p1f1,1939,307.942,1.21999,2.40862,1.97429,0.790607,-1.18863,,,historical,171.568,309.94,0.300298
UKESM1-3-LL,esm-hist,r4i1p1f1,1940,308.058,1.33313,0.246384,0.184816,0.848034,1.08675,,,historical,176.452,310.354,0.453794
UKESM1-3-LL,esm-hist,r4i1p1f1,1941,308.076,1.36436,0.038232,0.0280219,0.94924,1.32613,,,historical,181.451,310.712,0.603968
UKESM1-3-LL,esm-hist,r4i1p1f1,1942,308.381,1.35984,0.64782,0.476394,0.838622,0.71202,,,historical,186.434,311.031,0.682284
UKESM1-3-LL,esm-hist,r4i1p1f1,1943,308.83,1.38515,0.953676,0.6885,0.81114,0.431474,,,historical,191.509,311.336,0.73733
UKESM1-3-LL,esm-hist,r4i1p1f1,1944,309.295,1.40895,0.98766,0.70099,0.66829,0.42129,,,historical,196.672,311.598,0.852462
UKESM1-3-LL,esm-hist,r4i1p1f1,1945,309.765,1.17065,0.99828,0.852757,0.546127,0.17237,,,historical,200.961,311.749,0.849926
UKESM1-3-LL,esm-hist,r4i1p1f1,1946,309.688,1.25777,-0.163548,-0.13003,0.659596,1.42132,,,historical,205.57,312.031,0.658802
UKESM1-3-LL,esm-hist,r4i1p1f1,1947,310.747,1.40969,2.24932,1.59561,0.659719,-0.839626,,,historical,210.735,312.301,0.83621
UKESM1-3-LL,esm-hist,r4i1p1f1,1948,311.023,1.48684,0.586224,0.394275,0.622221,0.900616,,,historical,216.183,312.555,0.947344
UKESM1-3-LL,esm-hist,r4i1p1f1,1949,311.438,1.42029,0.88146,0.62062,0.60379,0.53883,,,historical,221.387,312.783,0.936018
UKESM1-3-LL,esm-hist,r4i1p1f1,1950,312.369,1.61853,1.97744,1.22175,0.662533,-0.358914,,,historical,227.317,313.079,0.989826
UKESM1-3-LL,esm-hist,r4i1p1f1,1951,312.505,1.74169,0.288864,0.165853,0.697686,1.45283,,,historical,233.699,313.41,1.03865
UKESM1-3-LL,esm-hist,r4i1p1f1,1952,312.677,1.76517,0.365328,0.206965,0.761947,1.39984,,,historical,240.166,313.725,1.09611
UKESM1-3-LL,esm-hist,r4i1p1f1,1953,313.121,1.81521,0.943056,0.51953,0.657591,0.872154,,,historical,246.818,314.07,1.08243
UKESM1-3-LL,esm-hist,r4i1p1f1,1954,314.142,1.85306,2.1686,1.17028,0.730267,-0.315544,,,historical,253.607,314.433,1.08205
UKESM1-3-LL,esm-hist,r4i1p1f1,1955,315.152,2.03166,2.14524,1.05591,0.803927,-0.11358,,,historical,261.051,314.872,1.09922
UKESM1-3-LL,esm-hist,r4i1p1f1,1956,315.896,2.16325,1.58026,0.730501,0.754381,0.582994,,,historical,268.978,315.316,1.22019
UKESM1-3-LL,esm-hist,r4i1p1f1,1957,316.36,2.23413,0.985536,0.441127,0.786177,1.24859,,,historical,277.164,315.759,1.2932
UKESM1-3-LL,esm-hist,r4i1p1f1,1958,317.535,2.29732,2.4957,1.08635,0.820354,-0.19838,,,historical,285.581,316.232,1.29267
UKESM1-3-LL,esm-hist,r4i1p1f1,1959,318.984,2.41675,3.07768,1.27348,0.867252,-0.660926,,,historical,294.436,316.745,1.32714
UKESM1-3-LL,esm-hist,r4i1p1f1,1960,319.785,2.5619,1.70132,0.664087,0.836317,0.860576,,,historical,303.823,317.505,0.94766
UKESM1-3-LL,esm-hist,r4i1p1f1,1961,320.54,2.56955,1.60362,0.624086,0.752953,0.96593,,,historical,313.238,318.268,0.948938
UKESM1-3-LL,esm-hist,r4i1p1f1,1962,321.407,2.66023,1.84151,0.692236,0.691354,0.818722,,,historical,322.985,319.038,1.02475
UKESM1-3-LL,esm-hist,r4i1p1f1,1963,322.753,2.80202,2.8589,1.0203,0.685885,-0.056884,,,historical,333.252,319.819,1.14318
UKESM1-3-LL,esm-hist,r4i1p1f1,1964,323.864,2.95423,2.35976,0.798775,0.635937,0.594466,,,historical,344.077,320.621,1.25078
UKESM1-3-LL,esm-hist,r4i1p1f1,1965,324.279,3.08691,0.88146,0.285548,0.566418,2.20545,,,historical,355.387,321.451,1.32399
UKESM1-3-LL,esm-hist,r4i1p1f1,1966,324.626,3.23756,0.737028,0.227649,0.566406,2.50053,,,historical,367.25,322.316,1.4003
UKESM1-3-LL,esm-hist,r4i1p1f1,1967,325.378,3.33984,1.59725,0.478241,0.585329,1.74259,,,historical,379.487,323.219,1.42187
UKESM1-3-LL,esm-hist,r4i1p1f1,1968,326.263,3.52213,1.87974,0.533694,0.59839,1.64239,,,historical,392.393,324.164,1.51495
UKESM1-3-LL,esm-hist,r4i1p1f1,1969,327.115,3.75589,1.80965,0.481816,0.625869,1.94624,,,historical,406.154,325.153,1.65525
UKESM1-3-LL,esm-hist,r4i1p1f1,1970,328.317,4.06629,2.55305,0.627857,0.612053,1.51324,,,historical,421.053,326.187,1.87007
UKESM1-3-LL,esm-hist,r4i1p1f1,1971,329.815,4.23134,3.18175,0.751949,0.612235,1.04959,,,historical,436.557,327.266,1.93954
UKESM1-3-LL,esm-hist,r4i1p1f1,1972,331.387,4.42804,3.33893,0.754042,0.663124,1.08911,,,historical,452.782,328.39,2.04066
UKESM1-3-LL,esm-hist,r4i1p1f1,1973,333.739,4.66076,4.99565,1.07185,0.692177,-0.334888,,,historical,469.859,329.561,2.17356
UKESM1-3-LL,esm-hist,r4i1p1f1,1974,335.093,4.63909,2.8759,0.619927,0.680307,1.76319,,,historical,486.857,330.775,2.06055
UKESM1-3-LL,esm-hist,r4i1p1f1,1975,335.958,4.63652,1.83726,0.396258,0.68363,2.79926,,,historical,503.846,332.034,1.9624
UKESM1-3-LL,esm-hist,r4i1p1f1,1976,337.787,4.87506,3.8848,0.796871,0.67522,0.990264,,,historical,521.708,333.339,2.10324
UKESM1-3-LL,esm-hist,r4i1p1f1,1977,339.66,5.0103,3.97825,0.794015,0.642987,1.03205,,,historical,540.066,334.688,2.14502
UKESM1-3-LL,esm-hist,r4i1p1f1,1978,340.835,5.19226,2.4957,0.480658,0.603743,2.69656,,,historical,559.091,336.077,2.24202
UKESM1-3-LL,esm-hist,r4i1p1f1,1979,342.263,5.32431,3.03307,0.569665,0.559426,2.29124,,,historical,578.599,337.5,2.30186
UKESM1-3-LL,esm-hist,r4i1p1f1,1980,343.67,5.29735,2.98847,0.564144,0.562305,2.30888,,,historical,598.009,338.949,2.21967
UKESM1-3-LL,esm-hist,r4i1p1f1,1981,344.714,5.15269,2.21746,0.430349,0.575186,2.93523,,,historical,616.889,340.418,2.03253
UKESM1-3-LL,esm-hist,r4i1p1f1,1982,345.571,5.11175,1.82027,0.356095,0.520371,3.29148,,,historical,635.619,340.89,4.10922
UKESM1-3-LL,esm-hist,r4i1p1f1,1983,347.013,5.1587,3.06281,0.593717,0.45859,2.09589,,,historical,654.521,342.399,1.95358
UKESM1-3-LL,esm-hist,r4i1p1f1,1984,348.613,5.3103,3.3984,0.639964,0.486328,1.9119,,,historical,673.978,344.063,1.77596
UKESM1-3-LL,esm-hist,r4i1p1f1,1985,350.021,5.49797,2.99059,0.543945,0.4975,2.50738,,,historical,694.123,345.518,2.40755
UKESM1-3-LL,esm-hist,r4i1p1f1,1986,350.682,5.57798,1.40396,0.251698,0.491168,4.17402,,,historical,714.561,347.001,2.42809
UKESM1-3-LL,esm-hist,r4i1p1f1,1987,351.186,5.76033,1.0705,0.185839,0.532533,4.68983,,,historical,735.667,348.772,1.99873
UKESM1-3-LL,esm-hist,r4i1p1f1,1988,353.239,5.9821,4.36057,0.728937,0.550381,1.62153,,,historical,757.586,351.275,0.665728
UKESM1-3-LL,esm-hist,r4i1p1f1,1989,355.124,6.05891,4.00374,0.660802,0.540956,2.05517,,,historical,779.786,352.87,2.67113
UKESM1-3-LL,esm-hist,r4i1p1f1,1990,356.577,6.20409,3.08617,0.497442,0.516636,3.11792,,,historical,802.518,354.091,3.61069
UKESM1-3-LL,esm-hist,r4i1p1f1,1991,359.004,6.3333,5.15495,0.813943,0.498837,1.17835,,,historical,825.724,355.409,3.53387
UKESM1-3-LL,esm-hist,r4i1p1f1,1992,360.608,6.14631,3.4069,0.554299,0.528531,2.73941,,,historical,848.244,356.3,4.25383
UKESM1-3-LL,esm-hist,r4i1p1f1,1993,362.06,6.20893,3.08405,0.496712,0.549087,3.12488,,,historical,870.994,357.017,4.68602
UKESM1-3-LL,esm-hist,r4i1p1f1,1994,363.217,6.27026,2.45747,0.391924,0.560496,3.81279,,,historical,893.968,358.37,3.39649
UKESM1-3-LL,esm-hist,r4i1p1f1,1995,364.338,6.4182,2.381,0.370977,0.560696,4.0372,,,historical,917.485,360.332,2.25091
UKESM1-3-LL,esm-hist,r4i1p1f1,1996,366.109,6.61384,3.7616,0.568747,0.567319,2.85224,,,historical,941.719,362.126,2.80338
UKESM1-3-LL,esm-hist,r4i1p1f1,1997,367.444,6.65391,2.83554,0.426146,0.571415,3.81837,,,historical,966.099,363.353,4.04776
UKESM1-3-LL,esm-hist,r4i1p1f1,1998,370.006,6.63082,5.44169,0.820666,0.595484,1.18913,,,historical,990.395,366.078,0.84292
UKESM1-3-LL,esm-hist,r4i1p1f1,1999,372.087,6.77876,4.42004,0.652043,0.593232,2.35872,,,historical,1015.23,367.934,2.83662
UKESM1-3-LL,esm-hist,r4i1p1f1,2000,373.943,6.96263,3.94214,0.566186,0.581709,3.02049,,,historical,1040.74,369.233,4.20355
UKESM1-3-LL,esm-hist,r4i1p1f1,2001,376.678,7.01217,5.80914,0.828437,0.587533,1.20303,,,historical,1066.44,370.8,3.68386
UKESM1-3-LL,esm-hist,r4i1p1f1,2002,379.313,7.16837,5.59674,0.780755,0.587207,1.57163,,,historical,1092.7,372.908,2.69098
UKESM1-3-LL,esm-hist,r4i1p1f1,2003,381.068,7.54701,3.72762,0.49392,0.603558,3.81939,,,historical,1120.35,375.438,2.17329
UKESM1-3-LL,esm-hist,r4i1p1f1,2004,382.277,7.80829,2.56792,0.32887,0.606994,5.24037,,,historical,1148.96,377.1,4.2782
UKESM1-3-LL,esm-hist,r4i1p1f1,2005,384.048,8.07819,3.7616,0.465649,0.592866,4.31659,,,historical,1178.56,379.019,4.00223
UKESM1-3-LL,esm-hist,r4i1p1f1,2006,386.288,8.3498,4.75776,0.569805,0.592533,3.59204,,,historical,1209.16,381.16,3.80232
UKESM1-3-LL,esm-hist,r4i1p1f1,2007,388.737,8.59682,5.20168,0.60507,0.566989,3.39514,,,historical,1240.66,382.763,5.19205
UKESM1-3-LL,esm-hist,r4i1p1f1,2008,392.025,8.74704,6.98371,0.798409,0.548241,1.76333,,,historical,1272.71,384.928,4.14858
UKESM1-3-LL,esm-hist,r4i1p1f1,2009,394.102,8.60058,4.41155,0.512936,0.560039,4.18903,,,historical,1304.22,386.49,5.28289
UKESM1-3-LL,esm-hist,r4i1p1f1,2010,396.54,9.09311,5.17831,0.569476,0.593363,3.9148,,,historical,1337.54,388.901,3.97215
UKESM1-3-LL,esm-hist,r4i1p1f1,2011,398.941,9.41033,5.09972,0.541928,0.606307,4.31061,,,historical,1372.02,391.092,4.75665
UKESM1-3-LL,esm-hist,r4i1p1f1,2012,401.452,9.5399,5.33336,0.559059,0.604452,4.20654,,,historical,1406.97,393.244,4.96905
UKESM1-3-LL,esm-hist,r4i1p1f1,2013,404.232,9.62753,5.90472,0.613316,0.604054,3.72281,,,historical,1442.25,395.946,3.88848
UKESM1-3-LL,esm-hist,r4i1p1f1,2014,407.342,9.67935,6.60564,0.682447,0.585551,3.07371,,,historical,1477.71,397.833,5.67136
UKESM1-3-LL,esm-hist,r4i1p1f1,2015,410.112,9.66238,5.88348,0.608906,0.609699,3.7789,,,historical,1513.12,400.136,4.77081
UKESM1-3-LL,esm-hist,r4i1p1f1,2016,412.645,9.65946,5.38009,0.556976,0.616801,4.27937,,,historical,1548.51,403.249,3.04745
UKESM1-3-LL,esm-hist,r4i1p1f1,2017,415.424,9.81824,5.9026,0.601187,0.616818,3.91564,,,historical,1584.48,405.274,5.51714
UKESM1-3-LL,esm-hist,r4i1p1f1,2018,418.247,10.0255,5.99605,0.59808,,4.02945,,,historical,1621.22,407.763,4.73886
UKESM1-3-LL,esm-hist,r4i1p1f1,2019,421.842,10.1217,7.63578,0.754397,,2.48592,,,historical,1658.31,410.367,4.5908
UKESM1-3-LL,esm-hist,r4i1p1f1,2020,424.749,9.59544,6.17447,0.643479,,3.42097,,,historical,1693.46,412.874,4.27057
UKESM1-3-LL,esm-hist,r4i1p1f1,2021,427.34,10.0618,5.50328,0.546948,,4.55852,,,historical,1730.33,415.126,5.27855
UKESM1-3-LL,esm-hist,r5i1p1f1,1850,285.615,0.053724,,,,,-0.50167,,historical,0.196848,284.297,-0.22452
UKESM1-3-LL,esm-hist,r5i1p1f1,1851,285.76,0.0542511,0.30798,,,-0.253729,-0.870893,0.617164,historical,0.395627,284.42,-0.207001
UKESM1-3-LL,esm-hist,r5i1p1f1,1852,286.382,0.0566571,1.32113,,,-1.26447,-1.16201,-0.102461,historical,0.603222,284.553,-0.225835
UKESM1-3-LL,esm-hist,r5i1p1f1,1853,286.717,0.0592886,0.71154,,,-0.652251,-0.854163,0.201912,historical,0.820459,284.676,-0.201963
UKESM1-3-LL,esm-hist,r5i1p1f1,1854,286.731,0.0696056,0.029736,,,0.0398696,0.163982,-0.124112,historical,1.0755,284.802,-0.198018
UKESM1-3-LL,esm-hist,r5i1p1f1,1855,286.655,0.0710305,-0.161424,,,0.232455,-0.194515,0.42697,historical,1.33576,284.915,-0.168981
UKESM1-3-LL,esm-hist,r5i1p1f1,1856,286.744,0.0759393,0.189036,,,-0.113097,-1.14969,1.03659,historical,1.614,285.039,-0.187437
UKESM1-3-LL,esm-hist,r5i1p1f1,1857,287.101,0.0767403,0.758268,,,-0.681528,-0.376082,-0.305446,historical,1.89519,285.152,-0.163272
UKESM1-3-LL,esm-hist,r5i1p1f1,1858,287.04,0.0779322,-0.129564,,,0.207496,0.536271,-0.328775,historical,2.18073,285.275,-0.18332
UKESM1-3-LL,esm-hist,r5i1p1f1,1859,286.706,0.0825784,-0.709416,,,0.791994,0.701887,0.0901074,historical,2.48331,285.399,-0.180798
UKESM1-3-LL,esm-hist,r5i1p1f1,1860,286.224,0.0906913,-1.02377,,,1.11446,1.38134,-0.266881,historical,2.8156,285.529,-0.185429
UKESM1-3-LL,esm-hist,r5i1p1f1,1861,285.457,0.0953014,-1.62911,,,1.72441,1.80253,-0.0781206,historical,3.16479,285.668,-0.199935
UKESM1-3-LL,esm-hist,r5i1p1f1,1862,285.153,0.0971576,-0.645696,,,0.742854,0.542144,0.20071,historical,3.52078,285.805,-0.19383
UKESM1-3-LL,esm-hist,r5i1p1f1,1863,285.427,0.103583,0.581976,,,-0.478393,-1.0487,0.570307,historical,3.90032,285.945,-0.193777
UKESM1-3-LL,esm-hist,r5i1p1f1,1864,285.594,0.111768,0.354708,,,-0.24294,0.521642,-0.764582,historical,4.30984,286.095,-0.206832
UKESM1-3-LL,esm-hist,r5i1p1f1,1865,285.427,0.11868,-0.354708,,,0.473388,-0.3428,0.816188,historical,4.7447,286.254,-0.219036
UKESM1-3-LL,esm-hist,r5i1p1f1,1866,285.839,0.12256,0.875088,,,-0.752528,-0.522752,-0.229776,historical,5.19376,286.413,-0.215156
UKESM1-3-LL,esm-hist,r5i1p1f1,1867,286.249,0.131224,0.87084,,,-0.739616,-0.958308,0.218692,historical,5.67458,286.583,-0.229856
UKESM1-3-LL,esm-hist,r5i1p1f1,1868,286.648,0.134958,0.847476,,,-0.712518,0.213579,-0.926097,historical,6.16907,286.762,-0.245238
UKESM1-3-LL,esm-hist,r5i1p1f1,1869,286.336,0.14321,-0.662688,,,0.805898,0.0855633,0.720335,historical,6.6938,286.942,-0.23911
UKESM1-3-LL,esm-hist,r5i1p1f1,1870,286.845,0.146319,1.08112,,,-0.934797,-2.33936,1.40456,historical,7.22992,287.12,-0.231753
UKESM1-3-LL,esm-hist,r5i1p1f1,1871,287.513,0.155504,1.41883,,,-1.26333,-0.2618,-1.00153,historical,7.7997,287.311,-0.25018
UKESM1-3-LL,esm-hist,r5i1p1f1,1872,287.403,0.172203,-0.23364,,,0.405843,0.863125,-0.457282,historical,8.43066,287.494,-0.216489
UKESM1-3-LL,esm-hist,r5i1p1f1,1873,287.036,0.182985,-0.779508,,,0.962493,0.0234496,0.939043,historical,9.10113,287.685,-0.222699
UKESM1-3-LL,esm-hist,r5i1p1f1,1874,287.219,0.171575,0.388692,,,-0.217117,0.287557,-0.504674,historical,9.72979,287.858,-0.195877
UKESM1-3-LL,esm-hist,r5i1p1f1,1875,287.032,0.185873,-0.397188,,,0.583061,0.71759,-0.134529,historical,10.4108,288.04,-0.200695
UKESM1-3-LL,esm-hist,r5i1p1f1,1876,286.907,0.188475,-0.2655,,,0.453975,0.181661,0.272314,historical,11.1014,288.229,-0.212961
UKESM1-3-LL,esm-hist,r5i1p1f1,1877,287.119,0.192146,0.450288,,,-0.258142,-0.0964478,-0.161694,historical,11.8055,288.417,-0.207166
UKESM1-3-LL,esm-hist,r5i1p1f1,1878,287.124,0.193679,0.01062,,,0.183059,-0.239549,0.422608,historical,12.5151,288.625,-0.248113
UKESM1-3-LL,esm-hist,r5i1p1f1,1879,287.857,0.207364,1.55689,,,-1.34953,-1.54805,0.198522,historical,13.2749,288.847,-0.264164
UKESM1-3-LL,esm-hist,r5i1p1f1,1880,288.106,0.234229,0.528876,,,-0.294647,0.233262,-0.527909,historical,14.1331,289.084,-0.269159
UKESM1-3-LL,esm-hist,r5i1p1f1,1881,288.273,0.242401,0.354708,,,-0.112307,-0.371454,0.259147,historical,15.0213,289.344,-0.309839
UKESM1-3-LL,esm-hist,r5i1p1f1,1882,288.38,0.256043,0.227268,,,0.028775,0.0532999,-0.0245249,historical,15.9595,289.626,-0.342925
UKESM1-3-LL,esm-hist,r5i1p1f1,1883,288.54,0.272338,0.33984,,,-0.067502,-0.171881,0.104379,historical,16.9573,289.919,-0.349994
UKESM1-3-LL,esm-hist,r5i1p1f1,1884,288.371,0.275586,-0.358956,,,0.634542,1.11421,-0.479668,historical,17.9671,290.218,-0.35949
UKESM1-3-LL,esm-hist,r5i1p1f1,1885,287.435,0.277695,-1.98806,,,2.26576,1.32956,0.936199,historical,18.9846,290.526,-0.376497
UKESM1-3-LL,esm-hist,r5i1p1f1,1886,287.241,0.281924,-0.412056,,,0.69398,-0.657426,1.35141,historical,20.0176,290.854,-0.414748
UKESM1-3-LL,esm-hist,r5i1p1f1,1887,287.792,0.295924,1.17032,,,-0.8744,-0.743528,-0.130872,historical,21.1018,291.187,-0.411368
UKESM1-3-LL,esm-hist,r5i1p1f1,1888,288.011,0.327872,0.465156,,,-0.137284,-0.0701504,-0.0671336,historical,22.3032,291.545,-0.43252
UKESM1-3-LL,esm-hist,r5i1p1f1,1889,288.229,0.328078,0.463032,,,-0.134954,0.527663,-0.662617,historical,23.5053,291.893,-0.411074
UKESM1-3-LL,esm-hist,r5i1p1f1,1890,288.387,0.356778,0.335592,,,0.021186,-1.40292,1.42411,historical,24.8125,292.251,-0.403614
UKESM1-3-LL,esm-hist,r5i1p1f1,1891,288.981,0.373793,1.26166,,,-0.887863,-0.895914,0.008051,historical,26.1821,292.604,-0.375979
UKESM1-3-LL,esm-hist,r5i1p1f1,1892,289.943,0.376778,2.04329,,,-1.66651,-1.91268,0.24617,historical,27.5627,292.952,-0.362374
UKESM1-3-LL,esm-hist,r5i1p1f1,1893,290.287,0.372041,0.730656,,,-0.358615,0.116815,-0.47543,historical,28.9259,293.298,-0.362863
UKESM1-3-LL,esm-hist,r5i1p1f1,1894,290.56,0.385427,0.579852,,,-0.194425,-0.819981,0.625556,historical,30.3381,293.63,-0.319741
UKESM1-3-LL,esm-hist,r5i1p1f1,1895,291.015,0.408281,0.96642,,,-0.558139,-0.768766,0.210627,historical,31.8341,293.966,-0.305383
UKESM1-3-LL,esm-hist,r5i1p1f1,1896,291.248,0.421787,0.494892,,,-0.073105,0.0982932,-0.171398,historical,33.3795,294.298,-0.283381
UKESM1-3-LL,esm-hist,r5i1p1f1,1897,291.584,0.441697,0.713664,,,-0.271967,-1.35314,1.08117,historical,34.9979,294.622,-0.246479
UKESM1-3-LL,esm-hist,r5i1p1f1,1898,291.805,0.465868,0.469404,,,-0.003536,0.60632,-0.609856,historical,36.7049,294.949,-0.22868
UKESM1-3-LL,esm-hist,r5i1p1f1,1899,291.764,0.508841,-0.087084,,,0.595925,0.220844,0.375081,historical,38.5693,295.292,-0.219691
UKESM1-3-LL,esm-hist,r5i1p1f1,1900,292.124,0.535713,0.76464,,,-0.228927,-0.908414,0.679487,historical,40.5322,295.629,-0.180075
UKESM1-3-LL,esm-hist,r5i1p1f1,1901,293.12,0.552837,2.1155,,,-1.56267,-1.52228,-0.040387,historical,42.5578,295.963,-0.156579
UKESM1-3-LL,esm-hist,r5i1p1f1,1902,293.876,0.566846,1.60574,,,-1.0389,-1.4613,0.422402,historical,44.6348,296.295,-0.138322
UKESM1-3-LL,esm-hist,r5i1p1f1,1903,293.967,0.618056,0.193284,,,0.424772,1.33889,-0.914118,historical,46.8994,296.641,-0.116848
UKESM1-3-LL,esm-hist,r5i1p1f1,1904,293.626,0.62506,-0.724284,,,1.34934,0.226074,1.12327,historical,49.1896,296.971,-0.07586
UKESM1-3-LL,esm-hist,r5i1p1f1,1905,293.637,0.666084,0.023364,,,0.64272,0.175839,0.466881,historical,51.6302,297.313,-0.060324
UKESM1-3-LL,esm-hist,r5i1p1f1,1906,294.309,0.695671,1.42733,,,-0.731657,-0.72807,-0.003587,historical,54.1792,297.653,-0.026489
UKESM1-3-LL,esm-hist,r5i1p1f1,1907,294.206,0.792823,-0.218772,,,1.0116,1.85445,-0.842855,historical,57.0841,298.005,0.045175
UKESM1-3-LL,esm-hist,r5i1p1f1,1908,293.736,0.761559,-0.99828,,,1.75984,0.0402176,1.71962,historical,59.8745,298.312,0.109491
UKESM1-3-LL,esm-hist,r5i1p1f1,1909,295.19,0.793413,3.0883,,,-2.29488,-3.0132,0.718317,historical,62.7816,298.639,0.098865
UKESM1-3-LL,esm-hist,r5i1p1f1,1910,295.802,0.832485,1.29989,,,-0.467403,1.10802,-1.57542,historical,65.8319,298.971,0.127317
UKESM1-3-LL,esm-hist,r5i1p1f1,1911,295.32,0.845294,-1.02377,,,1.86906,1.64011,0.228952,historical,68.9291,299.294,0.159242
UKESM1-3-LL,esm-hist,r5i1p1f1,1912,295.377,0.888067,0.121068,,,0.766999,-0.25371,1.02071,historical,72.183,299.636,0.161659
UKESM1-3-LL,esm-hist,r5i1p1f1,1913,295.957,0.962006,1.23192,,,-0.269914,-1.10191,0.831996,historical,75.7079,300.011,0.165506
UKESM1-3-LL,esm-hist,r5i1p1f1,1914,296.637,0.872735,1.44432,,,-0.571585,-1.00355,0.431965,historical,78.9056,300.335,0.184559
UKESM1-3-LL,esm-hist,r5i1p1f1,1915,297.019,0.859165,0.811368,,,0.047797,0.49945,-0.451653,historical,82.0537,300.706,0.071161
UKESM1-3-LL,esm-hist,r5i1p1f1,1916,296.838,0.927996,-0.384444,,,1.31244,0.0503671,1.26207,historical,85.4539,301.118,0.052908
UKESM1-3-LL,esm-hist,r5i1p1f1,1917,297.468,0.970645,1.33812,,,-0.367475,-0.814287,0.446812,historical,89.0104,301.538,0.078565
UKESM1-3-LL,esm-hist,r5i1p1f1,1918,298.408,0.956886,1.99656,,,-1.03967,-1.53202,0.492346,historical,92.5165,301.96,0.060558
UKESM1-3-LL,esm-hist,r5i1p1f1,1919,298.498,0.829985,0.19116,,,0.638825,1.45888,-0.820055,historical,95.5576,302.341,0.020741
UKESM1-3-LL,esm-hist,r5i1p1f1,1920,298.349,0.967986,-0.316476,,,1.28446,0.923121,0.361341,historical,99.1044,302.818,-0.045162
UKESM1-3-LL,esm-hist,r5i1p1f1,1921,298.29,0.850149,-0.125316,,,0.975465,-0.485126,1.46059,historical,102.219,303.191,0.057897
UKESM1-3-LL,esm-hist,r5i1p1f1,1922,298.618,0.891011,0.696672,,,0.194339,-0.717618,0.911957,historical,105.484,303.605,0.011675
UKESM1-3-LL,esm-hist,r5i1p1f1,1923,299.551,1.01063,1.98169,1.96085,,-0.971062,-1.22841,0.257348,historical,109.187,304.036,0.095186
UKESM1-3-LL,esm-hist,r5i1p1f1,1924,300.39,1.01422,1.78204,1.75705,,-0.767816,-1.37689,0.609074,historical,112.903,304.405,0.230464
UKESM1-3-LL,esm-hist,r5i1p1f1,1925,301.676,1.0209,2.73146,2.67555,0.606661,-1.71056,-2.08298,0.372416,historical,116.644,304.746,0.296616
UKESM1-3-LL,esm-hist,r5i1p1f1,1926,301.942,1.00364,0.564984,0.562935,0.677468,0.438656,0.916353,-0.477697,historical,120.321,305.067,0.321836
UKESM1-3-LL,esm-hist,r5i1p1f1,1927,301.389,1.09522,-1.17457,-1.07245,0.837455,2.26979,1.32171,0.948082,historical,124.334,305.43,0.324208
UKESM1-3-LL,esm-hist,r5i1p1f1,1928,301.122,1.09068,-0.567108,-0.519958,0.938224,1.65779,0.805177,0.852611,historical,128.331,305.736,0.440736
UKESM1-3-LL,esm-hist,r5i1p1f1,1929,301.387,1.17034,0.56286,0.480937,0.96003,0.60748,0.578181,0.029299,historical,132.619,306.084,0.431188
UKESM1-3-LL,esm-hist,r5i1p1f1,1930,301.611,1.08025,0.475776,0.440431,0.794375,0.604474,-0.37204,0.976514,historical,136.577,306.378,0.455794
UKESM1-3-LL,esm-hist,r5i1p1f1,1931,302.368,0.965956,1.60787,,0.378135,-0.641912,-1.87573,1.23382,historical,140.116,306.662,0.36274
UKESM1-3-LL,esm-hist,r5i1p1f1,1932,303.178,0.871326,1.72044,,0.322548,-0.849114,-1.42913,0.580016,historical,143.309,306.974,0.208638
UKESM1-3-LL,esm-hist,r5i1p1f1,1933,304.175,0.917748,2.11763,,0.393023,-1.19988,-1.28921,0.08933,historical,146.671,307.359,0.100008
UKESM1-3-LL,esm-hist,r5i1p1f1,1934,304.21,0.997852,0.07434,,0.521948,0.923512,1.65195,-0.728438,historical,150.328,307.766,0.133384
UKESM1-3-LL,esm-hist,r5i1p1f1,1935,303.499,1.04686,-1.51016,-1.44257,0.610824,2.55702,1.43826,1.11876,historical,154.163,308.193,0.139912
UKESM1-3-LL,esm-hist,r5i1p1f1,1936,303.519,1.14843,0.04248,0.0369896,0.828101,1.10595,0.290929,0.815021,historical,158.371,308.648,0.18201
UKESM1-3-LL,esm-hist,r5i1p1f1,1937,303.335,1.22725,-0.390816,-0.318449,0.771933,1.61807,1.13345,0.484616,historical,162.868,309.106,0.254458
UKESM1-3-LL,esm-hist,r5i1p1f1,1938,303.722,1.15435,0.821988,0.712079,0.623676,0.332362,-0.152789,0.485151,historical,167.098,309.507,0.302626
UKESM1-3-LL,esm-hist,r5i1p1f1,1939,304.444,1.21999,1.53353,1.257,0.519839,-0.313538,-1.71551,1.40197,historical,171.568,309.94,0.300298
UKESM1-3-LL,esm-hist,r5i1p1f1,1940,305.854,1.33313,2.99484,2.24647,0.595975,-1.66171,-1.58962,-0.07209,historical,176.452,310.354,0.453794
UKESM1-3-LL,esm-hist,r5i1p1f1,1941,306.468,1.36436,1.30414,0.955859,0.762818,0.060224,-0.00947641,0.0697004,historical,181.451,310.712,0.603968
UKESM1-3-LL,esm-hist,r5i1p1f1,1942,306.634,1.35984,0.352584,0.259283,0.799874,1.00726,-0.180307,1.18756,historical,186.434,311.031,0.682284
UKESM1-3-LL,esm-hist,r5i1p1f1,1943,307.17,1.38515,1.13846,0.821907,1.07518,0.246686,-0.0616132,0.308299,historical,191.509,311.336,0.73733
UKESM1-3-LL,esm-hist,r5i1p1f1,1944,307.759,1.40895,1.25104,0.887921,1.1311,0.157914,-1.2154,1.37331,historical,196.672,311.598,0.852462
UKESM1-3-LL,esm-hist,r5i1p1f1,1945,308.086,1.17065,0.694548,0.593301,1.05179,0.476102,1.4292,-0.953098,historical,200.961,311.749,0.849926
UKESM1-3-LL,esm-hist,r5i1p1f1,1946,308.37,1.25777,0.603216,0.479592,0.762874,0.654554,-0.908328,1.56288,historical,205.57,312.031,0.658802
UKESM1-3-LL,esm-hist,r5i1p1f1,1947,309.948,1.40969,3.35167,2.3776,0.659123,-1.94198,-3.32194,1.37996,historical,210.735,312.301,0.83621
UKESM1-3-LL,esm-hist,r5i1p1f1,1948,310.856,1.48684,1.92859,1.29711,0.753733,-0.441752,0.269172,-0.710924,historical,216.183,312.555,0.947344
UKESM1-3-LL,esm-hist,r5i1p1f1,1949,311.177,1.42029,0.681804,0.480046,0.862979,0.738486,0.762141,-0.023655,historical,221.387,312.783,0.936018
UKESM1-3-LL,esm-hist,r5i1p1f1,1950,310.84,1.61853,-0.715788,-0.442246,0.885609,2.33432,1.52062,0.813698,historical,227.317,313.079,0.989826
UKESM1-3-LL,esm-hist,r5i1p1f1,1951,310.893,1.74169,0.112572,0.0646338,0.878616,1.62912,0.275825,1.35329,historical,233.699,313.41,1.03865
UKESM1-3-LL,esm-hist,r5i1p1f1,1952,311.838,1.76517,2.00718,1.1371,0.878056,-0.24201,-1.74906,1.50705,historical,240.166,313.725,1.09611
UKESM1-3-LL,esm-hist,r5i1p1f1,1953,313.303,1.81521,3.11166,1.71421,0.767248,-1.29645,-1.17571,-0.12074,historical,246.818,314.07,1.08243
UKESM1-3-LL,esm-hist,r5i1p1f1,1954,314.238,1.85306,1.98594,1.07171,0.826485,-0.13288,-1.06879,0.93591,historical,253.607,314.433,1.08205
UKESM1-3-LL,esm-hist,r5i1p1f1,1955,314.87,2.03166,1.34237,0.660725,0.920691,0.689292,-0.125133,0.814425,historical,261.051,314.872,1.09922
UKESM1-3-LL,esm-hist,r5i1p1f1,1956,315.524,2.16325,1.3891,0.642134,1.02181,0.774154,0.289151,0.485003,historical,268.978,315.316,1.22019
UKESM1-3-LL,esm-hist,r5i1p1f1,1957,316.497,2.23413,2.06665,0.925037,0.980692,0.167478,-1.40027,1.56775,historical,277.164,315.759,1.2932
UKESM1-3-LL,esm-hist,r5i1p1f1,1958,318.226,2.29732,3.6724,1.59856,0.824113,-1.37508,-2.82853,1.45345,historical,285.581,316.232,1.29267
UKESM1-3-LL,esm-hist,r5i1p1f1,1959,319.819,2.41675,3.38353,1.40003,0.750022,-0.966782,-1.68196,0.715178,historical,294.436,316.745,1.32714
UKESM1-3-LL,esm-hist,r5i1p1f1,1960,320.885,2.5619,2.26418,0.883791,0.745218,0.297716,0.636301,-0.338585,historical,303.823,317.505,0.94766
UKESM1-3-LL,esm-hist,r5i1p1f1,1961,320.916,2.56955,0.065844,0.0256247,0.724162,2.50371,2.19629,0.307416,historical,313.238,318.268,0.948938
UKESM1-3-LL,esm-hist,r5i1p1f1,1962,320.608,2.66023,-0.654192,-0.245916,0.693888,3.31442,1.66,1.65442,historical,322.985,319.038,1.02475
UKESM1-3-LL,esm-hist,r5i1p1f1,1963,321.633,2.80202,2.1771,0.776975,0.688471,0.62492,-1.12431,1.74923,historical,333.252,319.819,1.14318
UKESM1-3-LL,esm-hist,r5i1p1f1,1964,322.901,2.95423,2.69323,0.911653,0.639726,0.260998,-0.358937,0.619935,historical,344.077,320.621,1.25078
UKESM1-3-LL,esm-hist,r5i1p1f1,1965,323.648,3.08691,1.58663,0.513986,0.552207,1.50028,0.661146,0.839136,historical,355.387,321.451,1.32399
UKESM1-3-LL,esm-hist,r5i1p1f1,1966,324.286,3.23756,1.35511,0.41856,0.509779,1.88245,0.763882,1.11857,historical,367.25,322.316,1.4003
UKESM1-3-LL,esm-hist,r5i1p1f1,1967,325.549,3.33984,2.68261,0.803216,0.574348,0.657228,-1.09664,1.75387,historical,379.487,323.219,1.42187
UKESM1-3-LL,esm-hist,r5i1p1f1,1968,327.006,3.52213,3.09467,0.878635,0.689228,0.427462,-0.363847,0.791309,historical,392.393,324.164,1.51495
UKESM1-3-LL,esm-hist,r5i1p1f1,1969,327.746,3.75589,1.57176,0.418479,0.684605,2.18413,1.94462,0.23951,historical,406.154,325.153,1.65525
UKESM1-3-LL,esm-hist,r5i1p1f1,1970,328.564,4.06629,1.73743,0.427277,0.640451,2.32886,0.120843,2.20801,historical,421.053,326.187,1.87007
UKESM1-3-LL,esm-hist,r5i1p1f1,1971,330.017,4.23134,3.08617,0.72936,0.653543,1.14517,-0.0307116,1.17588,historical,436.557,327.266,1.93954
UKESM1-3-LL,esm-hist,r5i1p1f1,1972,332.103,4.42804,4.43066,1.00059,0.685546,-0.002624,-2.05635,2.05373,historical,452.782,328.39,2.04066
UKESM1-3-LL,esm-hist,r5i1p1f1,1973,333.65,4.66076,3.28583,0.704998,0.663971,1.37493,2.48921,-1.11428,historical,469.859,329.561,2.17356
UKESM1-3-LL,esm-hist,r5i1p1f1,1974,334.651,4.63909,2.12612,0.458306,0.650288,2.51297,-0.0494223,2.56239,historical,486.857,330.775,2.06055
UKESM1-3-LL,esm-hist,r5i1p1f1,1975,336.115,4.63652,3.10954,0.670662,0.681103,1.52698,0.160991,1.36599,historical,503.846,332.034,1.9624
UKESM1-3-LL,esm-hist,r5i1p1f1,1976,337.892,4.87506,3.77435,0.774216,0.660267,1.10071,-0.12145,1.22216,historical,521.708,333.339,2.10324
UKESM1-3-LL,esm-hist,r5i1p1f1,1977,339.249,5.0103,2.88227,0.575269,0.635003,2.12803,0.465625,1.66241,historical,540.066,334.688,2.14502
UKESM1-3-LL,esm-hist,r5i1p1f1,1978,340.935,5.19226,3.58106,0.689693,0.591569,1.6112,-0.50588,2.11708,historical,559.091,336.077,2.24202
UKESM1-3-LL,esm-hist,r5i1p1f1,1979,342.838,5.32431,4.04197,0.759154,0.558836,1.28234,0.377651,0.904687,historical,578.599,337.5,2.30186
UKESM1-3-LL,esm-hist,r5i1p1f1,1980,343.577,5.29735,1.56964,0.296306,0.579898,3.72771,2.18714,1.54057,historical,598.009,338.949,2.21967
UKESM1-3-LL,esm-hist,r5i1p1f1,1981,344.731,5.15269,2.4511,0.475693,0.586393,2.70159,0.786986,1.91461,historical,616.889,340.418,2.03253
UKESM1-3-LL,esm-hist,r5i1p1f1,1982,346.001,5.11175,2.69748,0.527702,0.545955,2.41427,2.03922,0.37505,historical,635.619,340.89,4.10922
UKESM1-3-LL,esm-hist,r5i1p1f1,1983,346.91,5.1587,1.93072,0.374264,0.545128,3.22798,0.810029,2.41795,historical,654.521,342.399,1.95358
UKESM1-3-LL,esm-hist,r5i1p1f1,1984,348.594,5.3103,3.57682,0.673562,0.56141,1.73348,-0.845251,2.57874,historical,673.978,344.063,1.77596
UKESM1-3-LL,esm-hist,r5i1p1f1,1985,350.452,5.49797,3.94639,0.717791,0.54214,1.55158,0.729219,0.822359,historical,694.123,345.518,2.40755
UKESM1-3-LL,esm-hist,r5i1p1f1,1986,351.421,5.57798,2.05816,0.368979,0.564689,3.51982,2.15354,1.36628,historical,714.561,347.001,2.42809
UKESM1-3-LL,esm-hist,r5i1p1f1,1987,352.95,5.76033,3.2476,0.563786,0.568085,2.51273,-0.0793266,2.59206,historical,735.667,348.772,1.99873
UKESM1-3-LL,esm-hist,r5i1p1f1,1988,355.254,5.9821,4.8937,0.818057,0.573476,1.0884,-0.771249,1.85965,historical,757.586,351.275,0.665728
UKESM1-3-LL,esm-hist,r5i1p1f1,1989,356.853,6.05891,3.39628,0.560542,0.582804,2.66263,1.91337,0.749264,historical,779.786,352.87,2.67113
UKESM1-3-LL,esm-hist,r5i1p1f1,1990,358.416,6.20409,3.31981,0.535101,0.539559,2.88428,1.29184,1.59244,historical,802.518,354.091,3.61069
UKESM1-3-LL,esm-hist,r5i1p1f1,1991,359.975,6.3333,3.31132,0.522842,0.494726,3.02198,0.580526,2.44146,historical,825.724,355.409,3.53387
UKESM1-3-LL,esm-hist,r5i1p1f1,1992,361.669,6.14631,3.59806,0.585401,0.516095,2.54825,0.521363,2.02689,historical,848.244,356.3,4.25383
UKESM1-3-LL,esm-hist,r5i1p1f1,1993,363.121,6.20893,3.08405,0.496712,0.562934,3.12488,2.25623,0.868652,historical,870.994,357.017,4.68602
UKESM1-3-LL,esm-hist,r5i1p1f1,1994,363.846,6.27026,1.5399,0.245588,0.565142,4.73036,3.04446,1.6859,historical,893.968,358.37,3.39649
UKESM1-3-LL,esm-hist,r5i1p1f1,1995,364.651,6.4182,1.70982,0.266402,0.552399,4.70838,3.01452,1.69386,historical,917.485,360.332,2.25091
UKESM1-3-LL,esm-hist,r5i1p1f1,1996,366.485,6.61384,3.89542,0.588979,0.54517,2.71842,-0.772716,3.49114,historical,941.719,362.126,2.80338
UKESM1-3-LL,esm-hist,r5i1p1f1,1997,369.618,6.65391,6.65449,1.00009,0.549074,-0.000582,-1.77797,1.77739,historical,966.099,363.353,4.04776
UKESM1-3-LL,esm-hist,r5i1p1f1,1998,372.16,6.63082,5.39921,0.814259,0.534264,1.23161,0.299554,0.932058,historical,990.395,366.078,0.84292
UKESM1-3-LL,esm-hist,r5i1p1f1,1999,373.565,6.77876,2.98422,0.440231,0.540238,3.79454,2.34364,1.4509,historical,1015.23,367.934,2.83662
UKESM1-3-LL,esm-hist,r5i1p1f1,2000,375.104,6.96263,3.26884,0.469483,0.577314,3.69379,1.36831,2.32548,historical,1040.74,369.233,4.20355
UKESM1-3-LL,esm-hist,r5i1p1f1,2001,376.958,7.01217,3.9379,0.56158,0.622588,3.07427,1.19233,1.88194,historical,1066.44,370.8,3.68386
UKESM1-3-LL,esm-hist,r5i1p1f1,2002,378.451,7.16837,3.17113,0.442378,0.624629,3.99724,1.88277,2.11447,historical,1092.7,372.908,2.69098
UKESM1-3-LL,esm-hist,r5i1p1f1,2003,380.431,7.54701,4.20552,0.557243,0.578047,3.34149,0.872597,2.46889,historical,1120.35,375.438,2.17329
UKESM1-3-LL,esm-hist,r5i1p1f1,2004,382.762,7.80829,4.95104,0.634075,0.558229,2.85725,0.792356,2.06489,historical,1148.96,377.1,4.2782
UKESM1-3-LL,esm-hist,r5i1p1f1,2005,385.537,8.07819,5.8941,0.729631,0.571322,2.18409,0.393729,1.79036,historical,1178.56,379.019,4.00223
UKESM1-3-LL,esm-hist,r5i1p1f1,2006,387.95,8.3498,5.12521,0.613813,0.585191,3.22459,2.04725,1.17734,historical,1209.16,381.16,3.80232
UKESM1-3-LL,esm-hist,r5i1p1f1,2007,390.011,8.59682,4.37756,0.509207,0.593806,4.21926,2.79107,1.42819,historical,1240.66,382.763,5.19205
UKESM1-3-LL,esm-hist,r5i1p1f1,2008,392.41,8.74704,5.09548,0.582537,0.61389,3.65156,0.936584,2.71498,historical,1272.71,384.928,4.14858
UKESM1-3-LL,esm-hist,r5i1p1f1,2009,394.78,8.60058,5.03388,0.585295,0.62921,3.5667,1.50725,2.05945,historical,1304.22,386.49,5.28289
UKESM1-3-LL,esm-hist,r5i1p1f1,2010,397.421,9.09311,5.60948,0.616894,0.6355,3.48363,0.656295,2.82733,historical,1337.54,388.901,3.97215
UKESM1-3-LL,esm-hist,r5i1p1f1,2011,400.274,9.41033,6.05977,0.643949,0.622311,3.35056,1.25239,2.09817,historical,1372.02,391.092,4.75665
UKESM1-3-LL,esm-hist,r5i1p1f1,2012,403.241,9.5399,6.30191,0.660584,0.611906,3.23799,0.62916,2.60883,historical,1406.97,393.244,4.96905
UKESM1-3-LL,esm-hist,r5i1p1f1,2013,406.456,9.62753,6.82866,0.709285,0.627323,2.79887,0.199076,2.59979,historical,1442.25,395.946,3.88848
UKESM1-3-LL,esm-hist,r5i1p1f1,2014,409.607,9.67935,6.69272,0.691444,0.615541,2.98663,1.01446,1.97217,historical,1477.71,397.833,5.67136
UKESM1-3-LL,esm-hist,r5i1p1f1,2015,412.289,9.66238,5.69657,0.589562,0.600424,3.96581,2.39768,1.56813,historical,1513.12,400.136,4.77081
UKESM1-3-LL,esm-hist,r5i1p1f1,2016,414.632,9.65946,4.97653,0.515198,0.578711,4.68293,0.809797,3.87313,historical,1548.51,403.249,3.04745
UKESM1-3-LL,esm-hist,r5i1p1f1,2017,417.726,9.81824,6.57166,0.669331,0.58602,3.24658,1.80344,1.44314,historical,1584.48,405.274,5.51714
UKESM1-3-LL,esm-hist,r5i1p1f1,2018,419.975,10.0255,4.77688,0.476473,,5.24862,2.9774,2.27122,historical,1621.22,407.763,4.73886
UKESM1-3-LL,esm-hist,r5i1p1f1,2019,422.098,10.1217,4.50925,0.445503,,5.61245,3.51202,2.10043,historical,1658.31,410.367,4.5908
UKESM1-3-LL,esm-hist,r5i1p1f1,2020,423.888,9.59544,3.80196,0.396226,,5.79348,1.977,3.81648,historical,1693.46,412.874,4.27057
UKESM1-3-LL,esm-hist,r5i1p1f1,2021,427.255,10.0618,7.15151,0.710758,,2.91029,0.191115,2.71918,historical,1730.33,415.126,5.27855
UKESM1-3-LL,esm-hist,r7i1p1f2,1850,285.894,0.053724,,,,,1.00958,,historical,0.196848,284.297,-0.22452
UKESM1-3-LL,esm-hist,r7i1p1f2,1851,286.326,0.0542511,0.917568,,,-0.863317,-1.69193,0.828613,historical,0.395627,284.42,-0.207001
UKESM1-3-LL,esm-hist,r7i1p1f2,1852,286.515,0.0566571,0.401436,,,-0.344779,1.03011,-1.37489,historical,0.603222,284.553,-0.225835
UKESM1-3-LL,esm-hist,r7i1p1f2,1853,286.168,0.0592886,-0.737028,,,0.796317,-0.241637,1.03795,historical,0.820459,284.676,-0.201963
UKESM1-3-LL,esm-hist,r7i1p1f2,1854,286.991,0.0696056,1.74805,,,-1.67845,-2.24093,0.562484,historical,1.0755,284.802,-0.198018
UKESM1-3-LL,esm-hist,r7i1p1f2,1855,287.601,0.0710305,1.29564,,,-1.22461,-0.879685,-0.344925,historical,1.33576,284.915,-0.168981
UKESM1-3-LL,esm-hist,r7i1p1f2,1856,287.515,0.0759393,-0.182664,,,0.258603,0.805684,-0.547081,historical,1.614,285.039,-0.187437
UKESM1-3-LL,esm-hist,r7i1p1f2,1857,287.135,0.0767403,-0.80712,,,0.88386,0.673391,0.210469,historical,1.89519,285.152,-0.163272
UKESM1-3-LL,esm-hist,r7i1p1f2,1858,287.078,0.0779322,-0.121068,,,0.199,-0.450391,0.649391,historical,2.18073,285.275,-0.18332
UKESM1-3-LL,esm-hist,r7i1p1f2,1859,287.281,0.0825784,0.431172,,,-0.348594,0.0637167,-0.41231,historical,2.48331,285.399,-0.180798
UKESM1-3-LL,esm-hist,r7i1p1f2,1860,286.912,0.0906913,-0.783756,,,0.874447,0.548607,0.32584,historical,2.8156,285.529,-0.185429
UKESM1-3-LL,esm-hist,r7i1p1f2,1861,286.935,0.0953014,0.048852,,,0.0464494,-0.0955329,0.141982,historical,3.16479,285.668,-0.199935
UKESM1-3-LL,esm-hist,r7i1p1f2,1862,286.601,0.0971576,-0.709416,,,0.806574,1.27249,-0.465916,historical,3.52078,285.805,-0.19383
UKESM1-3-LL,esm-hist,r7i1p1f2,1863,286.301,0.103583,-0.6372,,,0.740783,-0.394396,1.13518,historical,3.90032,285.945,-0.193777
UKESM1-3-LL,esm-hist,r7i1p1f2,1864,286.258,0.111768,-0.091332,,,0.2031,0.321037,-0.117937,historical,4.30984,286.095,-0.206832
UKESM1-3-LL,esm-hist,r7i1p1f2,1865,286.202,0.11868,-0.118944,,,0.237624,0.603133,-0.365509,historical,4.7447,286.254,-0.219036
UKESM1-3-LL,esm-hist,r7i1p1f2,1866,286.243,0.12256,0.087084,,,0.035476,-0.97167,1.00715,historical,5.19376,286.413,-0.215156
UKESM1-3-LL,esm-hist,r7i1p1f2,1867,286.938,0.131224,1.47618,,,-1.34496,-1.33717,-0.007786,historical,5.67458,286.583,-0.229856
UKESM1-3-LL,esm-hist,r7i1p1f2,1868,286.868,0.134958,-0.14868,,,0.283638,1.10619,-0.822552,historical,6.16907,286.762,-0.245238
UKESM1-3-LL,esm-hist,r7i1p1f2,1869,286.738,0.14321,-0.27612,,,0.41933,0.0329216,0.386408,historical,6.6938,286.942,-0.23911
UKESM1-3-LL,esm-hist,r7i1p1f2,1870,286.522,0.146319,-0.458784,,,0.605103,0.665674,-0.060571,historical,7.22992,287.12,-0.231753
UKESM1-3-LL,esm-hist,r7i1p1f2,1871,286.214,0.155504,-0.654192,,,0.809696,0.931854,-0.122158,historical,7.7997,287.311,-0.25018
UKESM1-3-LL,esm-hist,r7i1p1f2,1872,285.93,0.172203,-0.603216,,,0.775419,0.463531,0.311888,historical,8.43066,287.494,-0.216489
UKESM1-3-LL,esm-hist,r7i1p1f2,1873,285.738,0.182985,-0.407808,,,0.590793,1.47143,-0.880637,historical,9.10113,287.685,-0.222699
UKESM1-3-LL,esm-hist,r7i1p1f2,1874,285.45,0.171575,-0.611712,,,0.783287,1.06728,-0.283993,historical,9.72979,287.858,-0.195877
UKESM1-3-LL,esm-hist,r7i1p1f2,1875,284.848,0.185873,-1.27865,,,1.46452,1.31367,0.150851,historical,10.4108,288.04,-0.200695
UKESM1-3-LL,esm-hist,r7i1p1f2,1876,284.938,0.188475,0.19116,,,-0.002685,-0.0614852,0.0588002,historical,11.1014,288.229,-0.212961
UKESM1-3-LL,esm-hist,r7i1p1f2,1877,285.172,0.192146,0.497016,,,-0.30487,-1.1544,0.84953,historical,11.8055,288.417,-0.207166
UKESM1-3-LL,esm-hist,r7i1p1f2,1878,286.583,0.193679,2.99696,,,-2.80329,-3.55437,0.751085,historical,12.5151,288.625,-0.248113
UKESM1-3-LL,esm-hist,r7i1p1f2,1879,287.703,0.207364,2.37888,,,-2.17152,-1.01641,-1.15511,historical,13.2749,288.847,-0.264164
UKESM1-3-LL,esm-hist,r7i1p1f2,1880,287.769,0.234229,0.140184,,,0.094045,0.694238,-0.600193,historical,14.1331,289.084,-0.269159
UKESM1-3-LL,esm-hist,r7i1p1f2,1881,287.354,0.242401,-0.88146,,,1.12386,0.61432,0.509541,historical,15.0213,289.344,-0.309839
UKESM1-3-LL,esm-hist,r7i1p1f2,1882,287.414,0.256043,0.12744,,,0.128603,0.199238,-0.070635,historical,15.9595,289.626,-0.342925
UKESM1-3-LL,esm-hist,r7i1p1f2,1883,287.769,0.272338,0.75402,,,-0.481682,-1.88732,1.40564,historical,16.9573,289.919,-0.349994
UKESM1-3-LL,esm-hist,r7i1p1f2,1884,287.994,0.275586,0.4779,,,-0.202314,1.31889,-1.5212,historical,17.9671,290.218,-0.35949
UKESM1-3-LL,esm-hist,r7i1p1f2,1885,287.284,0.277695,-1.50804,,,1.78574,1.40471,0.381025,historical,18.9846,290.526,-0.376497
UKESM1-3-LL,esm-hist,r7i1p1f2,1886,286.987,0.281924,-0.630828,,,0.912752,0.49152,0.421232,historical,20.0176,290.854,-0.414748
UKESM1-3-LL,esm-hist,r7i1p1f2,1887,286.852,0.295924,-0.28674,,,0.582664,0.619262,-0.036598,historical,21.1018,291.187,-0.411368
UKESM1-3-LL,esm-hist,r7i1p1f2,1888,286.672,0.327872,-0.38232,,,0.710192,1.5183,-0.808108,historical,22.3032,291.545,-0.43252
UKESM1-3-LL,esm-hist,r7i1p1f2,1889,286.442,0.328078,-0.48852,,,0.816598,-0.326813,1.14341,historical,23.5053,291.893,-0.411074
UKESM1-3-LL,esm-hist,r7i1p1f2,1890,287.16,0.356778,1.52503,,,-1.16825,-2.71883,1.55058,historical,24.8125,292.251,-0.403614
UKESM1-3-LL,esm-hist,r7i1p1f2,1891,288.667,0.373793,3.20087,,,-2.82707,-2.27919,-0.547885,historical,26.1821,292.604,-0.375979
UKESM1-3-LL,esm-hist,r7i1p1f2,1892,289.185,0.376778,1.10023,,,-0.723454,0.194338,-0.917792,historical,27.5627,292.952,-0.362374
UKESM1-3-LL,esm-hist,r7i1p1f2,1893,288.676,0.372041,-1.08112,,,1.45316,1.35975,0.093407,historical,28.9259,293.298,-0.362863
UKESM1-3-LL,esm-hist,r7i1p1f2,1894,288.88,0.385427,0.433296,,,-0.047869,-0.78097,0.733101,historical,30.3381,293.63,-0.319741
UKESM1-3-LL,esm-hist,r7i1p1f2,1895,289.113,0.408281,0.494892,,,-0.086611,0.122804,-0.209415,historical,31.8341,293.966,-0.305383
UKESM1-3-LL,esm-hist,r7i1p1f2,1896,289.622,0.421787,1.08112,,,-0.659329,-0.785111,0.125782,historical,33.3795,294.298,-0.283381
UKESM1-3-LL,esm-hist,r7i1p1f2,1897,289.771,0.441697,0.316476,,,0.125221,-0.0365268,0.161748,historical,34.9979,294.622,-0.246479
UKESM1-3-LL,esm-hist,r7i1p1f2,1898,290.041,0.465868,0.57348,,,-0.107612,0.306459,-0.414071,historical,36.7049,294.949,-0.22868
UKESM1-3-LL,esm-hist,r7i1p1f2,1899,290.331,0.508841,0.61596,,,-0.107119,-0.912123,0.805004,historical,38.5693,295.292,-0.219691
UKESM1-3-LL,esm-hist,r7i1p1f2,1900,290.838,0.535713,1.07687,,,-0.541155,-0.767491,0.226336,historical,40.5322,295.629,-0.180075
UKESM1-3-LL,esm-hist,r7i1p1f2,1901,291.577,0.552837,1.56964,,,-1.0168,-0.835582,-0.181217,historical,42.5578,295.963,-0.156579
UKESM1-3-LL,esm-hist,r7i1p1f2,1902,291.76,0.566846,0.388692,,,0.178154,-0.164432,0.342586,historical,44.6348,296.295,-0.138322
UKESM1-3-LL,esm-hist,r7i1p1f2,1903,292.516,0.618056,1.60574,,,-0.987688,-1.95012,0.962432,historical,46.8994,296.641,-0.116848
UKESM1-3-LL,esm-hist,r7i1p1f2,1904,292.98,0.62506,0.985536,,,-0.360476,-0.242757,-0.117719,historical,49.1896,296.971,-0.07586
UKESM1-3-LL,esm-hist,r7i1p1f2,1905,293.312,0.666084,0.705168,,,-0.039084,-0.44765,0.408566,historical,51.6302,297.313,-0.060324
UKESM1-3-LL,esm-hist,r7i1p1f2,1906,293.437,0.695671,0.2655,,,0.430171,-0.280751,0.710922,historical,54.1792,297.653,-0.026489
UKESM1-3-LL,esm-hist,r7i1p1f2,1907,294.057,0.792823,1.31688,,,-0.524057,-1.44389,0.919833,historical,57.0841,298.005,0.045175
UKESM1-3-LL,esm-hist,r7i1p1f2,1908,294.41,0.761559,0.749772,,,0.011787,0.633398,-0.621611,historical,59.8745,298.312,0.109491
UKESM1-3-LL,esm-hist,r7i1p1f2,1909,294.485,0.793413,0.1593,,,0.634113,1.24114,-0.607027,historical,62.7816,298.639,0.098865
UKESM1-3-LL,esm-hist,r7i1p1f2,1910,294.051,0.832485,-0.921816,,,1.7543,1.0744,0.679901,historical,65.8319,298.971,0.127317
UKESM1-3-LL,esm-hist,r7i1p1f2,1911,294.449,0.845294,0.845352,,,-5.8e-05,-0.882554,0.882496,historical,68.9291,299.294,0.159242
UKESM1-3-LL,esm-hist,r7i1p1f2,1912,295.844,0.888067,2.96298,,,-2.07491,-2.65017,0.575257,historical,72.183,299.636,0.161659
UKESM1-3-LL,esm-hist,r7i1p1f2,1913,296.888,0.962006,2.21746,,,-1.25545,-1.36736,0.11191,historical,75.7079,300.011,0.165506
UKESM1-3-LL,esm-hist,r7i1p1f2,1914,297.898,0.872735,2.14524,,,-1.27251,-0.981478,-0.291027,historical,78.9056,300.335,0.184559
UKESM1-3-LL,esm-hist,r7i1p1f2,1915,298.242,0.859165,0.730656,,,0.128509,0.334542,-0.206033,historical,82.0537,300.706,0.071161
UKESM1-3-LL,esm-hist,r7i1p1f2,1916,297.967,0.927996,-0.5841,,,1.5121,0.41037,1.10173,historical,85.4539,301.118,0.052908
UKESM1-3-LL,esm-hist,r7i1p1f2,1917,298.039,0.970645,0.152928,,,0.817717,0.283507,0.53421,historical,89.0104,301.538,0.078565
UKESM1-3-LL,esm-hist,r7i1p1f2,1918,297.883,0.956886,-0.331344,,,1.28823,0.325316,0.962914,historical,92.5165,301.96,0.060558
UKESM1-3-LL,esm-hist,r7i1p1f2,1919,298.592,0.829985,1.50592,,,-0.675931,-2.30295,1.62702,historical,95.5576,302.341,0.020741
UKESM1-3-LL,esm-hist,r7i1p1f2,1920,299.479,0.967986,1.88399,,,-0.916002,-0.273397,-0.642605,historical,99.1044,302.818,-0.045162
UKESM1-3-LL,esm-hist,r7i1p1f2,1921,299.374,0.850149,-0.22302,,,1.07317,0.656854,0.416315,historical,102.219,303.191,0.057897
UKESM1-3-LL,esm-hist,r7i1p1f2,1922,299.71,0.891011,0.713664,,,0.177347,-0.276643,0.45399,historical,105.484,303.605,0.011675
UKESM1-3-LL,esm-hist,r7i1p1f2,1923,299.611,1.01063,-0.210276,-0.208064,,1.22091,0.700998,0.519908,historical,109.187,304.036,0.095186
UKESM1-3-LL,esm-hist,r7i1p1f2,1924,300.026,1.01422,0.88146,0.869101,,0.13276,-0.643739,0.776499,historical,112.903,304.405,0.230464
UKESM1-3-LL,esm-hist,r7i1p1f2,1925,299.98,1.0209,-0.097704,-0.0957038,0.728665,1.1186,1.12269,-0.004086,historical,116.644,304.746,0.296616
UKESM1-3-LL,esm-hist,r7i1p1f2,1926,300.089,1.00364,0.231516,0.230676,0.484528,0.772124,-0.280004,1.05213,historical,120.321,305.067,0.321836
UKESM1-3-LL,esm-hist,r7i1p1f2,1927,300.885,1.09522,1.6907,1.54371,0.767017,-0.595484,-1.54769,0.952206,historical,124.334,305.43,0.324208
UKESM1-3-LL,esm-hist,r7i1p1f2,1928,302.429,1.09068,3.27946,3.0068,0.820123,-2.18878,-1.74301,-0.445766,historical,128.331,305.736,0.440736
UKESM1-3-LL,esm-hist,r7i1p1f2,1929,302.062,1.17034,-0.779508,-0.666053,0.869301,1.94985,2.71615,-0.766302,historical,132.619,306.084,0.431188
UKESM1-3-LL,esm-hist,r7i1p1f2,1930,301.812,1.08025,-0.531,-0.491553,0.699341,1.61125,-0.92993,2.54118,historical,136.577,306.378,0.455794
UKESM1-3-LL,esm-hist,r7i1p1f2,1931,303.109,0.965956,2.75483,,0.708977,-1.78887,-2.41686,0.627988,historical,140.116,306.662,0.36274
UKESM1-3-LL,esm-hist,r7i1p1f2,1932,303.696,0.871326,1.24679,,0.733249,-0.375462,-0.0933843,-0.282078,historical,143.309,306.974,0.208638
UKESM1-3-LL,esm-hist,r7i1p1f2,1933,303.798,0.917748,0.216648,,0.655779,0.7011,0.815849,-0.114749,historical,146.671,307.359,0.100008
UKESM1-3-LL,esm-hist,r7i1p1f2,1934,303.389,0.997852,-0.868716,,0.480393,1.86657,0.717614,1.14895,historical,150.328,307.766,0.133384
UKESM1-3-LL,esm-hist,r7i1p1f2,1935,303.398,1.04686,0.019116,0.0182603,0.764879,1.02774,0.438364,0.58938,historical,154.163,308.193,0.139912
UKESM1-3-LL,esm-hist,r7i1p1f2,1936,303.674,1.14843,0.586224,0.510457,0.833175,0.562206,0.426895,0.135311,historical,158.371,308.648,0.18201
UKESM1-3-LL,esm-hist,r7i1p1f2,1937,304.132,1.22725,0.972792,0.79266,0.664239,0.254458,-0.49989,0.754348,historical,162.868,309.106,0.254458
UKESM1-3-LL,esm-hist,r7i1p1f2,1938,304.822,1.15435,1.46556,1.2696,0.589929,-0.31121,-1.18555,0.87434,historical,167.098,309.507,0.302626
UKESM1-3-LL,esm-hist,r7i1p1f2,1939,305.89,1.21999,2.26843,1.85939,0.713542,-1.04844,-0.230722,-0.81772,historical,171.568,309.94,0.300298
UKESM1-3-LL,esm-hist,r7i1p1f2,1940,306.081,1.33313,0.405684,0.304309,0.801518,0.927446,0.170829,0.756617,historical,176.452,310.354,0.453794
UKESM1-3-LL,esm-hist,r7i1p1f2,1941,306.637,1.36436,1.18094,0.865566,0.809049,0.183416,-0.461357,0.644773,historical,181.451,310.712,0.603968
UKESM1-3-LL,esm-hist,r7i1p1f2,1942,306.965,1.35984,0.696672,0.512319,0.87193,0.663168,-0.658005,1.32117,historical,186.434,311.031,0.682284
UKESM1-3-LL,esm-hist,r7i1p1f2,1943,307.909,1.38515,2.00506,1.44754,0.899587,-0.619906,-0.859267,0.239361,historical,191.509,311.336,0.73733
UKESM1-3-LL,esm-hist,r7i1p1f2,1944,308.162,1.40895,0.537372,0.381399,0.875515,0.871578,0.521494,0.350084,historical,196.672,311.598,0.852462
UKESM1-3-LL,esm-hist,r7i1p1f2,1945,308.263,1.17065,0.214524,0.183252,0.836374,0.956126,-0.096428,1.05255,historical,200.961,311.749,0.849926
UKESM1-3-LL,esm-hist,r7i1p1f2,1946,308.962,1.25777,1.48468,1.1804,0.791485,-0.226906,-0.827513,0.600607,historical,205.57,312.031,0.658802
UKESM1-3-LL,esm-hist,r7i1p1f2,1947,309.665,1.40969,1.49317,1.05922,0.811652,-0.083482,-0.888143,0.804661,historical,210.735,312.301,0.83621
UKESM1-3-LL,esm-hist,r7i1p1f2,1948,310.344,1.48684,1.4422,0.969974,0.873224,0.044644,-1.16084,1.20548,historical,216.183,312.555,0.947344
UKESM1-3-LL,esm-hist,r7i1p1f2,1949,311.244,1.42029,1.9116,1.34592,0.671894,-0.49131,0.0705774,-0.561887,historical,221.387,312.783,0.936018
UKESM1-3-LL,esm-hist,r7i1p1f2,1950,311.254,1.61853,0.02124,0.013123,0.705316,1.59729,0.689342,0.907948,historical,227.317,313.079,0.989826
UKESM1-3-LL,esm-hist,r7i1p1f2,1951,312.086,1.74169,1.76717,1.01463,0.731618,-0.025478,-2.03652,2.01104,historical,233.699,313.41,1.03865
UKESM1-3-LL,esm-hist,r7i1p1f2,1952,312.994,1.76517,1.92859,1.09258,0.698738,-0.163422,0.303935,-0.467357,historical,240.166,313.725,1.09611
UKESM1-3-LL,esm-hist,r7i1p1f2,1953,312.684,1.81521,-0.65844,-0.362735,0.6638,2.47365,1.24194,1.23171,historical,246.818,314.07,1.08243
UKESM1-3-LL,esm-hist,r7i1p1f2,1954,313.322,1.85306,1.35511,0.731283,0.625415,0.497948,-0.717738,1.21569,historical,253.607,314.433,1.08205
UKESM1-3-LL,esm-hist,r7i1p1f2,1955,313.912,2.03166,1.25316,0.616816,0.62388,0.7785,0.449289,0.329211,historical,261.051,314.872,1.09922
UKESM1-3-LL,esm-hist,r7i1p1f2,1956,314.655,2.16325,1.57813,0.729519,0.690295,0.585118,-0.24989,0.835008,historical,268.978,315.316,1.22019
UKESM1-3-LL,esm-hist,r7i1p1f2,1957,315.331,2.23413,1.43582,0.642677,0.646456,0.798306,0.344734,0.453572,historical,277.164,315.759,1.2932
UKESM1-3-LL,esm-hist,r7i1p1f2,1958,315.921,2.29732,1.25316,0.545488,0.616722,1.04416,0.131359,0.912801,historical,285.581,316.232,1.29267
UKESM1-3-LL,esm-hist,r7i1p1f2,1959,317.1,2.41675,2.5042,1.03618,0.708964,-0.087446,-1.00662,0.919174,historical,294.436,316.745,1.32714
UKESM1-3-LL,esm-hist,r7i1p1f2,1960,318.04,2.5619,1.99656,0.779328,0.720444,0.56534,0.0900115,0.475329,historical,303.823,317.505,0.94766
UKESM1-3-LL,esm-hist,r7i1p1f2,1961,318.693,2.56955,1.38697,0.539772,0.675323,1.18258,0.255462,0.927116,historical,313.238,318.268,0.948938
UKESM1-3-LL,esm-hist,r7i1p1f2,1962,319.557,2.66023,1.83514,0.689841,0.693492,0.825094,0.421762,0.403332,historical,322.985,319.038,1.02475
UKESM1-3-LL,esm-hist,r7i1p1f2,1963,320.558,2.80202,2.12612,0.758783,0.695848,0.675896,-0.837378,1.51327,historical,333.252,319.819,1.14318
UKESM1-3-LL,esm-hist,r7i1p1f2,1964,321.697,2.95423,2.41924,0.818906,0.693862,0.534994,-0.394241,0.929235,historical,344.077,320.621,1.25078
UKESM1-3-LL,esm-hist,r7i1p1f2,1965,322.098,3.08691,0.851724,0.275915,0.657327,2.23519,1.20628,1.02891,historical,355.387,321.451,1.32399
UKESM1-3-LL,esm-hist,r7i1p1f2,1966,323.412,3.23756,2.79094,0.862049,0.694,0.446624,-1.26585,1.71247,historical,367.25,322.316,1.4003
UKESM1-3-LL,esm-hist,r7i1p1f2,1967,324.48,3.33984,2.26843,0.679204,0.695327,1.07141,0.971521,0.099887,historical,379.487,323.219,1.42187
UKESM1-3-LL,esm-hist,r7i1p1f2,1968,325.444,3.52213,2.04754,0.581335,0.665604,1.47459,0.0321938,1.4424,historical,392.393,324.164,1.51495
UKESM1-3-LL,esm-hist,r7i1p1f2,1969,326.536,3.75589,2.31941,0.617539,0.655607,1.43648,-0.23652,1.673,historical,406.154,325.153,1.65525
UKESM1-3-LL,esm-hist,r7i1p1f2,1970,328.494,4.06629,4.15879,1.02275,0.663507,-0.092502,-1.15793,1.06543,historical,421.053,326.187,1.87007
UKESM1-3-LL,esm-hist,r7i1p1f2,1971,329.711,4.23134,2.58491,0.610896,0.680173,1.64643,1.77092,-0.124488,historical,436.557,327.266,1.93954
UKESM1-3-LL,esm-hist,r7i1p1f2,1972,330.658,4.42804,2.01143,0.454248,0.62206,2.41661,0.452757,1.96385,historical,452.782,328.39,2.04066
UKESM1-3-LL,esm-hist,r7i1p1f2,1973,332.066,4.66076,2.99059,0.641653,0.639302,1.67017,-0.372276,2.04244,historical,469.859,329.561,2.17356
UKESM1-3-LL,esm-hist,r7i1p1f2,1974,333.87,4.63909,3.8317,0.825959,0.648607,0.807394,0.671688,0.135706,historical,486.857,330.775,2.06055
UKESM1-3-LL,esm-hist,r7i1p1f2,1975,335.073,4.63652,2.55517,0.551097,0.62275,2.08135,1.47596,0.605388,historical,503.846,332.034,1.9624
UKESM1-3-LL,esm-hist,r7i1p1f2,1976,335.758,4.87506,1.45494,0.298446,0.591703,3.42012,1.10677,2.31335,historical,521.708,333.339,2.10324
UKESM1-3-LL,esm-hist,r7i1p1f2,1977,337.671,5.0103,4.06321,0.810972,0.61213,0.947088,-1.3984,2.34549,historical,540.066,334.688,2.14502
UKESM1-3-LL,esm-hist,r7i1p1f2,1978,339.337,5.19226,3.53858,0.681511,0.613746,1.65368,1.875,-0.221324,historical,559.091,336.077,2.24202
UKESM1-3-LL,esm-hist,r7i1p1f2,1979,340.335,5.32431,2.11975,0.398127,0.581131,3.20456,0.805064,2.39949,historical,578.599,337.5,2.30186
UKESM1-3-LL,esm-hist,r7i1p1f2,1980,341.948,5.29735,3.42601,0.646741,0.546625,1.87134,-0.216842,2.08818,historical,598.009,338.949,2.21967
UKESM1-3-LL,esm-hist,r7i1p1f2,1981,343.895,5.15269,4.13543,0.802577,0.552936,1.01726,0.273137,0.744125,historical,616.889,340.418,2.03253
UKESM1-3-LL,esm-hist,r7i1p1f2,1982,345.077,5.11175,2.51057,0.491137,0.577391,2.60118,1.51451,1.08667,historical,635.619,340.89,4.10922
UKESM1-3-LL,esm-hist,r7i1p1f2,1983,345.855,5.1587,1.65247,0.320327,0.549067,3.50623,1.80569,1.70054,historical,654.521,342.399,1.95358
UKESM1-3-LL,esm-hist,r7i1p1f2,1984,347.013,5.3103,2.45959,0.463174,0.545767,2.85071,0.298033,2.55268,historical,673.978,344.063,1.77596
UKESM1-3-LL,esm-hist,r7i1p1f2,1985,348.592,5.49797,3.3538,0.610006,0.567671,2.14417,1.01639,1.12778,historical,694.123,345.518,2.40755
UKESM1-3-LL,esm-hist,r7i1p1f2,1986,350.066,5.57798,3.13078,0.561274,0.559742,2.4472,0.359844,2.08736,historical,714.561,347.001,2.42809
UKESM1-3-LL,esm-hist,r7i1p1f2,1987,351.471,5.76033,2.98422,0.518064,0.541179,2.77611,1.53307,1.24304,historical,735.667,348.772,1.99873
UKESM1-3-LL,esm-hist,r7i1p1f2,1988,353.257,5.9821,3.79346,0.634136,0.524064,2.18864,0.207343,1.98129,historical,757.586,351.275,0.665728
UKESM1-3-LL,esm-hist,r7i1p1f2,1989,355.01,6.05891,3.72337,0.614528,0.525282,2.33554,1.1665,1.16904,historical,779.786,352.87,2.67113
UKESM1-3-LL,esm-hist,r7i1p1f2,1990,356.657,6.20409,3.49823,0.563858,0.514796,2.70586,0.00242421,2.70344,historical,802.518,354.091,3.61069
UKESM1-3-LL,esm-hist,r7i1p1f2,1991,358.417,6.3333,3.73824,0.590252,0.504377,2.59506,1.42184,1.17322,historical,825.724,355.409,3.53387
UKESM1-3-LL,esm-hist,r7i1p1f2,1992,359.395,6.14631,2.07727,0.337971,0.508729,4.06904,2.74398,1.32506,historical,848.244,356.3,4.25383
UKESM1-3-LL,esm-hist,r7i1p1f2,1993,360.466,6.20893,2.2748,0.366376,0.530072,3.93413,2.0778,1.85633,historical,870.994,357.017,4.68602
UKESM1-3-LL,esm-hist,r7i1p1f2,1994,361.565,6.27026,2.33428,0.372277,0.551871,3.93598,1.23815,2.69783,historical,893.968,358.37,3.39649
UKESM1-3-LL,esm-hist,r7i1p1f2,1995,363.068,6.4182,3.19237,0.497394,0.580627,3.22583,1.64144,1.58439,historical,917.485,360.332,2.25091
UKESM1-3-LL,esm-hist,r7i1p1f2,1996,364.915,6.61384,3.92303,0.593154,0.575421,2.69081,0.655181,2.03563,historical,941.719,362.126,2.80338
UKESM1-3-LL,esm-hist,r7i1p1f2,1997,367.166,6.65391,4.78112,0.718544,0.546423,1.87279,-0.296914,2.1697,historical,966.099,363.353,4.04776
UKESM1-3-LL,esm-hist,r7i1p1f2,1998,369.766,6.63082,5.5224,0.832838,0.556231,1.10842,-1.2393,2.34772,historical,990.395,366.078,0.84292
UKESM1-3-LL,esm-hist,r7i1p1f2,1999,372.576,6.77876,5.96844,0.880462,0.567734,0.81032,-0.735063,1.54538,historical,1015.23,367.934,2.83662
UKESM1-3-LL,esm-hist,r7i1p1f2,2000,374.271,6.96263,3.60018,0.517072,0.580427,3.36245,2.97564,0.38681,historical,1040.74,369.233,4.20355
UKESM1-3-LL,esm-hist,r7i1p1f2,2001,375.318,7.01217,2.22383,0.317138,0.594091,4.78834,2.14908,2.63926,historical,1066.44,370.8,3.68386
UKESM1-3-LL,esm-hist,r7i1p1f2,2002,376.867,7.16837,3.29008,0.458971,0.613368,3.87829,2.01342,1.86487,historical,1092.7,372.908,2.69098
UKESM1-3-LL,esm-hist,r7i1p1f2,2003,378.657,7.54701,3.80196,0.50377,0.601489,3.74505,1.79221,1.95284,historical,1120.35,375.438,2.17329
UKESM1-3-LL,esm-hist,r7i1p1f2,2004,380.583,7.80829,4.09082,0.523908,0.58166,3.71747,2.04156,1.67591,historical,1148.96,377.1,4.2782
UKESM1-3-LL,esm-hist,r7i1p1f2,2005,382.998,8.07819,5.12946,0.634976,0.5459,2.94873,-0.978582,3.92731,historical,1178.56,379.019,4.00223
UKESM1-3-LL,esm-hist,r7i1p1f2,2006,385.993,8.3498,6.36138,0.76186,0.549792,1.98842,1.17935,0.80907,historical,1209.16,381.16,3.80232
UKESM1-3-LL,esm-hist,r7i1p1f2,2007,388.386,8.59682,5.08273,0.591234,0.610793,3.51409,1.64762,1.86647,historical,1240.66,382.763,5.19205
UKESM1-3-LL,esm-hist,r7i1p1f2,2008,390.866,8.74704,5.26752,0.602206,0.619808,3.47952,2.24484,1.23468,historical,1272.71,384.928,4.14858
UKESM1-3-LL,esm-hist,r7i1p1f2,2009,392.847,8.60058,4.20764,0.489228,0.605347,4.39294,2.24704,2.1459,historical,1304.22,386.49,5.28289
UKESM1-3-LL,esm-hist,r7i1p1f2,2010,395.238,9.09311,5.07848,0.558498,0.610478,4.01463,0.349252,3.66537,historical,1337.54,388.901,3.97215
UKESM1-3-LL,esm-hist,r7i1p1f2,2011,399.301,9.41033,8.62981,0.917057,0.612634,0.780518,-1.42008,2.2006,historical,1372.02,391.092,4.75665
UKESM1-3-LL,esm-hist,r7i1p1f2,2012,401.896,9.5399,5.51178,0.577761,0.604017,4.02812,2.97212,1.056,historical,1406.97,393.244,4.96905
UKESM1-3-LL,esm-hist,r7i1p1f2,2013,403.695,9.62753,3.82108,0.396891,0.609554,5.80645,2.65939,3.14706,historical,1442.25,395.946,3.88848
UKESM1-3-LL,esm-hist,r7i1p1f2,2014,406.371,9.67935,5.68382,0.587211,0.626148,3.99553,1.66361,2.33192,historical,1477.71,397.833,5.67136
UKESM1-3-LL,esm-hist,r7i1p1f2,2015,409.334,9.66238,6.29341,0.651331,0.621567,3.36897,0.873836,2.49513,historical,1513.12,400.136,4.77081
UKESM1-3-LL,esm-hist,r7i1p1f2,2016,412.331,9.65946,6.36563,0.659005,0.616691,3.29383,0.506751,2.78708,historical,1548.51,403.249,3.04745
UKESM1-3-LL,esm-hist,r7i1p1f2,2017,415.316,9.81824,6.34014,0.645751,0.597075,3.4781,0.448523,3.02958,historical,1584.48,405.274,5.51714
UKESM1-3-LL,esm-hist,r7i1p1f2,2018,418.906,10.0255,7.62516,0.760577,,2.40034,0.0878526,2.31249,historical,1621.22,407.763,4.73886
UKESM1-3-LL,esm-hist,r7i1p1f2,2019,421.127,10.1217,4.7174,0.466068,,5.4043,3.59499,1.80931,historical,1658.31,410.367,4.5908
UKESM1-3-LL,esm-hist,r7i1p1f2,2020,423.442,9.59544,4.91706,0.512437,,4.67838,1.64746,3.03092,historical,1693.46,412.874,4.27057
UKESM1-3-LL,esm-hist,r7i1p1f2,2021,426.791,10.0618,7.11328,0.706959,,2.94852,-0.0110846,2.95961,historical,1730.33,415.126,5.27855
UKESM1-3-LL,esm-hist,r8i1p1f2,1850,285.099,0.053724,,,,,-0.256815,,historical,0.196848,284.297,-0.22452
UKESM1-3-LL,esm-hist,r8i1p1f2,1851,285.306,0.0542511,0.439668,,,-0.385417,-0.478282,0.0928651,historical,0.395627,284.42,-0.207001
UKESM1-3-LL,esm-hist,r8i1p1f2,1852,285.629,0.0566571,0.686052,,,-0.629395,-0.947515,0.31812,historical,0.603222,284.553,-0.225835
UKESM1-3-LL,esm-hist,r8i1p1f2,1853,285.835,0.0592886,0.437544,,,-0.378255,0.627209,-1.00546,historical,0.820459,284.676,-0.201963
UKESM1-3-LL,esm-hist,r8i1p1f2,1854,285.726,0.0696056,-0.231516,,,0.301122,0.263799,0.0373226,historical,1.0755,284.802,-0.198018
UKESM1-3-LL,esm-hist,r8i1p1f2,1855,285.629,0.0710305,-0.206028,,,0.277058,0.089422,0.187636,historical,1.33576,284.915,-0.168981
UKESM1-3-LL,esm-hist,r8i1p1f2,1856,285.483,0.0759393,-0.310104,,,0.386043,0.290848,0.0951953,historical,1.614,285.039,-0.187437
UKESM1-3-LL,esm-hist,r8i1p1f2,1857,285.499,0.0767403,0.033984,,,0.0427563,-0.340943,0.383699,historical,1.89519,285.152,-0.163272
UKESM1-3-LL,esm-hist,r8i1p1f2,1858,285.518,0.0779322,0.040356,,,0.0375762,-0.185484,0.22306,historical,2.18073,285.275,-0.18332
UKESM1-3-LL,esm-hist,r8i1p1f2,1859,285.694,0.0825784,0.373824,,,-0.291246,-0.946675,0.655429,historical,2.48331,285.399,-0.180798
UKESM1-3-LL,esm-hist,r8i1p1f2,1860,286.205,0.0906913,1.08536,,,-0.994673,-0.958191,-0.0364817,historical,2.8156,285.529,-0.185429
UKESM1-3-LL,esm-hist,r8i1p1f2,1861,286.237,0.0953014,0.067968,,,0.0273334,0.255481,-0.228148,historical,3.16479,285.668,-0.199935
UKESM1-3-LL,esm-hist,r8i1p1f2,1862,286.433,0.0971576,0.416304,,,-0.319146,-0.30177,-0.0173764,historical,3.52078,285.805,-0.19383
UKESM1-3-LL,esm-hist,r8i1p1f2,1863,286.408,0.103583,-0.0531,,,0.156683,0.873079,-0.716396,historical,3.90032,285.945,-0.193777
UKESM1-3-LL,esm-hist,r8i1p1f2,1864,285.804,0.111768,-1.2829,,,1.39466,2.5838,-1.18914,historical,4.30984,286.095,-0.206832
UKESM1-3-LL,esm-hist,r8i1p1f2,1865,284.797,0.11868,-2.13887,,,2.25755,0.591154,1.66639,historical,4.7447,286.254,-0.219036
UKESM1-3-LL,esm-hist,r8i1p1f2,1866,285.154,0.12256,0.758268,,,-0.635708,-0.861573,0.225865,historical,5.19376,286.413,-0.215156
UKESM1-3-LL,esm-hist,r8i1p1f2,1867,285.489,0.131224,0.71154,,,-0.580316,-1.01618,0.435864,historical,5.67458,286.583,-0.229856
UKESM1-3-LL,esm-hist,r8i1p1f2,1868,285.782,0.134958,0.622332,,,-0.487374,0.500255,-0.987629,historical,6.16907,286.762,-0.245238
UKESM1-3-LL,esm-hist,r8i1p1f2,1869,285.266,0.14321,-1.09598,,,1.23919,1.10336,0.135834,historical,6.6938,286.942,-0.23911
UKESM1-3-LL,esm-hist,r8i1p1f2,1870,285.516,0.146319,0.531,,,-0.384681,-1.88945,1.50477,historical,7.22992,287.12,-0.231753
UKESM1-3-LL,esm-hist,r8i1p1f2,1871,285.937,0.155504,0.894204,,,-0.7387,0.772083,-1.51078,historical,7.7997,287.311,-0.25018
UKESM1-3-LL,esm-hist,r8i1p1f2,1872,285.351,0.172203,-1.24466,,,1.41687,0.682808,0.734059,historical,8.43066,287.494,-0.216489
UKESM1-3-LL,esm-hist,r8i1p1f2,1873,285.8,0.182985,0.953676,,,-0.770691,-1.37617,0.605479,historical,9.10113,287.685,-0.222699
UKESM1-3-LL,esm-hist,r8i1p1f2,1874,285.958,0.171575,0.335592,,,-0.164017,0.229637,-0.393654,historical,9.72979,287.858,-0.195877
UKESM1-3-LL,esm-hist,r8i1p1f2,1875,285.847,0.185873,-0.235764,,,0.421637,-0.032899,0.454536,historical,10.4108,288.04,-0.200695
UKESM1-3-LL,esm-hist,r8i1p1f2,1876,286.1,0.188475,0.537372,,,-0.348897,-0.601066,0.252169,historical,11.1014,288.229,-0.212961
UKESM1-3-LL,esm-hist,r8i1p1f2,1877,286.392,0.192146,0.620208,,,-0.428062,0.220606,-0.648668,historical,11.8055,288.417,-0.207166
UKESM1-3-LL,esm-hist,r8i1p1f2,1878,286.645,0.193679,0.537372,,,-0.343693,-0.960262,0.616569,historical,12.5151,288.625,-0.248113
UKESM1-3-LL,esm-hist,r8i1p1f2,1879,286.795,0.207364,0.3186,,,-0.111236,0.833369,-0.944605,historical,13.2749,288.847,-0.264164
UKESM1-3-LL,esm-hist,r8i1p1f2,1880,286.234,0.234229,-1.19156,,,1.42579,0.810228,0.615565,historical,14.1331,289.084,-0.269159
UKESM1-3-LL,esm-hist,r8i1p1f2,1881,286.721,0.242401,1.03439,,,-0.791987,-1.49577,0.703783,historical,15.0213,289.344,-0.309839
UKESM1-3-LL,esm-hist,r8i1p1f2,1882,286.958,0.256043,0.503388,,,-0.247345,1.25565,-1.503,historical,15.9595,289.626,-0.342925
UKESM1-3-LL,esm-hist,r8i1p1f2,1883,286.568,0.272338,-0.82836,,,1.1007,0.976528,0.12417,historical,16.9573,289.919,-0.349994
UKESM1-3-LL,esm-hist,r8i1p1f2,1884,286.272,0.275586,-0.628704,,,0.90429,0.49843,0.40586,historical,17.9671,290.218,-0.35949
UKESM1-3-LL,esm-hist,r8i1p1f2,1885,286.241,0.277695,-0.065844,,,0.343539,-0.255222,0.598761,historical,18.9846,290.526,-0.376497
UKESM1-3-LL,esm-hist,r8i1p1f2,1886,286.814,0.281924,1.21705,,,-0.935128,-1.2982,0.363072,historical,20.0176,290.854,-0.414748
UKESM1-3-LL,esm-hist,r8i1p1f2,1887,286.954,0.295924,0.29736,,,-0.001436,0.618345,-0.619781,historical,21.1018,291.187,-0.411368
UKESM1-3-LL,esm-hist,r8i1p1f2,1888,286.504,0.327872,-0.9558,,,1.28367,0.355208,0.928464,historical,22.3032,291.545,-0.43252
UKESM1-3-LL,esm-hist,r8i1p1f2,1889,287.522,0.328078,2.16223,,,-1.83415,-3.26312,1.42897,historical,23.5053,291.893,-0.411074
UKESM1-3-LL,esm-hist,r8i1p1f2,1890,288.586,0.356778,2.25994,,,-1.90316,-0.8826,-1.02056,historical,24.8125,292.251,-0.403614
UKESM1-3-LL,esm-hist,r8i1p1f2,1891,288.617,0.373793,0.065844,,,0.307949,0.625239,-0.31729,historical,26.1821,292.604,-0.375979
UKESM1-3-LL,esm-hist,r8i1p1f2,1892,288.724,0.376778,0.227268,,,0.14951,-0.253051,0.402561,historical,27.5627,292.952,-0.362374
UKESM1-3-LL,esm-hist,r8i1p1f2,1893,288.777,0.372041,0.112572,,,0.259469,0.771943,-0.512474,historical,28.9259,293.298,-0.362863
UKESM1-3-LL,esm-hist,r8i1p1f2,1894,288.838,0.385427,0.129564,,,0.255863,-0.27984,0.535703,historical,30.3381,293.63,-0.319741
UKESM1-3-LL,esm-hist,r8i1p1f2,1895,289.256,0.408281,0.887832,,,-0.479551,-0.521917,0.042366,historical,31.8341,293.966,-0.305383
UKESM1-3-LL,esm-hist,r8i1p1f2,1896,289.431,0.421787,0.3717,,,0.050087,-0.0699348,0.120022,historical,33.3795,294.298,-0.283381
UKESM1-3-LL,esm-hist,r8i1p1f2,1897,289.824,0.441697,0.834732,,,-0.393035,-1.18125,0.788215,historical,34.9979,294.622,-0.246479
UKESM1-3-LL,esm-hist,r8i1p1f2,1898,290.614,0.465868,1.67796,,,-1.21209,-0.0777423,-1.13435,historical,36.7049,294.949,-0.22868
UKESM1-3-LL,esm-hist,r8i1p1f2,1899,290.317,0.508841,-0.630828,,,1.13967,0.801247,0.338422,historical,38.5693,295.292,-0.219691
UKESM1-3-LL,esm-hist,r8i1p1f2,1900,290.276,0.535713,-0.087084,,,0.622797,0.440129,0.182668,historical,40.5322,295.629,-0.180075
UKESM1-3-LL,esm-hist,r8i1p1f2,1901,290.477,0.552837,0.426924,,,0.125913,-1.25853,1.38444,historical,42.5578,295.963,-0.156579
UKESM1-3-LL,esm-hist,r8i1p1f2,1902,291.446,0.566846,2.05816,,,-1.49131,-1.55376,0.06245,historical,44.6348,296.295,-0.138322
UKESM1-3-LL,esm-hist,r8i1p1f2,1903,291.929,0.618056,1.02589,,,-0.407836,-0.0859285,-0.321907,historical,46.8994,296.641,-0.116848
UKESM1-3-LL,esm-hist,r8i1p1f2,1904,292.328,0.62506,0.847476,,,-0.222416,-1.36865,1.14623,historical,49.1896,296.971,-0.07586
UKESM1-3-LL,esm-hist,r8i1p1f2,1905,292.894,0.666084,1.20218,,,-0.5361,-0.0704914,-0.465609,historical,51.6302,297.313,-0.060324
UKESM1-3-LL,esm-hist,r8i1p1f2,1906,292.897,0.695671,0.006372,,,0.689299,1.09581,-0.406511,historical,54.1792,297.653,-0.026489
UKESM1-3-LL,esm-hist,r8i1p1f2,1907,292.536,0.792823,-0.766764,,,1.55959,1.8172,-0.257613,historical,57.0841,298.005,0.045175
UKESM1-3-LL,esm-hist,r8i1p1f2,1908,292.515,0.761559,-0.044604,,,0.806163,-0.104245,0.910408,historical,59.8745,298.312,0.109491
UKESM1-3-LL,esm-hist,r8i1p1f2,1909,293.419,0.793413,1.9201,,,-1.12668,-1.41427,0.287587,historical,62.7816,298.639,0.098865
UKESM1-3-LL,esm-hist,r8i1p1f2,1910,294.146,0.832485,1.54415,,,-0.711663,-1.25915,0.547487,historical,65.8319,298.971,0.127317
UKESM1-3-LL,esm-hist,r8i1p1f2,1911,295.213,0.845294,2.26631,,,-1.42101,-1.31427,-0.106744,historical,68.9291,299.294,0.159242
UKESM1-3-LL,esm-hist,r8i1p1f2,1912,295.767,0.888067,1.1767,,,-0.288629,-0.0934978,-0.195131,historical,72.183,299.636,0.161659
UKESM1-3-LL,esm-hist,r8i1p1f2,1913,295.911,0.962006,0.305856,,,0.65615,-0.77809,1.43424,historical,75.7079,300.011,0.165506
UKESM1-3-LL,esm-hist,r8i1p1f2,1914,296.324,0.872735,0.877212,,,-0.004477,-0.634826,0.630349,historical,78.9056,300.335,0.184559
UKESM1-3-LL,esm-hist,r8i1p1f2,1915,296.522,0.859165,0.420552,,,0.438613,1.86993,-1.43132,historical,82.0537,300.706,0.071161
UKESM1-3-LL,esm-hist,r8i1p1f2,1916,295.987,0.927996,-1.13634,,,2.06434,0.321599,1.74274,historical,85.4539,301.118,0.052908
UKESM1-3-LL,esm-hist,r8i1p1f2,1917,296.636,0.970645,1.37848,,,-0.407831,-0.686056,0.278225,historical,89.0104,301.538,0.078565
UKESM1-3-LL,esm-hist,r8i1p1f2,1918,297.149,0.956886,1.08961,,,-0.132726,-0.50746,0.374734,historical,92.5165,301.96,0.060558
UKESM1-3-LL,esm-hist,r8i1p1f2,1919,297.359,0.829985,0.44604,,,0.383945,0.221188,0.162757,historical,95.5576,302.341,0.020741
UKESM1-3-LL,esm-hist,r8i1p1f2,1920,297.75,0.967986,0.830484,,,0.137502,-0.878688,1.01619,historical,99.1044,302.818,-0.045162
UKESM1-3-LL,esm-hist,r8i1p1f2,1921,298.418,0.850149,1.41883,,,-0.568683,-0.495425,-0.073258,historical,102.219,303.191,0.057897
UKESM1-3-LL,esm-hist,r8i1p1f2,1922,299.034,0.891011,1.30838,,,-0.417373,-1.33784,0.920467,historical,105.484,303.605,0.011675
UKESM1-3-LL,esm-hist,r8i1p1f2,1923,299.253,1.01063,0.465156,0.460263,,0.545474,1.28367,-0.738196,historical,109.187,304.036,0.095186
UKESM1-3-LL,esm-hist,r8i1p1f2,1924,298.802,1.01422,-0.957924,-0.944493,,1.97214,0.621057,1.35109,historical,112.903,304.405,0.230464
UKESM1-3-LL,esm-hist,r8i1p1f2,1925,299.203,1.0209,0.851724,0.834287,0.692336,0.169176,-0.956211,1.12539,historical,116.644,304.746,0.296616
UKESM1-3-LL,esm-hist,r8i1p1f2,1926,299.896,1.00364,1.47193,1.46659,0.686813,-0.468292,-0.0531456,-0.415146,historical,120.321,305.067,0.321836
UKESM1-3-LL,esm-hist,r8i1p1f2,1927,299.728,1.09522,-0.356832,-0.325809,0.639694,1.45205,1.10044,0.351612,historical,124.334,305.43,0.324208
UKESM1-3-LL,esm-hist,r8i1p1f2,1928,299.893,1.09068,0.35046,0.321322,0.451623,0.74022,-0.379773,1.11999,historical,128.331,305.736,0.440736
UKESM1-3-LL,esm-hist,r8i1p1f2,1929,300.656,1.17034,1.62061,1.38474,0.494133,-0.450272,-0.649977,0.199705,historical,132.619,306.084,0.431188
UKESM1-3-LL,esm-hist,r8i1p1f2,1930,301.057,1.08025,0.851724,0.788451,0.704748,0.228526,-0.55818,0.786706,historical,136.577,306.378,0.455794
UKESM1-3-LL,esm-hist,r8i1p1f2,1931,301.533,0.965956,1.01102,,0.768715,-0.045068,0.287504,-0.332572,historical,140.116,306.662,0.36274
UKESM1-3-LL,esm-hist,r8i1p1f2,1932,301.229,0.871326,-0.645696,,0.816289,1.51702,0.573093,0.943929,historical,143.309,306.974,0.208638
UKESM1-3-LL,esm-hist,r8i1p1f2,1933,301.633,0.917748,0.858096,,0.892886,0.059652,-0.75305,0.812702,historical,146.671,307.359,0.100008
UKESM1-3-LL,esm-hist,r8i1p1f2,1934,302.191,0.997852,1.18519,,0.908993,-0.18734,-0.752444,0.565104,historical,150.328,307.766,0.133384
UKESM1-3-LL,esm-hist,r8i1p1f2,1935,302.909,1.04686,1.52503,1.45677,0.872977,-0.478172,-0.590948,0.112776,historical,154.163,308.193,0.139912
UKESM1-3-LL,esm-hist,r8i1p1f2,1936,303.887,1.14843,2.07727,1.80879,0.954765,-0.928842,-1.45281,0.523968,historical,158.371,308.648,0.18201
UKESM1-3-LL,esm-hist,r8i1p1f2,1937,304.149,1.22725,0.556488,0.453443,0.922554,0.670762,0.998033,-0.327271,historical,162.868,309.106,0.254458
UKESM1-3-LL,esm-hist,r8i1p1f2,1938,304.421,1.15435,0.577728,0.500479,1.05733,0.576622,-1.18364,1.76026,historical,167.098,309.507,0.302626
UKESM1-3-LL,esm-hist,r8i1p1f2,1939,305.025,1.21999,1.2829,1.05156,0.986392,-0.062906,-0.610645,0.547739,historical,171.568,309.94,0.300298
UKESM1-3-LL,esm-hist,r8i1p1f2,1940,305.949,1.33313,1.96258,1.47216,0.932334,-0.629446,-0.700803,0.071357,historical,176.452,310.354,0.453794
UKESM1-3-LL,esm-hist,r8i1p1f2,1941,306.433,1.36436,1.02802,0.753479,0.860436,0.336344,-0.744473,1.08082,historical,181.451,310.712,0.603968
UKESM1-3-LL,esm-hist,r8i1p1f2,1942,307.088,1.35984,1.39122,1.02308,0.777449,-0.03138,0.0828463,-0.114226,historical,186.434,311.031,0.682284
UKESM1-3-LL,esm-hist,r8i1p1f2,1943,307.316,1.38515,0.484272,0.349617,0.718629,0.900878,0.288293,0.612585,historical,191.509,311.336,0.73733
UKESM1-3-LL,esm-hist,r8i1p1f2,1944,307.743,1.40895,0.906948,0.643705,0.776421,0.502002,0.206695,0.295307,historical,196.672,311.598,0.852462
UKESM1-3-LL,esm-hist,r8i1p1f2,1945,308.083,1.17065,0.72216,0.616888,0.780605,0.44849,-0.659128,1.10762,historical,200.961,311.749,0.849926
UKESM1-3-LL,esm-hist,r8i1p1f2,1946,308.602,1.25777,1.10236,0.876437,0.761956,0.155414,-0.00597072,0.161385,historical,205.57,312.031,0.658802
UKESM1-3-LL,esm-hist,r8i1p1f2,1947,308.569,1.40969,-0.070092,-0.0497216,0.664932,1.47978,0.901438,0.578344,historical,210.735,312.301,0.83621
UKESM1-3-LL,esm-hist,r8i1p1f2,1948,309.318,1.48684,1.59088,1.06997,0.574135,-0.104036,-1.147,1.04296,historical,216.183,312.555,0.947344
UKESM1-3-LL,esm-hist,r8i1p1f2,1949,310.022,1.42029,1.4953,1.05281,0.633902,-0.075006,-1.01413,0.939124,historical,221.387,312.783,0.936018
UKESM1-3-LL,esm-hist,r8i1p1f2,1950,310.929,1.61853,1.92647,1.19026,0.70723,-0.307938,-0.904459,0.596521,historical,227.317,313.079,0.989826
UKESM1-3-LL,esm-hist,r8i1p1f2,1951,310.897,1.74169,-0.067968,-0.0390242,0.700147,1.80966,1.93765,-0.127992,historical,233.699,313.41,1.03865
UKESM1-3-LL,esm-hist,r8i1p1f2,1952,311.052,1.76517,0.32922,0.186509,0.682905,1.43595,-0.497889,1.93384,historical,240.166,313.725,1.09611
UKESM1-3-LL,esm-hist,r8i1p1f2,1953,311.821,1.81521,1.63336,0.899817,0.728001,0.181854,-1.35203,1.53388,historical,246.818,314.07,1.08243
UKESM1-3-LL,esm-hist,r8i1p1f2,1954,312.917,1.85306,2.3279,1.25625,0.666795,-0.474844,-0.542198,0.067354,historical,253.607,314.433,1.08205
UKESM1-3-LL,esm-hist,r8i1p1f2,1955,313.489,2.03166,1.21493,0.597998,0.657439,0.816732,0.151353,0.665379,historical,261.051,314.872,1.09922
UKESM1-3-LL,esm-hist,r8i1p1f2,1956,314.166,2.16325,1.43795,0.664717,0.671273,0.725302,-0.244469,0.969771,historical,268.978,315.316,1.22019
UKESM1-3-LL,esm-hist,r8i1p1f2,1957,314.783,2.23413,1.31051,0.586585,0.696357,0.923622,0.171236,0.752386,historical,277.164,315.759,1.2932
UKESM1-3-LL,esm-hist,r8i1p1f2,1958,315.264,2.29732,1.02164,0.444711,0.662016,1.27568,0.716535,0.559141,historical,285.581,316.232,1.29267
UKESM1-3-LL,esm-hist,r8i1p1f2,1959,316.193,2.41675,1.9732,0.816467,0.693027,0.443554,-1.12279,1.56634,historical,294.436,316.745,1.32714
UKESM1-3-LL,esm-hist,r8i1p1f2,1960,317.528,2.5619,2.83554,1.10681,0.629689,-0.27364,-1.31438,1.04074,historical,303.823,317.505,0.94766
UKESM1-3-LL,esm-hist,r8i1p1f2,1961,318.014,2.56955,1.03226,0.401729,0.605035,1.53729,2.02177,-0.484484,historical,313.238,318.268,0.948938
UKESM1-3-LL,esm-hist,r8i1p1f2,1962,318.097,2.66023,0.176292,0.0662695,0.645501,2.48394,0.997915,1.48602,historical,322.985,319.038,1.02475
UKESM1-3-LL,esm-hist,r8i1p1f2,1963,319.518,2.80202,3.0182,1.07715,0.677823,-0.216184,-1.86422,1.64804,historical,333.252,319.819,1.14318
UKESM1-3-LL,esm-hist,r8i1p1f2,1964,320.237,2.95423,1.52716,0.516939,0.741295,1.42707,1.89731,-0.470236,historical,344.077,320.621,1.25078
UKESM1-3-LL,esm-hist,r8i1p1f2,1965,320.823,3.08691,1.24466,0.403207,0.736044,1.84225,-0.203532,2.04578,historical,355.387,321.451,1.32399
UKESM1-3-LL,esm-hist,r8i1p1f2,1966,322.317,3.23756,3.17326,0.980138,0.686764,0.064304,-0.123109,0.187413,historical,367.25,322.316,1.4003
UKESM1-3-LL,esm-hist,r8i1p1f2,1967,323.695,3.33984,2.92687,0.876351,0.680686,0.412968,-1.22569,1.63866,historical,379.487,323.219,1.42187
UKESM1-3-LL,esm-hist,r8i1p1f2,1968,325.438,3.52213,3.70213,1.05111,0.679574,-0.180002,-1.04055,0.860548,historical,392.393,324.164,1.51495
UKESM1-3-LL,esm-hist,r8i1p1f2,1969,326.759,3.75589,2.8058,0.747041,0.676116,0.950086,0.342172,0.607914,historical,406.154,325.153,1.65525
UKESM1-3-LL,esm-hist,r8i1p1f2,1970,327.873,4.06629,2.36614,0.581891,0.718341,1.70015,0.82756,0.872594,historical,421.053,326.187,1.87007
UKESM1-3-LL,esm-hist,r8i1p1f2,1971,328.8,4.23134,1.96895,0.465325,0.722373,2.26239,2.05748,0.204912,historical,436.557,327.266,1.93954
UKESM1-3-LL,esm-hist,r8i1p1f2,1972,329.431,4.42804,1.34024,0.302672,0.688821,3.0878,0.713765,2.37403,historical,452.782,328.39,2.04066
UKESM1-3-LL,esm-hist,r8i1p1f2,1973,331.386,4.66076,4.15242,0.890932,0.677638,0.50834,-1.02702,1.53536,historical,469.859,329.561,2.17356
UKESM1-3-LL,esm-hist,r8i1p1f2,1974,333.416,4.63909,4.31172,0.929432,0.629139,0.32737,-0.541221,0.868591,historical,486.857,330.775,2.06055
UKESM1-3-LL,esm-hist,r8i1p1f2,1975,334.603,4.63652,2.52119,0.543767,0.620764,2.11533,1.79883,0.316502,historical,503.846,332.034,1.9624
UKESM1-3-LL,esm-hist,r8i1p1f2,1976,335.988,4.87506,2.94174,0.603426,0.622488,1.93332,-0.885869,2.81919,historical,521.708,333.339,2.10324
UKESM1-3-LL,esm-hist,r8i1p1f2,1977,337.677,5.0103,3.58744,0.716012,0.638844,1.42286,0.613751,0.809113,historical,540.066,334.688,2.14502
UKESM1-3-LL,esm-hist,r8i1p1f2,1978,338.914,5.19226,2.62739,0.50602,0.672017,2.56487,0.894134,1.67074,historical,559.091,336.077,2.24202
UKESM1-3-LL,esm-hist,r8i1p1f2,1979,340.514,5.32431,3.3984,0.63828,0.646117,1.92591,0.107573,1.81834,historical,578.599,337.5,2.30186
UKESM1-3-LL,esm-hist,r8i1p1f2,1980,342.027,5.29735,3.21361,0.606645,0.617953,2.08374,1.02666,1.05708,historical,598.009,338.949,2.21967
UKESM1-3-LL,esm-hist,r8i1p1f2,1981,343.603,5.15269,3.34742,0.649646,0.616046,1.80527,-0.173727,1.97899,historical,616.889,340.418,2.03253
UKESM1-3-LL,esm-hist,r8i1p1f2,1982,345.219,5.11175,3.43238,0.671469,0.628843,1.67937,0.77222,0.907146,historical,635.619,340.89,4.10922
UKESM1-3-LL,esm-hist,r8i1p1f2,1983,346.717,5.1587,3.18175,0.616774,0.637753,1.97695,-0.153739,2.13069,historical,654.521,342.399,1.95358
UKESM1-3-LL,esm-hist,r8i1p1f2,1984,348.274,5.3103,3.30707,0.622765,0.649901,2.00323,0.719446,1.28379,historical,673.978,344.063,1.77596
UKESM1-3-LL,esm-hist,r8i1p1f2,1985,349.665,5.49797,2.95448,0.537377,0.626623,2.54349,0.310917,2.23257,historical,694.123,345.518,2.40755
UKESM1-3-LL,esm-hist,r8i1p1f2,1986,351.571,5.57798,4.04834,0.725772,0.602211,1.52964,-1.08449,2.61413,historical,714.561,347.001,2.42809
UKESM1-3-LL,esm-hist,r8i1p1f2,1987,353.706,5.76033,4.53474,0.787236,0.595103,1.22559,0.225972,0.999618,historical,735.667,348.772,1.99873
UKESM1-3-LL,esm-hist,r8i1p1f2,1988,355.49,5.9821,3.78922,0.633426,0.569377,2.19288,0.750285,1.4426,historical,757.586,351.275,0.665728
UKESM1-3-LL,esm-hist,r8i1p1f2,1989,356.713,6.05891,2.59765,0.428733,0.532328,3.46126,2.04186,1.4194,historical,779.786,352.87,2.67113
UKESM1-3-LL,esm-hist,r8i1p1f2,1990,357.852,6.20409,2.41924,0.389942,0.498169,3.78485,1.68546,2.09939,historical,802.518,354.091,3.61069
UKESM1-3-LL,esm-hist,r8i1p1f2,1991,359.572,6.3333,3.65328,0.576837,0.520544,2.68002,0.0730075,2.60701,historical,825.724,355.409,3.53387
UKESM1-3-LL,esm-hist,r8i1p1f2,1992,360.775,6.14631,2.55517,0.415725,0.494785,3.59114,3.16057,0.430568,historical,848.244,356.3,4.25383
UKESM1-3-LL,esm-hist,r8i1p1f2,1993,361.524,6.20893,1.59088,0.256224,0.476879,4.61805,2.793,1.82505,historical,870.994,357.017,4.68602
UKESM1-3-LL,esm-hist,r8i1p1f2,1994,362.356,6.27026,1.76717,0.281833,0.486519,4.50309,1.47837,3.02472,historical,893.968,358.37,3.39649
UKESM1-3-LL,esm-hist,r8i1p1f2,1995,364.605,6.4182,4.77688,0.74427,0.508107,1.64132,0.000384153,1.64094,historical,917.485,360.332,2.25091
UKESM1-3-LL,esm-hist,r8i1p1f2,1996,366.013,6.61384,2.99059,0.452172,0.533377,3.62325,2.44368,1.17957,historical,941.719,362.126,2.80338
UKESM1-3-LL,esm-hist,r8i1p1f2,1997,367.826,6.65391,3.85081,0.578729,0.53459,2.8031,0.178529,2.62457,historical,966.099,363.353,4.04776
UKESM1-3-LL,esm-hist,r8i1p1f2,1998,370.044,6.63082,4.71103,0.710475,0.541618,1.91979,0.335207,1.58458,historical,990.395,366.078,0.84292
UKESM1-3-LL,esm-hist,r8i1p1f2,1999,372.085,6.77876,4.33508,0.63951,0.575193,2.44368,0.578924,1.86475,historical,1015.23,367.934,2.83662
UKESM1-3-LL,esm-hist,r8i1p1f2,2000,374.179,6.96263,4.44766,0.63879,0.6082,2.51497,0.593682,1.92129,historical,1040.74,369.233,4.20355
UKESM1-3-LL,esm-hist,r8i1p1f2,2001,376.107,7.01217,4.09507,0.583995,0.585923,2.9171,0.63701,2.28009,historical,1066.44,370.8,3.68386
UKESM1-3-LL,esm-hist,r8i1p1f2,2002,377.788,7.16837,3.57044,0.498083,0.589215,3.59793,2.33425,1.26368,historical,1092.7,372.908,2.69098
UKESM1-3-LL,esm-hist,r8i1p1f2,2003,379.954,7.54701,4.60058,0.60959,0.589527,2.94643,-0.371883,3.31831,historical,1120.35,375.438,2.17329
UKESM1-3-LL,esm-hist,r8i1p1f2,2004,382.284,7.80829,4.94892,0.633803,0.568759,2.85937,1.68521,1.17416,historical,1148.96,377.1,4.2782
UKESM1-3-LL,esm-hist,r8i1p1f2,2005,384.261,8.07819,4.19915,0.519813,0.549832,3.87904,2.09666,1.78238,historical,1178.56,379.019,4.00223
UKESM1-3-LL,esm-hist,r8i1p1f2,2006,386.261,8.3498,4.248,0.508755,0.543656,4.1018,1.48479,2.61701,historical,1209.16,381.16,3.80232
UKESM1-3-LL,esm-hist,r8i1p1f2,2007,388.624,8.59682,5.01901,0.583822,0.537293,3.57781,1.5969,1.98091,historical,1240.66,382.763,5.19205
UKESM1-3-LL,esm-hist,r8i1p1f2,2008,390.676,8.74704,4.35845,0.498277,0.535909,4.38859,3.02915,1.35944,historical,1272.71,384.928,4.14858
UKESM1-3-LL,esm-hist,r8i1p1f2,2009,392.502,8.60058,3.87842,0.450949,0.52873,4.72216,1.33472,3.38744,historical,1304.22,386.49,5.28289
UKESM1-3-LL,esm-hist,r8i1p1f2,2010,394.912,9.09311,5.11884,0.562936,0.53025,3.97427,2.00977,1.9645,historical,1337.54,388.901,3.97215
UKESM1-3-LL,esm-hist,r8i1p1f2,2011,397.204,9.41033,4.86821,0.517326,0.547942,4.54212,2.67328,1.86884,historical,1372.02,391.092,4.75665
UKESM1-3-LL,esm-hist,r8i1p1f2,2012,399.429,9.5399,4.7259,0.495383,0.563998,4.814,2.45727,2.35673,historical,1406.97,393.244,4.96905
UKESM1-3-LL,esm-hist,r8i1p1f2,2013,401.823,9.62753,5.08486,0.528158,0.565032,4.54267,2.08993,2.45274,historical,1442.25,395.946,3.88848
UKESM1-3-LL,esm-hist,r8i1p1f2,2014,404.683,9.67935,6.07464,0.627588,0.590754,3.60471,1.57478,2.02993,historical,1477.71,397.833,5.67136
UKESM1-3-LL,esm-hist,r8i1p1f2,2015,407.816,9.66238,6.65449,0.688701,0.610072,3.00789,-0.039156,3.04704,historical,1513.12,400.136,4.77081
UKESM1-3-LL,esm-hist,r8i1p1f2,2016,410.854,9.65946,6.45271,0.66802,0.607836,3.20675,1.08076,2.12599,historical,1548.51,403.249,3.04745
UKESM1-3-LL,esm-hist,r8i1p1f2,2017,413.587,9.81824,5.80489,0.591235,0.608087,4.01335,1.74181,2.27154,historical,1584.48,405.274,5.51714
UKESM1-3-LL,esm-hist,r8i1p1f2,2018,417.131,10.0255,7.52746,0.750831,,2.49804,-0.659901,3.15795,historical,1621.22,407.763,4.73886
UKESM1-3-LL,esm-hist,r8i1p1f2,2019,420.259,10.1217,6.64387,0.656399,,3.47783,1.8771,1.60073,historical,1658.31,410.367,4.5908
UKESM1-3-LL,esm-hist,r8i1p1f2,2020,422.711,9.59544,5.20805,0.542763,,4.38739,2.4058,1.98159,historical,1693.46,412.874,4.27057
UKESM1-3-LL,esm-hist,r8i1p1f2,2021,425.201,10.0618,5.28876,0.525628,,4.77304,1.7311,3.04194,historical,1730.33,415.126,5.27855
UKESM1-3-LL,esm-scen7-h,r5i1p1f1,2022,430.572,10.1755,,,,,0.800908,,h,1767.61,417.32,
UKESM1-3-LL,esm-scen7-h,r5i1p1f1,2023,433.539,10.3072,6.30191,0.611408,,4.00529,3.08103,0.924262,h,1805.38,419.621,5.41988
UKESM1-3-LL,esm-scen7-h,r5i1p1f1,2024,436.198,10.3333,5.64772,0.546555,,4.68558,0.966735,3.71885,h,1843.24,422.179,4.90011
UKESM1-3-LL,esm-scen7-h,r5i1p1f1,2025,439.885,10.3596,7.83119,0.755935,,2.52841,0.0185347,2.50988,h,1881.2,424.924,4.52922
UKESM1-3-LL,esm-scen7-h,r5i1p1f1,2026,442.5,10.469,5.55426,0.530544,,4.91474,3.93756,0.97718,h,1919.56,427.828,4.3009
UKESM1-3-LL,esm-scen7-h,r5i1p1f1,2027,444.376,10.5783,3.98462,0.376679,,6.59368,3.47306,3.12062,h,1958.32,430.9,4.05337
UKESM1-3-LL,esm-scen7-h,r5i1p1f1,2028,446.793,10.6877,5.13371,0.480338,0.577804,5.55399,3.53879,2.0152,h,1997.48,434.104,3.8824
UKESM1-3-LL,esm-scen7-h,r5i1p1f1,2029,449.186,10.7971,5.08273,0.47075,0.589473,5.71437,1.87019,3.84418,h,2037.04,437.381,3.83675
UKESM1-3-LL,esm-scen7-h,r5i1p1f1,2030,452.663,10.9064,7.38515,0.677139,0.612726,3.52125,0.512255,3.009,h,2077,440.753,3.74427
UKESM1-3-LL,esm-scen7-h,r5i1p1f1,2031,456.276,10.9711,7.67401,0.699475,0.59855,3.29709,1.1126,2.18449,h,2117.2,444.167,3.71976
UKESM1-3-LL,esm-scen7-h,r5i1p1f1,2032,459.529,11.0358,6.90937,0.626087,0.601814,4.12643,1.19634,2.93009,h,2157.64,447.652,3.63366
UKESM1-3-LL,esm-scen7-h,r5i1p1f1,2033,463.301,11.1006,8.01173,0.721738,0.615265,3.08887,-0.86029,3.94916,h,2198.31,451.153,3.66448
UKESM1-3-LL,esm-scen7-h,r5i1p1f1,2034,467.374,11.1653,8.65105,0.774816,0.636922,2.51425,0.453469,2.06078,h,2239.22,454.634,3.77166
UKESM1-3-LL,esm-scen7-h,r5i1p1f1,2035,470.585,11.23,6.82016,0.607316,0.654228,4.40984,2.09938,2.31046,h,2280.37,458.043,3.98928
UKESM1-3-LL,esm-scen7-h,r5i1p1f1,2036,473.591,11.2581,6.38474,0.567124,0.639711,4.87336,2.93157,1.94179,h,2321.62,461.366,4.20005
UKESM1-3-LL,esm-scen7-h,r5i1p1f1,2037,476.367,11.2863,5.89622,0.522423,0.638717,5.39008,1.36075,4.02933,h,2362.97,464.562,4.498
UKESM1-3-LL,esm-scen7-h,r5i1p1f1,2038,480.098,11.3145,7.92464,0.700397,0.655785,3.38986,0.586953,2.8029,h,2404.43,467.702,4.64514
UKESM1-3-LL,esm-scen7-h,r5i1p1f1,2039,483.564,11.3426,7.36178,0.649038,0.643087,3.98082,2.33411,1.64671,h,2445.99,470.895,4.56067
UKESM1-3-LL,esm-scen7-h,r5i1p1f1,2040,486.418,11.3708,6.0619,0.533111,0.625532,5.3089,1.80494,3.50396,h,2487.65,474.115,4.53152
UKESM1-3-LL,esm-scen7-h,r5i1p1f1,2041,490.102,11.3816,7.82482,0.687497,0.623282,3.55678,-0.175212,3.732,h,2529.35,477.329,4.55506
UKESM1-3-LL,esm-scen7-h,r5i1p1f1,2042,494.369,11.3923,9.06311,0.795547,0.629145,2.32919,-0.0579581,2.38715,h,2571.1,480.554,4.5424
UKESM1-3-LL,esm-scen7-h,r5i1p1f1,2043,497.558,11.4031,6.77344,0.594,0.634251,4.62966,2.71215,1.91751,h,2612.88,483.749,4.61692
UKESM1-3-LL,esm-scen7-h,r5i1p1f1,2044,500.769,11.4138,6.82016,0.597537,0.622966,4.59364,1.80524,2.7884,h,2654.7,486.966,4.58089
UKESM1-3-LL,esm-scen7-h,r5i1p1f1,2045,503.917,11.4246,6.68635,0.585259,0.619725,4.73825,1.39518,3.34307,h,2696.56,490.244,4.46213
UKESM1-3-LL,esm-scen7-h,r5i1p1f1,2046,507.282,11.4116,7.14726,0.626315,0.619635,4.26434,1.33311,2.93123,h,2738.37,493.471,4.55745
UKESM1-3-LL,esm-scen7-h,r5i1p1f1,2047,510.365,11.3987,6.54829,0.574477,0.592368,4.85041,2.69211,2.1583,h,2780.14,496.666,4.61252
UKESM1-3-LL,esm-scen7-h,r5i1p1f1,2048,513.512,11.3858,6.68423,0.587067,0.56692,4.70157,1.3739,3.32767,h,2821.86,499.896,4.52528
UKESM1-3-LL,esm-scen7-h,r5i1p1f1,2049,516.813,11.3729,7.01132,0.616494,0.581985,4.36158,1.74297,2.61861,h,2863.53,503.205,4.34458
UKESM1-3-LL,esm-scen7-h,r5i1p1f1,2050,519.659,11.36,6.0449,0.532122,0.605886,5.3151,3.25169,2.06341,h,2905.15,506.448,4.47187
UKESM1-3-LL,esm-scen7-h,r5i1p1f1,2051,521.905,11.4703,4.7705,0.415901,0.617614,6.6998,2.99645,3.70335,h,2947.18,509.673,4.6204
UKESM1-3-LL,esm-scen7-h,r5i1p1f1,2052,524.856,11.5806,6.26792,0.541243,0.628118,5.31268,1.94522,3.36746,h,2989.61,512.98,4.55653
UKESM1-3-LL,esm-scen7-h,r5i1p1f1,2053,528.934,11.6908,8.66167,0.740896,0.633767,3.02913,-0.327441,3.35657,h,3032.45,516.351,4.5308
UKESM1-3-LL,esm-scen7-h,r5i1p1f1,2054,533.544,11.8011,9.79164,0.829723,0.634684,2.00946,0.314358,1.6951,h,3075.69,519.699,4.68995
UKESM1-3-LL,esm-scen7-h,r5i1p1f1,2055,537.468,11.9114,8.33458,0.699714,0.64175,3.57682,0.677459,2.89937,h,3119.33,523.164,4.55174
UKESM1-3-LL,esm-scen7-h,r5i1p1f1,2056,541.577,11.9979,8.72752,0.72742,0.672169,3.27038,0.913997,2.35639,h,3163.29,526.63,4.63612
UKESM1-3-LL,esm-scen7-h,r5i1p1f1,2057,545.173,12.0844,7.6379,0.632047,0.714393,4.4465,1.3484,3.0981,h,3207.57,530.105,4.7035
UKESM1-3-LL,esm-scen7-h,r5i1p1f1,2058,548.605,12.171,7.28957,0.598929,0.735878,4.88143,1.85411,3.02732,h,3252.17,533.611,4.72426
UKESM1-3-LL,esm-scen7-h,r5i1p1f1,2059,552.564,12.2575,8.40892,0.686022,0.722099,3.84858,0.685622,3.16296,h,3297.08,537.166,4.70668
UKESM1-3-LL,esm-scen7-h,r5i1p1f1,2060,557.416,12.3441,10.3056,0.834864,0.714484,2.03845,-2.17162,4.21007,h,3342.31,540.716,4.8039
UKESM1-3-LL,esm-scen7-h,r5i1p1f1,2061,562.341,12.3836,10.4607,0.844722,0.71257,1.9229,-0.253656,2.17656,h,3387.68,544.261,4.85402
UKESM1-3-LL,esm-scen7-h,r5i1p1f1,2062,566.8,12.4231,9.47092,0.762363,0.707973,2.95218,1.00118,1.951,h,3433.2,547.812,4.88078
UKESM1-3-LL,esm-scen7-h,r5i1p1f1,2063,570.355,12.4626,7.55082,0.605878,0.720087,4.91178,1.01982,3.89196,h,3478.86,551.389,4.86505
UKESM1-3-LL,esm-scen7-h,r5i1p1f1,2064,574.764,12.5021,9.36472,0.749051,0.730806,3.13738,-0.617935,3.75532,h,3524.67,555.016,4.79835
UKESM1-3-LL,esm-scen7-h,r5i1p1f1,2065,578.789,12.5416,8.5491,0.681659,0.727619,3.9925,2.03533,1.95717,h,3570.63,558.703,4.71041
UKESM1-3-LL,esm-scen7-h,r5i1p1f1,2066,582.825,12.5787,8.57246,0.681506,0.714878,4.00624,0.323193,3.68304,h,3616.71,562.266,5.01089
UKESM1-3-LL,esm-scen7-h,r5i1p1f1,2067,587.307,12.6159,9.51977,0.754585,0.708787,3.09613,0.0620384,3.03409,h,3662.94,565.785,5.14154
UKESM1-3-LL,esm-scen7-h,r5i1p1f1,2068,591.532,12.653,8.9739,0.709231,0.696325,3.6791,1.17902,2.50008,h,3709.3,569.359,5.06182
UKESM1-3-LL,esm-scen7-h,r5i1p1f1,2069,595.452,12.6901,8.32608,0.656108,0.70478,4.36402,0.840143,3.52388,h,3755.8,572.98,4.9991
UKESM1-3-LL,esm-scen7-h,r5i1p1f1,2070,599.682,12.7273,8.98452,0.705925,0.687425,3.74278,0.697626,3.04515,h,3802.43,576.596,5.04692
UKESM1-3-LL,esm-scen7-h,r5i1p1f1,2071,604.377,12.7736,9.97218,0.780687,0.679001,2.80142,-0.00188413,2.8033,h,3849.24,580.196,5.1272
UKESM1-3-LL,esm-scen7-h,r5i1p1f1,2072,608.227,12.8199,8.1774,0.637868,0.697354,4.6425,1.28598,3.35652,h,3896.21,583.87,5.01632
UKESM1-3-LL,esm-scen7-h,r5i1p1f1,2073,612.419,12.8663,8.90381,0.692026,0.68226,3.96249,1.84184,2.12065,h,3943.35,587.608,4.92679
UKESM1-3-LL,esm-scen7-h,r5i1p1f1,2074,615.925,12.9126,7.44674,0.576704,0.669635,5.46586,2.83473,2.63113,h,3990.66,591.376,4.90937
UKESM1-3-LL,esm-scen7-h,r5i1p1f1,2075,619.579,12.9589,7.7611,0.598901,0.673431,5.1978,1.32399,3.87381,h,4038.15,595.122,5.0024
UKESM1-3-LL,esm-scen7-h,r5i1p1f1,2076,624.857,13.0034,11.2105,0.862119,0.675739,1.79293,-1.96198,3.75491,h,4085.79,598.887,5.00654
UKESM1-3-LL,esm-scen7-h,r5i1p1f1,2077,628.568,13.0479,7.88216,0.604094,0.676311,5.16574,4.29831,0.867426,h,4133.6,602.634,5.08927
UKESM1-3-LL,esm-scen7-h,r5i1p1f1,2078,632.168,13.0924,7.6464,0.584033,0.686622,5.446,1.15774,4.28826,h,4181.57,606.383,5.12952
UKESM1-3-LL,esm-scen7-h,r5i1p1f1,2079,636.46,13.1369,9.11621,0.693939,0.676027,4.02069,0.0106691,4.01002,h,4229.7,610.152,5.13154
UKESM1-3-LL,esm-scen7-h,r5i1p1f1,2080,640.975,13.1813,9.58986,0.727535,0.696621,3.59144,1.50014,2.0913,h,4278,613.942,5.13134
UKESM1-3-LL,esm-scen7-h,r5i1p1f1,2081,645.848,13.2229,10.3503,0.782752,0.712568,2.87265,0.212667,2.65998,h,4326.45,617.754,5.12621
UKESM1-3-LL,esm-scen7-h,r5i1p1f1,2082,650.474,13.2644,9.82562,0.740751,0.698517,3.43878,1.15215,2.28663,h,4375.05,621.589,5.11886
UKESM1-3-LL,esm-scen7-h,r5i1p1f1,2083,654.154,13.3059,7.81632,0.587433,0.714377,5.48958,1.65861,3.83097,h,4423.81,625.448,5.10938
UKESM1-3-LL,esm-scen7-h,r5i1p1f1,2084,659.074,13.3474,10.4501,0.78293,0.708386,2.89732,-0.543572,3.44089,h,4472.71,629.348,5.0638
UKESM1-3-LL,esm-scen7-h,r5i1p1f1,2085,663.86,13.3889,10.1655,0.759246,0.706679,3.22344,0.686032,2.5374,h,4521.77,633.311,4.97149
UKESM1-3-LL,esm-scen7-h,r5i1p1f1,2086,668.407,13.4357,9.65783,0.718818,0.70717,3.77787,-0.0123443,3.79022,h,4571,637.346,4.86536
UKESM1-3-LL,esm-scen7-h,r5i1p1f1,2087,673.253,13.4825,10.2929,0.763427,0.695155,3.1896,1.32386,1.86574,h,4620.4,641.479,4.70401
UKESM1-3-LL,esm-scen7-h,r5i1p1f1,2088,676.624,13.5294,7.16,0.529218,0.702272,6.3694,3.78904,2.58036,h,4669.97,645.628,4.71692
UKESM1-3-LL,esm-scen7-h,r5i1p1f1,2089,680.955,13.5762,9.19904,0.677586,0.731521,4.37716,0.425163,3.95199,h,4719.72,649.819,4.67452
UKESM1-3-LL,esm-scen7-h,r5i1p1f1,2090,685.648,13.623,9.96793,0.731699,0.713042,3.65507,0.506107,3.14896,h,4769.63,654.048,4.6406
UKESM1-3-LL,esm-scen7-h,r5i1p1f1,2091,689.909,13.672,9.05036,0.661963,0.711116,4.62164,1.60304,3.0186,h,4819.73,658.38,4.47083
UKESM1-3-LL,esm-scen7-h,r5i1p1f1,2092,695.137,13.7209,11.1043,0.809296,0.725811,2.61663,-1.46964,4.08627,h,4870,662.723,4.49637
UKESM1-3-LL,esm-scen7-h,r5i1p1f1,2093,700.837,13.7699,12.1068,0.879222,0.714644,1.6631,0.565233,1.09787,h,4920.45,666.981,4.72591
UKESM1-3-LL,esm-scen7-h,r5i1p1f1,2094,704.736,13.8188,8.28148,0.599291,0.730918,5.53732,2.44229,3.09503,h,4971.09,671.264,4.72171
UKESM1-3-LL,esm-scen7-h,r5i1p1f1,2095,709.559,13.8678,10.2441,0.738693,0.732747,3.62375,-0.356788,3.98054,h,5021.9,675.477,4.91939
UKESM1-3-LL,esm-scen7-h,r5i1p1f1,2096,715.214,13.9146,12.0112,0.86321,0.770469,1.90338,-0.457111,2.36049,h,5072.88,679.619,5.11699
UKESM1-3-LL,esm-scen7-h,r5i1p1f1,2097,719.501,13.9615,9.10559,0.652193,,4.85591,2.03907,2.81684,h,5124.04,683.767,5.15115
UKESM1-3-LL,esm-scen7-h,r5i1p1f1,2098,724.09,14.0084,9.74704,0.695799,,4.26136,1.04161,3.21975,h,5175.37,687.976,5.06848
UKESM1-3-LL,esm-scen7-h,r5i1p1f1,2099,728.705,14.0552,9.80226,0.697412,,4.25294,-0.449944,4.70288,h,5226.87,692.267,4.94112
UKESM1-3-LL,esm-scen7-h,r5i1p1f1,2100,736.03,14.1021,15.5583,1.10326,,-1.4562,-5.12222,3.66602,h,5278.54,696.583,4.93492
UKESM1-3-LL,esm-scen7-vl,r5i1p1f1,2022,430.458,10.1755,,,,,1.36585,,vl,1767.61,417.32,
UKESM1-3-LL,esm-scen7-vl,r5i1p1f1,2023,433.764,10.3072,7.02194,0.681266,,3.28526,0.405579,2.87968,vl,1805.38,419.621,5.41988
UKESM1-3-LL,esm-scen7-vl,r5i1p1f1,2024,436.532,10.3774,5.87923,0.566542,,4.49817,2.43394,2.06423,vl,1843.4,422.177,4.94846
UKESM1-3-LL,esm-scen7-vl,r5i1p1f1,2025,439.381,10.4485,6.05128,0.579153,,4.39722,1.60104,2.79618,vl,1881.69,424.892,4.68184
UKESM1-3-LL,esm-scen7-vl,r5i1p1f1,2026,442,10.2336,5.56276,0.543578,,4.67084,2.43488,2.23596,vl,1919.18,427.746,4.1717
UKESM1-3-LL,esm-scen7-vl,r5i1p1f1,2027,444.8,10.0187,5.9472,0.59361,,4.0715,0.740819,3.33068,vl,1955.89,430.616,3.92282
UKESM1-3-LL,esm-scen7-vl,r5i1p1f1,2028,447.7,9.80376,6.1596,0.62829,0.566362,3.64416,1.65564,1.98852,vl,1991.81,433.468,3.74611
UKESM1-3-LL,esm-scen7-vl,r5i1p1f1,2029,450.246,9.58885,5.4077,0.563958,0.54302,4.18115,1.6074,2.57375,vl,2026.95,436.213,3.75847
UKESM1-3-LL,esm-scen7-vl,r5i1p1f1,2030,452.326,9.37393,4.41792,0.471299,0.518885,4.95601,2.22118,2.73483,vl,2061.29,438.921,3.62214
UKESM1-3-LL,esm-scen7-vl,r5i1p1f1,2031,454.565,8.67572,4.75564,0.548155,0.510638,3.92008,1.25755,2.66253,vl,2093.08,441.55,3.09172
UKESM1-3-LL,esm-scen7-vl,r5i1p1f1,2032,456.271,7.97751,3.62354,0.45422,0.504063,4.35397,2.61596,1.73801,vl,2122.31,443.907,2.97124
UKESM1-3-LL,esm-scen7-vl,r5i1p1f1,2033,457.739,7.2793,3.11803,0.428342,0.481608,4.16127,2.13079,2.03048,vl,2148.99,445.91,3.02493
UKESM1-3-LL,esm-scen7-vl,r5i1p1f1,2034,458.514,6.58109,1.6461,0.250126,0.440553,4.93499,2.55849,2.3765,vl,2173.1,447.5,3.20393
UKESM1-3-LL,esm-scen7-vl,r5i1p1f1,2035,459.916,5.88288,2.97785,0.506189,0.404127,2.90503,0.222142,2.68289,vl,2194.65,448.751,3.22576
UKESM1-3-LL,esm-scen7-vl,r5i1p1f1,2036,461.104,5.31795,2.52331,0.47449,0.377998,2.79464,0.143785,2.65085,vl,2214.14,449.593,3.52954
UKESM1-3-LL,esm-scen7-vl,r5i1p1f1,2037,461.859,4.75303,1.60362,0.337389,0.326421,3.14941,1.50299,1.64642,vl,2231.55,450.237,3.38517
UKESM1-3-LL,esm-scen7-vl,r5i1p1f1,2038,462.14,4.1881,0.596844,0.142509,0.308701,3.59126,1.67927,1.91199,vl,2246.9,450.622,3.37036
UKESM1-3-LL,esm-scen7-vl,r5i1p1f1,2039,462.357,3.62318,0.460908,0.127211,0.272216,3.16227,0.937356,2.22492,vl,2260.18,450.794,3.25785
UKESM1-3-LL,esm-scen7-vl,r5i1p1f1,2040,462.53,3.05825,0.367452,0.120151,0.181318,2.6908,0.734959,1.95584,vl,2271.38,450.812,3.02002
UKESM1-3-LL,esm-scen7-vl,r5i1p1f1,2041,462.457,2.69147,-0.155052,-0.0576087,0.0477605,2.84652,1.44432,1.4022,vl,2281.24,450.647,3.04193
UKESM1-3-LL,esm-scen7-vl,r5i1p1f1,2042,462.913,2.3247,0.968544,0.416632,-0.0394202,1.35616,-1.01005,2.36621,vl,2289.76,450.275,3.11483
UKESM1-3-LL,esm-scen7-vl,r5i1p1f1,2043,462.914,1.95792,0.002124,0.00108482,-0.0696544,1.9558,1.54508,0.410716,vl,2296.93,449.723,3.13037
UKESM1-3-LL,esm-scen7-vl,r5i1p1f1,2044,461.535,1.59114,-2.929,-1.84082,-0.244511,4.52014,3.17104,1.3491,vl,2302.76,449.1,2.91439
UKESM1-3-LL,esm-scen7-vl,r5i1p1f1,2045,460.607,1.22436,-1.97107,-1.60988,-0.545654,3.19543,0.639094,2.55634,vl,2307.25,448.392,2.72815
UKESM1-3-LL,esm-scen7-vl,r5i1p1f1,2046,460.613,1.04345,0.012744,0.0122133,-0.871148,1.03071,-0.671209,1.70192,vl,2311.07,447.601,2.72353
UKESM1-3-LL,esm-scen7-vl,r5i1p1f1,2047,461.119,0.862546,1.07474,,-1.24279,-0.212198,-1.4318,1.2196,vl,2314.23,446.696,2.78477
UKESM1-3-LL,esm-scen7-vl,r5i1p1f1,2048,459.946,0.681638,-2.49145,,,3.17309,3.87113,-0.69804,vl,2316.73,445.738,2.71643
UKESM1-3-LL,esm-scen7-vl,r5i1p1f1,2049,458.263,0.500729,-3.57469,,,4.07542,2.2404,1.83502,vl,2318.57,444.758,2.58225
UKESM1-3-LL,esm-scen7-vl,r5i1p1f1,2050,457.117,0.319821,-2.4341,,,2.75392,1.43813,1.31579,vl,2319.74,443.702,2.56276
UKESM1-3-LL,esm-scen7-vl,r5i1p1f1,2051,456.153,0.267558,-2.04754,,,2.31509,0.42625,1.88884,vl,2320.72,442.598,2.61245
UKESM1-3-LL,esm-scen7-vl,r5i1p1f1,2052,456.076,0.215296,-0.163548,,,0.378844,-0.0963625,0.475206,vl,2321.51,441.544,2.45399
UKESM1-3-LL,esm-scen7-vl,r5i1p1f1,2053,455.059,0.163034,-2.16011,,,2.32314,1.9747,0.348442,vl,2322.1,440.489,2.40385
UKESM1-3-LL,esm-scen7-vl,r5i1p1f1,2054,453.917,0.110772,-2.42561,,,2.53638,0.80826,1.72812,vl,2322.51,439.443,2.33248
UKESM1-3-LL,esm-scen7-vl,r5i1p1f1,2055,453.632,0.0585101,-0.60534,,,0.66385,-0.313419,0.977269,vl,2322.73,438.399,2.27597
UKESM1-3-LL,esm-scen7-vl,r5i1p1f1,2056,452.955,0.0208599,-1.43795,,,1.45881,1.04508,0.413728,vl,2322.8,437.372,2.20221
UKESM1-3-LL,esm-scen7-vl,r5i1p1f1,2057,451.553,-0.0167903,-2.97785,,,2.96106,2.3221,0.638958,vl,2322.74,436.326,2.20491
UKESM1-3-LL,esm-scen7-vl,r5i1p1f1,2058,450.321,-0.0544406,-2.61677,,,2.56233,1.32333,1.239,vl,2322.54,435.219,2.29683
UKESM1-3-LL,esm-scen7-vl,r5i1p1f1,2059,448.831,-0.0920908,-3.16476,,,3.07267,1.85972,1.21295,vl,2322.2,434.321,1.81526
UKESM1-3-LL,esm-scen7-vl,r5i1p1f1,2060,448.391,-0.129741,-0.93456,,,0.804819,0.0366166,0.768202,vl,2321.73,433.326,1.98364
UKESM1-3-LL,esm-scen7-vl,r5i1p1f1,2061,447.643,-0.138697,-1.58875,,,1.45006,-0.496692,1.94675,vl,2321.22,432.286,2.07026
UKESM1-3-LL,esm-scen7-vl,r5i1p1f1,2062,447.813,-0.147653,0.36108,,,-0.508733,-1.13339,0.624657,vl,2320.68,431.265,2.02095
UKESM1-3-LL,esm-scen7-vl,r5i1p1f1,2063,447.52,-0.15661,-0.622332,,,0.465722,-0.0807137,0.546436,vl,2320.1,430.307,1.87818
UKESM1-3-LL,esm-scen7-vl,r5i1p1f1,2064,447.126,-0.165566,-0.836856,,,0.67129,-0.72499,1.39628,vl,2319.5,429.358,1.85011
UKESM1-3-LL,esm-scen7-vl,r5i1p1f1,2065,447.167,-0.174522,0.087084,,,-0.261606,-0.321489,0.059883,vl,2318.86,428.458,1.73708
UKESM1-3-LL,esm-scen7-vl,r5i1p1f1,2066,445.468,-0.183478,-3.60868,,,3.4252,3.34487,0.080328,vl,2318.19,427.539,1.76848
UKESM1-3-LL,esm-scen7-vl,r5i1p1f1,2067,444.141,-0.192434,-2.81855,,,2.62611,1.00722,1.61889,vl,2317.48,426.614,1.77227
UKESM1-3-LL,esm-scen7-vl,r5i1p1f1,2068,443.576,-0.20139,-1.20006,,,0.99867,-0.725504,1.72417,vl,2316.74,425.77,1.59127
UKESM1-3-LL,esm-scen7-vl,r5i1p1f1,2069,443.558,-0.210347,-0.038232,,,-0.172115,-0.909535,0.73742,vl,2315.97,424.819,1.80958
UKESM1-3-LL,esm-scen7-vl,r5i1p1f1,2070,442.647,-0.219303,-1.93496,,,1.71566,2.5138,-0.798139,vl,2315.17,423.937,1.65407
UKESM1-3-LL,esm-scen7-vl,r5i1p1f1,2071,440.968,-0.226122,-3.5662,,,3.34007,1.96395,1.37612,vl,2314.34,423.073,1.60901
UKESM1-3-LL,esm-scen7-vl,r5i1p1f1,2072,440.073,-0.232941,-1.90098,,,1.66804,0.992289,0.67575,vl,2313.49,422.22,1.57883
UKESM1-3-LL,esm-scen7-vl,r5i1p1f1,2073,439.97,-0.239759,-0.218772,,,-0.020987,-1.43088,1.40989,vl,2312.61,421.366,1.57414
UKESM1-3-LL,esm-scen7-vl,r5i1p1f1,2074,439.895,-0.246578,-0.1593,,,-0.087278,0.226952,-0.31423,vl,2311.71,420.411,1.78184
UKESM1-3-LL,esm-scen7-vl,r5i1p1f1,2075,438.914,-0.253397,-2.08364,,,1.83025,1.75741,0.072837,vl,2310.78,419.574,1.52439
UKESM1-3-LL,esm-scen7-vl,r5i1p1f1,2076,437.75,-0.260216,-2.47234,,,2.21212,0.841079,1.37104,vl,2309.82,418.711,1.5728
UKESM1-3-LL,esm-scen7-vl,r5i1p1f1,2077,436.88,-0.267035,-1.84788,,,1.58085,1.00118,0.579665,vl,2308.84,417.852,1.55748
UKESM1-3-LL,esm-scen7-vl,r5i1p1f1,2078,436.084,-0.273854,-1.6907,,,1.41685,0.756892,0.659958,vl,2307.84,416.997,1.54217
UKESM1-3-LL,esm-scen7-vl,r5i1p1f1,2079,435.145,-0.280673,-1.99444,,,1.71376,1.45719,0.256573,vl,2306.81,416.149,1.52048
UKESM1-3-LL,esm-scen7-vl,r5i1p1f1,2080,434.243,-0.287492,-1.91585,,,1.62836,0.0645635,1.56379,vl,2305.76,415.393,1.31825
UKESM1-3-LL,esm-scen7-vl,r5i1p1f1,2081,433.756,-0.285507,-1.03439,,,0.748881,0.996786,-0.247905,vl,2304.71,414.565,1.47316
UKESM1-3-LL,esm-scen7-vl,r5i1p1f1,2082,432.466,-0.283523,-2.73996,,,2.45644,2.3551,0.101337,vl,2303.67,413.729,1.49214
UKESM1-3-LL,esm-scen7-vl,r5i1p1f1,2083,431.538,-0.281539,-1.97107,,,1.68953,1.31295,0.376583,vl,2302.64,412.899,1.48138
UKESM1-3-LL,esm-scen7-vl,r5i1p1f1,2084,430.543,-0.279554,-2.11338,,,1.83383,1.1742,0.659626,vl,2301.62,412.047,1.53009
UKESM1-3-LL,esm-scen7-vl,r5i1p1f1,2085,430.24,-0.27757,-0.643572,,,0.366002,-0.670414,1.03642,vl,2300.6,411.274,1.36428
UKESM1-3-LL,esm-scen7-vl,r5i1p1f1,2086,429.931,-0.275585,-0.656316,,,0.380731,0.657322,-0.276591,vl,2299.59,410.579,1.20059
UKESM1-3-LL,esm-scen7-vl,r5i1p1f1,2087,428.781,-0.273601,-2.4426,,,2.169,1.93126,0.237739,vl,2298.59,409.901,1.16647
UKESM1-3-LL,esm-scen7-vl,r5i1p1f1,2088,427.844,-0.271617,-1.99019,,,1.71857,-0.104563,1.82313,vl,2297.59,409.199,1.21943
UKESM1-3-LL,esm-scen7-vl,r5i1p1f1,2089,428.124,-0.269632,0.59472,,,-0.864352,-1.74991,0.885558,vl,2296.61,408.488,1.24053
UKESM1-3-LL,esm-scen7-vl,r5i1p1f1,2090,427.879,-0.267648,-0.52038,,,0.252732,0.953725,-0.700993,vl,2295.63,407.829,1.13207
UKESM1-3-LL,esm-scen7-vl,r5i1p1f1,2091,427.106,-0.26989,-1.64185,,,1.37196,0.280454,1.09151,vl,2294.64,407.148,1.17655
UKESM1-3-LL,esm-scen7-vl,r5i1p1f1,2092,426.824,-0.272132,-0.598968,,,0.326836,-0.780041,1.10688,vl,2293.64,406.474,1.15944
UKESM1-3-LL,esm-scen7-vl,r5i1p1f1,2093,426.515,-0.274374,-0.656316,,,0.381942,0.983192,-0.60125,vl,2292.63,405.777,1.20605
UKESM1-3-LL,esm-scen7-vl,r5i1p1f1,2094,425.656,-0.276616,-1.82452,,,1.5479,0.772834,0.775066,vl,2291.62,405.03,1.31001
UKESM1-3-LL,esm-scen7-vl,r5i1p1f1,2095,424.89,-0.278858,-1.62698,,,1.34813,0.40648,0.941646,vl,2290.6,404.326,1.21644
UKESM1-3-LL,esm-scen7-vl,r5i1p1f1,2096,424.745,-0.2811,-0.30798,,,0.02688,0.159966,-0.133086,vl,2289.57,403.671,1.11012
UKESM1-3-LL,esm-scen7-vl,r5i1p1f1,2097,423.808,-0.283342,-1.99019,,,1.70685,1.21866,0.488186,vl,2288.53,403.004,1.13337
UKESM1-3-LL,esm-scen7-vl,r5i1p1f1,2098,423.358,-0.285584,-0.9558,,,0.670216,0.0573718,0.612844,vl,2287.48,402.301,1.20759
UKESM1-3-LL,esm-scen7-vl,r5i1p1f1,2099,422.294,-0.287826,-2.25994,,,1.97211,2.44478,-0.47267,vl,2286.43,401.6,1.2011
UKESM1-3-LL,esm-scen7-vl,r5i1p1f1,2100,421.301,-0.290068,-2.10913,,,1.81906,0.99826,0.820804,vl,2285.37,400.909,1.17762
